#,Symbol,Name,Company Description,Days Vol Short 2 Periods Ago,Days Vol Short 1 Period Ago,Days Vol Short Current,Pr Wk High($),Index % Chg 5 Days,% New Lows in Group,# New Lows in Group,# New Highs in Group,Ind Mkt Val (bil),Short Volume,Ex-Dividend Date,Expected X Dividend Amount,A/D Rating - Pr Wk,IBD Big Cap 20,IBD 85-85 Index,IBD New America,IBD 50,Liab to Assets Lss Ind Median,LT Debt to Working Cap,EV to FCF,Yield %,Current Ratio,Price to CF,Dividend-Adjusted PEG,PEG,P/E Percent Rank,P/E vs S&P 500 P/E (%),Forward P/E,Pre-tax Margins,50 Day ATR %,30 Day ATR %,Avg Sales % Chg 6Q,Avg Sales % Chg 5Q,Avg Sales % Chg 4Q,Sales Growth 5 Yr,Sales Growth 3 Yr,Sales Accel 3 Qtrs,EPS Lst Yr Gtr EPS 4 Yrs Ago,Avg EPS % Chg 6Q,Avg EPS % Chg 3Q,Avg EPS % Chg 4Q,Avg EPS % Chg 5Q,EPS % Growth 5 Yr Pct Rnk,EPS % Growth 5 Yr,EPS % Growth 3 Yr,EPS % Growth 1 Yr,Sustainable Growth %,EPS Accel 3 Qtrs,RS Line New Low,% Chg YTD,Current Price,Industry Name,State,% New Highs in Group,Ind Grp Rnk 6 Mo Ago,3-Yr EPS Growth Geq 5-Yr,Avg True Range,Debt %,Sales Accel 2 Qtrs,Number of Stocks,P/E,Shrt Int % Chg,Shrt Int % of Float,52-Wk Low,52-Wk High,Ind Grp Rnk 3 Mo Ago,Ind Grp Rnk Last Week,Trl 26 Wk % Perf vs S&P 500,EPS Trailing 4 Qtrs,EPS Trl 4Q Gtr EPS 4 Yrs Ago,Earnings Stability,Price % Chg,% Off High,RS Rating,RS 3-Month Rating,Comp Rating,Beta,50-Day Avg $ Vol (1000s),Market Cap (mil),21 Day ATR %,Shares (1000s),Price vs 200-Day,Vol % Chg vs 50-Day,% Chg 1 Month,% Chg 3 Months,Ind Group RS,% Chg 6 Months,SMR Rating,EPS Rating,Ind Group Rank,A/D Rating,EPS Surprise,EPS Est Cur Yr %,EPS Est Next Yr %,Price vs 50-Day,Price vs 10-Day,Price vs 21-Day,P/E Ratio Rank in Grp,Annual Sales (mil),EPS % Chg 1 Yr Ago,Sales % Chg Lst Qtr,EPS % Chg Lst Yr,EPS Lst Rptd,Avg Sales % Chg 2Q,50-Day Avg Vol (1000s),10 Day > 21 Day > 50 Day,Price $ Chg,EPS Est Cur Qtr %,Volume (1000s),IPO Date,ETF/Closed-End Fund,Number of Funds,Incorp Date,ADR,ETF,AT Margin Accel,Price to Sales,Daily Closing Range,RS Line Within 5% of New High,EPS % Chg Last Qtr,Up/Down Vol,EPS % Chg 1 Q Ago,Sales % Chg Lst Yr,Exchange,RS Line New High,RS 6-Month Rating,50-Day > 150-Day > 200-Day,Price to Book,P/E Lss 5-Yr Avg,Weekly Closing Range,Shares in Float (1000s),EPS % Chg 2 Q Ago,EPS % Chg 3 Q Ago,Avg EPS % Chg 2Q,Avg Sales % Chg 3Q,EPS Trl 4Q Geq EPS Lst Fiscal Yr,EPS % Chg Lst Q Gtr 3-Yr Growth,Price vs 150-Day,Funds % Increase,Sector,% Chg Cur Week,City,New CEO 12 Months,Funds %,Enterprise Val (mil),Current day's Volume greater than previous 5 days' Volume,Current day's Volume greater than previous 10 days' Volume,Current day's Volume greater than previous 20 days' Volume,% Chg 12 Months,Vol % Chg vs 10-Week,EPS Due Date,ROE,AT Margin,timestamp,symbol,C_Score,A_Score,N_Score,S_Score,L_Score,I_Score,M_Score,CANSLIM_Score,Momentum_Score,Quality_Score,EPS_Accel,Sales_Accel,Setup_Type,List,Sector_RS3M,Theme_Strength
4974,PBF,PBF Energy Inc.,NA,4.7,4.9,4.5,74.74,17.3,0,0,2,387.8,12592154,08/14/2026,0.28,A-,No,No,No,No,Yes,2.31,-13.8,1.8,1.33,-110.6,0,0,38,24.55,5,-0.8,6.08,6.39,NA,8.4,14.1,1,-10,Yes,No,67.3,297.6,239.5,173.5,15,-,-,-,-2,No,No,166.5,72.28,Oil&Gas-Refining/Mktg,NA,7.4,49,No,3.39,36.3,Yes,27,14,-7.9,12.6,0,74.74,18,3,113,5.31,No,0,-1.12,-3.29,99,99,96,0.83,142220,8648.3,6.52,118308.5,85.9,7,58.8,66.7,NA,116,NA,73,1,A+,49.9,430,-30,52.6,16.3,27.5,50,29332.3,-134,56,-6,NA,34,2865,Yes,-0.82,1411,3100,NA,No,551,NA,No,No,No,0.25,0,Yes,704,1.5,72,-11,New York Stock Exchange,No,99,Yes,1.34,-,97,100136,117,65,387.7,21.7,Yes,No,76.6,0.5,ENERGY,17.3,NA,No,57,9880.6,No,No,No,219.8,48.1,NA,-2.9,7.8,2026-07-31,PBF,35,15,7,0,15,10,10,92,118,25,TRUE,TRUE,Momentum Leader,CANSLIM Growth,47.5,Improving
4185,LNVGY,Lenovo Group Ltd. ADR,NA,0,0,0,63.22,-1.4,0,0,0,2988.5,0,08/06/2026,0.86,C+,No,No,No,No,No,-2.84,6.3,1.7,0.95,10.9,0,0,63,276.37,17,3.2,4.67,3.87,NA,20.9,20.4,2,14,Yes,No,97.4,151.8,136.4,96.3,6,-4,12,19,17,No,No,157.2,61.19,Computer-Hardware/Perip,NA,0,1,Yes,2.26,54.6,Yes,38,21,0,0,0,67.83,2,12,140,2.88,No,29,7.03,-9.79,99,94,95,0.24,7388,34381.2,3.6,620233,69.8,-43.5,4.2,105.2,NA,169.1,NA,81,15,C-,59.1,31,22,0.7,-3.4,-2.5,55,83074.6,34,27,38,NA,22.6,128,Yes,4.02,0,69,NA,No,6,NA,Yes,No,No,0.46,0,No,492,1.1,-27,20,US OTC,No,97,Yes,4.97,-,99,0,-9,90,232.3,19.9,No,Yes,59.5,20,COMPUTER,-1.4,NA,No,0,36518.7,No,No,No,137.3,-36,NA,27.9,2.4,2026-07-31,LNVGY,32,15,5,0,15,0,10,77,113,40,TRUE,TRUE,Momentum Leader,CANSLIM Growth,61.2,Strong
4513,MU,Micron Technology Inc.,NA,0.8,0.6,0.7,1011.77,-10.6,0,0,0,2988.5,36211849,07/06/2026,0,D-,No,No,No,No,Yes,0.39,39.7,0.1,3.42,52.83,0,0,56,74.99,6,25.8,9.18,9.38,NA,136.2,161.2,14,67,Yes,Yes,450,687.9,555.1,485.7,25,-,-,600,17,Yes,No,188.4,823.03,Computer-Hardware/Perip,NA,0,1,No,92.05,5.8,Yes,38,18,11.8,3.2,0,1255,2,12,94,45.12,Yes,0,-5.9,-34.42,99,50,92,1.89,50056468,987835,9.1,1129393.2,71,7.9,-28.7,59.1,NA,98.4,NA,84,15,E,20.4,783,111,-8.7,-1.4,-6.8,59,37378,129,346,538,NA,271,52905,No,-51.63,928,54539,NA,No,5538,NA,No,No,Yes,10.3,0,No,1215,1,682,49,NASDAQ,No,83,Yes,9.23,-,88,1124437.6,167,157,948.4,199.6,Yes,No,44.3,9.9,COMPUTER,-10.6,NA,No,48,839660.3,No,No,No,654.1,0.1,NA,17.2,68.1,2026-07-31,MU,35,15,5,0,15,10,10,90,95.33333333333333,55,TRUE,TRUE,Earnings Accelerator,CANSLIM Growth,61.2,Strong
4206,LQDA,Liquidia Corp.,NA,7.3,6.5,5.8,91.1,-2.4,0,0,2,1308.2,12333107,NA,0,A,No,No,No,Yes,No,1.02,91.8,0,2.22,-202.84,0,0,99,2329.2,21,-43.5,6.44,6.27,NA,1696.5,2119.4,59,108,Yes,No,69.2,145.2,100.8,84,13,-,-,-,-113,Yes,No,143.9,84.11,Medical - Profitable Biotech,NA,3.8,40,No,4.92,123.2,Yes,52,601,-10.9,16.7,0,91.1,102,79,95,0.14,Yes,0,-3.1,-7.67,99,95,89,1.03,141595,7719,6.26,88928.1,95.9,-39.8,5.5,114.5,NA,98.4,NA,68,84,B,26.8,514,77,20.3,4.1,7.5,-,158.3,-37,4158,52,NA,3607.1,1970,Yes,-2.69,255,1132,NA,No,337,NA,No,No,Yes,25.97,0,No,216,2.1,133,1031,NASDAQ,No,97,Yes,68.41,-,94,74022.4,87,-32,174.4,2778.6,Yes,No,74.8,20.8,MEDICAL,-2.4,NA,No,68,7728,No,No,No,350,-44,NA,-113,39.8,2026-07-31,LQDA,35,15,5,0,15,10,10,90,114.33333333333333,20,TRUE,TRUE,Momentum Leader,CANSLIM Growth,50.1,Improving
5146,UMC,United Microelectronics Corp. ADR,NA,1.6,1.5,1.1,21.59,-2.3,0,0,0,3498.2,20511587,07/08/2026,0,D,No,No,No,No,No,0.44,32.6,1.6,2.17,14.96,0,0,55,70.39,20,19.9,7.26,7.55,NA,4.5,6.3,-1,1,No,No,71.5,159.1,121.3,91.1,9,-7,-9,99,7,Yes,No,142.1,19.03,Elec-Semiconductor Mfg,NA,0,14,No,1.76,11.5,No,33,18,-23.6,0.8,0,28.96,5,46,72,1.05,Yes,28,0.48,-34.29,99,62,89,1.27,399535,42604.3,7.15,2515397,49.4,-12.7,-30.1,45.7,NA,86.9,NA,86,40,D,165.1,103,-2,-14.8,-5.4,-16,75,7596.2,-26,8,-8,NA,7.9,18217,No,0.09,8,16738,NA,No,144,NA,Yes,No,No,6.02,0,No,339,0.8,114,5,New York Stock Exchange,No,87,Yes,3.44,-,94,2515347.2,25,8,226.2,7.7,Yes,Yes,31.7,7.5,CHIPS,-2.3,NA,Yes,3,41466.4,No,No,No,178.2,27,NA,11.3,61.5,2026-07-31,UMC,25,15,5,0,15,0,10,70,93.33333333333333,50,TRUE,FALSE,CANSLIM Growth,CANSLIM Growth,32.9,Weak
5305,VSXY,Victoria's Secret & Co.,NA,4.9,4.6,4.5,91.97,6.1,0,0,1,894.6,10980127,NA,0,B,No,No,No,No,No,7.8,22.8,0,1.26,14.75,0,0,71,141.27,19,3.2,6.44,5.06,NA,7,8.8,-1,2,No,No,96.2,206.4,150.4,115.3,3,-20,1,33,22,No,No,63.7,88.68,Apparel - Clothing & Shoes,NA,2,117,Yes,4.17,327,Yes,51,26,-0.8,15.7,0,91.97,137,132,51,3.43,No,33,0.5,-3.58,99,97,87,1.52,176672,7014.3,4.91,79491.7,59,-57,6.2,71.1,NA,62.7,NA,67,122,A-,90.2,54,18,17.5,3.1,7.3,25,6553.4,19,15,12,NA,11.5,2370,Yes,0.44,129,989,NA,No,564,NA,No,No,No,1.04,0,Yes,567,1.4,7,5,New York Stock Exchange,No,98,Yes,8.87,-,96,70406.4,46,-17,286.6,10.8,Yes,Yes,44.7,3.5,CONSUMER,6.1,NA,No,73,9413.1,No,No,No,371.7,-22.9,NA,21.5,3.1,2026-07-31,VSXY,30,15,7,0,15,10,10,87,114.33333333333333,30,TRUE,FALSE,Momentum Leader,CANSLIM Growth,48.4,Improving
5095,TXG,10x Genomics Inc.,NA,7.6,5.1,5,50.34,2.2,3.1,4,3,1077.5,16252519,NA,0,A+,No,No,No,No,Yes,0.14,18.5,0,5.9,43.34,0,0,48,0,0,-6.2,7.5,7.06,NA,3.8,2.3,11,5,No,Yes,65.4,52.8,86.5,78,99,32,42,166,-6,No,No,189.8,47.27,Medical-Products,NA,2.4,109,No,2.81,8.6,No,127,0,-2.2,14.4,0,50.34,142,103,131,-0.17,Yes,0,-4.37,-6.1,99,97,85,2.09,113770,6275.4,6.71,116877.3,115,-9.6,23.3,114.4,NA,134,NA,63,90,A-,63.7,-130,12,39.1,7.6,14.1,48,642.8,30,-3,77,NA,-1,3232,Yes,-2.16,-187,2869,NA,No,490,NA,No,No,No,8.65,0,No,64,1.4,68,5,NASDAQ,Yes,99,Yes,7.49,-,95,113090.1,27,188,65.9,-1.2,Yes,Yes,93.5,3.8,MEDICAL,2.2,NA,No,76,5836.4,Yes,No,No,251.4,-34.4,NA,-5.8,-8.9,2026-07-31,TXG,20,15,10,0,15,10,10,80,113.66666666666667,35,TRUE,FALSE,Momentum Leader,CANSLIM Growth,50.1,Improving
4155,LIND,Lindblad Expeditions Holdings Inc.,NA,7.5,6.4,6.3,30.43,10.2,1.6,1,1,478.4,5752290,NA,0,C+,No,No,No,No,Yes,-6.81,19.9,0,0.81,14.57,0,0,38,0,206,-2.8,4.9,4.76,NA,19.1,19.7,99,16,No,Yes,303.5,548.1,426.7,362.3,26,-,-,-,0,Yes,No,105.1,29.58,Leisure-Services,NA,1.6,122,No,1.28,0,No,62,0,-1.1,11.7,0,30.43,122,96,70,-0.54,Yes,0,-0.7,-2.81,99,98,84,1.77,23041,1953.4,4.28,65571.3,63,-31.4,4.7,59.6,NA,77.4,NA,48,74,B+,462.5,125,110,19.8,6.2,9.8,38,771,29,16,6,NA,19.5,903,Yes,-0.21,42,598,NA,No,305,NA,No,No,No,2.43,0,Yes,1737,1.8,6,20,NASDAQ,No,98,Yes,-10.18,Yes,97,49164.4,-99,63,871.5,18.5,Yes,No,47.1,7.4,LEISURE,10.2,NA,No,50,2324.8,No,No,No,147.5,-18.7,NA,0,3.1,2026-07-31,LIND,30,15,7,0,15,10,10,87,113.66666666666667,15,TRUE,FALSE,CANSLIM Growth,CANSLIM Growth,52.1,Improving
5348,WDC,Western Digital Corp.,NA,3.7,2.6,2.8,580,4.8,0,0,0,2988.5,23258520,06/05/2026,0,E,No,No,No,No,No,1.38,38.8,0.1,1.49,104.82,10.74,10.95,92,126.81,33,11.9,9.03,10.13,NA,-15.9,-11.5,-9,-1,Yes,Yes,131.1,63.9,61,86,12,6,101,59,19,Yes,No,216.3,544.84,Computer-Hardware/Perip,NA,0,1,No,58.18,1.1,Yes,38,66,7,6.8,0,799.87,2,12,85,8.29,Yes,87,2.21,-31.88,99,76,83,1.67,4817636,183729.4,10.1,344682.1,62.7,17.6,-14.7,25.4,NA,117.7,NA,68,15,E,13.6,103,87,-4.5,5.8,-0.7,9,9520,94,45,3362,NA,7.9,8391,No,11.8,99,9502,NA,No,3521,NA,No,No,Yes,15.95,0,No,100,1.2,59,-27,NASDAQ,No,93,Yes,19.42,-,100,341453,32,53,79.6,-5.1,Yes,No,38,9.8,COMPUTER,4.8,NA,No,64,161869.9,No,No,No,592.4,-7.2,NA,20,95,2026-07-31,WDC,27,15,5,0,15,10,10,82,91,45,TRUE,TRUE,CANSLIM Growth,CANSLIM Growth,61.2,Strong
4458,MRAAY,Murata Manufacturing Co. Ltd. ADR,NA,0,0,0,25.92,-6.8,0,0,0,503.9,0,03/31/2026,0,D,No,No,No,No,Yes,0.04,28.6,0.5,5,29.29,0,0,90,126.34,0,16.9,7.97,7.51,NA,5.5,6.2,-8,0,No,No,88.9,34.1,21.1,98.4,17,-16,-5,-2,5,No,No,125.7,23.25,Electronic-Parts,NA,0,45,Yes,2.21,1.6,Yes,23,55,0,0,0,38.72,23,26,120,0.42,No,19,0.52,-39.95,99,59,80,0.72,28247,74272.7,7.31,3926003.7,44.9,-26.4,-35.8,38.8,NA,130,NA,62,14,D-,0,0,0,-19.6,-3,-15.6,17,12149.6,10,9,-2,NA,5.9,949,No,0.12,0,690,NA,No,9,NA,Yes,No,No,7.51,0,No,133,1.3,-64,6,US OTC,No,88,Yes,4.95,-,94,0,33,-18,34.6,6.2,Yes,Yes,29.2,28.6,ELECTRNCS,-6.8,NA,No,0,65576.4,No,No,No,213.3,-27.5,NA,9,16.6,2026-07-31,MRAAY,25,12,5,0,15,0,10,67,89.33333333333333,35,TRUE,FALSE,CANSLIM Growth,CANSLIM Growth,46.2,Improving
5282,VPG,Vishay Precision Group Inc.,NA,2.6,2,2.1,113.36,-11.9,0,0,0,259.2,1314297,NA,0,D,No,No,No,No,Yes,0.22,-532,0,4.47,85.21,0,0,97,804.85,73,2.9,9.33,9,NA,3.9,7.7,0,-7,Yes,No,2.4,81.7,50,21.9,11,-25,-50,10,2,No,No,139.1,92.05,Elec-Scientific/Msrng,NA,0,27,No,10.64,11.9,Yes,17,161,2.9,11.1,0,151.78,8,14,68,0.57,No,54,4.7,-39.35,99,49,80,1.22,71618,1169.4,9.25,12278.1,38.2,-15.1,-38.6,52.4,NA,83.8,NA,74,13,D-,52731.6,105,80,-26.7,-13.8,-20.6,-,307.2,-56,18,-48,NA,14.2,600,No,4.13,12,477,NA,No,245,NA,No,No,No,3.53,0,No,75,0.9,133,0,New York Stock Exchange,No,81,Yes,3.66,-,87,11814.4,37,-45,104.2,11.3,Yes,Yes,20.3,7.9,ELECTRNCS,-11.9,NA,No,61,1037.9,No,No,No,247.1,18.2,NA,1.6,-0.4,2026-07-31,VPG,25,15,5,0,15,10,10,80,91,35,FALSE,FALSE,CANSLIM Growth,CANSLIM Growth,46.2,Improving
4298,MBX,MBX Biosciences Inc.,NA,8.4,7.2,6.3,69.4,6.3,2.4,13,4,464.6,5776709,NA,0,A,No,No,No,No,Yes,0,-11.9,0,30.79,-30.1,0,0,4,0,0,0,7.73,7.78,NA,0,0,0,0,No,No,-15,33.8,19.8,-2.6,473,-,-,-,-28,No,No,109,65.93,Medical - Development Biotech,NA,0.7,29,No,4.36,0.1,No,549,0,-12.3,19.6,0,69.4,53,29,74,-2.21,No,0,-0.8,-5,99,99,79,1.45,39583,3163.3,7.81,47597.5,93,-31.6,19.4,118.2,NA,78.9,NA,40,30,A-,12.8,-17,-31,43.1,8.8,10.3,4,0,-497,0,59,NA,0,851,Yes,-0.53,-9,566,NA,No,281,NA,No,No,No,NA,0,Yes,28,1.8,-4,0,NASDAQ,Yes,99,Yes,7.16,-,99,29470.5,77,-22,12,0,Yes,No,75.7,11.1,MEDICAL,6.3,NA,Yes,99,2671.2,No,No,No,397.6,-47.5,NA,-27.8,0,2026-07-31,MBX,15,12,10,0,15,10,10,72,112.33333333333333,25,FALSE,FALSE,CANSLIM Growth,CANSLIM Growth,50.1,Improving
3902,ATEX,Anterix Inc.,NA,4.4,3.7,4.3,113,-1,6.9,2,1,847.5,2023406,NA,0,B-,No,No,No,No,Yes,0.09,113.2,0,3.33,316.58,0.31,0.31,58,74.7,0,1472.2,7.9,7.81,NA,8.9,8.6,64,47,Yes,Yes,472.7,143,172.5,177.2,22,62,92,265,43,No,No,326.1,93.02,Telecom/Cable Services,NA,3.4,93,No,7.41,1.1,Yes,29,19,15.1,10.7,0,113,68,104,245,4.84,Yes,0,-0.6,-17.68,99,81,76,0.75,40401,1824.7,7.57,19498.5,113.6,-46.7,-9.6,92.5,NA,254.2,NA,46,121,C,333.3,-126,-7,11.6,-3.9,-7.5,27,6.5,-24,41,892,NA,20.7,479,No,-0.56,-132,252,NA,No,220,NA,No,No,No,279,0,No,100,1.8,-185,8,NASDAQ,No,97,Yes,6.71,-,97,18899.5,514,261,-42.7,13.8,Yes,Yes,81.3,9.5,TELECOM,-1,NA,No,74,1724.4,No,No,No,318.8,-43.5,NA,43.3,945.9,2026-07-31,ATEX,27,15,5,0,15,10,10,82,105.33333333333333,45,FALSE,TRUE,CANSLIM Growth,CANSLIM Growth,41.8,Weak
3797,APGE,Apogee Therapeutics Inc.,NA,12.9,1.9,1.4,134.46,-0.1,2.4,13,4,464.6,4133296,NA,0,B,No,No,No,No,Yes,0.01,-20.4,0,32.59,-35.78,0,0,4,0,0,0,3.75,2.18,NA,0,0,0,0,No,No,-41.5,-10.3,-30,-33.7,477,-,-46,-17,-32,No,No,77.6,134.09,Medical - Development Biotech,NA,0.7,29,No,2.06,0.4,No,549,0,-26.2,7.2,0,134.46,53,29,85,-4.33,No,0,-0.16,-0.28,99,93,65,1.22,375762,10121.4,0.28,61877.6,63.5,-41.6,1,61.8,NA,104.7,NA,19,30,C+,2.4,-5,-25,21.5,0.1,0.4,4,0,-99,0,-28,NA,0,3072,Yes,-0.21,5,1744,NA,No,499,NA,No,No,No,NA,0,Yes,-12,2.9,9,0,NASDAQ,No,97,Yes,8,-,100,57171.2,-28,-89,-1.3,0,No,Yes,52.3,-1.2,MEDICAL,-0.1,NA,No,71,9400.1,Yes,No,No,250.5,-69.3,NA,-31.6,0,2026-07-31,APGE,0,0,7,0,15,10,10,42,105.66666666666667,25,FALSE,FALSE,Other,Momentum Leader,50.1,Improving
4260,MAAS,Maase Inc.,NA,0.5,1,2.9,20.23,6.2,3.3,2,0,3373,266880,NA,0,A,No,No,No,No,-,0,0,0,0,13.67,0,0,-,0,0,-43.6,14.86,18.63,NA,0,0,0,0,No,Yes,0,0,0,0,-,-,-,-,-17,No,No,229.4,17.79,Retail-Internet,NA,0,104,No,3.14,0,No,60,0,205.2,0.2,0,24.9,35,109,190,970.33,Yes,0,-2.04,-28.55,99,97,63,0.37,1899,8029.9,17.13,435508.9,130.1,11.8,36.8,83.4,NA,191.6,NA,16,29,A-,0,0,0,24.5,0.1,10.1,96,112.1,107,-100,-91,NA,-99.6,110,Yes,-0.37,0,123,NA,No,6,NA,No,No,No,41.34,0,No,-100,1.9,-100,-33,NASDAQ,No,98,Yes,NA,-,93,135274.8,0,0,-100.1,0,Yes,No,96.2,200,RETAIL,6.2,NA,Yes,0,7926.7,Yes,No,No,375.7,-47.5,NA,-16.3,-642.9,2026-07-31,MAAS,0,0,5,0,15,0,10,30,106.33333333333333,15,FALSE,FALSE,Other,Momentum Leader,52.4,Improving
4759,NVCT,Nuvectis Pharma Inc.,NA,18.3,7.5,4.9,23.12,11.4,2.4,13,4,464.6,1512192,NA,0,B,No,No,No,No,No,0,-8.5,0,2.27,-29.32,0,0,75,0,0,0,8.9,10.98,NA,0,0,0,0,No,Yes,-12.8,-25.5,-22.7,-19.8,125,-,-,-,-205,Yes,No,185,21.52,Medical - Development Biotech,NA,0.7,29,No,2.22,0,No,549,0,-34.7,8.4,0,29.27,53,29,160,-1.31,Yes,0,-5.45,-26.49,99,99,63,0.44,6413,717.5,6.69,31525.5,130.4,-51.7,17,151.4,NA,165.4,NA,20,30,A-,17.2,24,-1,44.9,17.5,18.8,75,0,22,0,-19,NA,0,334,Yes,-1.24,13,159,NA,No,74,NA,No,No,No,NA,0,No,4,1.3,3,0,NASDAQ,No,99,Yes,40.14,-,94,18038.1,-83,-15,3.5,0,Yes,No,106.3,0,MEDICAL,11.4,NA,No,15,620.6,No,No,No,209.2,-43.1,NA,-205.3,0,2026-07-31,NVCT,0,0,5,0,15,7,10,37,107,25,FALSE,FALSE,Other,Momentum Leader,50.1,Improving
3620,AGL,agilon health inc.,NA,1.4,1.6,2.1,129.79,-6.5,7.9,3,0,80,859438,NA,0,B-,No,No,No,No,No,0.12,2.1,0,1.04,-14.34,0,0,40,0,0,-6.8,9.46,9.3,NA,-3.1,-2.8,38,21,No,Yes,33.9,77,-6.6,33.4,6,-4,-41,-37,-136,No,No,432.1,91.61,Comml Svcs-Consulting,NA,0,89,No,10.46,10.3,No,38,0,27.4,7.3,0,133.04,106,107,342,-21.56,Yes,0,-5.31,-31.14,99,55,57,1.03,32753,1614.2,8.81,16683.8,131.7,-97.8,-14.5,227.8,NA,340.3,NA,41,100,C,182.6,88,73,-7.7,-12.6,-13.8,40,5932.6,-27,-7,-61,NA,-2.1,312,No,-5.14,102,174,NA,No,184,NA,No,No,No,0.26,0,No,301,1,-77,-2,New York Stock Exchange,No,84,Yes,8.38,-,90,11713.5,7,-257,112,-1.8,Yes,Yes,95.5,15.7,BUSINS SVC,-6.5,NA,Yes,59,1365.8,No,No,No,104.7,-0.1,NA,-135.6,2.1,2026-07-31,AGL,25,15,5,0,15,10,10,80,85.33333333333333,20,TRUE,FALSE,CANSLIM Growth,CANSLIM Growth,58.5,Strong
4469,MRVI,Maravai LifeSciences Holdings Inc.,NA,3.4,3,2.9,7.44,-2.8,3.6,2,1,239.9,9271035,NA,0,A,No,No,No,No,Yes,1.31,-13,0,5.91,-16.47,0,0,33,0,0,-126.5,5.43,5.52,NA,-14,-10.7,-27,-31,Yes,No,-481.1,-51.4,-471.7,-437.4,45,-,-,-,-49,Yes,No,102.2,6.57,Medical - Revenue Biotech,NA,1.8,68,No,0.35,125.5,Yes,55,0,-5,8.7,0,7.44,119,97,90,-0.19,No,0,-2.67,-11.69,99,91,54,1.12,16985,1742.8,5.21,147506.2,69,-63.3,5.3,78.5,NA,95.5,NA,31,130,B+,121.1,61,20,19.4,-2.8,3.1,33,185.7,-433,41,-190,NA,14.3,3038,Yes,-0.18,46,1087,NA,No,212,NA,No,No,No,4.73,0,No,113,1.9,33,-28,NASDAQ,No,96,Yes,4.58,Yes,94,106358.6,-300,-1733,72.9,-2.5,Yes,No,61,3.4,MEDICAL,-2.8,NA,No,73,1119.9,No,No,No,180.8,-49.5,NA,-48.6,-5.7,2026-07-31,MRVI,32,0,5,0,15,10,10,72,101.33333333333333,10,TRUE,TRUE,Pullback to 10SMA,CANSLIM Growth,50.1,Improving
5093,TWST,Twist Bioscience Corp.,NA,11.3,7.7,7.7,97.45,1.4,3.6,2,1,239.9,14116574,NA,0,C,No,No,No,No,No,0.32,-30.1,0,2.7,-114.96,0,0,53,0,0,-20.4,7.56,7.3,NA,18.8,17.7,29,23,Yes,Yes,31.7,7.3,36.1,32.1,26,11,33,93,-16,No,No,188.6,91.55,Medical - Revenue Biotech,NA,1.8,68,No,6.71,18.8,Yes,55,0,1,23.6,0,105.47,119,97,113,-1.33,Yes,0,0.24,-13.2,99,88,53,2.37,147084,5687.2,7.28,62271.3,75.7,-14.4,-11,56.6,NA,122.9,NA,23,130,C-,-48.7,-61,33,11.6,0.8,-1.7,53,376.6,0,19,64,NA,18.1,1780,No,0.22,-249,1494,NA,No,509,NA,No,No,No,13.92,0,No,-8,1.7,6,20,NASDAQ,No,97,Yes,12.5,-,96,59692,24,122,-1,17.7,No,No,54.8,11.9,MEDICAL,1.4,NA,No,84,5165.5,No,No,No,172.7,-27.2,NA,-16.4,-39.8,2026-07-31,TWST,5,0,5,0,15,10,10,45,100,25,FALSE,FALSE,Other,Momentum Leader,50.1,Improving
4956,PARR,Par Pacific Holdings Inc.,NA,3.8,4.2,4.3,87.03,11.2,0,0,2,387.8,4544332,NA,0,B,No,No,No,No,Yes,1.93,22.4,0,1.62,8.78,0,0,18,36.97,5,6.4,5,5.01,NA,-4.1,-2.2,17,-2,Yes,Yes,1047.7,2160.4,1673.8,1291.8,18,-,-,-,27,No,No,144.8,86.03,Oil&Gas-Refining/Mktg,NA,7.4,49,No,3.31,82.4,Yes,27,9,3,9.4,0,87.03,18,3,129,9.44,Yes,0,0.14,-1.15,98,99,97,0.79,60357,4307.9,5.28,50144.3,69.2,-10.7,53.4,31,NA,128,NA,77,1,A,-21.6,120,-36,38.1,9.7,20.6,72,7464.6,-95,5,1943,NA,1.7,959,Yes,0.12,434,857,NA,No,522,NA,No,No,No,0.57,0,Yes,183,1.8,248,-6,New York Stock Exchange,Yes,99,Yes,2.8,-,99,48560,6050,214,215.5,-0.9,Yes,No,58.9,5.2,ENERGY,11.2,NA,No,66,5391.7,No,No,No,174.2,14.1,NA,27.3,3,2026-07-31,PARR,25,15,10,0,15,10,10,85,113,35,FALSE,FALSE,Momentum Leader,CANSLIM Growth,47.5,Improving
4532,MYE,Myers Industries Inc.,NA,4.3,2.9,2.3,36,8.7,5,1,0,137.1,974632,06/17/2026,0,C,No,Yes,No,No,Yes,2.81,12.5,1.7,1.61,14.79,0,0,65,137.19,18,5.5,4.23,4.52,NA,-7.9,-8.7,1,-2,No,Yes,37.1,78,59.5,43.5,11,0,-5,63,8,No,No,82.5,34.16,Containers/Packaging,NA,0,78,No,1.4,95.6,Yes,20,22,-20.2,2.6,0,36,117,38,54,1.54,Yes,22,3.61,-5.11,98,97,95,0.92,13487,1238.3,4.1,37557.3,50.2,23.1,-3.3,65.7,NA,65.3,NA,87,51,B+,47.2,69,8,18.1,4.4,4.7,39,825.7,-25,-14,6,NA,-17.4,465,Yes,1.19,73,589,NA,No,281,NA,No,No,Yes,1.7,0,Yes,71,1.4,100,-1,New York Stock Exchange,No,99,Yes,4.19,-,95,37012,63,4,85.5,-11.6,Yes,Yes,41.1,1.4,MISC,8.7,NA,No,57,1568.9,No,No,No,133.2,50,NA,12.2,10.5,2026-07-31,MYE,20,15,7,5,15,10,10,82,116.66666666666667,30,FALSE,FALSE,Momentum Leader,CANSLIM Growth,56.9,Strong
3727,AMD,Advanced Micro Devices Inc.,NA,1.2,1.1,1.2,561.47,-8.8,0,0,0,8214,39768152,NA,0,D+,No,No,No,No,No,0.2,37.9,0,2.72,101.05,9.45,9.45,95,628.88,53,12,7.36,7.47,NA,35,34.8,19,19,No,Yes,29.9,37.8,20.8,27.6,12,11,19,29,7,Yes,No,122.3,476.15,Elec-Semicondctor Fablss,NA,0,83,Yes,38.79,4.6,Yes,45,104,7.2,2.5,0,584.73,29,36,86,4.58,Yes,20,-1.9,-18.57,98,58,94,2.18,15322461,791477.2,7.86,1630600.6,57,-9.6,-18,34.3,NA,101.1,NA,94,43,D,6.2,80,84,-4.8,-3.7,-7.2,24,34639,25,38,26,NA,36,30510,No,-9.24,236,26616,NA,No,5605,NA,No,No,No,20.73,0,No,43,1,40,34,NASDAQ,No,87,Yes,12.04,-,90,1622789.4,30,-30,41.5,35.8,Yes,Yes,44.6,9.6,CHIPS,-8.8,NA,No,42,784754.9,No,No,No,170.1,-3.5,NA,7.1,13.4,2026-07-31,AMD,22,12,5,0,15,10,10,74,93.33333333333333,40,TRUE,TRUE,Earnings Accelerator,CANSLIM Growth,32.9,Weak
4782,NWPX,NWPX Infrastructure Inc.,NA,3.5,3.4,3.5,140.73,-4.8,0,0,1,135,652347,NA,0,C-,No,No,No,No,Yes,0.54,19.5,0,2.71,18.18,1.3,1.3,70,96.23,25,8.8,4.88,5.27,NA,12.5,15,11,9,Yes,Yes,43.7,82,70.3,57.4,17,19,26,47,9,No,No,97,123.08,Metal Products - Distributors/Fabrication,NA,3.4,11,Yes,7.21,22.1,Yes,29,25,5.2,7,0,152.03,34,43,83,4.99,Yes,20,-2.99,-19.04,98,54,92,0.83,26055,1222.6,5.49,9637,47.5,207.9,-17.9,25.2,NA,82.5,NA,97,63,D,22.1,49,-5,-2.3,-4.1,-6.1,24,526,63,20,5,NA,19.4,199,No,-3.79,0,597,NA,No,303,NA,No,No,No,2.06,0,No,78,1.2,177,7,NASDAQ,No,81,Yes,2.94,-,92,9310.4,-9,35,127.5,14.6,Yes,Yes,32.9,11.4,METALS,-4.8,NA,No,53,1295,Yes,Yes,Yes,194.6,53.9,NA,9.2,9.9,2026-07-31,NWPX,25,15,5,10,15,10,10,90,86.33333333333333,35,FALSE,FALSE,CANSLIM Growth,CANSLIM Growth,52.3,Improving
3670,ALAB,Astera Labs Inc.,NA,1.9,2,1.6,342.3,6.7,0,0,0,8214,9525824,NA,0,D,No,No,No,No,Yes,0.02,54.6,0,11.3,175.01,0,0,97,820.96,89,25.6,10.63,10.71,NA,116.6,109.7,0,161,No,No,170.8,84.9,123.3,144.6,36,-,107,96,19,No,No,87.1,311.23,Elec-Semicondctor Fablss,NA,0,83,No,39.47,2.4,Yes,45,147,-22.1,6.8,0,499.48,29,36,80,2.12,No,0,3.85,-37.69,98,71,88,2.76,2027893,51369.2,10.82,171407.9,45.1,-4.8,-35.6,59.8,NA,106.6,NA,70,43,D,13.6,67,56,-14.9,0.1,-15.3,4,852.5,597,93,119,NA,92.6,5809,No,11.54,57,5329,NA,No,1533,NA,No,No,No,53.27,0,No,85,1.1,57,115,NASDAQ,No,93,Yes,35.68,-,104,140259.3,113,238,70.8,96.4,Yes,No,35.1,22,CHIPS,6.7,NA,No,64,50211.4,No,No,No,127.6,-21.7,NA,18.8,26,2026-07-31,ALAB,30,15,5,0,15,10,10,85,100.66666666666667,50,TRUE,FALSE,CANSLIM Growth,CANSLIM Growth,32.9,Weak
5470,XMTR,Xometry Inc. Cl A,NA,3.8,3.9,3.3,106.08,-0.7,0,0,0,166.1,3155740,NA,0,D,No,No,No,No,No,1.4,-204.4,0,1.78,715.68,2.83,2.83,97,0,101,-8.9,5.8,5.76,NA,27.7,28.9,33,22,Yes,Yes,488.9,372.2,529.2,446.7,6,63,120,404,-21,No,No,44.1,85.72,Elec-Contract Mfg,NA,0,52,No,5.37,89.4,Yes,15,179,-14.3,6.3,0,106.08,4,53,32,0.48,Yes,48,0.95,-19.19,98,62,84,1.72,78532,4690.9,5.99,53770.5,32.8,-38.8,-11.2,67.2,NA,50,NA,82,55,D-,30.3,87,87,-6.5,-7.8,-9.2,-,686.6,90,36,1050,NA,32.7,874,No,0.81,76,509,NA,No,374,NA,No,No,Yes,6.22,0,No,500,1.1,167,26,NASDAQ,No,85,Yes,15.88,-,97,49992.9,450,1000,333.3,31,Yes,Yes,27.6,5.4,ELECTRNCS,-0.7,NA,Yes,72,4593.5,No,No,No,165.1,-37.2,NA,-20.9,-2.6,2026-07-31,XMTR,32,15,5,0,15,10,10,87,96.33333333333333,20,TRUE,TRUE,Earnings Accelerator,CANSLIM Growth,46.2,Improving
4902,OSCR,Oscar Health Inc.,NA,2.3,2.4,2.6,31.94,10.7,0,0,3,2447.1,19577008,NA,0,B-,No,No,No,Yes,Yes,-4.88,1.5,0,1.09,7.48,0,0,7,0,32,-3.7,6.26,5.77,NA,33.1,31.5,62,41,No,Yes,-101.1,-38.6,-165.2,-122.5,54,-,-,-,-45,Yes,No,117.3,31.22,Insurance,NA,2.3,94,No,1.72,25.9,Yes,129,0,6.7,8,0,33.1,81,34,102,-0.59,Yes,0,-0.03,-5.68,98,90,83,1.56,173311,9415.6,5.92,265902,66,-44.4,9.5,69.1,NA,117.6,NA,32,32,B+,86.8,165,41,12.7,5.8,3.1,7,11469.9,108,53,-1790,NA,35,6204,No,-0.01,145,3448,NA,No,438,NA,No,No,No,0.63,0,Yes,125,1.2,-100,28,New York Stock Exchange,No,98,Yes,5.61,-,98,244031,-141,-545,12.5,31.2,Yes,No,61.3,7.4,INSURANCE,10.7,NA,No,43,6872.6,No,No,No,122.2,-21.4,NA,-44.5,14.6,2026-07-31,OSCR,35,0,7,0,15,10,10,77,110.33333333333333,15,TRUE,TRUE,CANSLIM Growth,CANSLIM Growth,65,Strong
4314,MCS,Marcus Corp.,NA,3.8,3.3,3,29.75,22.2,0,0,0,334,645122,06/01/2026,0,A,No,No,No,No,No,-3.35,23,1.3,0.44,10.81,0,0,85,149.12,47,1.1,3.77,3.92,NA,5.3,2.3,16,3,Yes,Yes,120.9,220.2,158,153.6,3,-,-,82,2,No,No,87.6,29.1,Leisure-Movies & Related,NA,0,135,No,0.92,65.9,Yes,19,41,-9.4,2.9,0,29.75,94,139,90,0.71,Yes,0,-1.99,-2.18,98,99,82,0.7,5616,891.6,3.71,23743.8,69.4,134.8,24,65.2,NA,92.8,NA,60,139,A+,44.7,68,23,35.8,24.4,28.5,40,758.5,-154,12,264,NA,8.1,248,Yes,-0.59,0,542,NA,No,214,NA,No,No,No,0.87,0,Yes,122,2.3,6,3,New York Stock Exchange,No,99,Yes,1.92,-,98,21975.6,533,-29,63.6,6.3,Yes,No,61.2,2.4,LEISURE,22.2,NA,No,45,1058.4,No,No,No,77.8,97.8,NA,2.8,6.8,2026-07-31,MCS,30,15,7,10,15,10,10,97,113,10,FALSE,FALSE,CANSLIM Growth,CANSLIM Growth,52.1,Improving
4531,MXL,MaxLinear Inc.,NA,0.6,0.7,0.9,94.55,-6.7,0,0,0,8214,3872683,NA,0,D,No,No,No,No,No,1.39,3791.8,0,1.78,294.91,0,0,93,0,29,-30.1,12.49,12.88,NA,44.1,50.5,-19,-18,No,No,470.7,833.7,660,549.6,6,-,-,-,-28,Yes,No,283.4,66.82,Elec-Semicondctor Fablss,NA,0,83,No,11.42,28.7,Yes,45,74,26.3,4.6,0,128.3,29,36,241,0.9,No,0,-0.15,-47.92,98,32,81,2.27,380373,6069.2,13.06,90693.2,65.7,-29.4,-47.8,-5.6,NA,285.1,NA,84,43,D-,6.3,440,54,-24.1,-9.3,-21.8,36,467.6,-182,55,134,NA,49.1,4363,No,-0.1,276,3024,NA,No,458,NA,No,No,No,10.65,0,No,1650,1,540,30,NASDAQ,No,71,Yes,12.5,-,93,84558.5,311,139,1095,48.7,Yes,No,38,18,CHIPS,-6.7,NA,No,59,5263,No,No,No,322.4,-10.1,NA,-28.2,1,2026-07-31,MXL,35,15,5,0,15,10,10,90,70.33333333333333,30,TRUE,TRUE,Earnings Accelerator,CANSLIM Growth,32.9,Weak
3541,ACMR,ACM Research Inc. Cl A,NA,1.5,1.8,2.1,95.44,-6.9,0,0,0,2169,3911207,NA,0,D,No,No,No,No,Yes,0.12,-21.5,0,3.51,-511.57,1.25,1.25,89,232.92,36,15,10.42,10.54,NA,19,20.5,42,31,No,Yes,-17.9,-41.4,-31.5,-27.5,21,42,15,-35,8,No,No,98.9,78.47,Elec-Semiconductor Equip,NA,0,5,No,10.03,14.2,Yes,33,53,15.7,6.8,0,127.19,22,20,37,1.49,Yes,29,-0.23,-38.3,98,59,79,2.21,150783,5435.5,10.47,64117.7,36.3,-44.3,-38.2,51.8,NA,35,NA,48,23,D-,33.3,24,43,-13.3,-4.7,-15.4,34,901.3,39,34,-29,NA,21.8,1647,No,-0.18,-22,897,NA,No,457,NA,No,No,No,5.24,0,No,-26,1.2,-55,15,NASDAQ,No,86,Yes,3.29,-,92,57640.5,-43,-2,-40.7,25.2,No,No,21.3,7.3,CHIPS,-6.9,NA,No,57,4565.3,No,No,No,158.5,-24.7,NA,7.9,7.5,2026-07-31,ACMR,7,0,5,0,15,10,10,47,93.66666666666667,25,FALSE,TRUE,Other,Momentum Leader,32.9,Weak
4896,ORKA,Oruka Therapeutics Inc.,NA,4,4.9,5.8,99,4.7,2.4,13,4,464.6,8833223,NA,0,B,No,No,No,No,Yes,0,-25.5,0,23.76,-49.91,0,0,7,0,0,0,6.56,6.73,NA,0,0,0,0,No,Yes,41.5,16.8,31.9,40.7,459,-,-,-,-25,No,No,218.4,96.51,Medical - Development Biotech,NA,0.7,29,No,5.73,0.2,No,549,0,18.4,17.4,0,99,53,29,171,-1.94,Yes,0,-1.38,-2.52,98,96,73,0.75,108792,5902.1,6.11,59856.9,102.6,-42.8,1.4,41.1,NA,181.9,NA,24,30,B+,12.2,-14,-19,28.1,7.9,10.1,7,0,-12,0,63,NA,0,1392,Yes,-1.35,-11,759,NA,No,400,NA,No,No,No,NA,0,Yes,-20,1.3,8,0,NASDAQ,No,99,Yes,10.01,-,98,50803.7,62,77,-5.9,0,No,No,78.1,60.6,MEDICAL,4.7,NA,No,80,4976.6,No,No,No,610.2,-44.6,NA,-24.7,0,2026-07-31,ORKA,0,8,7,0,15,10,10,50,104,25,FALSE,FALSE,Other,Momentum Leader,50.1,Improving
5304,VSTS,Vestis Corp.,NA,5.2,4.8,4.4,16.7,-7.2,0,0,0,293.8,7230651,02/21/2025,0,A,No,No,No,No,Yes,3.12,24.3,0,2.13,29.66,0,0,89,0,28,-1.6,4.24,4.09,NA,-1.9,-1,0,0,No,No,6.3,106.2,53.1,14.8,13,-,-,-45,-5,Yes,No,116.8,14.46,Comml Svcs-Outsourcing,NA,0,125,No,0.6,153,Yes,22,52,-9,5.6,0,16.9,115,27,116,0.28,No,0,-0.89,-14.44,98,76,68,1.19,19462,1927.4,4.16,132105.1,64.1,-41.2,-0.4,48.8,NA,121.4,NA,39,25,C,92.8,96,37,5.7,-7.5,-3.4,17,2734.8,-62,-1,-60,NA,-2,1393,Yes,-0.13,0,826,NA,No,364,NA,No,No,No,0.71,0,No,420,1.8,-29,-3,New York Stock Exchange,No,92,Yes,2.2,-,91,129624,-73,-106,195.7,-0.1,Yes,No,47.2,1.7,BUSINS SVC,-7.2,NA,No,62,3359.9,No,No,No,138.6,-25.4,NA,-4.5,0.4,2026-07-31,VSTS,25,15,5,0,15,10,10,80,92.66666666666667,10,TRUE,FALSE,CANSLIM Growth,CANSLIM Growth,58.5,Strong
4335,MEI,Methode Electronics Inc.,NA,1.8,1.9,2.1,16.9,-8.6,0,0,0,503.9,2331931,07/17/2026,0,A-,No,No,No,No,No,1.02,33,1.3,2.37,13.08,0,0,13,0,0,-1,9.26,10.52,NA,-3.3,-2.3,-3,-6,Yes,No,-49.6,-122.8,-81.1,-54.7,10,-,-,-,-5,Yes,No,110.7,13.99,Electronic-Parts,NA,0,45,No,1.61,50.2,Yes,23,0,14.8,6.9,0,20.38,23,26,65,-1.01,No,0,2.04,-31.35,98,78,61,1.28,11327,486.3,8.85,35471.8,52.3,-38.1,-26.3,74.4,NA,75.1,NA,16,14,B-,105.1,53,157,-1.5,-10.3,-13.4,13,1019.2,49,16,43,NA,6.7,769,No,0.28,16,492,NA,No,223,NA,No,No,No,0.49,0,No,101,1.4,-10,-3,New York Stock Exchange,No,94,Yes,0.73,Yes,88,34026,-460,44,45.7,-0.8,Yes,No,42,-1.3,ELECTRNCS,-8.6,NA,No,58,667.8,No,No,No,113.3,-31.8,NA,-5.2,0.1,2026-07-31,MEI,30,0,5,0,15,10,10,70,94,15,TRUE,FALSE,CANSLIM Growth,CANSLIM Growth,46.2,Improving
5084,TVTX,Travere Therapeutics Inc.,NA,5.3,5.4,5.3,60,-2.6,3.6,2,1,239.9,12015392,NA,0,A,No,No,Yes,No,No,1.33,70.5,0,3.13,131.96,0,0,64,0,173,-10,4.51,4.16,NA,92.9,95.3,13,36,No,Yes,75.8,86.3,85.9,83.4,27,22,40,214,-58,No,No,46.3,55.89,Medical - Revenue Biotech,NA,1.8,68,No,2.35,325.8,No,55,0,-1.7,13.3,0,60.1,119,97,72,-0.23,Yes,0,-2.43,-7,98,85,61,1.18,96147,5326.6,4.38,92992.9,50.5,-3,-1.6,32.7,NA,79.8,NA,35,130,C,-65.3,45,1571,9.1,1.8,1,64,490.7,-172,68,93,NA,72,1829,No,-1.39,4,1715,NA,No,465,NA,No,No,No,10.06,0,No,15,1.4,104,110,NASDAQ,No,94,Yes,52.31,-,95,90365.5,140,85,59.5,102,Yes,No,43.8,1.1,MEDICAL,-2.6,NA,No,71,5172.6,Yes,Yes,No,261.7,-37,NA,-57.8,-28.8,2026-07-31,TVTX,20,15,5,0,15,10,10,75,93.33333333333333,10,FALSE,FALSE,CANSLIM Growth,CANSLIM Growth,50.1,Improving
5171,URGN,UroGen Pharma Ltd.,NA,7.9,7.7,7.1,43.93,-6.7,3.6,2,1,239.9,5689384,NA,0,B+,No,No,No,No,Yes,0.96,-5.4,0,4.69,-11.33,0,0,35,0,0,-139.7,5.32,5.07,NA,46.7,56.4,30,19,Yes,Yes,5.8,18.7,10.1,9.1,41,13,15,12,0,Yes,No,63.3,38.24,Medical - Revenue Biotech,NA,1.8,68,No,1.93,0,Yes,55,0,-8.5,14,0,43.93,119,97,92,-2.75,Yes,0,-6.94,-12.95,98,83,60,0.96,24025,2002,5.11,48721.7,65.3,21.4,3.9,60.5,NA,95,NA,46,130,C-,2.6,78,312,19.8,-0.6,3.1,35,109.8,17,152,-8,NA,102.8,699,Yes,-2.85,75,815,NA,No,214,NA,No,No,Yes,13.26,0,No,49,1.9,33,21,NASDAQ,No,94,Yes,-14.99,-,91,40542.8,-25,-15,40.7,71.6,Yes,Yes,59.4,6.5,MEDICAL,-6.7,NA,No,53,1979.1,Yes,No,No,100.6,-30.4,NA,0,-46.3,2026-07-31,URGN,25,8,5,0,15,10,10,73,100.33333333333333,25,TRUE,TRUE,Pullback to 10SMA,CANSLIM Growth,50.1,Improving
3515,ABSI,Absci Corp.,NA,6.8,5.8,5.8,8.53,2.9,1.4,1,1,4339.2,35750691,NA,0,C-,No,No,No,No,Yes,0.02,-3.4,0,6.59,-11.45,0,0,5,0,0,-4111.2,10.76,10.39,NA,-36.8,-53.8,-13,-32,No,Yes,6.9,15.4,9.3,8.3,51,23,12,12,-63,No,No,122.9,7.78,Medical - Pharmaceuticals,NA,1.4,24,No,0.94,1.2,No,69,0,0.3,24.3,0,12.05,76,37,145,-0.83,Yes,0,1.83,-35.46,98,82,55,2.23,48290,1294.2,7.89,169400.3,66,-63.3,-32.9,56.4,NA,160.2,NA,34,61,D+,4.5,11,7,-4.5,-2.6,-19.4,5,2.8,22,-82,11,NA,-42,5726,No,0.14,20,2086,NA,No,199,NA,No,No,No,717.83,0,No,10,1.9,20,-38,NASDAQ,No,97,Yes,7.03,-,96,146892.7,17,-9,14.8,-53.9,Yes,No,55.3,3.6,MEDICAL,2.9,NA,No,57,1155.2,No,No,No,174.9,-55.9,NA,-62.5,-13767,2026-07-31,ABSI,0,8,5,0,15,10,10,48,93.33333333333333,25,FALSE,FALSE,Other,Momentum Leader,50.1,Improving
4562,NBIS,Nebius Group N.V. Cl A,NA,2.9,3.5,3.4,230.3,1.4,0,0,0,111.9,61068467,NA,0,E,No,No,No,No,Yes,1.03,0,0,8.33,231.98,0,0,18,248.15,0,7.2,11.61,12.14,NA,316.8,420.5,-40,-73,Yes,Yes,0,-12.9,-54,0,16,-,-,-,0,No,No,127.5,190.41,Internet-Network Sltns,NA,0,87,No,26.34,130.9,Yes,19,0,-4,30.2,0,299.86,42,113,92,-2.17,No,0,1.05,-36.5,98,60,51,1.12,4199231,47418.5,12.73,218158.5,34,40.4,-31.1,37.7,NA,123.5,NA,27,114,E,57.7,-892,-35,-15.9,0.1,-7.3,18,529.8,-31,622,-35,NA,561.2,19221,No,1.98,-59,25703,NA,No,1193,NA,No,No,No,47.32,0,No,32,1.1,-70,351,NASDAQ,No,83,Yes,6.68,-,95,202055.2,-1,-177,-19.1,453.2,No,No,23,43.4,INTERNET,1.4,NA,No,26,38587.9,No,No,No,249.8,51.3,NA,0.2,155.7,2026-07-31,NBIS,25,0,5,5,15,10,10,70,79.66666666666667,10,TRUE,TRUE,CANSLIM Growth,CANSLIM Growth,51,Improving
5298,VSAT,ViaSat Inc.,NA,5.1,4.6,4.4,79.76,7.3,0,0,0,996.9,12255507,NA,0,E,No,No,No,No,Yes,4.74,19.8,0,2.41,6.52,0,0,77,0,0,2.3,8.81,8.33,NA,2.1,2.7,18,19,No,No,-178.5,98.1,57.2,-91.7,16,-62,-78,130,-1,Yes,No,123.2,76.93,Telecom-Infrastructure,NA,0,47,No,5.99,146.4,No,23,0,-5.3,9.5,0,93.03,3,126,61,-0.29,No,0,-0.86,-17.31,98,82,51,1.63,210732,10689.8,7.69,137755.5,49.8,-51.6,-14.3,16.7,NA,70.3,NA,42,135,E,235.2,-372,3,7.8,7.3,4,77,4640.3,-458,2,94,NA,2.5,2898,No,-0.67,26,1366,NA,No,592,NA,No,No,No,2.28,0,No,122,0.8,115,3,NASDAQ,No,95,Yes,2.25,Yes,99,130624.6,58,-65,118.2,2.2,No,Yes,35.8,10.7,TELECOM,7.3,NA,No,66,14861.8,No,No,No,368.2,-46.7,NA,-0.7,5,2026-07-31,VSAT,25,15,5,0,15,10,10,80,84,10,TRUE,FALSE,CANSLIM Growth,CANSLIM Growth,41.8,Weak
3911,ATLC,Atlanticus Holdings Corp.,NA,4.2,2.9,3,108,6,0,0,1,118.2,448662,NA,0,C,No,Yes,No,No,No,27.78,8.3,0,1.59,3.17,0,0,45,60.7,10,8.1,6.03,6.16,NA,57.9,67.7,25,24,No,No,34.6,29.8,35.5,35.7,4,-5,16,32,20,Yes,No,57.6,105.49,Finance-Consumer Loans,NA,4.8,91,Yes,6.19,967.8,No,21,15,5.3,4.7,0,112.61,108,55,103,6.97,No,22,-0.53,-6.32,97,94,99,1.67,16519,1603.3,5.84,15118,53.8,-24.4,3.2,32.8,NA,104.3,NA,92,47,A,32.1,60,37,12.7,5.9,7,41,1968.4,13,97,25,NA,102.5,172,Yes,-0.56,60,127,NA,No,230,NA,No,No,No,0.69,0,No,50,1.7,23,50,NASDAQ,No,97,Yes,2.45,-,98,9486.3,17,53,36.5,82,Yes,Yes,45.9,1.8,FINANCE,6,NA,No,21,7378.5,No,No,No,112.6,-15.4,NA,20.7,6.5,2026-07-31,ATLC,25,12,5,0,15,10,10,77,111.66666666666667,35,TRUE,TRUE,Momentum Leader,CANSLIM Growth,52.3,Improving
4727,NTAP,NetApp Inc.,NA,5.7,4.6,3.7,179.81,6.4,0,0,0,2988.5,12870550,07/10/2026,0,B,Yes,Yes,No,Yes,No,2.09,11.1,1.2,1.41,17.36,1.54,1.68,64,107.53,20,23.8,5.18,4.36,NA,4.9,5.2,2,3,Yes,Yes,8.6,15.5,11.5,10.6,11,13,13,12,79,Yes,No,66.7,178.5,Computer-Hardware/Perip,NA,0,1,Yes,7.11,199.2,Yes,38,22,-20.9,6.6,0,192.83,2,12,70,8.15,Yes,4,2.6,-7.43,97,97,99,1.12,542927,34140.8,4.5,196234.3,44.5,-43.6,15.3,61.1,NA,85.3,NA,85,15,A+,7,40,11,9.3,4.4,5.3,50,6925,12,12,-12,NA,8.4,3445,Yes,4.52,36,1830,NA,No,2636,NA,No,No,Yes,5.06,0,Yes,26,1.1,11,5,NASDAQ,No,98,Yes,25.9,-,100,195206.5,10,-1,18.5,6.6,Yes,Yes,42,2.3,COMPUTER,6.4,NA,No,60,33142.6,No,No,No,71.4,-38.8,NA,106.7,20.7,2026-07-31,NTAP,20,8,7,0,15,10,10,70,114.66666666666667,40,TRUE,FALSE,Momentum Leader,CANSLIM Growth,61.2,Strong
4871,OOMA,Ooma Inc.,NA,3.1,3.4,3.3,22.2,8.6,0,0,0,5053.8,1158352,NA,0,B,No,Yes,No,No,No,-5.56,20.7,0,0.8,22.08,1.14,1.14,56,252.8,17,1.6,4.71,4.38,NA,10.1,11.7,10,8,Yes,Yes,58.9,65.2,62.3,58.4,3,16,26,63,7,Yes,No,85.4,21.75,Telecom-Consumer Prods,NA,0,86,Yes,0.86,61.5,Yes,7,18,-2.6,4.8,0,22.2,52,2,78,1.19,Yes,13,1.45,-2.03,97,95,99,0.79,6925,589.6,4.35,27500,48.6,-5.4,13.2,33.3,NA,85.1,NA,98,37,A+,9.9,26,14,13.2,3.2,5.4,75,273.6,12,25,58,NA,19.7,373,Yes,0.31,44,382,NA,No,223,NA,No,No,No,2.06,0,Yes,75,1.2,62,7,New York Stock Exchange,No,97,Yes,6.24,Yes,98,24019.2,59,53,68.5,14.4,Yes,Yes,38.8,4.2,TELECOM,8.6,NA,No,40,654.7,No,No,No,91.1,56.7,NA,7.2,3.2,2026-07-31,OOMA,25,15,7,0,15,10,10,82,112,15,TRUE,TRUE,Momentum Leader,CANSLIM Growth,41.8,Weak
4953,PANW,Palo Alto Networks Inc.,NA,2.7,3,2.4,366.31,2.5,2.6,1,0,722.8,20423492,NA,0,B,Yes,Yes,No,No,No,-0.92,37.6,0,0.81,63.34,2.45,2.45,94,1029.18,85,17.3,4.99,4.85,NA,18.6,19.4,21,16,No,Yes,18.4,17.5,19.6,19.9,9,36,22,20,17,No,No,80.1,331.83,Computer Sftwr-Security,NA,0,131,No,15.87,6.9,Yes,39,88,-21.1,2.5,0,368.8,74,7,78,3.76,Yes,11,1.89,-10.02,97,90,99,1.21,2370307,265429.2,5.03,815000,52.8,-34.1,-2.7,85,NA,87.5,NA,89,2,B,7.2,13,9,7.9,-2.5,-3.6,9,9221.5,28,31,18,NA,23,7972,No,6.15,3,5028,NA,No,4298,NA,No,No,No,25.5,0,No,6,1.2,27,15,NASDAQ,No,98,Yes,9.75,Yes,100,806779.9,19,26,16.7,20.6,Yes,No,50.3,2.7,SOFTWARE,2.5,NA,No,42,253535.8,No,No,No,91.1,-34.7,NA,17.5,-5.9,2026-07-31,PANW,7,8,5,0,15,10,10,55,112.33333333333333,45,FALSE,TRUE,CANSLIM Growth,CANSLIM Growth,62.1,Strong
5259,VLO,Valero Energy Corp.,NA,3.7,3.3,3.5,320.24,3.4,0,0,2,387.8,10973199,07/31/2026,0,A-,Yes,Yes,No,No,Yes,1.02,14.8,1.6,1.64,16.6,1.35,1.61,35,49.86,8,2.4,3.82,3.82,NA,7.8,13.1,2,-6,Yes,Yes,241.6,440.3,385.5,305.2,19,8,-27,358,8,No,No,92.2,312.9,Oil&Gas-Refining/Mktg,NA,7.4,49,No,10.62,41.7,Yes,27,13,5,3.7,0,320.24,18,3,64,24.24,Yes,77,0.77,-2.29,97,95,98,0.65,789278,92556.9,3.83,296932.8,43.6,-17.5,20.1,23.9,NA,72.5,NA,85,1,A,24.1,255,-29,16.2,1.8,6.8,56,122687,-66,49,25,NA,27.9,3005,Yes,2.39,288,2433,NA,No,2669,NA,No,No,Yes,0.67,0,Yes,450,1,374,-5,New York Stock Exchange,No,97,Yes,3.6,-,100,295742.3,497,221,412.1,18.2,Yes,Yes,34.1,5.3,ENERGY,3.4,NA,No,47,96459.9,No,No,No,127.9,-18,NA,9.7,8.3,2026-07-31,VLO,32,15,7,0,15,10,10,89,106.66666666666667,25,TRUE,TRUE,Pullback to 10SMA,CANSLIM Growth,47.5,Improving
4941,PACS,PACS Group Inc.,NA,5.2,4.9,4.7,48,-1.8,0,0,0,32.7,4528003,NA,0,B+,No,No,No,No,No,-136.12,22.2,0,0.99,17.84,0,0,74,119.51,20,5.4,4.69,4.74,NA,25,22,0,0,No,No,55.6,174.5,119.7,84.8,2,-,-,60,23,No,No,19.8,46.01,Medical - Home & Nursing Care,NA,0,19,No,2.02,319.5,No,9,28,-3.5,10.1,0,48,72,9,31,1.64,No,0,-2.09,-4.15,97,87,96,0.73,36783,7437.2,4.42,158272.4,40.6,-11,7.9,37.1,NA,36.3,NA,76,16,B-,56.5,24,9,16.2,2.3,4.6,29,5290,-93,11,443,NA,11.9,903,Yes,-0.98,74,799,NA,No,384,NA,No,No,Yes,1.34,0,Yes,264,1.5,53,29,New York Stock Exchange,Yes,91,Yes,6.97,-,96,44726.5,206,-45,158.6,18.3,No,No,25,4.1,MEDICAL,-1.8,NA,No,76,10720.9,No,No,No,316,1.9,NA,23.1,5.7,2026-07-31,PACS,30,15,10,0,15,10,10,90,108.33333333333333,25,TRUE,FALSE,Momentum Leader,CANSLIM Growth,50.1,Improving
3748,AMRX,Amneal Pharmaceuticals Inc.,NA,4.7,4,4.1,19.26,2.2,1.4,1,1,4339.2,8118699,NA,0,A,No,Yes,No,No,Yes,2.58,32.5,0,2.2,17.5,19.28,19.28,58,145.45,18,4.6,3.54,3.48,NA,8,9.2,10,11,No,No,39.3,41.2,32.5,37.2,30,1,11,31,0,No,No,45.4,18.32,Medical - Pharmaceuticals,NA,1.4,24,Yes,0.6,8086.1,Yes,69,19,3.1,5,0,19.26,76,37,24,0.95,Yes,14,-0.97,-4.88,97,94,95,1.04,31884,5907.6,3.44,319331.4,38.1,2.3,5.8,42.3,NA,33.9,NA,85,61,A+,34.8,19,18,17.1,2.2,5.4,30,3018.8,-9,10,43,NA,6.9,2043,Yes,-0.18,34,2012,NA,No,445,NA,No,No,No,1.88,0,No,20,1.5,29,8,NASDAQ,No,95,Yes,-129.95,-,95,163569.6,75,6,24.3,8.4,Yes,Yes,31.5,1.4,MEDICAL,2.2,NA,No,62,8285.8,No,No,No,134.3,-18.1,NA,0,7.2,2026-07-31,AMRX,10,12,5,0,15,10,10,62,110.33333333333333,25,FALSE,FALSE,Momentum Leader,CANSLIM Growth,50.1,Improving
4836,OII,Oceaneering International Inc.,NA,5.4,5.4,6.4,53.98,-7.5,0,0,0,137.4,6556236,NA,0,A+,No,Yes,No,No,Yes,0.94,18,0,2.18,14.82,0,0,71,53.64,24,10.3,4.6,4.97,NA,4,3.9,11,8,Yes,Yes,59.1,6.7,18.2,29.5,22,-,55,12,40,No,No,103,48.78,Oil&Gas-Field Services,NA,0,4,No,2.12,60.8,Yes,30,25,18.8,6.7,0,53.98,13,68,50,1.93,Yes,0,2.39,-9.63,97,97,94,1.17,47409,4741.6,5.12,99529.6,45.2,-43.7,20.4,29.9,NA,62.1,NA,89,108,B,38.3,-4,20,17.7,2.6,9.4,50,2784.2,43,10,69,NA,6.3,1145,Yes,1.14,-2,730,NA,No,543,NA,No,No,No,1.69,0,No,29,1.6,-30,5,New York Stock Exchange,No,97,Yes,4.17,Yes,90,97827.6,22,53,-0.8,2.1,Yes,No,33.5,1.1,ENERGY,-7.5,NA,No,68,4813.4,No,No,No,124.8,9.4,NA,39.6,8.5,2026-07-31,OII,15,0,5,0,15,10,10,55,106,45,TRUE,FALSE,Momentum Leader,CANSLIM Growth,47.5,Improving
4023,KNSA,Kiniksa Pharmaceuticals International PLC,NA,4.3,4.9,6,82.94,18.3,0,0,2,1308.2,4510188,NA,0,A,No,No,No,Yes,Yes,0.01,26.3,0,3.9,42.55,0,0,93,295.98,46,13.1,4.65,5.23,NA,56.3,59.2,105,52,No,Yes,212.1,139.2,161.3,225.7,32,-,-,-,12,No,No,80.2,74.34,Medical - Profitable Biotech,NA,3.8,40,No,3.29,0.7,No,52,77,23.2,10.4,0,82.94,102,79,71,0.97,Yes,0,-4.94,-10.37,97,96,93,0.8,49476,6101.5,5.29,46218.7,64.3,31.4,16.2,38.2,NA,69.3,NA,64,84,A-,0.2,86,47,35.1,17.9,20.5,13,677.6,-400,55,225,NA,55.4,818,Yes,-3.86,56,1034,NA,No,347,NA,No,No,No,4.09,0,No,30,1.8,145,60,NASDAQ,No,97,Yes,8.86,-,90,45194.7,242,228,87.9,58.6,Yes,No,56.2,8.4,MEDICAL,18.3,NA,No,74,5909.1,No,No,No,145.7,66.3,NA,11.7,10.4,2026-07-31,KNSA,25,15,5,5,15,10,10,85,110.33333333333333,45,FALSE,FALSE,Momentum Leader,CANSLIM Growth,50.1,Improving
3720,AMAT,Applied Materials Inc.,NA,3,2.1,1.6,576.49,-5.3,0,0,0,2169,16703697,08/20/2026,0.53,E,No,No,No,No,No,0.5,62.2,0.4,2.51,51.55,5.46,5.7,89,189.14,34,32.7,7.45,8.31,NA,4.1,3.4,6,3,Yes,Yes,9.4,4.4,7.5,8.9,9,9,8,5,28,Yes,No,97.5,507.67,Elec-Semiconductor Equip,NA,0,5,No,48.24,24.9,Yes,33,51,-23.5,2.1,0,739.67,22,20,40,9.89,Yes,6,1.18,-31.37,97,61,84,1.85,5543128,398385,8.25,793959.4,35.4,-22.5,-29.8,28.7,NA,57.5,NA,66,23,E,6.7,30,38,-7,-4.7,-11.5,38,28368,7,11,9,NA,4.6,10066,No,5.9,37,7412,NA,No,5216,NA,No,No,Yes,13.89,0,No,20,1.2,0,4,NASDAQ,No,88,Yes,16.86,-,93,790011.4,-6,17,9.8,1.9,Yes,Yes,21.2,3.7,CHIPS,-5.3,NA,No,51,396861.8,No,No,No,181.9,-15.8,NA,35.5,35.5,2026-07-31,AMAT,15,0,5,0,15,10,10,55,85.66666666666667,50,FALSE,FALSE,CANSLIM Growth,CANSLIM Growth,32.9,Weak
4130,LFST,LifeStance Health Group Inc.,NA,1.8,1.9,2.1,11.76,-3.9,0,0,0,124.6,9460426,NA,0,B+,No,No,No,No,Yes,3.13,19.6,0,1.48,28.05,0,0,98,698.13,59,0.9,3.84,4.09,NA,15.3,16.4,0,17,Yes,Yes,220.7,346.9,281,246.5,6,-,-,-,1,Yes,No,48.9,10.48,Medical-Hospitals,NA,0,60,No,0.43,27.8,Yes,10,233,11.5,4.1,0,11.76,133,110,45,0.04,Yes,0,-2.42,-10.88,97,77,83,1.35,31937,4165.3,3.87,387834.4,45.9,-21.9,-2.1,38.4,NA,48.2,NA,76,112,C+,457.2,589,47,13.8,-3.6,-2.5,-,1424.3,71,21,113,NA,19.3,3323,Yes,-0.26,428,2525,NA,No,426,NA,No,No,Yes,2.72,0,No,716,1.6,200,14,NASDAQ,No,91,Yes,2.75,-,93,233546.3,124,83,458.2,18.3,Yes,No,37.2,12.7,MEDICAL,-3.9,NA,No,74,4437.8,No,No,No,163.3,-41.6,NA,0.7,3.5,2026-07-31,LFST,30,15,5,0,15,10,10,85,100.66666666666667,25,TRUE,TRUE,Earnings Accelerator,CANSLIM Growth,50.1,Improving
4442,MOV,Movado Group Inc.,NA,3.9,3.6,3.6,39.83,4.6,8.8,3,0,218.1,955679,06/10/2026,0,D,No,No,No,No,Yes,0.15,6.9,4.4,4.56,14.91,0,0,69,105.16,21,5.1,3.89,3.29,NA,2.7,4.3,-1,-2,Yes,No,55.2,111.1,94.3,67.7,26,-23,-29,37,0,No,No,85.2,38.18,Retail - Specialty,NA,0,70,No,1.25,10.6,Yes,34,24,2.4,6.5,0,39.85,95,57,60,1.57,No,38,-0.08,-4.19,97,85,83,1.12,9951,602.6,3.48,15771.6,45.5,-51.5,-2.9,40.2,NA,67.5,NA,65,57,D+,357.1,40,22,4.6,1,0.8,45,671.3,-47,8,20,NA,6.8,274,No,-0.03,53,130,NA,No,279,NA,No,No,No,0.88,0,No,300,1.3,12,3,New York Stock Exchange,No,95,Yes,1.68,-,99,14794.6,22,44,155.9,5.2,Yes,Yes,33.9,4.5,RETAIL,4.6,NA,No,61,687.2,No,No,No,146.2,-40.7,NA,5.4,4.9,2026-07-31,MOV,25,15,5,0,15,10,10,80,100.33333333333333,35,TRUE,FALSE,CANSLIM Growth,CANSLIM Growth,52.4,Improving
4422,MNPR,Monopar Therapeutics Inc.,NA,9.1,9.2,7.4,116.69,-1.4,2.4,13,4,464.6,1360286,NA,0,A+,No,No,No,No,Yes,0,-33,0,56.04,-65.81,0,0,1,0,0,0,7.58,8.29,NA,0,0,0,0,No,Yes,-45.1,8.6,14,16,489,-,-,-,-14,No,No,65.9,108.35,Medical - Development Biotech,NA,0.7,29,No,7.87,0.1,No,549,0,-20.1,32.7,0,116.69,53,29,64,-1.93,Yes,0,-5.5,-7.14,97,96,75,0.82,18101,768.1,7.82,6699.1,61.8,112.1,17,107.8,NA,79.4,NA,26,30,A,36.2,-50,-25,39.1,4.8,9.8,1,0,-35,0,55,NA,0,204,Yes,-6.31,-87,431,NA,No,123,NA,No,No,No,NA,0,No,-21,1.1,77,0,NASDAQ,Yes,97,No,5.36,-,93,4163.2,-30,30,27.8,0,No,No,70.3,6,MEDICAL,-1.4,NA,No,74,579.4,No,No,No,163.1,85.1,NA,-14.2,0,2026-07-31,MNPR,0,0,10,10,15,10,10,55,109.33333333333333,25,FALSE,FALSE,CANSLIM Growth,CANSLIM Growth,50.1,Improving
3737,AMN,AMN Healthcare Services Inc.,NA,3,2.9,3.1,35.71,2.2,0,0,0,137.3,3615167,NA,0,B-,No,No,No,No,No,39.51,1.3,0,1.09,4.81,0,0,27,0,40,-3.7,5.07,5.02,NA,13.4,20.7,-6,-15,Yes,No,15.6,86.6,47.6,27.4,5,-25,-49,-11,-14,No,No,113.4,33.63,Comml Svcs-Staffing,NA,0,115,No,1.66,108.2,Yes,24,11,6.4,9.4,0,36.27,88,8,65,3.01,No,60,-3.11,-7.28,97,83,74,0.76,29023,1346.3,5.09,38786.1,56.5,-30.1,3.9,64.3,NA,57.9,NA,41,4,C+,29.9,95,-59,10.3,2,3.5,71,2730.4,-60,100,-59,NA,50.9,949,Yes,-1.08,-37,682,NA,No,431,NA,No,No,No,0.38,0,No,367,1.6,-71,-8,New York Stock Exchange,No,93,Yes,1.82,-,95,38406.3,-36,-69,148,31.3,Yes,Yes,47,7.8,BUSINS SVC,2.2,NA,No,72,2093.9,Yes,No,No,83.4,-39.3,NA,-14.2,4.5,2026-07-31,AMN,35,15,5,0,15,10,10,90,104.66666666666667,5,TRUE,TRUE,Pullback to 10SMA,CANSLIM Growth,58.5,Strong
5050,TRVI,Trevi Therapeutics Inc.,NA,9.9,7.7,6.4,19.37,4.1,2.4,13,4,464.6,12653483,NA,0,D,No,No,No,No,Yes,0,-8.6,0,24.75,-58.43,0,0,7,0,0,0,5.73,6.52,NA,0,0,0,0,No,Yes,14.9,28,27.2,25.4,461,41,-5,38,-30,No,No,45.8,18.25,Medical - Development Biotech,NA,0.7,29,No,1.16,0.2,No,549,0,-16.8,13.7,0,20.22,53,29,65,-0.32,Yes,0,-0.82,-9.74,97,92,65,0.77,36667,2612.4,6.95,141979.7,40.7,-35.5,-2.1,32.6,NA,74.3,NA,37,30,D,-19,-46,-26,13.5,3.3,2.5,7,0,-62,0,32,NA,0,2198,No,-0.15,-22,1350,NA,No,271,NA,No,No,No,NA,0,No,0,2.1,45,0,NASDAQ,No,96,Yes,13.61,-,98,99641.6,38,25,22.7,0,Yes,Yes,35.8,5.4,MEDICAL,4.1,NA,No,59,2380.9,No,No,No,146.5,-38.7,NA,-30.2,0,2026-07-31,TRVI,0,12,5,0,15,10,10,52,99.66666666666667,25,FALSE,FALSE,Other,Momentum Leader,50.1,Improving
3723,AMBQ,Ambiq Micro Inc.,NA,2.5,2.3,2.2,79.25,-9.5,0,0,0,8214,1766758,NA,0,E,No,No,No,No,Yes,0,-9.3,0,11.7,-59.16,0,0,23,0,0,-50.2,8.59,8.62,NA,8.5,9.8,0,0,Yes,No,0,48.7,46,39.6,37,-,-,61,0,No,No,123.1,63.59,Elec-Semicondctor Fablss,NA,0,83,No,6.79,0.5,Yes,45,0,-4.8,9.6,0,91.61,29,36,85,-1.22,No,0,0.57,-30.59,97,44,62,3.26,55832,1507.7,8.61,23845.4,46.2,-47.7,-28,69.7,NA,109.2,NA,57,43,E,29.6,58,42,-20.3,-10.5,-18.4,23,72.5,19,59,-10,NA,30.6,702,No,0.36,40,369,NA,No,170,NA,No,No,No,18.53,0,No,45,1,42,-5,New York Stock Exchange,No,80,Yes,5.78,-,89,18309.8,59,38,43.5,17,Yes,No,31,20.6,CHIPS,-9.5,NA,No,46,1368.2,No,No,No,45,23.7,NA,-29.4,-40.6,2026-07-31,AMBQ,25,12,5,0,15,10,10,77,82.66666666666667,25,FALSE,TRUE,CANSLIM Growth,CANSLIM Growth,32.9,Weak
4099,LBRX,LB Pharmaceuticals Inc.,NA,19.6,19.5,17.5,41.33,14.5,2.4,13,4,464.6,4260793,NA,0,C,No,No,No,No,Yes,0.01,-6.6,0,35.68,-28.8,0,0,3,104.38,0,0,6.33,6.97,NA,0,0,0,0,No,No,0,-95.5,-51.1,-27.3,480,-,-,-,-24,No,No,80.1,40.08,Medical - Development Biotech,NA,0.7,29,No,2.28,0.7,No,549,0,-10.3,20.5,0,41.33,53,29,86,-1.94,No,0,-2,-3.02,97,98,57,0.56,9534,1172.9,7.29,28676.7,66.7,16.3,23.5,26.4,NA,86.9,NA,7,30,C,10.1,-10,-24,32.8,20.5,22.3,3,0,-402,0,-13,NA,0,296,Yes,-0.82,-281,339,NA,No,151,NA,No,No,No,NA,0,Yes,-190,1.4,-105,0,NASDAQ,No,99,Yes,3.03,-,97,20764.9,8,82,-147.3,0,Yes,No,51.4,11.9,MEDICAL,14.5,NA,No,81,826.7,No,No,No,0,29.7,NA,-15.7,0,2026-07-31,LBRX,0,0,7,0,15,10,10,42,94,25,FALSE,FALSE,Other,Momentum Leader,50.1,Improving
4224,LTH,Life Time Group Holdings Inc.,NA,3.2,3.8,3.2,47.23,6.5,1.6,1,1,478.4,10574724,NA,0,B+,No,Yes,No,No,No,-17.33,-82,0,0.66,11.68,0,0,70,95.55,27,16.5,3.5,3.42,NA,12.9,12.7,23,16,No,Yes,102.7,91,102.5,86.6,17,-,87,79,13,No,No,69.7,45.1,Leisure-Services,NA,1.6,122,No,1.4,125.6,Yes,62,25,-15,6.1,0,47.23,122,96,44,1.83,Yes,0,2.04,-4.52,96,98,99,1.35,107045,9839,3.1,222602.7,47.9,71.5,10.4,68.2,NA,54.6,NA,97,74,A,20.5,-6,15,17,2.5,4.8,41,2995.3,100,14,124,NA,12.7,2829,Yes,0.9,-12,4738,NA,No,599,NA,No,No,No,3.15,0,Yes,41,1.5,15,14,New York Stock Exchange,No,98,Yes,3.05,-,95,174013.9,218,137,27.7,12.6,Yes,No,41.4,5.3,LEISURE,6.5,NA,No,67,14134.6,Yes,Yes,Yes,57,47.4,NA,13,11.7,2026-07-31,LTH,20,15,7,7,15,10,10,84,117.66666666666667,25,FALSE,FALSE,Momentum Leader,CANSLIM Growth,52.1,Improving
4625,NHC,National Healthcare Corp.,NA,4.8,5.8,5.4,232.67,0.2,0,0,0,32.7,713058,06/30/2026,0,A,No,Yes,No,No,Yes,0.34,13.4,1.2,1.86,19.11,0,0,76,110.16,0,10.8,3.5,3.41,NA,15.3,12.4,10,15,No,Yes,51.6,123.7,90.1,78,8,-,117,22,8,No,No,64.9,226.03,Medical - Home & Nursing Care,NA,0,19,No,7.21,1.2,No,9,30,-6.8,5.6,0,232.67,72,9,57,7.56,Yes,0,-1.28,-2.85,96,90,99,0.54,27351,3576.4,3.11,15619.6,40.7,-37,6.9,30.4,NA,57.9,NA,92,16,B+,0,0,0,12,1.8,4.6,14,1510.5,74,2,23,NA,3.4,135,Yes,-2.94,0,86,NA,No,380,NA,No,No,No,2.32,0,Yes,11,1.4,363,21,NYSE American,No,94,Yes,3.23,-,97,12654.9,-3,-11,187,6.8,Yes,No,31.6,3.8,MEDICAL,0.2,NA,No,54,3349.5,No,No,No,135.4,-25.4,NA,11.7,9.4,2026-07-31,NHC,10,15,7,0,15,10,10,67,110,45,FALSE,FALSE,Pullback to 10SMA,CANSLIM Growth,50.1,Improving
4448,MPC,Marathon Petroleum Corp.,NA,3.4,3,2.7,326.92,2.3,0,0,2,387.8,6412255,08/19/2026,1,A-,No,Yes,No,No,Yes,6.23,19.4,1.3,1.18,11.73,0,0,70,79.41,7,5.3,3.27,3.07,NA,-1.1,-0.3,6,-7,No,Yes,292.5,648.1,485.1,367.1,14,-,-38,107,16,Yes,No,94.6,316.47,Oil&Gas-Refining/Mktg,NA,7.4,49,No,8.62,189.3,Yes,27,25,-12.4,2.2,0,326.92,18,3,72,12.69,Yes,0,0.76,-3.2,96,95,97,0.7,615790,91691.5,3.1,291936.7,42.5,-28.9,23.8,27.5,NA,79.6,NA,85,1,A-,123.3,274,-27,15.5,0.7,6.6,11,135222,-60,9,13,NA,4.2,2302,Yes,2.39,260,1688,NA,No,2262,NA,No,No,No,0.67,0,Yes,1455,1.3,429,-4,New York Stock Exchange,No,97,Yes,5.53,-,100,0,61,-4,941.7,3.2,Yes,Yes,36.1,5.3,ENERGY,2.3,NA,No,44,120812.8,No,No,No,86,-14.6,NA,23.1,1.5,2026-07-31,MPC,25,15,7,0,15,10,10,82,106,35,TRUE,FALSE,Pullback to 10SMA,CANSLIM Growth,47.5,Improving
4761,NVEC,NVE Corp.,NA,2.7,2.5,2.1,135,-1.1,0,0,0,503.9,480054,08/03/2026,1,B-,No,No,No,No,Yes,0.02,31.2,3.4,23.72,33.78,0,0,77,119.11,0,67.7,8.3,8.84,NA,18.6,25.7,-1,-11,No,Yes,14.6,38.7,24.6,17.1,20,0,-12,23,-2,Yes,No,96,116.27,Electronic-Parts,NA,0,45,No,8.79,1.2,Yes,23,31,-12.7,10.1,0,135,23,26,53,3.72,Yes,19,1.26,-13.87,96,94,97,0.98,26334,555.4,9.37,4837.2,47.9,-20,11.2,40.4,NA,72.3,NA,77,14,A-,0,0,0,14.9,11.4,16.4,44,26.3,-12,81,1,NA,43,258,No,1.45,0,204,NA,No,198,NA,No,No,No,17.99,0,No,79,0.8,27,2,NASDAQ,No,97,Yes,9.41,-,93,4775.1,11,-18,52.6,36.3,Yes,Yes,41.8,-0.5,ELECTRNCS,-1.1,NA,No,53,524.1,No,No,No,83.6,-14.5,NA,25.2,58,2026-07-31,NVEC,30,12,5,0,15,10,10,82,110.66666666666667,55,TRUE,TRUE,Earnings Accelerator,CANSLIM Growth,46.2,Improving
4843,OKTA,Okta Inc. Cl A,NA,1.9,2.2,1.9,153.93,2.5,2.6,1,0,722.8,7573550,NA,0,B,No,Yes,No,No,No,0.09,12,0,1.36,28.79,0,0,85,391.18,36,8.7,6.19,5.57,NA,11.7,11.8,25,15,No,Yes,21,14.5,17.5,20.5,15,-,80,17,4,No,No,64.1,141.93,Computer Sftwr-Security,NA,0,131,No,7.55,0.9,No,39,40,-12.6,4.6,0,157,74,7,57,3.54,Yes,0,1.08,-9.6,96,93,97,1.54,484894,24406,5.47,166119.9,50.2,-31.6,4,92.7,NA,68,NA,86,2,B,6.7,10,11,12,-0.3,-1.8,36,2919,76,11,25,NA,11.4,3923,No,1.51,6,2611,NA,No,1642,NA,No,No,No,7.87,0,No,6,1.5,15,12,NASDAQ,No,98,Yes,3.61,-,100,165178.4,22,26,10.6,11.5,Yes,No,46.5,1.9,SOFTWARE,2.5,NA,No,68,21664,No,No,No,45.1,-47.1,NA,3.5,9.7,2026-07-31,OKTA,5,0,5,0,15,10,10,45,115.33333333333333,35,FALSE,FALSE,Other,Momentum Leader,62.1,Strong
3495,AAMI,Acadian Asset Management Inc.,NA,2.7,2.7,1.9,88.3,6.9,1.8,2,0,1048.7,978433,06/12/2026,0,D-,No,Yes,No,No,Yes,2.11,11.6,0.5,2.17,16.27,1.34,1.39,59,114.02,15,23.8,4.16,4.37,NA,22.6,24.4,2,17,Yes,Yes,50.6,41.2,38.1,38.9,62,14,44,25,185,Yes,No,84,86.49,Finance-Investment Mgmt,NA,0,114,Yes,3.42,279.9,Yes,113,19,-27.6,2.8,0,88.3,84,75,46,4.46,Yes,34,3.03,-2.05,96,96,96,1.12,38847,2991.1,4.02,35629,42.7,-7.3,20.9,28.4,NA,56.1,NA,97,70,D,26.7,64,21,9.6,2.2,5.1,17,549.1,55,47,18,NA,42.1,516,Yes,2.54,66,566,NA,No,429,NA,No,No,No,4.71,0,Yes,108,0.9,14,17,New York Stock Exchange,Yes,98,Yes,38.59,-,100,35420.3,2,29,61,28.7,Yes,Yes,32.9,7,FINANCE,6.9,NA,No,54,3128.1,No,No,No,107,10.1,NA,198.5,14.2,2026-07-31,AAMI,32,12,10,0,15,10,10,89,103,45,TRUE,TRUE,Momentum Leader,CANSLIM Growth,52.3,Improving
4477,MSBI,Midland States Bancorp Inc.,NA,4.3,4.8,5.1,34.35,4.4,0.4,1,10,531.1,826511,05/15/2026,0,A+,No,No,No,No,No,-0.08,7.1,4,0.07,5.85,0,0,64,83,10,-25.4,2.86,3.05,NA,8.7,7.6,3,2,No,No,44.4,68.9,34.8,51.8,74,-,-,-,-5,No,No,59,33.67,Banks-Regional,NA,3.7,53,No,0.94,59.2,No,269,22,6.9,4.4,0,34.35,56,30,39,1.56,No,0,1.17,-1.99,96,94,94,0.73,5326,689.9,3.15,20729.8,42.5,1.7,8.1,29.5,NA,47.4,NA,65,20,A+,4.9,154,2,11.7,4.1,6.6,6,325.8,-135,2,-485,NA,4,178,Yes,0.39,270,176,NA,No,237,NA,No,No,No,2.1,0,Yes,86,2,30,-19,NASDAQ,No,96,Yes,1.22,-,98,18879.9,90,-68,58.1,7,Yes,No,31.2,1.3,BANKS,4.4,NA,No,38,1011,No,No,No,98.5,27.5,NA,-19.6,17.4,2026-07-31,MSBI,20,15,7,0,15,10,10,77,104.66666666666667,15,TRUE,FALSE,Momentum Leader,CANSLIM Growth,65.9,Leading
4815,ODC,Oil-Dri Corp. of America,NA,4.4,4,3.8,103.33,0.4,0,0,0,57.3,404690,08/07/2026,0.22,C-,No,No,No,No,Yes,0.41,24.8,0.9,3.28,20.88,0.46,0.47,71,98.1,0,13.6,4.05,3.69,NA,4.5,3.6,11,7,Yes,Yes,28.1,5.1,14,28,16,55,23,7,17,Yes,No,102.7,99.21,Consumer - Specialty,NA,0,84,No,3.66,17.3,Yes,22,26,-6.7,4.1,0,107,125,92,59,3.86,Yes,44,1.18,-7.28,96,81,91,0.43,11097,1316.8,3.65,10254.4,42.1,-45.8,-2.9,36,NA,63.8,NA,83,91,C-,0,0,0,6,0.3,-2.1,15,485.6,34,9,34,NA,5,120,No,1.16,0,64,NA,No,253,NA,No,No,No,2.08,0,No,24,1.3,-2,11,New York Stock Exchange,No,94,Yes,4.67,Yes,96,9756.8,-6,41,10.7,1.4,Yes,Yes,33.5,4.1,CONSUMER,0.4,NA,No,56,1326.4,No,No,No,75.9,-29.1,NA,21.9,11,2026-07-31,ODC,10,0,5,0,15,10,10,50,101.33333333333333,55,FALSE,FALSE,Other,Momentum Leader,48.4,Improving
4470,MRVL,Marvell Technology Inc.,NA,1,0.7,0.7,214.92,-3.4,0,0,0,8214,32479302,07/10/2026,0,D,No,No,No,No,No,1.4,89.5,0.1,3.28,93.19,5.11,5.16,91,255.99,41,37.2,10.02,8.72,NA,41.5,36,16,17,No,Yes,75.2,46.4,65.6,84.2,15,12,24,54,18,No,No,120.7,187.56,Elec-Semicondctor Fablss,NA,0,83,Yes,20.8,29.5,Yes,45,62,-3.9,3.7,0,329.88,29,36,119,3.03,Yes,24,2.32,-43.14,96,50,90,2.36,11705579,160528,8.52,875766.4,36.7,-37.5,-37,13.6,NA,137.7,NA,93,43,D,0.2,43,54,-23.3,-4.6,-15.8,56,8194.6,4,28,81,NA,24.8,45853,No,4.26,38,26835,NA,No,3268,NA,No,No,No,18.84,0,No,29,1.5,33,42,NASDAQ,No,84,Yes,9.02,-,94,869023.5,77,123,31.2,28.8,Yes,Yes,22.6,14.8,CHIPS,-3.4,NA,No,53,145496.2,No,No,No,133.4,-49.8,NA,19.3,1.4,2026-07-31,MRVL,22,12,5,0,15,10,10,74,78.66666666666667,50,FALSE,FALSE,CANSLIM Growth,CANSLIM Growth,32.9,Weak
3908,ATI,ATI Inc.,NA,2,2,2.1,204.3,-5.2,1,1,1,2405.6,3736256,NA,0,E,No,No,No,No,Yes,1.06,38,0,2.67,43.27,1.33,1.33,89,238.46,41,11.4,4.25,4.24,NA,4.4,3,13,5,No,Yes,32.5,32.8,30.4,34.3,51,40,19,30,22,No,No,63.3,187.44,Aerospace/Defense,NA,1,36,No,8.14,101.4,Yes,97,53,3,2.8,0,205.31,112,91,43,3.52,Yes,24,3.05,-8.7,96,69,89,1.26,316532,24824,4.62,136470.4,27.9,-32.7,-4.9,20.6,NA,55.8,NA,94,87,E,14,37,22,-2,-4.6,-4.2,20,4587.4,-4,1,32,NA,0.5,1708,Yes,5.54,40,1157,NA,No,936,NA,No,No,No,5.57,0,No,39,1.3,18,5,New York Stock Exchange,No,85,Yes,14.45,-,93,135047.7,42,23,28.3,2.7,Yes,Yes,15.6,6.7,AEROSPACE/DEFENSE,-5.2,NA,No,63,26267,No,No,No,143.6,1.5,NA,22.1,10.3,2026-07-31,ATI,15,12,5,0,15,10,10,67,89.66666666666667,40,TRUE,FALSE,Momentum Leader,CANSLIM Growth,39.2,Weak
5049,TRVG,trivago N.V. ADR,NA,0.2,0.3,0.2,5.78,-3.3,0,0,0,291.9,24381,NA,0,B+,No,No,No,No,Yes,0.3,5.3,0,1.91,43.28,22.84,22.84,99,107.1,342,1.5,7.4,6.76,NA,27.3,27.1,15,5,No,No,62.6,158.4,109.5,89.7,11,15,79,262,6,No,No,82.1,5.28,Leisure-Travel Booking,NA,0,124,No,0.35,15.9,No,17,343,-16.3,0.1,0,5.78,120,86,81,0.02,No,0,-1.31,-8.65,96,86,84,0.85,469,2664.7,6.54,23124.3,58.9,-77.6,-3.5,86.6,NA,84.6,NA,49,56,B,-84.1,-44,111,14.2,-1.8,-1.1,-,657.2,83,19,149,NA,32.2,97,Yes,-0.07,81,22,NA,No,15,NA,Yes,No,No,0.18,0,No,3,1.6,361,24,NASDAQ,No,95,Yes,10.95,-,93,22931.8,111,-37,182.2,27.9,No,No,53.8,7.1,LEISURE,-3.3,NA,No,21,0.8,No,No,No,33.7,-52.1,NA,5.6,-5.1,2026-07-31,TRVG,5,15,5,0,15,10,10,60,108.66666666666667,20,FALSE,FALSE,CANSLIM Growth,CANSLIM Growth,52.1,Improving
4149,LILA,Liberty Latin America Ltd. Cl A,NA,2.4,1.6,1.2,8.57,8.4,2.6,1,0,882.9,904575,NA,0,A,No,No,No,No,Yes,36.96,31.9,0,1.11,2.02,0,0,11,0,476,-14.7,5.28,5.94,NA,-0.2,0,-1,-2,No,No,-451.3,99.6,49.5,-527.1,18,-,-,-,-73,No,No,62.4,8.15,Telecom Svcs- Foreign,NA,0,90,No,0.4,1535.2,No,38,0,-22.9,2.9,0,8.57,51,106,48,-0.35,No,0,0.62,-4.9,96,97,81,0.99,5566,1611.5,4.37,37800,43,-97.3,4,47.8,NA,55.5,NA,68,116,A,-503.3,89,409,26.4,6,6.9,11,4442,-58544,0,31,NA,0.4,789,Yes,0.05,99,512,NA,No,235,NA,No,No,No,0.07,0,No,83,2.4,95,0,NASDAQ,No,98,Yes,3.03,Yes,95,30803.5,121,-101,88.8,1,Yes,No,42.3,2.2,TELECOM,8.4,NA,No,57,9729.8,No,No,No,70.2,-9.6,NA,-72.9,-2.1,2026-07-31,LILA,20,15,5,0,15,10,10,75,106.33333333333333,15,FALSE,FALSE,CANSLIM Growth,CANSLIM Growth,41.8,Weak
5144,UMAC,Unusual Machines Inc.,NA,1,1.2,1.4,21.75,9.3,6.1,2,0,61.9,9025737,NA,0,E,No,No,No,No,Yes,0.01,-7.9,0,128.23,-25.99,0,0,6,0,0,-171.7,13.75,11.36,NA,152.3,132.9,0,291,Yes,No,-108.4,135.9,76.9,58.5,31,-,-55,162,-20,No,No,66.1,21.16,Leisure-Products,NA,0,69,No,2.3,0.8,Yes,33,0,18.6,20.8,0,34.36,62,48,28,-0.35,No,0,3.17,-38.42,96,85,81,2.53,150410,980.3,11.55,47793.9,32,-52,-5.1,45,NA,52.8,NA,69,34,D,327.1,60,-84,-4.8,8.6,4.4,6,11.2,-433,296,81,NA,220.7,6283,No,0.65,50,2989,NA,No,122,NA,No,No,No,58.61,0,No,200,1.7,91,101,NYSE American,No,92,Yes,3.05,-,102,43366.1,117,-100,145.5,160.3,Yes,Yes,20.5,45.2,LEISURE,9.3,NA,No,44,685.1,No,No,No,129,-45.5,NA,-20.2,127,2026-07-31,UMAC,35,15,5,0,15,10,10,90,97.33333333333333,35,TRUE,TRUE,CANSLIM Growth,CANSLIM Growth,52.1,Improving
3617,AGEN,Agenus Inc.,NA,5.2,7.1,1.5,7.99,25.4,0,0,2,1308.2,7057525,NA,0,C+,No,No,No,No,No,-1.19,-4.5,0,0.38,-2.89,0.2,0.2,4,18.13,0,-2.7,11.27,14.29,NA,16.6,24.3,-7,0,Yes,Yes,103.9,158.5,134,120.4,1,17,62,286,0,No,No,138.9,7.5,Medical - Profitable Biotech,NA,3.8,40,No,0.59,0,Yes,52,3,-78.3,17.4,0,8.7,102,79,158,2.21,Yes,0,-5.18,-13.79,96,99,80,1.75,28166,354,17.59,44752.3,111.5,-67,145.1,91.8,NA,164.1,NA,58,84,B+,-50.1,22,-113,105.1,37.3,65.2,96,114.2,23,40,107,NA,33.7,4820,Yes,-0.41,105,1574,NA,No,69,NA,No,No,No,2.71,0,No,202,5.6,111,10,NASDAQ,No,99,No,-1.31,-,94,39127.7,163,60,156.3,29.2,Yes,Yes,117.7,40.8,MEDICAL,25.4,NA,No,16,685.9,No,No,No,35.9,-62.6,NA,0,116.3,2026-07-31,AGEN,32,15,5,0,15,7,10,84,111.66666666666667,15,TRUE,TRUE,CANSLIM Growth,CANSLIM Growth,50.1,Improving
5471,XNCR,Xencor Inc.,NA,15.2,14,12.9,21.76,4,2.4,13,4,464.6,10842171,NA,0,A+,No,No,No,No,Yes,0.34,-3.4,0,6.57,-11.1,0,0,87,0,0,-71.4,6.51,7.48,NA,55.2,30.1,-13,-2,No,No,2.9,5,19.2,23.5,261,-39,2,50,-14,No,No,32,20.21,Medical - Development Biotech,NA,0.7,29,No,1.21,28.1,No,549,0,-8.1,15.5,0,21.76,53,29,67,-2.29,No,0,-5.96,-7.12,96,98,78,1.2,14312,1593.3,7.6,74141.6,56.5,42.8,25.5,69.4,NA,67.2,NA,30,30,A+,-106.4,-209,17,49.7,13.4,25.4,87,125.6,-72,-86,65,NA,-66.4,944,Yes,-1.28,-96,1319,NA,No,344,NA,No,No,No,15.39,0,No,-159,1.5,85,14,NASDAQ,No,98,No,2.9,Yes,93,69775.8,89,62,-36.8,-12.2,No,No,62.6,-1.7,MEDICAL,4,NA,No,70,1088,No,No,No,142.9,12.8,NA,-14,-2854.7,2026-07-31,XNCR,0,0,5,5,15,10,10,45,110.66666666666667,20,FALSE,FALSE,Other,Momentum Leader,50.1,Improving
4983,PBT,Permian Basin Royalty Trust,NA,1,0.9,0.9,30.99,1.3,0,0,0,31.9,139629,07/31/2026,0,C-,No,No,No,No,No,0,0,1.1,3.21,0,7.16,7.81,95,373.59,0,88.7,5.08,4.4,NA,-28.3,-23,12,-32,No,Yes,-37.9,-9,-24.6,-30.3,2,12,-34,-33,-1657,No,No,74.4,29.61,Oil&Gas-Royalty Trust,NA,0,44,No,1.18,0,Yes,13,94,-8.5,0.3,0,32.25,48,64,54,0.32,Yes,81,-0.39,-8.19,96,86,77,0.57,3405,1387.5,4.57,46608.8,37.5,49.3,18.3,31.9,NA,62.2,NA,48,72,E,0,0,0,7.6,4,8.7,9,16.1,-9,16,-44,NA,-6.8,124,No,-0.12,0,179,NA,No,13,NA,No,No,No,83.01,0,No,17,1,-29,-41,New York Stock Exchange,No,92,Yes,8508.62,-,96,41940.6,-15,-72,-6.1,-9.1,Yes,Yes,30.3,0,ENERGY,1.3,NA,No,7,1356.5,No,No,No,121.1,37.4,NA,8747,84.8,2026-07-31,PBT,15,0,5,5,15,5,10,55,98.33333333333333,45,FALSE,FALSE,CANSLIM Growth,CANSLIM Growth,47.5,Improving
3688,ALKS,Alkermes PLC,NA,8.8,7.4,6.3,53.88,-7.4,0,0,2,1308.2,15017743,NA,0,A,No,No,No,No,No,0.75,45.1,0,2.3,15.87,2.35,2.35,94,494.76,0,19.7,3.98,4.07,NA,9.3,12.2,9,0,No,Yes,-78.4,-140.8,-106.9,-86.4,14,36,6,-79,15,No,No,75.1,48.99,Medical - Profitable Biotech,NA,3.8,40,No,2.08,85.1,No,52,85,-15.4,9.2,0,55.67,102,79,37,0.58,Yes,82,-2.08,-12,96,76,74,0.61,107358,8393.2,3.65,167763.3,41.6,-25.7,-6.5,45.3,NA,44.6,NA,35,84,C+,117.8,-133,242,5.9,-3.6,-4.8,10,1475.9,101,27,-51,NA,27.6,2257,No,-1.04,-106,1624,NA,No,709,NA,No,No,No,4.93,0,No,-99,1.4,-251,-5,NASDAQ,No,91,Yes,4.54,-,91,164050.2,-72,-5,-175.1,14.9,No,No,34.9,-2.5,MEDICAL,-7.4,NA,No,79,7143.8,No,No,No,84.9,-0.7,NA,14.7,0.1,2026-07-31,ALKS,7,0,5,0,15,10,10,47,94,20,FALSE,TRUE,Other,Momentum Leader,50.1,Improving
5300,VSH,Vishay Intertechnology Inc.,NA,2.8,2.2,1.9,41.99,-10.4,0,0,0,503.9,15437522,06/18/2026,0,D,No,No,No,No,Yes,0.88,-35.1,1.1,2.64,25.2,0,0,100,8399.51,32,0.8,10.19,9.81,NA,7.1,9.9,-1,-6,Yes,No,-5.5,106.9,44.9,13.2,12,-32,-100,-226,5,Yes,No,136.2,34.22,Electronic-Parts,NA,0,45,No,4.61,51.8,Yes,23,1141,-12.6,11,0,69.47,23,26,61,0.03,No,0,1.27,-50.74,96,42,73,1.57,397984,5182.6,9.37,139030.8,27.1,-35.1,-36.4,18.1,NA,69.8,NA,64,14,D-,114.3,1636,114,-31.4,-8.7,-17.9,-,3069,-80,17,-110,NA,14.7,7810,No,0.43,312,4533,NA,No,480,NA,No,No,No,1.49,0,No,267,1,104,4,New York Stock Exchange,No,76,Yes,2.24,-,88,139867.1,-50,-141,185.4,12.3,Yes,Yes,11.2,13.7,ELECTRNCS,-10.4,NA,No,64,5153.2,No,No,No,108.8,-25.9,NA,-0.4,0.8,2026-07-31,VSH,30,15,5,0,15,10,10,85,75.33333333333333,25,TRUE,FALSE,CANSLIM Growth,CANSLIM Growth,46.2,Improving
4710,NRIX,Nurix Therapeutics Inc.,NA,11.4,8.3,8,24.64,-0.7,2.4,13,4,464.6,17979165,NA,0,A,No,No,No,No,Yes,0.13,-5.2,0,6.34,-8.06,0,0,36,0,0,-314,6.57,5.83,NA,16.7,-45.2,21,-4,No,No,-16.4,-27.7,-34.2,-22,253,-,-,-,-50,No,No,22.4,23.21,Medical - Development Biotech,NA,0.7,29,No,1.29,13.6,No,549,0,-3.8,18.3,0,25.09,53,29,27,-3.45,Yes,0,-1.57,-7.47,96,87,66,1.56,42441,2447.2,5.11,103781.7,39.1,-63.7,-4.3,39,NA,40.5,NA,11,30,A-,-12.1,10,27,17.5,0.6,-0.3,36,84,-9,-79,-6,NA,-72.8,2271,No,-0.37,40,762,NA,No,349,NA,No,No,No,65.52,0,No,-56,3.1,-18,54,NASDAQ,No,92,Yes,5.98,-,94,98276.6,-9,-54,-36.8,-47.8,No,No,32.3,2.3,MEDICAL,-0.7,NA,No,68,1912,No,No,No,106.1,-57.8,NA,-49.6,-990.1,2026-07-31,NRIX,0,0,5,0,15,10,10,40,98,25,FALSE,FALSE,Other,Momentum Leader,50.1,Improving
5385,WKC,World Kinect Corp.,NA,7.5,6.9,6.9,41.2,4.5,0,0,2,387.8,6500204,06/30/2026,0,A,No,Yes,No,No,No,2.84,-515.4,2.4,1.06,8.98,0.8,0.92,39,0,14,-2,2.95,3.19,NA,3.4,8.7,3,-10,Yes,Yes,22.6,41.1,27.6,26.7,10,15,7,18,-27,Yes,No,70.1,39.86,Oil&Gas-Refining/Mktg,NA,7.4,49,No,1.12,58.6,Yes,27,14,0.7,13.2,0,41.2,18,3,42,2.88,Yes,13,0.33,-3.25,95,98,98,0.76,39190,2032.3,3.3,51151.6,47.3,-26.1,21,47.8,NA,48.1,NA,93,1,A+,72,88,-29,21.3,5.5,10.5,39,36916.6,12,50,-12,NA,26.4,1157,Yes,0.13,77,1184,NA,No,432,NA,No,No,No,0.05,0,Yes,119,1.8,56,-13,New York Stock Exchange,No,98,Yes,1.62,Yes,98,49045.2,-52,-13,87.4,15.1,Yes,Yes,43.2,-4.4,ENERGY,4.5,NA,Yes,72,2723.4,No,No,No,46.2,52.9,NA,-37.8,0.4,2026-07-31,WKC,32,12,7,0,15,10,10,86,112,25,TRUE,TRUE,Momentum Leader,CANSLIM Growth,47.5,Improving
4599,NEO,NeoGenomics Inc.,NA,4.3,4.5,5.6,16.17,10.1,1.7,1,2,229.3,13764655,NA,0,B+,No,No,No,No,Yes,1.46,-300.7,0,3.6,374.51,0,0,95,0,56,-15.2,5.84,5.92,NA,11,11.2,11,11,Yes,Yes,50.9,73.6,45.2,36.1,40,-,-,26,-12,No,No,30,15.29,Medical-Services,NA,3.4,88,No,0.8,56.4,Yes,59,102,25.9,10.8,0,16.17,96,13,21,0.15,Yes,0,-3.72,-5.44,95,97,94,1.58,38379,2040.2,5.7,128475.4,47.4,-1.1,4.8,65.1,NA,26.8,NA,70,8,A+,49.1,52,85,28.9,11.8,10.3,8,727.3,192,11,9,NA,11.2,2971,No,-0.59,79,2860,NA,No,381,NA,No,No,No,2.56,0,Yes,67,1.9,104,10,NASDAQ,Yes,96,No,2.49,-,95,126073.4,50,-40,85.4,11,Yes,No,47.6,-0.3,MEDICAL,10.1,NA,No,70,2211.7,No,No,No,215.9,31.5,NA,-12.4,1.1,2026-07-31,NEO,25,15,10,0,15,10,10,85,115.33333333333333,25,FALSE,FALSE,CANSLIM Growth,CANSLIM Growth,50.1,Improving
4052,KRT,Karat Packaging Inc.,NA,3.3,2.7,2.4,42.09,1.8,5,1,0,137.1,284839,05/21/2026,0,A+,No,No,No,No,Yes,0.64,21.1,4.5,2.29,24.01,1.34,1.77,70,96.81,22,9.2,3.37,3.4,NA,11.1,11.8,6,6,No,Yes,3.1,-0.3,3.8,-0.4,15,14,0,1,-2,No,No,78.3,40.24,Containers/Packaging,NA,0,78,No,1.19,34.9,No,20,25,-12.5,3.3,0,42.09,117,38,61,1.62,Yes,17,0.02,-4.4,95,97,94,0.79,4126,803.1,3.48,19963.7,49.7,17,20.3,40.3,NA,64.4,NA,61,51,A+,10.2,12,24,25.3,2.4,9.6,22,467.7,-10,13,-2,NA,13.3,122,Yes,0.01,-18,142,NA,No,199,NA,No,No,No,1.67,0,Yes,3,2.9,17,11,NASDAQ,No,98,Yes,5.45,-,96,8526.8,-21,16,10.1,12.3,Yes,Yes,43,8.2,MISC,1.8,NA,No,42,852.3,No,No,No,47.8,-4.5,NA,20.6,5.8,2026-07-31,KRT,5,0,7,0,15,10,10,47,110.33333333333333,45,FALSE,FALSE,Momentum Leader,Momentum Leader,56.9,Strong
5316,VVX,V2X Inc.,NA,1.7,2,1.9,91.19,8,1,1,1,2405.6,1199822,NA,0,D,No,Yes,No,No,No,5.39,22.5,0,1.25,15.78,7.79,7.79,47,120.57,15,2.3,4.25,4.72,NA,7.5,9.3,28,8,No,Yes,26.3,26.5,35,29.7,24,2,13,27,7,Yes,No,65.4,90.24,Aerospace/Defense,NA,1,36,Yes,3.73,96.1,Yes,97,16,-2.5,3.9,0,91.8,112,91,20,5.79,Yes,14,4.02,-1.7,95,95,93,0.78,53422,2716.2,4.18,31310.5,28.6,17,21,33.1,NA,31.1,NA,88,87,B,23.1,16,11,8.9,6.1,10.9,93,4480,16,23,21,NA,14.4,663,No,3.49,8,717,NA,No,491,NA,No,No,No,0.6,0,Yes,56,1.3,17,4,New York Stock Exchange,No,94,Yes,2.56,-,99,30610.3,6,60,36.7,12.2,Yes,Yes,21.7,-0.4,AEROSPACE/DEFENSE,8,NA,No,58,3472.8,No,No,No,90.5,44.4,NA,7.4,1.5,2026-07-31,VVX,25,12,7,0,15,10,10,79,106.33333333333333,20,TRUE,TRUE,Earnings Accelerator,CANSLIM Growth,39.2,Weak
5089,TWLO,Twilio Inc. Cl A,NA,1.9,1.6,1.6,212.79,3.1,0.9,1,4,4899,4212905,NA,0,D+,No,No,No,No,Yes,0.38,20.6,0,4.66,31.43,0.61,0.61,83,1160.84,34,1.1,5.46,5,NA,14.9,15.6,17,10,No,Yes,30.4,29,31,33.3,89,61,100,30,0,No,No,38.7,197.35,Comp Sftwr - Enterprise,NA,3.5,134,No,10.02,13.3,Yes,114,37,5.5,2.8,0,238.48,109,117,48,5.27,Yes,31,3.36,-17.25,95,65,92,1.67,453979,28979.7,4.91,151773.9,28.3,-35.7,-4.4,33.3,NA,63.8,NA,94,39,C-,18,17,16,-5.3,-2.2,-6.6,21,5067.2,50,20,33,NA,17.2,2242,No,6.41,11,1561,NA,No,1875,NA,No,No,No,5.65,0,No,32,1,33,14,New York Stock Exchange,No,87,Yes,3.86,Yes,99,151228.4,23,37,32.3,16.3,Yes,No,21.5,7.8,SOFTWARE,3.1,NA,No,60,27182.5,No,No,No,53,-38.3,NA,0.4,6.4,2026-07-31,TWLO,20,12,5,0,15,10,10,72,94,40,TRUE,FALSE,CANSLIM Growth,CANSLIM Growth,62.1,Strong
3896,ASX,ASE Technology Holding Co. Ltd. ADR,NA,1.1,1.7,0.8,40.81,-4.5,0,0,0,3498.2,9531995,07/06/2026,0,E,No,No,No,No,No,5.17,-139.5,0.8,1.15,18.06,0,0,86,203.56,26,7.8,7.02,7.38,NA,15.4,14.7,0,5,No,No,57.6,94.6,74.9,61.3,4,-11,9,72,6,Yes,No,118.4,35.17,Elec-Semiconductor Mfg,NA,0,14,Yes,2.92,59.5,No,33,42,-51.4,0.4,0,45.52,5,46,69,0.84,No,34,1.15,-22.73,95,48,90,1.52,441279,68390.3,7.29,2235286.1,39.6,-23,-22.1,12,NA,85.3,NA,94,40,E,18.7,100,50,-9.6,-6.8,-12.4,46,20373.4,0,16,23,NA,17.6,11514,No,0.4,95,8767,NA,No,174,NA,Yes,No,No,3.5,0,No,149,0.9,78,12,New York Stock Exchange,No,83,Yes,7.04,-,93,2198704.6,56,16,113.8,16.3,Yes,Yes,22.3,6.1,CHIPS,-4.5,NA,No,2,81654.5,No,No,No,270.2,4.6,NA,12.5,11,2026-07-31,ASX,30,15,5,0,15,0,10,75,77.66666666666667,35,TRUE,FALSE,CANSLIM Growth,CANSLIM Growth,32.9,Weak
4434,MOG.A,Moog Inc. Cl A,NA,3.2,2.8,2.7,426.68,-4.9,1,1,1,2405.6,813596,05/12/2026,0,D,No,No,No,No,No,0.85,33.5,0.3,1.68,45.8,1.51,1.53,83,161.69,35,8.1,3.98,4,NA,14,15.7,9,9,No,Yes,28.7,47.4,40.2,37,32,25,23,40,11,No,No,60.1,389.85,Aerospace/Defense,NA,1,36,No,16.2,44.1,Yes,97,38,-5,2.9,0,430.51,112,91,39,11.55,Yes,27,-7.01,-9.45,95,65,90,1,125823,13218.8,4.1,28439.1,38.6,115.2,-8,29.4,NA,27.7,NA,95,87,E,39.8,23,9,8.2,4.2,3.3,48,3861,27,15,11,NA,13.7,327,Yes,-29.4,7,670,NA,No,669,NA,No,No,Yes,2.66,0,No,57,1.6,38,7,New York Stock Exchange,No,79,Yes,6.03,-,91,27882.9,48,19,47.2,16.1,Yes,Yes,26.6,4.7,AEROSPACE/DEFENSE,-4.9,NA,No,60,13433.9,Yes,Yes,Yes,101.4,63.1,NA,12.2,13.6,2026-07-31,MOG.A,25,12,5,10,15,10,10,87,90.33333333333333,35,TRUE,FALSE,Momentum Leader,CANSLIM Growth,39.2,Weak
5243,VIK,Viking Holdings Ltd.,NA,2.3,2.8,2.4,105.86,3.6,1.6,1,1,478.4,7459416,NA,0,D+,No,No,No,No,Yes,-3.05,30.9,0,0.78,20,0,0,83,150.77,30,18,3.48,3.33,NA,21.5,20.7,0,0,No,Yes,97.8,46,76.4,77.1,24,-,-,81,263,Yes,No,46.1,104.35,Leisure-Services,NA,1.6,122,No,3.33,527.2,No,62,38,-15.7,3.6,0,105.86,122,96,34,2.75,No,0,-0.1,-1.43,95,92,90,1.61,262151,46601.1,3.13,318386,34.9,-29.9,-0.3,27.4,NA,44.6,NA,59,74,B,1.9,28,32,9.1,4.2,4.3,30,6501.4,291,17,40,NA,22.6,2712,Yes,-0.1,27,2028,NA,No,773,NA,No,No,No,4.99,0,Yes,54,1.2,49,22,New York Stock Exchange,Yes,95,Yes,43.1,-,99,206737.9,35,168,51.5,21.4,Yes,No,27.1,8.9,LEISURE,3.6,NA,Yes,62,47739.4,No,No,No,77.7,-23,NA,263.5,-5.2,2026-07-31,VIK,25,12,10,0,15,10,10,82,99.33333333333333,20,TRUE,FALSE,Momentum Leader,CANSLIM Growth,52.1,Improving
5088,TWIN,Twin Disc Inc.,NA,1,2.9,3.4,24.2,-1.8,0,0,0,57.6,454771,05/18/2026,0,E,No,No,No,No,Yes,0.43,349.7,0.7,2.09,13.18,0.24,0.24,33,47.6,36,0.5,5.91,5.79,NA,10.6,10.9,11,10,No,Yes,422,921.4,670.8,508.5,6,51,9,252,-1,No,No,36.8,22.81,Transportation-Equip Mfg,NA,0,37,No,1.3,31.9,Yes,9,12,15.7,3.6,0,24.5,43,1,28,1.84,Yes,0,0.09,-6.9,95,86,89,0.97,2974,328.7,5.57,14422.8,29.8,-55.7,-1.7,38.1,NA,32.7,NA,81,17,E,-8,1521,-65,10.1,-0.2,0.6,67,340.7,5,19,-118,NA,9.7,136,Yes,0.02,130,58,NA,No,127,NA,No,No,No,0.9,0,No,309,1.6,2375,15,NASDAQ,No,92,Yes,1.77,-,95,12699.4,80,-81,1341.9,9.7,Yes,Yes,24.9,13.4,TRANSPORTATION,-1.8,NA,No,41,360.2,No,No,No,163.7,-57.7,NA,-1.2,3.4,2026-07-31,TWIN,30,15,5,0,15,10,10,85,105,35,FALSE,FALSE,Momentum Leader,CANSLIM Growth,57.8,Strong
4435,MOG.B,Moog Inc. Cl B,NA,0.8,1.1,1.3,428.13,-1,2.1,2,5,2389.5,462,05/12/2026,0,E,No,No,No,No,No,0.85,34,0.3,1.68,46.93,1.55,1.57,83,185.2,36,8.1,2.84,1.92,NA,14,15.7,9,9,No,Yes,28.7,47.4,40.2,37,32,25,23,40,11,No,No,60.9,399.47,Aerospace/Defense,NA,5.2,36,No,7.92,44.1,Yes,96,39,19.8,0.1,0,430.54,112,91,39,11.55,Yes,27,-2.92,-7.22,95,76,88,0.81,89,13218.8,1.69,3243.5,40.6,-67.7,-6.5,27.4,NA,35.4,NA,95,87,E,39.8,23,9,10.6,6,5,50,3861,27,15,11,NA,13.7,0,No,-12.03,7,0,NA,No,4,NA,No,No,Yes,0.31,0,No,57,3.4,38,7,New York Stock Exchange,No,83,Yes,6.18,-,93,919.8,48,19,47.2,16.1,Yes,Yes,28.7,0,AEROSPACE/DEFENSE,-1,NA,No,8,13738.1,No,No,No,97.7,-74.2,NA,12.2,13.6,2026-07-31,MOG.B,25,12,5,0,15,5,10,72,96.33333333333333,35,TRUE,FALSE,CANSLIM Growth,CANSLIM Growth,39.2,Weak
4471,MRX,Marex Group Ltd.,NA,2.9,2.6,3.5,67.01,-1,0,0,0,791.2,3387315,05/18/2026,0,B-,No,No,No,No,Yes,0.92,0,0.9,1.08,7.4,0,0,41,58.45,12,11.3,5.05,5.25,NA,18.8,32,0,0,Yes,Yes,0,45.9,37.7,37.5,23,-,-,37,25,Yes,No,69.2,64.92,Financial Svcs-Specialty,NA,0,101,No,3.37,188.9,Yes,48,14,32.1,5.7,0,71.18,75,95,60,4.59,No,0,-1.52,-8.79,95,75,85,0.94,54224,4741.7,5.16,71930.9,45.1,-16.7,6.5,21.7,NA,64.4,NA,60,88,B+,7.1,36,13,8,3.2,1.8,41,2024.1,45,48,30,NA,42.9,888,No,-1,34,708,NA,No,329,NA,No,No,No,2.08,0,No,63,1.5,49,25,NASDAQ,No,94,Yes,3.67,-,98,59787.3,26,13,55.7,36.6,Yes,No,33.7,8.2,FINANCE,-1,NA,No,69,1237.7,No,No,No,68.3,-34.8,NA,27.4,7.8,2026-07-31,MRX,27,12,5,0,15,10,10,79,92,35,TRUE,TRUE,CANSLIM Growth,CANSLIM Growth,52.3,Improving
4268,MAMA,Mama's Creations Inc.,NA,7.1,5.9,5,18.63,3.9,5.3,1,0,111.4,3226656,NA,0,D,No,No,No,No,Yes,0.52,66.1,0,2.32,66.78,0,0,97,485.04,72,4,5.5,5.68,NA,40.5,46,33,24,No,Yes,48.6,30.6,22.9,58.3,10,-,-11,26,14,Yes,No,36.6,18.43,Food - Foodstuffs,NA,0,96,No,1.03,19.2,No,19,132,-14.1,8,0,21,73,70,14,0.14,Yes,0,0.99,-12.24,95,93,84,0.56,11235,848.6,4.84,46497.3,26.4,-52.4,3.2,29.9,NA,22.1,NA,63,92,C-,66.7,81,49,9.1,4.7,1.5,-,171.7,-47,49,44,NA,55.1,656,No,0.18,58,307,NA,No,217,NA,No,No,No,4.53,0,No,67,1.8,25,39,NASDAQ,No,88,Yes,13.55,-,99,40140.3,0,0,45.8,53.4,Yes,Yes,17.9,4.3,FOOD/BEV,3.9,NA,No,49,739.2,No,No,No,123.1,-46.4,NA,13.6,3.9,2026-07-31,MAMA,27,12,5,0,15,10,10,79,97.66666666666667,45,TRUE,FALSE,CANSLIM Growth,CANSLIM Growth,59.2,Strong
4922,OVCHY,Oversea-Chinese Banking Corp. Ltd. ADR,NA,0,0,0,46.46,0.7,0,0,3,2119.5,0,04/24/2026,0,A,No,No,No,No,-,0,0,2.5,0,10.72,0,0,56,110.61,0,24.2,1.17,1.14,NA,-1.3,-3.7,-5,-4,No,Yes,2.4,1.8,0.1,1.5,-,-,-,0,4,No,No,47.7,45.38,Banks-Foreign,NA,7.1,55,No,0.48,0,No,42,18,0,0,0,46.46,79,49,28,2.5,Yes,0,0.02,-2.32,95,95,84,0.08,1306,101888.6,1.39,2250718,35.3,110.8,18.4,31.9,NA,35.6,NA,24,35,A,0,0,0,14.5,1.1,5.9,18,25477.7,9,-4,0,NA,-4.4,33,Yes,0.01,0,62,NA,No,3,NA,Yes,No,No,5.14,0,Yes,5,1.9,5,2,US OTC,No,95,Yes,NA,-,98,0,-5,-5,5.4,-3.9,Yes,No,27.8,0,BANKS,0.7,NA,Yes,0,117447.3,Yes,No,No,74.5,-21.3,NA,12.6,29.1,2026-07-31,OVCHY,0,0,7,7,15,0,10,39,106.33333333333333,25,FALSE,FALSE,Pullback to 10SMA,Momentum Leader,65.9,Leading
4151,LILAK,Liberty Latin America Ltd. Cl C,NA,5.8,3.9,3.5,8.45,8.5,2.6,1,0,882.9,5145330,NA,0,B,No,No,No,No,Yes,36.96,32,0,1.11,2,0,0,11,0,46,-14.7,5.14,5.76,NA,-0.2,0,-1,-2,No,No,-451.3,99.6,49.5,-527.1,18,-,-,-,-73,No,No,59.3,8.07,Telecom Svcs- Foreign,NA,0,90,No,0.39,1535.2,No,38,0,-11.1,4.4,0,8.45,51,106,44,-0.35,No,0,1,-4.5,95,96,81,1.01,10976,1611.5,4.29,161100,39.7,-95.5,3.6,43,NA,52.7,NA,68,116,A,-423.9,98,1797,24.9,5.6,6.2,11,4442,-58544,0,31,NA,0.4,1581,Yes,0.08,108,1124,NA,No,343,NA,No,No,No,0.29,0,No,83,1.5,95,0,NASDAQ,No,97,Yes,3,Yes,96,116836.6,121,-101,88.8,1,Yes,No,39.1,-0.6,TELECOM,8.5,NA,No,60,9701.6,No,No,No,66.4,-23,NA,-72.9,-2.1,2026-07-31,LILAK,20,15,5,0,15,10,10,75,105.66666666666667,15,FALSE,FALSE,CANSLIM Growth,CANSLIM Growth,41.8,Weak
4600,NEOG,Neogen Corp.,NA,4.6,4.3,4.8,12.15,28.1,3.1,4,3,1077.5,10786299,NA,0,C,No,No,No,No,Yes,1.88,753.1,0,3.82,31.47,0,0,83,0,42,-1,4.43,4.74,NA,-3.1,-2.7,16,-1,No,No,-2290.9,162.7,163.7,-2669.1,76,-,-,-,0,No,No,72.2,12.04,Medical-Products,NA,2.4,109,No,0.45,37.9,Yes,127,38,11.7,5,0,12.15,142,103,6,0.32,No,0,4.42,-0.91,95,99,72,0.84,20977,2509.8,4.67,217673,33.8,74.2,33.9,28.1,NA,17.8,NA,40,90,A,58.8,-8,40,24.2,18.5,20,21,870.4,-12475,0,106,NA,-2.2,2274,Yes,0.51,25,3802,NA,No,384,NA,No,No,No,3.01,0,Yes,103,1.5,280,-3,NASDAQ,No,96,No,1.25,Yes,104,215790.6,105,167,191.6,-2.5,Yes,No,22.5,0,MEDICAL,28.1,NA,Yes,64,2829.7,No,No,No,158.9,29.7,NA,-0.4,-5,2026-07-31,NEOG,25,15,7,7,15,10,10,89,98.66666666666667,20,FALSE,FALSE,CANSLIM Growth,CANSLIM Growth,50.1,Improving
5140,ULCC,Frontier Group Holdings Inc.,NA,4.1,4.3,4.8,7.17,16.2,0,0,0,238.2,23746229,NA,0,D,No,No,No,No,No,-3.76,-48.5,0,0.58,-2.93,0,0,10,0,99,-3.6,7.52,7.05,NA,8.8,12.2,17,4,Yes,Yes,-167.1,3.3,-142.5,-178.3,9,46,-117,-167,-25,No,No,43.3,6.75,Transportation-Airline,NA,0,35,No,0.48,3150,Yes,20,0,13.5,24.3,0,8.4,123,47,33,-0.51,Yes,0,-3.3,-19.69,95,91,67,1.8,27833,1606.9,7.19,230215.8,41.8,-11.1,-14.7,86,NA,45.5,NA,34,28,C,78.7,34,200,9.5,14,4,10,3724,83,38,-373,NA,27.2,4412,No,-0.23,83,3893,NA,No,214,NA,No,No,No,0.37,0,No,68,1.2,-58,-1,NASDAQ,No,95,Yes,11.43,-,97,97775.7,0,-580,4.9,18,Yes,Yes,36.8,-4,TRANSPORTATION,16.2,NA,Yes,42,6285.6,No,No,No,54.1,6.2,NA,-25,-7,2026-07-31,ULCC,27,0,5,0,15,10,10,67,101.33333333333333,0,TRUE,TRUE,CANSLIM Growth,CANSLIM Growth,57.8,Strong
5532,ZNTL,Zentalis Pharmaceuticals Inc.,NA,2.1,5,5.5,5.58,9.5,2.4,13,4,464.6,6146782,NA,0,B-,No,No,No,No,No,0.16,0.1,0,6.19,-2.72,0,0,50,0,0,0,8.55,9.4,NA,0,0,51,20,No,Yes,-66.9,26.8,37.7,-85.6,247,15,34,55,-50,No,No,251.1,4.74,Medical - Development Biotech,NA,0.7,29,No,0.42,19,No,549,0,9.1,13.5,0,6.95,53,29,89,-1.74,Yes,0,-3.66,-31.8,95,83,67,1.75,5211,350.2,9.4,71186.4,69.5,-18.6,-2.3,18.2,NA,95.1,NA,45,30,B,-4.9,4,11,17.6,5.2,4.8,50,0,48,-100,18,NA,0,1186,Yes,-0.18,-32,941,NA,No,100,NA,No,No,No,7.18,0,No,25,1.6,21,-100,NASDAQ,No,96,Yes,1.85,-,93,45502.1,34,70,23,0,Yes,No,45.2,22,MEDICAL,9.5,NA,No,50,126.1,No,No,No,243.5,-30.3,NA,-49.5,0,2026-07-31,ZNTL,10,12,5,0,15,10,10,62,91.66666666666667,25,FALSE,FALSE,CANSLIM Growth,CANSLIM Growth,50.1,Improving
3649,AIP,Arteris Inc.,NA,2.4,2.6,2.3,34.49,-1.3,0,0,0,8214,2624941,NA,0,D,No,No,No,No,No,-0.65,-153,0,0.73,187.68,0,0,34,0,0,-43.2,8.2,8.66,NA,25.6,25.1,0,13,Yes,Yes,31.4,34.7,26,28.8,3,-,19,27,0,Yes,No,92.8,29.88,Elec-Semicondctor Fablss,NA,0,83,No,3.15,175.1,Yes,45,0,-9.1,7.2,0,50.26,29,36,80,-0.28,Yes,0,1.98,-40.55,95,37,65,2.02,36790,1352.8,9.38,46172,31.6,-39.7,-38.5,3.2,NA,99.1,NA,53,43,D-,56.6,69,223,-19.8,-5.6,-13.1,34,70.6,28,39,23,NA,34.4,967,No,0.58,62,574,NA,No,238,NA,No,No,Yes,17.92,0,No,67,0.9,50,22,NASDAQ,No,76,Yes,530.73,-,95,36371.7,-12,0,58.3,29.1,Yes,Yes,18.1,29.3,CHIPS,-1.3,NA,No,48,1304.1,No,No,No,203,-47.3,NA,0,-34.7,2026-07-31,AIP,27,12,5,0,15,10,10,79,65.66666666666667,0,TRUE,TRUE,CANSLIM Growth,CANSLIM Growth,32.9,Weak
5518,ZBIO,Zenas BioPharma Inc.,NA,20.6,17.6,15.5,34.05,3.5,2.4,13,4,464.6,12169907,NA,0,A,No,No,No,No,Yes,0.3,-3.4,0,11.94,-8.16,0,0,24,0,0,-3778.2,7.17,7.08,NA,0,0,0,0,No,No,-67.3,-89.2,-73.5,-61.2,377,-,-,-2,-136,No,No,-13.4,31.44,Medical - Development Biotech,NA,0.7,29,No,1.9,104.4,No,549,0,-12.1,35.1,0,44.6,53,29,48,-8.47,No,0,-2.57,-29.51,95,97,61,1.3,21027,2037.3,7.07,63133.4,25.7,-45.1,23.9,62.7,NA,71.1,NA,11,30,A,1,43,1,36.9,4.1,9.7,24,10,-379,-100,-126,NA,-100,858,Yes,-0.83,10,452,NA,No,252,NA,No,No,No,114.32,0,No,-82,1.4,-261,100,NASDAQ,No,95,No,5.84,-,94,34676.5,76,-26,-171.6,0,No,No,39.2,8.2,MEDICAL,3.5,NA,No,89,1699.6,No,No,No,100.1,-23.5,NA,-136.2,0,2026-07-31,ZBIO,0,0,5,0,15,10,10,40,104.33333333333333,10,FALSE,FALSE,Other,Momentum Leader,50.1,Improving
3726,AMCX,AMC Global Media Inc. Cl A,NA,14.2,12.8,12.6,11.66,14.4,5.6,3,1,552.8,6847847,NA,0,C-,No,No,No,No,Yes,3.01,6.8,0,1.76,2.1,0,0,55,61.27,3,6.4,4.93,4.85,NA,-4.5,-4.5,-7,-9,No,No,-67.5,-75.1,-76.4,-70,30,-36,-53,-73,10,No,No,17.6,11.2,Media,NA,1.9,119,No,0.49,190.9,No,54,18,-1.6,21.9,0,11.66,114,125,21,0.62,No,37,15.35,-3.95,95,97,55,1.14,5053,426.5,4.92,32443.3,13.4,541.4,12.2,31.9,NA,45.3,NA,12,99,B,-140.6,32,-24,-1.5,-5.5,-4.7,50,2311.8,-46,-9,-47,NA,-5.6,539,No,1.49,541,3210,NA,No,250,NA,No,No,No,0.16,0,Yes,-141,1.1,-85,-5,NASDAQ,Yes,98,Yes,0.51,-,106,31221.8,0,-80,-112.6,-4,No,No,12.3,-2.3,MEDIA,14.4,NA,No,61,1776.4,Yes,Yes,Yes,87,102,NA,9.7,-4,2026-07-31,AMCX,0,0,10,10,15,10,7,52,92.33333333333333,5,FALSE,FALSE,Other,Momentum Leader,46.5,Improving
4074,KYMR,Kymera Therapeutics Inc.,NA,19,12.4,11.7,119.83,-6.5,2.4,13,4,464.6,9900469,NA,0,C+,No,No,No,No,Yes,0.11,-31,0,10.81,-37.51,0,0,26,0,0,-794,5.56,6.23,NA,5.6,-21.8,-3,-8,No,No,-57.7,-3.8,-18.8,-18.8,366,-,-,-,-26,Yes,No,32.9,103.4,Medical - Development Biotech,NA,0.7,29,No,6.69,4.3,Yes,549,0,-6,13.6,0,130.05,53,29,38,-3.57,No,0,-3.37,-20.49,95,71,54,1.65,86937,8802.4,4.66,82257.6,31,-39.7,-9.8,27.5,NA,42.2,NA,23,30,D,19.4,6,-24,10.3,-3.3,-5.3,26,39.2,-18,55,-24,NA,-2.8,869,No,-3.61,25,512,NA,No,567,NA,No,No,No,165.23,0,No,13,1.4,-10,-17,NASDAQ,No,83,Yes,5.52,-,92,72985.4,-15,-64,1.6,-10.6,Yes,No,23.6,3.7,MEDICAL,-6.5,NA,No,84,7891.6,No,No,No,136.3,-48.1,NA,-25.8,-201.5,2026-07-31,KYMR,20,0,5,0,15,10,10,60,83.33333333333333,25,FALSE,TRUE,CANSLIM Growth,CANSLIM Growth,50.1,Improving
4201,LPG,Dorian LPG Ltd.,NA,3.2,3.4,3.1,47.44,4.6,0,0,2,22.2,2283744,NA,0,C,No,Yes,No,No,Yes,2.2,16.2,0,2.67,9.72,0.58,0.58,23,40.17,6,40.2,4.78,4.63,NA,25.7,43.7,9,-6,No,Yes,139.9,362.8,252.5,184.6,7,18,-27,141,18,No,No,94.8,47.42,Transport - Oil/Gas Shipping,NA,15.4,21,No,1.87,49.4,Yes,13,10,-7.3,6.2,0,48.12,9,18,49,4.58,Yes,73,2.55,-1.45,94,95,99,0.64,31447,1978.3,4.58,42782.7,38.4,-18.4,36.3,23,NA,60.6,NA,98,11,C+,33.6,60,-49,11.4,5.4,12.3,55,481.5,-70,102,100,NA,75.3,756,Yes,1.18,735,613,NA,No,406,NA,No,No,No,4.21,0,Yes,656,1,158,36,New York Stock Exchange,No,97,Yes,1.78,-,102,36649.3,274,-79,407.1,67.1,Yes,Yes,29.1,0.5,TRANSPORTATION,4.6,NA,No,55,2336.9,No,No,No,64.7,-11.3,NA,17.7,52.9,2026-07-31,LPG,35,15,7,0,12,10,10,89,106,45,TRUE,TRUE,Momentum Leader,CANSLIM Growth,57.8,Strong
3652,AIR,AAR Corp.,NA,3.4,3.6,3.3,142.92,8.5,1,1,1,2405.6,1416560,03/27/2020,0,E,No,Yes,No,No,Yes,0.94,90,0,2.84,55.9,1.16,1.16,74,110.87,24,7.4,4.38,4.6,NA,18,18.8,15,18,No,Yes,27.4,29.8,29.1,29.6,52,24,19,29,13,No,No,69.2,140.04,Aerospace/Defense,NA,1,36,No,6.26,58.4,No,97,28,-8.6,3.6,0,146.75,112,91,24,5.04,Yes,9,0.4,-4.57,94,87,93,1.12,60959,5564.2,4.87,39892.5,30.9,-43.1,-2,26.9,NA,32.2,NA,94,87,C-,10.5,14,14,9.6,3.7,2.5,66,3308,17,23,29,NA,23.8,471,No,0.56,23,263,NA,No,492,NA,No,No,No,1.69,0,Yes,32,1.6,26,19,New York Stock Exchange,No,92,Yes,3.28,-,99,38751,31,27,29.1,21.2,No,Yes,21.7,2.3,AEROSPACE/DEFENSE,8.5,NA,No,65,6468.4,No,No,No,87.4,-11.9,NA,12.9,5.5,2026-07-31,AIR,20,12,7,0,12,10,10,71,98.33333333333333,40,TRUE,TRUE,Earnings Accelerator,CANSLIM Growth,39.2,Weak
4141,LGND,Ligand Pharmaceuticals Inc.,NA,7.8,6.4,5.2,308.56,-4.3,0,0,2,1308.2,1918207,NA,0,C,No,Yes,No,No,Yes,0.52,29.6,0,21.28,118.22,1.64,1.64,80,152.69,29,59.3,3.91,4.35,NA,47.5,47.7,-5,17,No,Yes,27.8,49.8,41,34.9,47,21,21,49,13,No,No,52.1,287.54,Medical - Profitable Biotech,NA,3.8,40,Yes,12.8,45.2,No,52,34,-19.3,9.8,0,326.63,102,79,45,8.34,Yes,24,-2.95,-11.97,94,73,90,1.06,108690,5938,3.63,20041.1,35.2,-25.4,-9,25.3,NA,49.7,NA,93,84,D,-10.2,12,27,8.5,-0.8,-3.3,23,268.1,-6,14,42,NA,26.7,386,No,-8.75,15,272,NA,No,535,NA,No,No,No,20.99,0,No,23,1.9,59,60,NASDAQ,No,89,Yes,5.77,-,94,19545.5,68,14,40.8,58.8,Yes,Yes,30.1,3.3,MEDICAL,-4.3,NA,No,71,5490,No,No,No,118.5,-24.3,NA,13.5,-25.8,2026-07-31,LGND,15,12,5,0,12,10,10,64,92.66666666666667,40,FALSE,FALSE,CANSLIM Growth,CANSLIM Growth,50.1,Improving
4452,MPTI,M-tron Industries Inc.,NA,1.8,2,1.8,87.29,-1.4,1,1,1,2405.6,243549,NA,0,D,No,No,No,No,Yes,0,21.5,0,11.76,25.89,0,0,76,116.6,33,20.1,6.3,6.67,NA,12,11.6,0,18,Yes,Yes,393.3,12.3,5.2,5.3,82,-,57,4,18,No,No,54.8,82.38,Aerospace/Defense,NA,1,36,No,5.88,0.2,Yes,97,30,-13.6,6,0,104.85,112,91,24,2.75,Yes,0,-0.87,-21.43,94,61,90,1.46,17164,359.1,6.75,4321.4,23.1,79.7,-16.9,23.4,NA,26.3,NA,91,87,D-,6.9,-5,21,-5.7,3.4,-2,61,54.4,107,15,-1,NA,13.2,199,No,-0.72,3,357,NA,No,157,NA,No,No,No,6.32,0,No,23,1.1,36,11,NYSE American,No,78,Yes,4.02,-,96,4065.1,-22,-16,29.5,11.2,Yes,No,14.7,9.8,AEROSPACE/DEFENSE,-1.4,NA,No,29,317.2,No,No,No,87.3,121.3,NA,17.9,16.3,2026-07-31,MPTI,15,0,5,7,12,10,10,59,86.66666666666667,55,FALSE,FALSE,CANSLIM Growth,CANSLIM Growth,39.2,Weak
5126,UFCS,United Fire Group Inc.,NA,2.2,3,2,53.12,0.1,0,0,3,2447.1,311973,06/05/2026,0,D,No,No,No,No,No,-0.14,3.9,1.6,0.4,5.02,0.23,0.24,22,39.71,11,10.7,3.16,3.23,NA,10.1,10.2,7,11,Yes,Yes,279,57,389.2,316.3,17,43,99,82,12,No,No,41.3,51.36,Insurance,NA,2.3,94,No,1.66,15.4,Yes,129,10,-31.6,1.5,0,54.42,81,34,39,5.06,Yes,78,-1.33,-5.62,94,69,86,0.56,7461,1335.4,3.22,25656.2,30,-17.1,-2.1,27.4,NA,42.9,NA,57,32,D,28.2,-2,3,5.8,1.9,0.8,59,1292.7,310,11,80,NA,10.9,154,No,-0.69,-23,122,NA,No,360,NA,No,No,No,0.99,0,Yes,66,1.3,20,11,NASDAQ,No,87,Yes,1.39,Yes,97,21285.5,85,1386,42.9,10.4,Yes,No,24.1,0.8,INSURANCE,0.1,NA,No,49,1356,No,No,No,93.4,-24.9,NA,13.7,8.1,2026-07-31,UFCS,25,15,7,0,12,10,10,79,90,25,TRUE,FALSE,CANSLIM Growth,CANSLIM Growth,65,Strong
4270,MAN,ManpowerGroup,NA,5.7,6.3,5.7,57.08,2.1,0,0,0,137.3,6255905,06/01/2026,0,A,No,No,No,No,No,3.29,43,2.8,1.04,-23.47,0,0,49,90.15,13,0.5,5.92,6.61,NA,5.4,6.8,-3,-2,No,No,-16,11,-0.7,-8.5,4,-19,-27,-7,0,Yes,No,76.3,52.42,Comml Svcs-Staffing,NA,0,115,No,2.72,40,No,24,16,-8.8,13.7,0,57.08,88,8,49,3.25,No,20,1.04,-8.16,94,98,85,0.91,53672,2412.8,7.08,46507.3,63.4,-25.8,55.2,73.2,NA,44.3,NA,46,4,A,4.1,22,34,38.7,-1.5,15,57,17957.1,-25,8,-35,NA,8.9,1335,Yes,0.54,21,1471,NA,No,448,NA,No,No,No,0.13,0,No,27,2.4,16,1,New York Stock Exchange,No,98,Yes,1.16,-,92,45687.9,-10,-36,21.4,8.3,Yes,Yes,61.1,-3.4,BUSINS SVC,2.1,NA,No,70,3815.7,No,No,No,27.1,16.4,NA,-0.6,1.1,2026-07-31,MAN,15,0,5,0,12,10,10,52,112.33333333333333,10,TRUE,FALSE,Pullback to 10SMA,Momentum Leader,58.5,Strong
5055,TSEM,Tower Semiconductor Ltd.,NA,1.1,1.1,1.3,262.87,-5.9,0,0,0,3498.2,2715406,NA,0,E,No,No,No,No,Yes,0.09,58.7,0,5.63,63.1,8.86,8.86,94,400.49,58,15.3,9.02,9.44,NA,10.3,10.5,0,1,Yes,Yes,12.1,24.4,16.9,13.1,28,10,-4,16,8,Yes,No,87.1,219.67,Elec-Semiconductor Mfg,NA,0,14,No,22.99,4.4,Yes,33,89,14.6,2.6,0,319.94,5,46,50,2.48,Yes,22,4.03,-31.34,94,43,84,1.19,465946,23598.5,9.72,111756.6,26.8,1.5,-15.7,-0.6,NA,63,NA,81,40,E,15.6,46,75,-16,-8.5,-8.9,8,1566.1,-3,15,7,NA,14.6,1869,No,8.51,52,1869,NA,No,941,NA,No,No,No,15.14,0,No,44,0.9,32,9,NASDAQ,No,71,Yes,8.25,-,93,103796.5,-4,-6,38.3,12,Yes,Yes,11.1,18.8,CHIPS,-5.9,NA,No,40,20002,No,No,No,380.2,-16.5,NA,7.9,15.7,2026-07-31,TSEM,20,8,5,0,12,10,10,65,73.66666666666667,40,TRUE,FALSE,CANSLIM Growth,CANSLIM Growth,32.9,Weak
4729,NTCT,NetScout Systems Inc.,NA,4.6,5.1,4.1,42.25,1.7,0.9,1,4,4899,2740573,NA,0,D,No,No,No,No,Yes,0.09,6.1,0,1.83,10.13,2.73,2.73,50,120.97,15,13.8,3.46,3.46,NA,4.2,5,-1,-2,No,Yes,13.8,12.8,14.9,10.9,57,6,4,14,6,No,No,50.3,40.67,Comp Sftwr - Enterprise,NA,3.5,134,No,1.43,1.8,No,114,16,-19.9,4,0,45.28,109,117,38,2.48,Yes,5,1.57,-10.18,94,64,81,0.86,26588,2911,3.49,72701.8,23.5,-26,-6.6,20.7,NA,46.2,NA,62,39,D,13.9,10,5,-2.9,-0.9,-4,51,859.5,1,-1,12,NA,-0.7,645,No,0.63,13,463,NA,No,544,NA,No,No,No,3.44,0,No,0,1.5,6,4,NASDAQ,No,84,Yes,1.76,-,100,69237.1,32,21,3.2,4.4,Yes,No,17.1,-0.9,SOFTWARE,1.7,NA,No,65,2201.9,No,No,No,89.9,-41.9,NA,6,9,2026-07-31,NTCT,0,0,5,0,12,10,10,37,84.66666666666667,30,FALSE,FALSE,Other,Momentum Leader,62.1,Strong
3810,APPS,Digital Turbine Inc.,NA,2.1,1.6,1.6,9.69,-4.6,0.9,1,4,4899,10676525,NA,0,C,No,No,No,No,No,12.73,60.5,0,1.16,21.77,0,0,44,0,12,-5.5,11.01,8.99,NA,13.5,15.3,-6,-6,No,No,40,99.5,67.5,50.6,38,-25,-25,64,-22,No,No,61.2,8.06,Comp Sftwr - Enterprise,NA,3.5,134,Yes,0.9,186.8,Yes,114,15,1.2,10,0,13.6,109,117,45,0.54,No,40,-1.59,-40.74,94,57,76,2.74,59555,990.5,8.49,120936,43.4,-64.1,-37.5,128.3,NA,54.4,NA,70,39,D+,88.2,31,34,-9.2,-3.2,-16.9,57,565.3,-40,20,60,NA,16,6766,No,-0.13,180,2367,NA,No,239,NA,No,No,No,1.72,0,No,60,2.4,38,15,NASDAQ,No,86,Yes,5.05,Yes,91,107149.7,200,-29,49.2,16.8,No,Yes,42.4,-0.8,SOFTWARE,-4.6,NA,No,36,1312.9,No,No,No,47.9,-73.2,NA,-21.8,-5.2,2026-07-31,APPS,25,15,5,0,12,10,10,77,90.66666666666667,15,FALSE,FALSE,CANSLIM Growth,CANSLIM Growth,62.1,Strong
4919,OUST,Ouster Inc.,NA,1.3,1.3,1.1,41.1,14.6,0,0,0,199.3,6057607,NA,0,D-,No,No,No,No,No,0.06,-14.1,0,2.98,-55,0,0,64,0,0,-37.4,12.69,12.72,NA,50.4,56.5,68,48,No,Yes,64.7,85.8,77.5,66.6,12,-,-,-,-27,No,No,80.3,39.01,Elec-Misc Products,NA,0,51,No,5.49,4.7,No,29,0,-17.2,10.1,0,63.79,33,74,45,-0.24,Yes,0,9.79,-38.85,94,76,72,2.41,206695,2262.3,11.52,63672.9,24.5,-14.9,-37.6,44.7,NA,87.3,NA,61,67,D,-15.7,-1237,67,-14.7,-0.9,-15.1,64,169.4,70,49,97,NA,77.7,4782,No,3.48,9,4015,NA,No,339,NA,No,No,No,13.4,0,No,48,1,164,52,NASDAQ,No,93,Yes,8.98,-,108,59815.1,44,53,106.5,65.4,No,No,21.5,10.4,ELECTRNCS,14.6,NA,No,33,1800,Yes,No,No,66.9,-42.5,NA,-27.3,-36,2026-07-31,OUST,22,15,5,0,12,10,10,74,90.66666666666667,35,FALSE,FALSE,CANSLIM Growth,CANSLIM Growth,46.2,Improving
4951,PAMT,PAMT Corp.,NA,5.7,5.3,5.1,17.44,-0.6,0,0,0,140.4,96768,NA,0,A,No,No,No,No,No,4.16,-12.6,0,1.3,19.72,0,0,11,0,0,-11.8,8.11,7.4,NA,-14.8,-14.7,-1,-15,Yes,No,-807.8,-177.7,-196.7,-917.4,8,-,-,-,-22,Yes,No,33.4,16.11,Transportation-Truck,NA,0,33,No,1.07,122.5,Yes,20,0,-5.4,2,0,17.44,21,11,43,-2.13,No,0,-2.8,-7.6,94,92,62,1.13,299,347.2,7.11,20943.2,46.3,2.5,15,59.6,NA,48.5,NA,12,53,A,-109.1,0,0,17.7,6,13.1,11,598.1,-145,-9,-570,NA,-11.9,21,Yes,-0.47,0,21,NA,No,125,NA,No,No,No,0.58,0,No,101,1.5,-289,-16,NASDAQ,No,95,Yes,1.6,Yes,92,4769.2,-345,-254,-93.8,-13.8,Yes,No,42,1.6,TRANSPORTATION,-0.6,NA,Yes,66,617.3,Yes,No,No,42.2,-40.3,NA,-21.6,0,2026-07-31,PAMT,25,0,5,0,12,10,10,62,102.66666666666667,5,TRUE,FALSE,CANSLIM Growth,CANSLIM Growth,57.8,Strong
3838,ARKO,ARKO Corp.,NA,4.7,5.7,6.8,8.21,0.8,0,0,0,237.3,6147932,05/18/2026,0,D+,No,No,No,No,Yes,8.54,75.4,1.5,1.62,4.77,0,0,85,153.86,31,0.4,4.24,4.08,NA,-10.5,-10.2,2,-7,Yes,No,-161,67,61.6,-50.7,13,-16,-39,467,2,No,No,76,7.99,Retail-Super/Mini Mkts,NA,0,116,No,0.32,569.9,Yes,17,41,18.4,8.3,0,8.76,65,120,47,0.19,No,61,-0.75,-8.74,94,72,61,0.92,6377,903.1,3.9,112185.7,35.2,-32.5,-0.5,21.1,NA,50.5,NA,51,117,D,56.3,93,34,3.1,1.3,1.2,6,7643.5,-46,-3,15,NA,-6.5,817,No,-0.06,-6,535,NA,No,234,NA,No,No,No,0.12,0,No,42,1.5,116,-12,NASDAQ,No,90,Yes,2.27,-,97,74395.1,43,45,79,-8.1,Yes,Yes,25,4.5,RETAIL,0.8,NA,No,68,3150.3,No,No,No,91.6,-38.4,NA,6.1,-0.4,2026-07-31,ARKO,15,15,5,0,12,10,10,67,82.66666666666667,5,FALSE,FALSE,CANSLIM Growth,CANSLIM Growth,52.4,Improving
4754,NUVB,Nuvation Bio Inc.,NA,11.6,9.1,8.4,6.79,-1.4,3.6,2,1,239.9,55668014,NA,0,A,No,No,No,No,Yes,0.38,-10.3,0,7.44,-12.47,0,0,27,0,0,-325.3,7.15,6.86,NA,0,1293.3,0,0,No,No,-10.2,42.1,54.3,17.7,49,-,-,-,-53,Yes,No,-29.4,6.33,Medical - Revenue Biotech,NA,1.8,68,No,0.41,63,Yes,55,0,-7.3,22,0,9.75,119,97,19,-0.43,No,0,-5.52,-35.08,94,93,54,1.38,37949,2339.7,6.54,348202,18.1,-28.6,11.4,42.2,NA,20.8,NA,30,130,A,135.7,43,29,22.5,5.5,10.8,27,62.9,-503,2599,72,NA,1615.9,6804,Yes,-0.37,17,4891,NA,No,289,NA,No,No,Yes,15.41,0,No,106,1.3,27,699,New York Stock Exchange,No,87,No,6.86,-,93,253594.8,-7,91,66.5,1645.5,Yes,No,21.2,-0.7,MEDICAL,-1.4,NA,No,47,1984.8,No,No,No,168.2,-11.5,NA,-53.2,6.5,2026-07-31,NUVB,35,12,5,0,12,10,7,81,95.33333333333333,10,TRUE,TRUE,CANSLIM Growth,CANSLIM Growth,50.1,Improving
3859,ARWR,Arrowhead Pharmaceuticals Corp.,NA,7,4.1,4.5,95.49,-1.1,3.6,2,1,239.9,9635297,NA,0,D+,No,No,No,No,Yes,0.86,-185.4,0,6.23,63.06,0,0,89,181.11,0,6.2,5.4,5.63,NA,0,0,9,69,No,Yes,73.4,24.6,20.7,90.4,46,-5,26,46,-1,No,No,27.5,84.65,Medical - Revenue Biotech,NA,1.8,68,No,4.46,215.9,No,55,0,10.6,7.3,0,95.49,119,97,20,-2.08,No,0,-3.06,-11.35,94,84,48,1.67,183149,12299.6,5.78,140857,35,-23.1,3.9,15.2,NA,22.1,NA,25,130,D,15,-31492,-40,11.6,7.7,8.3,89,829.4,-160,-86,100,NA,5187.5,2313,Yes,-2.67,-1,1657,NA,No,712,NA,No,No,No,19.17,0,Yes,-134,0.7,116,23258,NASDAQ,No,88,Yes,19.38,Yes,96,132471.2,92,9,-9,0,No,No,24.3,5.6,MEDICAL,-1.1,NA,No,54,12113.9,No,No,No,435.8,-31.9,NA,-0.5,-180,2026-07-31,ARWR,0,8,7,0,12,10,10,47,85.33333333333333,10,FALSE,FALSE,Other,Momentum Leader,50.1,Improving
3706,ALRS,Alerus Financial Corp.,NA,4.4,5.3,5.4,34.15,1.7,0.4,1,10,531.1,1225141,06/26/2026,0,A+,No,Yes,No,No,No,-0.03,9.3,2.7,0.04,12.66,0,0,24,122.58,12,6.8,2.6,2.77,NA,22.6,16.9,5,20,No,No,78.9,54.4,61.6,69.1,14,-3,26,57,2,No,No,47.7,33.27,Banks-Regional,NA,3.7,53,Yes,0.88,17.5,No,269,10,2.7,5.4,0,34.15,56,30,31,3.2,Yes,32,-0.86,-2.58,93,91,99,0.81,7459,843.3,2.95,25128.6,32.6,-8.9,7,23.5,NA,35.1,NA,91,20,A+,4.4,9,-7,10.7,3.2,5.5,84,293.8,3,7,93,NA,8.5,246,Yes,-0.29,0,221,NA,No,218,NA,No,No,No,2.73,0,Yes,11,3.2,59,-1,NASDAQ,Yes,94,Yes,1.43,Yes,97,22593.7,93,83,35,8.3,Yes,No,26.7,2.3,BANKS,1.7,NA,No,34,1180.4,No,No,No,57.4,18.3,NA,3.3,20.1,2026-07-31,ALRS,10,15,10,0,12,10,10,67,104.33333333333333,30,FALSE,FALSE,Momentum Leader,CANSLIM Growth,65.9,Leading
5215,VCTR,Victory Capital Holdings Inc. Cl A,NA,5.9,5.2,4.9,101.1,1.9,1.8,2,0,1048.7,2588705,06/10/2026,0,A,No,Yes,No,Yes,Yes,5.57,12.2,2,1.79,17.05,1.61,2.08,42,85.97,13,33.1,3.16,3.15,NA,51.9,64.4,7,20,Yes,Yes,22,25.8,24.3,21.2,51,7,16,24,11,Yes,No,57,99.03,Finance-Investment Mgmt,NA,0,114,Yes,2.88,42.9,Yes,113,15,-4.9,4.8,0,102.05,84,75,34,6.8,Yes,8,0.56,-2.96,93,90,99,1.22,43735,6158.1,3.23,62531.1,33.5,-14,17.8,26.1,NA,40.4,NA,93,70,A,11.8,17,9,10.2,0.2,4.5,33,1306.1,19,77,19,NA,68.8,492,Yes,0.55,14,410,NA,No,470,NA,No,No,No,4.2,0,Yes,34,1.4,23,45,NASDAQ,No,95,Yes,2.62,-,98,53862.4,21,20,28.3,65.9,Yes,Yes,27.5,3.5,FINANCE,1.9,NA,No,51,6946.2,No,No,No,43.7,-42.8,NA,18.6,28.9,2026-07-31,VCTR,25,12,7,0,12,10,10,76,104,40,TRUE,TRUE,Pullback to 10SMA,CANSLIM Growth,52.3,Improving
4208,LRCX,Lam Research Corp.,NA,3.1,2.6,2.5,328.13,-4,0,0,0,2169,29520485,06/17/2026,0,E,No,No,No,No,No,0.44,97,0.3,2.63,63.08,4.87,5.03,88,204.63,31,35.6,7.62,8.33,NA,27.4,25.9,5,15,Yes,Yes,43.5,39.2,41.1,45.5,11,10,26,40,53,No,No,71.2,293.02,Elec-Semiconductor Equip,NA,0,5,Yes,28.48,29.9,Yes,33,50,-0.9,2.4,0,438.5,22,20,13,5.82,Yes,16,-1.58,-33.18,93,40,92,1.98,4126651,372320,8.68,1250571,24.3,4.9,-32.4,13.6,NA,25.5,NA,95,23,E,7.9,61,25,-11.7,-1.4,-9.7,45,23232.7,37,30,41,NA,26.9,12248,No,-4.7,72,12561,NA,No,5045,NA,No,No,Yes,15.77,0,No,37,1,41,26,NASDAQ,No,70,Yes,29.4,Yes,92,1246425.6,40,47,39.1,25.3,Yes,Yes,11.2,3.3,CHIPS,-4,NA,No,53,313736.8,No,No,No,209,21.7,NA,65.1,33.9,2026-07-31,LRCX,22,12,5,0,12,10,10,71,75,55,FALSE,TRUE,CANSLIM Growth,CANSLIM Growth,32.9,Weak
4019,KN,Knowles Corp.,NA,3.7,3.4,4.4,39.68,-2.6,0,0,0,503.9,4841486,NA,0,D,No,Yes,No,No,Yes,0.7,59,0,3.2,27.73,0,0,74,182.7,25,10.8,4.81,5.01,NA,4.5,12.8,-8,-7,No,No,23,40.3,36.9,29.6,15,-6,11,36,7,No,No,70.7,36.59,Electronic-Parts,NA,0,45,Yes,1.9,18.3,No,23,28,27.6,5.8,0,42.93,23,26,40,1.29,No,19,1.41,-14.77,93,58,91,1.15,42874,3081.6,5.16,85410.3,26.2,-30.8,-11.8,17.3,NA,50.9,NA,92,14,D-,8.2,20,21,-4.7,-0.9,-1.9,56,593.2,3,14,22,NA,15.1,1123,No,0.51,8,772,NA,No,485,NA,No,No,No,4.92,0,No,38,0.8,50,7,New York Stock Exchange,No,83,Yes,3.93,-,96,83427.8,33,27,43.8,14.7,Yes,Yes,18.2,2.1,ELECTRNCS,-2.6,NA,No,65,3032.5,No,No,No,80.2,16.4,NA,6.6,11,2026-07-31,KN,20,12,5,0,12,10,10,69,85.66666666666667,40,FALSE,FALSE,CANSLIM Growth,CANSLIM Growth,46.2,Improving
3753,AMTB,Amerant Bancorp Inc.,NA,5.5,4.9,5.3,30.6,3.9,0.4,1,10,531.1,1456368,08/14/2026,0.09,A+,No,No,No,No,No,-0.16,14.6,1.3,0.05,9.02,0,0,47,82.16,12,10.1,3.15,3.27,NA,1.2,-1.4,12,2,No,No,34.2,27.4,31.7,46.1,46,-2,-3,21,5,No,No,51.7,29.6,Banks-Regional,NA,3.7,53,No,0.85,99.7,No,269,16,8.2,4.2,0,30.6,56,30,30,1.89,No,20,-0.03,-3.27,93,96,91,0.89,9023,1160.3,3.51,39186.3,36.4,14.2,16,28.9,NA,36.4,NA,49,20,A,35,21,25,20.5,8.2,12,16,439.3,-27,-9,23,NA,-8,354,Yes,-0.01,40,401,NA,No,257,NA,No,No,No,2.75,0,Yes,-7,2.5,83,13,New York Stock Exchange,No,96,Yes,1.27,-,97,35186.9,6,44,38.2,-5.1,Yes,No,29.7,-1.2,BANKS,3.9,NA,Yes,36,2030.2,No,No,No,53.4,102.7,NA,5.7,17.9,2026-07-31,AMTB,0,12,7,0,12,10,10,51,103.33333333333333,0,FALSE,FALSE,Momentum Leader,Momentum Leader,65.9,Leading
5465,XHR,Xenia Hotels & Resorts Inc.,NA,4.8,5.5,4.9,22.06,-4.2,5.7,11,1,1674.3,4113458,06/30/2026,0,A,No,No,No,No,Yes,11.66,27,2.6,2.15,11.33,0.3,0.32,25,113.89,10,6.3,2.54,2.52,NA,2.3,1.6,15,2,Yes,Yes,10.6,15.3,9.5,9.5,122,33,7,14,4,No,No,45.5,20.58,REITs,NA,0.5,98,No,0.52,123.1,Yes,194,11,-11.6,4.5,0,22.06,44,23,29,1.92,Yes,37,2.49,-6.71,93,81,91,1.23,16024,1852.3,2.56,92245.8,26.1,40,1.1,26.5,NA,39.5,NA,73,45,A-,-2.2,5,3,3.2,-5.9,-3.2,62,1078.5,3,3,11,NA,2.5,830,Yes,0.5,29,1200,NA,No,544,NA,No,No,No,1.74,0,No,7,1.9,24,4,New York Stock Exchange,No,89,Yes,1.71,Yes,93,91572.4,15,-8,15.3,2.1,Yes,Yes,20.2,1.5,REAL EST,-4.2,NA,No,59,3220.7,No,No,No,61.9,20.3,NA,5.3,-6.5,2026-07-31,XHR,0,8,5,5,12,10,10,50,95.33333333333333,20,FALSE,FALSE,Momentum Leader,Momentum Leader,44.1,Weak
4191,LOCO,El Pollo Loco Holdings Inc.,NA,5.2,4.9,4.9,16.85,3.3,0,0,2,560.9,1694664,NA,0,C-,No,No,No,No,No,-4.68,23.9,0,0.34,10.06,3.05,3.05,46,64.44,17,7.7,3.25,2.95,NA,4.1,4.5,2,1,No,Yes,20,33.6,27.2,19,10,5,16,26,10,No,No,57.4,16.46,Retail-Restaurants,NA,3.4,102,Yes,0.48,71.6,No,58,15,-0.7,6,0,17.4,103,128,56,1.08,Yes,14,-0.12,-5.4,93,77,88,0.78,4590,501.9,2.69,30455.3,31.3,-40.8,-2.9,21.7,NA,62.5,NA,94,104,C-,29.6,-1,11,6.2,1.9,0.5,76,490,25,6,10,NA,7,301,No,-0.02,-1,173,NA,No,210,NA,No,No,No,1.01,0,Yes,47,1.7,25,4,NASDAQ,No,91,Yes,1.66,-,98,28169.2,29,8,36.2,5,Yes,Yes,24.3,0.5,RETAIL,3.3,NA,No,39,738.2,No,No,No,59.8,-52.5,NA,9.6,6.5,2026-07-31,LOCO,15,12,7,0,12,10,10,66,93,15,TRUE,FALSE,CANSLIM Growth,CANSLIM Growth,52.4,Improving
3858,ARW,Arrow Electronics Inc.,NA,1.6,2,2,220.96,2,0,0,0,503.9,1479660,NA,0,D,No,No,No,No,No,0.43,32.2,0,1.24,176.69,0,0,44,59.69,11,2.3,3.71,3.73,NA,16.1,20.5,-4,-6,Yes,No,29.3,79.7,56.6,40.2,2,-7,-21,43,9,Yes,No,96.6,216.57,Electronic-Parts,NA,0,45,No,7.92,34.9,Yes,23,15,4.2,2.9,0,237.33,23,26,53,14.45,No,32,1.75,-8.75,93,74,87,1.06,131797,10883.9,3.82,51133.9,36,-24.4,1.5,15.3,NA,63.5,NA,75,14,D,78.6,86,9,-1.1,1,2.9,94,30852.9,-38,39,4,NA,29.6,613,No,3.72,89,459,NA,No,729,NA,No,No,No,0.33,0,No,190,0.7,48,10,New York Stock Exchange,No,91,Yes,1.64,-,101,50833.2,1,-13,118.9,24.1,Yes,Yes,24.4,4.3,ELECTRNCS,2,NA,Yes,56,13925.7,No,No,No,86.7,-7.6,NA,9.3,2.5,2026-07-31,ARW,32,15,5,0,12,10,10,84,89.66666666666667,25,TRUE,TRUE,Pullback to 10SMA,CANSLIM Growth,46.2,Improving
4549,NAT,Nordic American Tankers Ltd.,NA,5.7,3.8,4.1,6.73,1.2,0,0,2,22.2,16376594,06/10/2026,0,E,No,No,No,No,Yes,4.32,-22.3,9.6,3,69.75,0,0,71,100.39,11,4.2,4.48,4.86,NA,29.7,35.4,9,-6,No,Yes,174.2,436,301,226.5,8,-,-56,32,-4,Yes,No,89.8,6.53,Transport - Oil/Gas Shipping,NA,15.4,21,No,0.29,83.3,No,13,25,7.6,8.2,0,6.73,9,18,51,0.26,Yes,0,-1.95,-2.97,93,88,87,0.55,24066,1410.3,4.37,211750.7,37.9,-27.8,17.9,17,NA,57,NA,71,11,E,17.1,1085,-56,15.1,5.1,8.7,18,291.7,-53,64,-74,NA,74.7,4164,Yes,-0.13,6231,3034,NA,No,199,NA,No,No,No,4.14,0,No,990,1.4,451,-17,New York Stock Exchange,No,89,Yes,3.03,-,98,200005.2,-133,-104,720.4,46.9,Yes,Yes,27,-0.5,TRANSPORTATION,1.2,NA,No,34,1735.6,No,No,No,134.1,-3.5,NA,2.6,43.5,2026-07-31,NAT,35,15,5,0,12,10,10,87,99.33333333333333,20,TRUE,TRUE,CANSLIM Growth,CANSLIM Growth,57.8,Strong
5524,ZGN,Ermenegildo Zegna N.V.,NA,4.7,3.9,4.5,15.23,2.7,0,0,1,894.6,5515801,07/06/2026,0,D,No,No,No,No,-,0,-265.9,0.9,0,10.16,0,0,76,135.94,0,7.3,4.08,4.23,NA,8.8,8.6,0,21,No,Yes,33.5,45,58.7,43.6,-,-,10,41,7,No,No,43.5,14.71,Apparel - Clothing & Shoes,NA,2,117,No,0.58,0,No,51,30,16.6,7.6,0,15.44,137,132,59,0.45,Yes,0,-0.94,-4.73,93,86,85,0.75,18641,6285.9,4.55,268312,29.7,-42.8,13,21.4,NA,69.3,NA,78,122,B-,0,11,32,6.8,3.6,7.7,20,2205.7,-37,5,35,NA,6,1341,No,-0.14,0,802,NA,No,150,NA,No,No,No,1.76,0,Yes,18,1,18,3,New York Stock Exchange,No,92,Yes,NA,-,97,72914.3,100,100,17.6,6.6,Yes,Yes,25.2,14.5,CONSUMER,2.7,NA,Yes,34,4806.8,No,No,No,83,3.4,NA,10.3,5.6,2026-07-31,ZGN,10,12,7,0,12,10,10,61,95,35,FALSE,FALSE,CANSLIM Growth,CANSLIM Growth,48.4,Improving
4055,KRYS,Krystal Biotech Inc.,NA,11.3,10.8,10.2,369,1.8,0,0,2,1308.2,3496648,NA,0,D+,No,No,No,Yes,Yes,0.01,29.8,0,9.46,50.86,0,0,87,182.84,42,48.7,4.06,4.42,NA,39.5,25.7,0,238,Yes,Yes,784.5,85.5,100,860,44,-,-,83,19,No,No,38.4,341.12,Medical - Profitable Biotech,NA,3.8,40,No,15.57,0.6,Yes,52,46,-5.8,13.6,0,382.54,102,79,25,7.48,Yes,0,-7.01,-10.83,93,68,84,1.3,145786,10814.6,4.44,29479.8,35.7,17,-8.2,30.1,NA,22.2,NA,53,84,C-,22.8,10,27,9.5,6.2,3,17,389.1,669,32,128,NA,24.7,431,No,-25.73,34,489,NA,No,594,NA,No,No,No,24.1,0,No,53,0.8,12,34,NASDAQ,No,78,Yes,7.87,-,92,25776.8,192,143,32.2,22,Yes,No,26.2,5.5,MEDICAL,1.8,NA,No,70,9891,No,No,No,121.7,-13.4,NA,18.9,48.1,2026-07-31,KRYS,27,15,5,0,12,10,10,79,93.66666666666667,40,FALSE,TRUE,CANSLIM Growth,CANSLIM Growth,50.1,Improving
4382,MITK,Mitek Systems Inc.,NA,3.2,3,2.9,19.22,-1,2.6,1,0,722.8,3416964,NA,0,D+,No,No,No,No,Yes,0.33,14.1,0,2.61,14.16,2.53,2.53,45,189.78,15,6.5,5.47,5.25,NA,8,7.4,10,4,No,Yes,15.7,17.2,9.9,17.4,28,6,7,1,4,No,No,58.3,16.7,Computer Sftwr-Security,NA,0,131,Yes,0.96,20.5,No,39,15,-4.1,7.9,0,21.05,74,7,63,1.1,Yes,11,-2.17,-20.67,93,56,84,1.17,17522,770.9,5.22,45158.8,30.1,-50.2,-17,19.6,NA,66.7,NA,65,2,D,10.4,17,9,-2,-2.9,-8.1,77,179.7,2,6,-1,NA,12.2,1007,No,-0.37,25,488,NA,No,277,NA,No,No,No,3.98,0,No,6,2.2,73,4,NASDAQ,No,71,Yes,3.13,-,95,43005,-27,-12,39.4,9.3,Yes,No,18.5,-0.7,SOFTWARE,-1,NA,No,60,722,No,No,No,85.1,-50.2,NA,3.9,17.4,2026-07-31,MITK,0,8,5,0,12,10,10,45,82.66666666666667,30,FALSE,FALSE,Other,Momentum Leader,62.1,Strong
4162,LIVN,LivaNova PLC,NA,4.3,4.7,5.1,82.7,2.5,3.1,4,3,1077.5,4086510,NA,0,E,No,No,No,No,No,1.43,20.9,0,1.33,17.19,1.05,1.05,60,160.67,19,-15.9,3.05,2.82,NA,11.9,12.7,8,10,No,Yes,11.2,13.6,13.4,14.9,16,19,18,14,-19,No,No,30.2,80.14,Medical-Products,NA,2.4,109,No,2.28,27.4,Yes,127,20,7.6,7.5,0,85.27,142,103,19,4,Yes,9,-1.12,-6.02,93,72,83,0.94,54969,4452.4,2.75,54933.5,22.5,-24.1,-2.5,33.3,NA,22,NA,81,90,D-,9.3,9,9,3.3,1.2,-0.2,48,1388.1,21,14,15,NA,13.2,699,No,-0.91,4,515,NA,No,621,NA,No,No,No,3.07,0,No,11,1.5,6,11,NASDAQ,No,82,Yes,3.63,Yes,97,54701.3,23,13,8.8,13,Yes,No,17.1,0.5,MEDICAL,2.5,NA,No,76,4271.5,No,No,No,90,-32.8,NA,-19.2,6.2,2026-07-31,LIVN,15,0,5,0,12,10,10,52,94.66666666666667,30,FALSE,FALSE,Other,Momentum Leader,50.1,Improving
5361,WEST,Westrock Coffee Co.,NA,6.2,5.3,5.2,8.45,6.8,0,0,0,673,4737199,NA,0,D+,No,No,No,No,No,-696.87,-19.4,0,0.97,-40.72,0,0,12,0,0,-8.2,6.41,6.37,NA,39.8,47,0,11,No,No,-254.2,25.7,-311.4,-264.7,2,-,11,-1,-188,Yes,No,99.5,8.12,Beverages-Non-Alcoholic,NA,0,62,No,0.52,0,No,25,0,-1.8,9.8,0,10.19,60,54,66,-0.51,No,0,-0.61,-20.31,93,71,80,0.59,5704,797,5.96,97558,46.6,-43.6,0.1,37.9,NA,68.1,NA,45,24,B,62.1,73,83,0.8,5.4,8.6,12,1189,-81,44,-62,NA,46.4,674,No,-0.05,64,377,NA,No,120,NA,No,No,No,0.62,0,No,78,1.1,9,40,NASDAQ,No,90,Yes,-39.15,-,96,48473.3,-9,-1323,43.3,51.1,Yes,Yes,36.8,6.2,FOOD/BEV,6.8,NA,No,26,1313.5,No,No,No,22.1,-54.9,NA,-28.1,-2.8,2026-07-31,WEST,27,12,5,0,12,10,10,76,93.33333333333333,15,TRUE,FALSE,CANSLIM Growth,CANSLIM Growth,59.2,Strong
5510,YPF,YPF S.A. ADR,NA,3.4,2.5,2.8,53.57,2.2,0,0,0,2294.2,5407834,07/09/2019,0,B+,No,No,No,No,No,-6.49,58,0,0.94,4.54,0,0,5,0,7,5.2,3.69,3.38,NA,-1.6,-3.8,12,2,Yes,No,387.8,811.7,586.3,448.5,10,4,-34,-271,-8,No,No,45.3,52.54,Oil&Gas-Integrated,NA,0,16,No,1.64,77.9,Yes,22,0,10.1,1.4,0,57.49,25,42,24,-1.04,No,0,0.75,-8.61,93,84,80,1,86242,21438.3,3.39,393261,28,-44.8,15.5,16.3,NA,32,NA,39,42,A-,0.7,402,0,4.2,2.9,6.6,5,18448,279,7,-135,NA,1.6,1715,No,0.39,1755,951,NA,No,142,NA,Yes,No,No,1.1,0,No,2675,1.8,-126,-5,New York Stock Exchange,No,91,Yes,1.79,Yes,100,393251.2,-114,-90,1274.7,-3,Yes,Yes,21.3,24.6,ENERGY,2.2,NA,No,7,29738.5,No,No,No,56.6,-46.9,NA,-7.8,8.7,2026-07-31,YPF,25,15,5,0,12,5,10,72,92.66666666666667,0,TRUE,FALSE,CANSLIM Growth,CANSLIM Growth,47.5,Improving
3898,ATAI,AtaiBeckley Inc.,NA,4,4,5.1,7.21,0,2.4,13,4,464.6,37787570,NA,0,A,No,No,No,No,Yes,0.01,-9.4,0,10.02,-15.84,0,0,6,0,0,-16137.2,7.03,6.97,NA,0,5829.3,0,183,No,No,-112.7,-216.4,-147,-115.3,349,-,-46,-122,-390,No,No,75.6,7.18,Medical - Development Biotech,NA,0.7,29,No,0.35,0.9,No,549,0,27.1,12.8,0,7.22,53,29,80,-2.23,No,0,0,-0.55,93,98,76,1.42,77286,2656.3,6.43,369954.4,63.4,-29.4,36.2,72.6,NA,91,NA,23,30,A,25.1,85,-1,42,0.1,17,6,4.1,-272,-39,-213,NA,10690.7,13017,Yes,0,22,8917,NA,No,156,NA,No,No,No,761.55,0,Yes,47,2.5,-621,1228,NASDAQ,No,99,No,13.21,-,100,295578.4,-75,61,-287.1,7718,Yes,Yes,67.4,40.5,MEDICAL,0,NA,No,29,2402.3,No,No,No,75.1,-3.5,NA,-390.4,-3121.8,2026-07-31,ATAI,15,0,7,0,12,10,10,54,109,25,TRUE,FALSE,Other,Momentum Leader,50.1,Improving
4505,MTRN,Materion Corp.,NA,2.2,2.2,1.8,256.99,-12.5,0,0,1,135,664941,08/20/2026,0.14,E,No,No,No,No,Yes,0.95,558.5,0.2,3.04,43.96,3.09,3.15,83,222.52,31,4.6,5.43,6,NA,11,11.5,5,3,Yes,Yes,5.9,3.7,1.9,5.1,20,12,0,1,7,No,No,69.6,210.84,Metal Products - Distributors/Fabrication,NA,3.4,11,No,15.16,56.4,Yes,29,38,-17.6,3.3,0,298.87,34,43,40,5.58,Yes,15,1.31,-29.45,93,43,69,1.28,91439,4329,6.25,20801.5,23.1,58.2,-29.1,14.7,NA,52.5,NA,63,63,E,1.9,18,18,-14.5,-12,-16.5,14,1786.5,-5,31,2,NA,21.5,372,No,2.73,11,734,NA,No,505,NA,No,No,No,2.29,0,No,12,1.4,-1,6,New York Stock Exchange,No,77,Yes,4.58,-,85,20403.4,0,-4,5.5,14.9,Yes,Yes,12.8,2.9,METALS,-12.5,NA,No,67,4465.2,Yes,Yes,Yes,100.2,69.1,NA,8.3,3.5,2026-07-31,MTRN,17,0,5,7,12,10,10,61,68.33333333333333,25,FALSE,TRUE,CANSLIM Growth,CANSLIM Growth,52.3,Improving
3549,ACRS,Aclaris Therapeutics Inc.,NA,6.9,7.2,8,5.88,-0.6,1.4,1,1,4339.2,13357058,NA,0,B+,No,No,No,No,Yes,0.02,-7.3,0,4.03,-13.53,0,0,9,0,0,-829.6,5.6,5.9,NA,-29.6,-27.2,16,-35,No,Yes,-806.1,16.7,15.9,22.7,45,10,19,96,-50,No,No,72.8,5.2,Medical - Pharmaceuticals,NA,1.4,24,No,0.31,1,Yes,69,0,11.2,11.7,0,5.88,76,37,48,-0.56,Yes,0,-2.26,-11.56,93,70,65,1.01,8579,743,5.76,139663.7,43.7,5.2,-1.7,19.8,NA,48.1,NA,27,61,A,4.9,-26,-15,7.8,-2.3,-2.9,9,7.8,-35,37,69,NA,-24.4,1708,No,-0.12,-23,1638,NA,No,179,NA,No,No,No,86.8,0,No,-25,1.9,84,-58,NASDAQ,No,82,Yes,5.06,-,93,113999.8,-9,13,29.6,-24.3,No,No,30.2,3.5,MEDICAL,-0.6,NA,No,47,654.4,No,No,No,239.9,19.4,NA,-50.2,-993.2,2026-07-31,ACRS,7,8,5,0,12,10,10,52,83,25,FALSE,TRUE,Other,Momentum Leader,50.1,Improving
3569,ADPT,Adaptive Biotechnologies Corp.,NA,4,4.4,3.9,24.57,1.3,3.6,2,1,239.9,11396387,NA,0,A+,No,No,No,No,Yes,1.05,-73,0,4.79,-74.47,0,0,56,0,0,-21.5,6.47,5.99,NA,49.3,52.5,14,22,No,Yes,43.4,16.3,44,44.2,42,14,36,110,-28,No,No,39,22.57,Medical - Revenue Biotech,NA,1.8,68,No,1.25,281.1,No,55,0,-10.2,7.4,0,24.57,119,97,25,-0.41,Yes,0,-6.66,-8.13,93,93,65,2.07,58825,3869.9,6.04,160044.4,46.5,-1.6,5.2,60.1,NA,22,NA,27,130,A,-87.1,-36,68,28.7,8.1,10.6,56,277,31,22,64,NA,28.4,3072,Yes,-1.61,-265,2993,NA,No,444,NA,No,No,No,11.72,0,No,-47,1.2,35,55,NASDAQ,No,94,Yes,25.12,-,93,155199.3,61,127,-6,35.9,No,No,46.5,-3.5,MEDICAL,1.3,NA,No,49,3853.2,No,No,No,120.4,-9.2,NA,-28.2,-55.6,2026-07-31,ADPT,5,8,5,0,12,10,10,50,103.66666666666667,10,FALSE,FALSE,Other,Momentum Leader,50.1,Improving
4364,MGTX,MeiraGTx Holdings PLC,NA,6.5,5.1,4.3,12.87,0.2,2.4,13,4,464.6,4215627,NA,0,B-,No,No,No,No,No,-0.89,173.3,0,0.55,-20.45,0,0,92,0,0,-140.3,6.14,6.67,NA,291.3,320,13,119,No,Yes,-21.8,38.1,37.8,18.4,36,-,-,-,-368,No,No,48.3,11.79,Medical - Development Biotech,NA,0.7,29,No,0.83,0,No,549,0,-16,6,0,15.35,53,29,48,-1.48,Yes,0,-1.59,-23.19,93,78,64,1.27,10973,1109.5,6.33,92609.5,32.5,-42.5,-12.7,27.9,NA,54.9,NA,25,30,C,5.9,-17,8,6.6,-1.2,-6.4,92,81.4,-42,-85,33,NA,83.8,967,No,-0.19,5,517,NA,No,172,NA,No,No,No,13.69,0,No,-12,1.5,139,145,NASDAQ,No,91,Yes,-16.52,-,92,70136.8,-13,37,63.5,23.8,No,No,29.2,24.6,MEDICAL,0.2,NA,No,46,1098.9,No,No,No,54.1,-54.9,NA,-368.2,-15806.5,2026-07-31,MGTX,0,12,5,0,12,10,10,49,85.33333333333333,15,FALSE,FALSE,Other,Momentum Leader,50.1,Improving
4491,MT,ArcelorMittal ADR,NA,1.8,1.8,1.1,70.59,4.9,0,0,0,218.2,2316809,11/13/2026,0.15,E,No,No,No,No,-,0,0,0.8,0,11.14,0,0,76,65.66,12,4.6,3.56,3.31,NA,2.5,3.6,-5,-5,Yes,No,58.6,18.4,22.6,72.4,-,-,-,-18,5,No,No,53.9,70.14,Steel-Producers,NA,0,20,No,2.13,0,Yes,16,30,-35.8,0.3,0,72.5,27,45,18,2.37,No,0,1.15,-3.26,93,88,62,1.28,130280,50996.4,3.37,775000,26.9,-29.2,16.5,22.6,NA,30,NA,15,33,D,-14.2,9,52,5.6,4.5,6.5,56,61352,55,5,143,NA,4.8,1979,No,0.8,153,1352,NA,No,124,NA,Yes,No,No,0.86,0,Yes,-62,1.2,-28,-1,New York Stock Exchange,No,91,Yes,NA,-,101,760968.3,145,35,-44.9,3.8,No,No,17,10.7,METALS,4.9,NA,No,2,60708.7,No,No,No,121.8,-5.4,NA,6.1,3.9,2026-07-31,MT,0,8,7,0,12,0,10,37,88,15,FALSE,FALSE,Other,Momentum Leader,52.3,Improving
3954,AVR,Anteris Technologies Global Corp.,NA,5.8,5.2,6.2,8.63,-3.6,3.1,4,3,1077.5,8071451,NA,0,D,No,No,No,No,Yes,0.03,-2.1,0,20.93,-3.72,0,0,3,0,0,-4925.5,6.55,6.26,NA,-27.2,-28.2,0,0,Yes,No,8.3,3.4,12,16.5,115,-,-,11,-300,No,No,57.1,7.84,Medical-Products,NA,2.4,109,No,0.58,0.9,Yes,127,0,19.6,9.9,0,11.05,142,103,25,-2.22,Yes,0,-4.85,-29.08,93,52,46,1.66,12589,802.1,6.04,97342.2,30.5,-21.5,-20.4,27.5,NA,31.3,NA,33,90,D,-3.4,58,9,-10,0,-8.4,3,1.9,-231,-11,31,NA,-27.3,1358,No,-0.4,64,1035,NA,No,133,NA,No,No,No,413.86,0,No,54,1.4,-42,-29,NASDAQ,No,67,Yes,2.74,-,93,81200,-2,38,6.1,-32.9,Yes,No,19.1,13.7,MEDICAL,-3.6,NA,No,45,791.8,No,No,No,144.2,-26.2,NA,-300.5,-4660.7,2026-07-31,AVR,20,0,5,0,12,10,10,57,68.66666666666666,25,TRUE,FALSE,CANSLIM Growth,CANSLIM Growth,50.1,Improving
3639,AIBZ,Bitzero Holdings Inc.,NA,0.4,1.7,2.2,7.3,7.2,7.5,6,0,191.7,914686,NA,0,E,No,No,No,No,No,-3.42,0,0,0.62,-130.56,0,0,67,24.62,0,-66.5,13.79,12.71,NA,0,0,0,0,No,No,0,0,0,0,11,-,-,-,0,No,No,179.1,6.42,Finance - Crypto/Blockchain,NA,0,140,No,0.92,84.9,No,80,0,28.3,2,0,10.25,61,135,72,0,No,0,-3.89,-37.37,93,76,23,805.12,3573,345,12.55,51641.1,0,-36.6,-6.1,162,NA,78.3,NA,1,140,E,0,0,0,-1.2,6.8,-1.7,67,0,0,0,0,NA,0,499,No,-0.26,0,402,NA,No,0,NA,No,No,No,NA,0,No,0,1.2,0,10,NASDAQ,No,93,No,20.5,-,94,45813.9,0,0,0,0,No,No,63.1,0,FINANCE,7.2,NA,No,0,290.5,No,No,No,0,26,NA,-124.6,-74.9,2026-07-31,AIBZ,0,0,5,0,12,0,0,17,79,0,FALSE,FALSE,Other,Momentum Leader,52.3,Improving
4968,PAYS,Paysign Inc.,NA,1.7,2.1,2.2,9.49,3.1,2.4,1,0,1811.6,1554473,NA,0,B,No,No,No,No,No,0.21,2.7,0,1.12,10.19,0,0,89,206.65,39,12.2,5.59,5.4,NA,42.4,42.8,31,30,Yes,Yes,88.9,37.8,53.3,122.7,13,-,49,46,19,No,No,74,8.96,Finance-CrdtCard/PmtPr,NA,0,127,No,0.45,9.2,Yes,41,53,2,3.6,0,9.49,113,62,112,0.17,Yes,0,-2.18,-5.58,92,92,99,1.34,4551,512.1,5.45,55905.8,61.3,-52.9,9.4,36.6,NA,114.9,NA,93,36,B,28.6,83,32,18.1,3.6,5.1,8,82,-42,51,86,NA,48.3,586,Yes,-0.2,200,271,NA,No,170,NA,No,No,No,5.48,0,No,80,2.8,0,40,NASDAQ,No,97,Yes,9.08,-,94,42909,33,100,40,46,Yes,Yes,58.1,14.1,FINANCE,3.1,NA,No,37,358.2,No,No,No,20.4,-30.6,NA,19.1,19.4,2026-07-31,PAYS,30,12,5,0,12,10,10,79,109.33333333333333,50,TRUE,TRUE,Momentum Leader,CANSLIM Growth,52.3,Improving
3718,AMAL,Amalgamated Financial Corp.,NA,7.5,6.4,6.7,50.92,-0.1,0.4,1,10,531.1,973412,08/04/2026,0.17,A,No,No,No,No,No,-0.01,8.2,1.4,0.04,11.05,0.67,0.72,36,50.64,12,30.8,2.67,2.69,NA,10.1,11.2,12,7,Yes,Yes,5.9,8.6,6.5,5.9,15,18,8,5,12,No,No,54.2,49.38,Banks-Regional,NA,3.7,53,No,1.25,9.4,Yes,269,13,3.7,5.5,0,50.92,56,30,20,3.8,Yes,12,-0.02,-3.02,92,89,98,0.74,7045,1476.8,2.78,29900.1,30.9,-21.2,7.6,20.8,NA,27.1,NA,78,20,B+,10,10,15,10.2,2.1,4.5,37,336.2,18,17,5,NA,15.8,157,Yes,-0.01,18,120,NA,No,353,NA,No,No,No,4.08,0,Yes,25,1.7,-9,5,NASDAQ,No,90,Yes,1.77,-,97,17727.1,10,0,8,12.7,Yes,Yes,21.4,0.9,BANKS,-0.1,NA,No,63,1554.1,No,No,No,70.3,-12,NA,13.9,26.9,2026-07-31,AMAL,15,0,7,0,12,10,10,54,103,35,FALSE,FALSE,Momentum Leader,Momentum Leader,65.9,Leading
4348,MFG,Mizuho Financial Group Inc. ADR,NA,1.8,2.2,2.8,10.74,-1.8,0,0,1,5329.5,10792906,03/31/2026,0,E,No,Yes,No,No,No,0.54,0,1.3,0.75,2.7,1.4,1.56,53,60.13,14,18.2,2.75,2.85,NA,51.6,62.8,-4,22,No,Yes,164.9,36.8,33.4,31.4,7,11,44,27,8,No,No,42.6,10.44,Banks-Money Center,NA,3.7,41,Yes,0.29,135.9,Yes,27,17,28.4,0.1,0,10.79,59,15,13,0.61,Yes,30,0.87,-3.2,92,87,93,0.78,40403,119655.6,2.89,12214160,23.9,-23.6,9,21.4,NA,21,NA,89,12,E,-0.3,15,13,5.8,0.9,1,23,21891.1,39,202,32,NA,111.5,4101,No,0.09,4,3142,NA,No,39,NA,Yes,No,No,3.9,0,Yes,-18,1.6,64,3,New York Stock Exchange,No,89,Yes,1.79,-,98,12167468.5,64,23,23,81.4,No,No,16.7,2.6,BANKS,-1.8,NA,No,0,157465.4,No,No,No,76.9,26.1,NA,11.8,18.7,2026-07-31,MFG,10,12,7,0,12,0,10,51,97.66666666666667,25,FALSE,TRUE,Other,Momentum Leader,65.9,Leading
5395,WLYB,John Wiley & Sons Inc. Cl B,NA,4.3,3.9,4.2,53.33,6.2,5.6,3,1,552.8,1252,07/07/2026,0,A+,No,No,No,No,No,-3.35,13.6,2.9,0.54,10.9,2.6,6.3,34,49.08,11,12.8,1.67,1.99,NA,-1.2,-0.1,-5,-7,No,No,18.4,16.9,13.8,13.7,6,2,6,16,18,Yes,No,72.7,53.33,Media,NA,1.9,119,Yes,0.95,87.3,No,54,13,7,0.2,0,53.65,114,125,58,4.23,Yes,11,0.76,-0.6,92,95,91,0.56,6,2668.3,1.57,8759.3,38.6,-69.2,14,29.4,NA,65.9,NA,69,99,A+,1.2,15,10,13.8,4.6,4.1,66,1676.5,31,1,14,NA,1.3,0,No,0.4,-18,0,NA,No,6,NA,No,No,No,0.28,0,Yes,22,2.3,15,0,New York Stock Exchange,Yes,97,Yes,3.2,-,101,543.4,13,4,18.7,0.4,Yes,Yes,35.3,0,MEDIA,6.2,NA,No,6,3546.2,No,No,No,36.6,-53.1,NA,27.7,30.2,2026-07-31,WLYB,10,8,10,0,12,5,10,55,102.66666666666667,30,FALSE,FALSE,CANSLIM Growth,CANSLIM Growth,46.5,Improving
5266,VMD,Viemed Healthcare Inc.,NA,1.9,1.9,2.5,12.35,-0.8,0,0,0,215.7,747076,NA,0,B-,No,No,No,No,Yes,1.27,14.6,0,1.22,9.18,6.31,6.31,78,118.03,23,8.1,3.15,3.33,NA,21.7,23,21,24,Yes,Yes,31.9,10,32.5,36,4,5,29,22,11,No,No,57.1,11.67,Medical-Distribution,NA,0,43,Yes,0.39,7.2,Yes,5,32,33.5,2.3,0,12.61,107,85,50,0.37,Yes,39,-0.77,-7.45,92,77,91,0.61,3182,450.8,3.08,38336.8,34.3,60.8,2.4,17.2,NA,52.2,NA,84,82,C,-33.3,23,34,7.2,-1.3,-1.8,-,270.3,12,28,32,NA,26.6,285,No,-0.09,50,454,NA,No,194,NA,No,No,No,1.56,0,No,0,1.6,40,21,NASDAQ,No,89,Yes,3.13,-,94,33095.7,-10,100,20,25.7,Yes,No,24.8,9,MEDICAL,-0.8,NA,No,38,449.1,Yes,Yes,Yes,91.6,-20,NA,10.9,3.4,2026-07-31,VMD,7,0,5,7,12,10,10,51,93.66666666666667,45,FALSE,TRUE,Other,Momentum Leader,50.1,Improving
3844,ARM,Arm Holdings PLC ADR,NA,1.5,1.4,1.6,294,-7.8,0,0,0,8214,17460573,NA,0,D+,No,No,No,No,Yes,0.08,161.9,0,6,167.97,0,0,96,1144.51,100,23.5,10.04,8.98,NA,23.1,25.8,0,24,No,Yes,19.7,16,19.5,13.1,28,-,53,16,12,No,No,119.3,239.69,Elec-Semicondctor Fablss,NA,0,83,No,28.39,5.2,Yes,45,128,10.7,12.4,0,452.7,29,36,116,1.87,No,0,-0.77,-47.05,92,45,90,2.77,3366030,256998.6,8.77,1064055.3,27.7,-25.2,-32.4,14,NA,127.5,NA,90,43,D,11.9,163,36,-25.4,-8.9,-16.7,16,4920,28,22,-48,NA,21.2,10078,No,-1.85,22,7229,NA,No,955,NA,Yes,No,No,49.47,0,No,29,1.4,9,23,NASDAQ,No,79,Yes,30.78,-,89,140783.9,10,30,18.8,22.9,Yes,No,19.2,13.2,CHIPS,-7.8,NA,No,49,254854.7,No,No,No,69.5,-29.9,NA,12,20.9,2026-07-31,ARM,20,8,5,0,12,10,10,65,75.66666666666667,50,TRUE,FALSE,CANSLIM Growth,CANSLIM Growth,32.9,Weak
3521,ACA,Arcosa Inc.,NA,5,1.8,1.6,145.54,0.1,0,0,0,631.5,993631,07/15/2026,0,C,No,Yes,No,No,Yes,2.67,28,0.1,2.31,20.91,1.89,1.9,79,124.82,33,8.4,1.99,0.91,NA,7.8,8.4,8,10,No,Yes,33.3,75.2,66.3,46.4,38,17,15,70,8,No,No,36.6,145.2,Building - Construction Products,NA,0,81,No,1.26,59,No,64,32,-14.6,2.1,0,146.92,50,51,20,4.49,Yes,10,-0.02,-1.17,92,82,90,1.05,105780,7118.9,0.45,49018.4,24.4,-22.8,-0.1,14.8,NA,26.8,NA,91,79,D+,15.5,-4,17,6.8,0.2,0.1,15,2883.4,-7,-10,48,NA,-1,748,Yes,-0.03,-6,599,NA,No,541,NA,No,No,No,2.52,0,Yes,4,1.8,150,12,New York Stock Exchange,No,89,Yes,2.69,-,100,48046.1,71,40,77,7.5,Yes,No,19,-2.5,BUILDING,0.1,NA,No,61,8486.9,No,No,No,69.1,-6.5,NA,8.2,4.1,2026-07-31,ACA,0,15,7,0,12,10,10,54,90,30,FALSE,FALSE,Other,Momentum Leader,35,Weak
4880,OPLN,OPENLANE Inc.,NA,1.5,2.4,2,41.16,1.1,0,0,0,133.6,2225518,03/19/2020,0,D,No,No,No,No,No,0.76,15.1,0,1.16,11.04,1.63,1.63,77,42.32,27,9.9,3.11,3.24,NA,11.3,11.5,-3,8,No,Yes,39.1,22.2,35.1,40.7,8,19,27,30,-8,No,No,33.5,39.76,Retail/Whlsle-Automobile,NA,0,110,Yes,1.29,46.5,Yes,21,31,-16.7,2.5,0,42.9,99,82,28,1.28,Yes,59,-1.85,-7.32,92,71,89,1.07,39369,4291.9,2.94,105946.1,29.3,-28.9,-3.6,26.5,NA,32.4,NA,89,80,D,14.7,13,20,4.8,2,0.9,20,1934.5,18,15,46,NA,11.7,1019,No,-0.75,6,658,NA,No,527,NA,No,No,No,2.1,0,No,13,1.8,19,8,New York Stock Exchange,No,85,Yes,3.36,-,97,88322.6,35,74,16,11.5,Yes,No,22.9,4.8,RETAIL,1.1,NA,No,81,6446,No,No,No,61.4,-27.9,NA,10.2,8.1,2026-07-31,OPLN,15,8,5,0,12,10,10,60,91,35,FALSE,FALSE,CANSLIM Growth,CANSLIM Growth,52.4,Improving
3696,ALMS,Alumis Inc.,NA,11.2,11.3,4.9,30.11,0.9,2.4,13,4,464.6,6764417,NA,0,B,No,No,No,No,Yes,0.09,-6,0,7.51,-6.5,0,0,21,0,0,-1047.3,6.55,6.77,NA,0,0,0,0,No,No,19.2,49.7,83.1,49,286,-,-,111,-87,Yes,No,189.4,28.25,Medical - Development Biotech,NA,0.7,29,No,1.83,5.5,No,549,0,-56.8,7.8,0,31.35,53,29,1,-1.77,No,0,-2.42,-9.89,92,88,81,0.89,35037,3690.9,6.92,123432.1,46.7,-2.9,0.4,14.4,NA,15.3,NA,61,30,B,3.4,-9,5,17.3,3.6,3.1,21,24.1,-79,-90,50,NA,0,1400,No,-0.7,-186,1321,NA,No,297,NA,No,No,No,415.02,0,No,57,1.6,54,0,NASDAQ,No,80,Yes,6.34,-,96,86439.2,39,183,55.2,0,Yes,No,20.5,10.4,MEDICAL,0.9,NA,No,62,3419.2,Yes,Yes,No,582.4,-38.8,NA,-86.7,-5344.8,2026-07-31,ALMS,20,12,5,0,12,10,10,69,92,35,TRUE,FALSE,CANSLIM Growth,CANSLIM Growth,50.1,Improving
3698,ALNT,Allient Inc.,NA,3,2.3,2.1,90.93,0.8,3.5,2,2,892.1,629738,05/21/2026,0,E,No,No,No,No,Yes,1.1,28.3,0.2,3.73,25.82,3,3.04,84,239.75,32,5.2,6.46,6.53,NA,5.2,8.5,8,-2,No,Yes,34.8,58.8,68.2,50.5,38,13,-4,64,7,No,No,62.7,87.46,Electrical-Power/Equipmt,NA,3.5,25,No,5.95,62.9,No,57,40,-9.3,4.2,0,104.65,19,78,34,2.21,Yes,21,1.45,-16.43,92,70,81,1.26,25161,1465.3,6.52,16996.5,28.5,-41.3,-15,14.8,NA,43.4,NA,86,71,E,-6.1,16,23,0,-0.2,-2.4,18,554.5,-35,3,46,NA,10.3,287,No,1.25,0,166,NA,No,368,NA,No,No,No,2.65,0,No,9,1.6,77,5,NASDAQ,No,90,Yes,4.87,-,98,15000.4,90,97,43.1,10.5,Yes,Yes,20.1,1.4,MACHINE,0.8,NA,No,53,1627.2,No,No,No,117,-1.2,NA,7.8,3.9,2026-07-31,ALNT,0,15,5,0,12,10,10,52,81,25,FALSE,FALSE,Other,Momentum Leader,47.4,Improving
3736,AMLX,Amylyx Pharmaceuticals Inc.,NA,10.7,10.6,8.4,20.94,10.3,2.4,13,4,464.6,12265993,NA,0,B,No,No,No,No,Yes,0.02,-10.5,0,17.85,-15.57,0,0,15,0,0,0,6.22,6.34,NA,0,0,0,-71,No,Yes,-105,40.9,44.9,51.2,423,-,-20,80,-62,No,No,68.1,20.31,Medical - Development Biotech,NA,0.7,29,No,1.12,1.6,No,549,0,-20.8,13.2,0,20.94,53,29,33,-1.5,Yes,0,-2.12,-3.01,92,97,80,1.2,26602,2307.1,6.24,111186.3,40.5,16.7,13.1,26.9,NA,42.1,NA,45,30,A,-9.5,6,7,28.8,13.3,14.4,15,0,-733,0,65,NA,0,1633,Yes,-0.44,22,1832,NA,No,322,NA,No,No,No,NA,0,Yes,12,2,45,-100,NASDAQ,No,96,Yes,8.26,-,97,92632.4,65,57,28.7,0,Yes,Yes,37.4,0.3,MEDICAL,10.3,NA,No,73,1996.1,No,No,No,152.9,57.9,NA,-61.6,0,2026-07-31,AMLX,10,12,7,0,12,10,10,61,99.66666666666667,25,FALSE,FALSE,CANSLIM Growth,CANSLIM Growth,50.1,Improving
3535,ACHV,Achieve Life Sciences Inc.,NA,5.3,6.9,7.4,6.63,5.2,2.4,13,4,464.6,14730069,NA,0,B-,No,No,No,No,No,0.27,-3.1,0,2.62,-5.66,0,0,72,0,0,0,7.31,7.21,NA,0,0,0,0,No,Yes,-5.9,31,11.3,0.6,140,34,36,18,-258,No,No,29.2,6.42,Medical - Development Biotech,NA,0.7,29,No,0.43,87.3,No,549,0,7.6,19.2,0,7.11,53,29,38,-1.12,Yes,0,1.9,-9.7,92,87,79,1.04,10894,646.8,6.46,53240,32.9,-35.1,-1.7,46.2,NA,53.6,NA,51,30,A,36.4,44,31,11.3,1.5,0.3,72,0,17,0,-1,NA,0,1909,No,0.12,58,1182,NA,No,60,NA,No,No,No,NA,0,Yes,49,1.4,22,0,NASDAQ,No,93,Yes,32.01,-,100,76839.2,22,-48,35.4,0,Yes,Yes,30.6,66.7,MEDICAL,5.2,NA,Yes,44,625.3,No,No,No,146,-50.5,NA,-257.7,0,2026-07-31,ACHV,15,12,7,0,12,10,10,66,101,10,TRUE,FALSE,CANSLIM Growth,CANSLIM Growth,50.1,Improving
3923,ATRO,Astronics Corp.,NA,3.9,4.4,4.2,73.09,-0.5,1,1,1,2405.6,3017432,NA,0,E,No,No,No,No,Yes,1.12,126.4,0,2.97,33.88,0.85,0.85,87,225.81,28,3.7,5.55,5.28,NA,9.1,8.6,18,14,No,Yes,276.2,469.5,352.1,359.5,55,55,116,259,15,No,No,60.6,69.49,Aerospace/Defense,NA,1,36,No,3.97,230.7,No,97,47,-5.7,9.6,0,88.72,112,91,5,1.49,Yes,0,1.58,-21.67,92,64,77,1.26,53350,2933.6,4.75,32040.3,20.8,-98.3,-14.5,22,NA,15,NA,81,87,E,5.4,56,19,-4.9,-0.1,-3.4,30,862.1,42,12,537,NA,13.6,681,No,1.08,1748,295,NA,No,415,NA,No,No,No,2.51,0,No,127,1.4,1038,8,NASDAQ,No,72,Yes,15.4,-,97,31324.6,244,0,582.2,10.3,No,Yes,10,0.2,AEROSPACE/DEFENSE,-0.5,NA,No,61,3297.7,No,No,No,141.1,-36.9,NA,14.8,11.1,2026-07-31,ATRO,30,15,5,0,12,10,10,82,82.66666666666667,35,FALSE,FALSE,CANSLIM Growth,CANSLIM Growth,39.2,Weak
5469,XMAX,XMAX Inc.,NA,4.2,3.8,6.6,9.02,2.3,0.9,1,4,4899,10076566,NA,0,E,No,No,No,No,Yes,0.28,-410.7,0,12.96,-386.06,0,0,18,0,0,-23.9,3.92,3.37,NA,47,56,-1,12,No,Yes,83.6,73.4,77.7,81.6,96,55,95,213,-22,No,No,43.7,8.62,Comp Sftwr - Enterprise,NA,3.5,134,No,0.29,13.1,No,114,0,73.1,15.8,0,9.31,109,117,45,-0.13,Yes,0,-1.71,-7.41,92,60,73,0.57,11100,557.8,2.93,63602.3,27.9,-50.4,-5.2,6.8,NA,52.6,NA,67,39,E,0,0,0,3.1,3.3,1.4,18,16.7,70,-32,89,NA,-22.1,1304,No,-0.15,0,623,NA,No,42,NA,No,No,No,34.55,0,No,57,1.4,72,73,NASDAQ,No,82,Yes,11.44,-,98,63602.3,91,90,64.5,76.3,Yes,No,20.5,110,SOFTWARE,2.3,NA,No,11,529.3,No,No,No,276.4,-58.2,NA,-22,10.8,2026-07-31,XMAX,20,15,5,0,12,7,10,69,77,35,FALSE,FALSE,CANSLIM Growth,CANSLIM Growth,62.1,Strong
5311,VTRS,Viatris Inc.,NA,4.1,4.2,4.2,18.07,1.9,1.4,1,1,4339.2,47215480,05/22/2026,0,E,No,No,No,No,No,5.31,15.7,2.8,1.52,8.88,0,0,12,0,7,-25.6,2.8,3.04,NA,-0.7,1.9,-3,-4,Yes,No,-5.9,4.3,0.7,-4.5,21,-2,-10,-2,-17,Yes,No,41,17.56,Medical - Pharmaceuticals,NA,1.4,24,No,0.5,85.8,Yes,69,7,1,4.1,0,18.07,76,37,29,2.45,No,23,-1.13,-2.82,92,77,70,0.77,158498,20844.6,2.86,1173682,28.1,69,10.6,17.5,NA,34.1,NA,43,61,C,17.6,4,7,8.1,2,5,82,14299.9,-10,8,-11,NA,6.5,9754,Yes,-0.2,-3,15567,NA,No,1344,NA,No,No,No,1.42,0,Yes,18,1,6,-3,NASDAQ,No,85,Yes,1.4,-,97,1149967,-11,-10,11.8,4.4,Yes,Yes,18.9,7.3,MEDICAL,1.9,NA,No,60,34162,Yes,Yes,Yes,100.9,-8.5,NA,-21.1,5,2026-07-31,VTRS,10,0,7,7,12,10,10,56,86.66666666666667,5,FALSE,FALSE,Pullback to 10SMA,CANSLIM Growth,50.1,Improving
3768,ANGO,AngioDynamics Inc.,NA,5,4.1,3.4,14.93,8.8,1.5,1,1,389,1315694,NA,0,A-,No,No,No,No,No,0.1,-152.4,0,2.18,198.82,0,0,50,0,0,-11.3,4.21,4.52,NA,10.1,9.5,-1,-2,No,No,35.5,34.6,28.3,32.6,24,-48,-16,77,-21,No,No,15.2,14.79,Medical-Systems,NA,1.5,100,No,0.6,5.4,No,65,0,-18.5,3.6,0,15.2,131,137,41,-0.15,No,0,0.14,-2.67,92,97,62,1.01,5673,610.5,4.64,41332.4,25.8,8,13.7,35.2,NA,42.8,NA,19,127,A+,22,-78,83,16.9,6.2,9.6,50,320.2,61,8,0,NA,8.5,439,Yes,0.02,-13,468,NA,No,214,NA,No,No,No,1.91,0,Yes,-133,1.5,125,9,NASDAQ,Yes,97,No,3.61,Yes,100,36538.4,112,9,-4.2,8.6,Yes,No,28.2,-0.5,MEDICAL,8.8,NA,No,55,567.6,No,No,No,66.9,-9.5,NA,-20.8,-13.2,2026-07-31,ANGO,0,12,10,0,12,10,10,54,98.66666666666667,25,FALSE,FALSE,Other,Momentum Leader,50.1,Improving
4031,KOP,Koppers Holdings Inc.,NA,4.9,4.5,4.1,52.25,-2.4,2,1,0,590.7,753012,05/29/2026,0,A,No,No,No,No,Yes,2.33,12.6,0.7,2.71,8.17,0,0,33,49.6,12,4.3,3.66,3.77,NA,-8.1,-8.1,4,-4,Yes,No,-0.4,-13.5,-7.9,-3.4,31,-1,-3,-7,10,No,No,81,49.02,Chemicals-Specialty,NA,0,72,No,1.78,180.1,Yes,51,12,-9.9,4.2,0,52.25,47,90,59,3.96,No,7,0.08,-6.18,92,82,62,1.04,7585,942,4.01,19231.8,37,-14.4,9.2,20.1,NA,66.4,NA,31,102,C+,51.3,2,14,9.3,-1.9,1.3,88,1879.3,-6,0,-1,NA,-4.8,169,Yes,0.04,-24,146,NA,No,354,NA,No,No,No,0.5,0,Yes,-20,1.7,-9,-10,New York Stock Exchange,No,91,Yes,1.72,-,95,18086.8,-12,9,-14.4,-7.3,No,No,28.1,1.7,CHEMICAL,-2.4,NA,No,68,1930.9,No,No,No,49.2,-21.5,NA,10.5,1.6,2026-07-31,KOP,0,0,7,0,12,10,10,39,85.66666666666667,20,FALSE,FALSE,Other,Momentum Leader,45.5,Improving
3822,ARCB,ArcBest Corp.,NA,3.7,3.2,3.1,161.84,-6.4,0,0,0,140.4,1265410,08/07/2026,0.12,D,No,No,No,No,No,-11.59,20.4,0.3,0.97,14.46,0,0,78,797.19,18,2.1,4.67,4.52,NA,1.9,3.7,-1,-5,Yes,No,-23.2,-11.7,-11.5,-15.5,2,-16,-27,-16,4,Yes,No,94.6,144.35,Transportation-Truck,NA,0,33,No,6.74,26,Yes,20,32,-1.6,5.8,0,176.69,21,11,60,4.52,No,35,1.61,-18.3,92,62,61,1.55,61810,3162.9,4.53,22263.8,35.9,45.1,0.6,13.2,NA,60,NA,39,53,D-,5.3,82,40,-3.6,-8.2,-5.3,64,4010.2,-20,16,-41,NA,9.6,414,Yes,2.29,59,590,NA,No,509,NA,No,No,No,0.76,0,No,75,1.1,-37,-4,NASDAQ,No,89,Yes,2.54,-,94,21823.9,-73,-11,18.9,5.4,Yes,Yes,22.5,3.7,TRANSPORTATION,-6.4,NA,Yes,77,3503.3,No,No,No,97.4,35.4,NA,4.6,-1.2,2026-07-31,ARCB,25,0,5,5,12,10,10,67,71.66666666666667,10,TRUE,FALSE,CANSLIM Growth,CANSLIM Growth,57.8,Strong
5203,VAC,Marriott Vacations Worldwide Corp.,NA,5,5.1,5,105.39,3.3,0,0,0,236.7,2520183,05/27/2026,0,C-,No,No,No,No,Yes,12.09,-209.1,3.4,1.19,121.54,0.83,1.03,42,53.8,12,-5.9,4.37,4.15,NA,2.2,2.6,10,3,Yes,Yes,6.3,-10.5,11.7,7.8,8,14,-12,3,-7,No,No,69,97.51,Leisure-Lodging,NA,0,59,No,4.09,275.4,Yes,13,14,-2.7,8,0,105.97,58,69,70,6.75,Yes,45,-0.08,-7.98,92,81,61,1.34,45222,3351.5,4.02,34343.1,39.1,-35.5,-4.3,35.4,NA,79.5,NA,25,81,C,-25.6,4,13,5.1,-1.1,-1.1,82,5032,-16,5,9,NA,2.2,488,No,-0.08,1,321,NA,No,370,NA,No,No,No,0.66,0,No,-25,1.6,0,1,New York Stock Exchange,No,92,Yes,1.68,-,93,31360,-6,78,-12.7,0.4,No,No,31.6,-2.9,LEISURE,3.3,NA,Yes,69,8550.1,No,No,No,30.9,-6.7,NA,-13.9,1.8,2026-07-31,VAC,0,0,5,0,12,10,10,37,90,5,FALSE,FALSE,Other,Momentum Leader,52.1,Improving
4483,MSGE,Madison Square Garden Entertainment Corp.,NA,4,3,2.3,79.02,1.3,1.6,1,1,478.4,1182464,NA,0,E,No,No,No,No,No,-4.7,11.8,0,0.72,32.39,0,0,93,291.79,37,7,2.98,3.23,NA,3.5,2.9,0,6,No,No,-3.8,-8.6,-41.6,3.4,19,-,-,-48,0,No,No,43.4,77.26,Leisure-Services,NA,1.6,122,No,2.47,2317.2,No,62,76,-23.8,3.1,0,82.79,122,96,20,1.02,No,0,-2.03,-6.68,92,78,57,0.9,35248,3730.5,3.01,40438.5,30.1,-41.2,-4.5,15.5,NA,24.9,NA,20,74,D,-27.3,49,102,6.1,3.3,3.5,15,942.7,101,2,-74,NA,7.2,479,Yes,-1.6,23,279,NA,No,350,NA,No,No,No,3.07,0,No,-35,1.4,24,-2,New York Stock Exchange,No,86,Yes,76.1,-,98,38674.6,-15,-140,-5.5,9.5,Yes,No,21.5,3.2,LEISURE,1.3,NA,No,66,4752,No,No,No,104.4,-38.6,NA,0,2.1,2026-07-31,MSGE,0,0,5,0,12,10,10,37,82.66666666666667,0,FALSE,FALSE,Other,Momentum Leader,52.1,Improving
3777,ANRO,Alto Neuroscience Inc.,NA,4.9,5.8,6,28.8,1.1,2.4,13,4,464.6,3096805,NA,0,D,No,No,No,No,Yes,0.14,-7.9,0,20.52,-15.09,0,0,10,0,0,0,7.78,8.01,NA,0,0,0,0,No,No,-3.4,-5.1,-5.9,0.6,444,-,-,-2,-42,No,No,52.1,27.07,Medical - Development Biotech,NA,0.7,29,No,2.08,8.1,No,549,0,4.7,8.8,0,28.85,53,29,80,-2.43,No,0,-5.45,-6.17,92,77,53,1.21,12263,1112.9,7.83,38870.4,48.1,-39.7,2.6,5.5,NA,74.9,NA,20,30,E,-49.2,-39,-8,20.6,5.8,6.9,10,0,74,0,12,NA,0,526,Yes,-1.56,-13,324,NA,No,93,NA,No,No,No,NA,0,No,-43,1.7,12,0,New York Stock Exchange,No,89,Yes,3.9,-,94,35137.2,16,-8,-15.7,0,No,No,32.8,31,MEDICAL,1.1,NA,No,41,960.3,No,No,No,781.8,-26.6,NA,-41.8,0,2026-07-31,ANRO,0,0,5,0,12,10,10,37,79,25,FALSE,FALSE,Other,Momentum Leader,50.1,Improving
3773,ANL,Adlai Nortye Ltd. ADR,NA,8.7,14.1,20.8,13.5,4,2.4,13,4,464.6,3518214,NA,0,B-,No,No,No,No,-,0,0,0,0,-12.39,0,0,58,40.78,0,-710.5,11.39,11.99,NA,0,0,0,0,No,No,0,0,0,0,-,-,-,-,-415,No,No,815.5,13,Medical - Development Biotech,NA,0.7,29,No,1.3,0,No,549,0,47.8,11.3,0,17.25,53,29,92,-1.01,No,0,0,-24.64,92,81,48,0.9,2020,520,11.74,72859.5,76.6,-33.3,13,-8.9,NA,22.3,NA,1,30,C+,-19.7,73,-26,17.6,5.1,15.3,58,5,90,0,-106,NA,0,181,Yes,0,0,120,NA,No,16,NA,Yes,No,No,188.89,0,No,0,1.1,0,0,NASDAQ,No,93,Yes,NA,-,98,31124.2,0,0,0,0,Yes,No,39.5,6.7,MEDICAL,4,NA,No,20,449,No,No,No,809.1,-34.6,NA,-415.1,-343.9,2026-07-31,ANL,0,0,5,0,12,10,10,37,78.66666666666667,15,FALSE,FALSE,Other,Momentum Leader,50.1,Improving
3543,ACNB,ACNB Corp.,NA,2.4,3.4,4.3,65.27,3.8,0.4,1,10,531.1,265533,09/01/2026,0.42,A,No,Yes,No,No,No,-0.1,10.8,2.7,0.05,12.37,1.08,1.44,28,46.91,11,24.2,2.57,2.5,NA,33.6,30.8,9,15,No,Yes,36.6,45.9,51.7,38.2,40,8,9,48,7,No,No,33.4,64.48,Banks-Regional,NA,3.7,53,Yes,1.5,51.8,No,269,12,25.7,2.7,0,65.27,56,30,22,5.58,Yes,13,1.02,-1.2,91,92,99,0.62,4197,651.8,2.44,10212,24.5,-23.9,8.6,27.2,NA,27.6,NA,86,20,A+,8.4,11,1,10.1,2.6,4.8,66,154.9,1,8,37,NA,12.9,72,Yes,0.65,3,54,NA,No,219,NA,No,No,No,4,0,Yes,34,1.8,28,45,NASDAQ,No,94,Yes,1.55,-,99,9801.3,75,69,31.3,25.6,Yes,Yes,21.4,4.8,BANKS,3.8,NA,No,27,955.8,No,No,No,53.2,10.9,NA,10.2,29,2026-07-31,ACNB,15,12,7,0,12,10,10,66,104,30,FALSE,FALSE,Momentum Leader,CANSLIM Growth,65.9,Leading
4604,NET,Cloudflare Inc. Cl A,NA,1.9,2.2,2.3,293.8,6.4,0.9,1,4,4899,9834475,NA,0,B+,Yes,Yes,Yes,Yes,Yes,0.94,247.1,0,1.96,161.17,0,0,98,0,216,-10.4,5.49,5.23,NA,30.4,31.4,36,30,No,Yes,28.4,46.2,35.9,28.7,61,-,55,37,-8,Yes,No,41.5,278.98,Comp Sftwr - Enterprise,NA,3.5,134,No,13.31,141.3,No,114,276,3.7,3.1,0,293.8,109,117,50,1.01,Yes,0,-1.56,-5.04,91,95,98,2.22,857538,100638.2,5.27,321184.8,33.3,5.8,13.7,36.1,NA,57.3,NA,97,39,A,8.4,29,32,15.2,5.4,6.6,-,2167.9,53,34,24,NA,33.6,3470,Yes,-4.41,28,3701,NA,No,2208,NA,No,No,No,38.48,0,Yes,56,1.6,47,30,New York Stock Exchange,Yes,96,Yes,64.57,-,98,318021.3,35,5,51.8,32.6,Yes,Yes,33.1,4.1,SOFTWARE,6.4,NA,No,60,95425.8,Yes,No,No,34.3,-9.9,NA,-8.2,-3.6,2026-07-31,NET,27,12,10,0,12,10,10,81,109.66666666666667,20,TRUE,TRUE,Momentum Leader,CANSLIM Growth,62.1,Strong
4516,MUFG,Mitsubishi UFJ Financial Group Inc. ADR,NA,2.2,2.1,2.1,23.25,-1.9,0,0,1,5329.5,6810283,03/31/2026,0,A,No,Yes,No,No,No,7.82,0,1.9,0.67,5.29,0.92,1.03,50,61.89,15,25.1,2.13,2.31,NA,27.9,14.1,9,1,No,Yes,32.6,52.1,40.3,35.7,3,16,16,29,7,No,No,41.6,22.45,Banks-Money Center,NA,3.7,41,Yes,0.49,100.4,No,27,17,-0.3,0.1,0,23.25,59,15,17,1.36,Yes,30,-0.22,-3.44,91,90,97,0.79,69111,247397.1,2.37,11867711,26,42,12.9,25.1,NA,24.4,NA,93,12,B,29.2,13,10,9.2,1.2,3.4,31,37423,37,-108,22,NA,-108.1,3334,Yes,-0.05,4,4724,NA,No,99,NA,Yes,No,No,6.93,0,Yes,76,1.7,76,6,New York Stock Exchange,No,90,Yes,1.81,-,97,11287549.9,5,5,75.8,-26.6,Yes,Yes,20.5,3.1,BANKS,-1.9,NA,Yes,0,167350.1,Yes,No,No,61.5,28.6,NA,11.6,18.3,2026-07-31,MUFG,20,15,7,5,12,0,10,69,99.66666666666667,25,TRUE,FALSE,Pullback to 10SMA,CANSLIM Growth,65.9,Leading
5043,TRST,Trustco Bank Corp.,NA,7.1,6.7,7.1,58.98,-0.6,0,0,2,25.9,819765,06/05/2026,0,A+,No,No,No,No,Yes,-0.01,15,2.6,0.28,18.59,0,0,48,60.61,0,29.1,2.5,2.6,NA,20.2,22.5,2,3,No,Yes,25.4,29.8,29,27.1,15,-2,0,28,5,No,No,37.9,56.98,Banks-Savings & Loan,NA,9.5,23,Yes,1.43,5.5,No,21,16,6.2,5,0,58.98,63,28,24,3.6,Yes,15,0.74,-3.38,91,81,96,0.63,6735,963.1,2.82,17028,23.6,-8.1,3.8,19.7,NA,31.3,NA,68,10,A,0,0,0,5.4,0.6,2.1,33,277.6,-17,9,26,NA,9,125,Yes,0.42,0,113,NA,No,329,NA,No,No,No,4.44,0,Yes,24,2.3,21,6,NASDAQ,No,89,Yes,1.48,-,97,16467.6,44,26,22.7,26.8,Yes,Yes,18.6,-0.9,BANKS,-0.6,NA,No,48,1059.3,No,No,No,69.8,-20.4,NA,9,23.1,2026-07-31,TRST,10,12,7,0,12,10,10,61,96.33333333333333,25,FALSE,FALSE,Pullback to 10SMA,CANSLIM Growth,65.9,Leading
5248,VIRT,Virtu Financial Inc.,NA,3.6,3.6,3.6,60.97,-1.7,0,0,0,791.2,4771548,09/01/2026,0.24,D+,No,Yes,No,Yes,Yes,-2.06,15.8,1.6,1.11,3.68,0.88,1.05,16,37.36,9,33.6,4.11,4.58,NA,37.3,34.8,-4,19,No,Yes,56.2,51.2,45.4,53.2,24,8,65,51,27,No,No,76.3,58.73,Financial Svcs-Specialty,NA,0,101,Yes,2.79,98,No,48,8,-2.2,5.8,0,68.02,75,95,39,6.96,Yes,48,-0.73,-13.66,91,72,93,0.57,73095,9174.9,4.28,87024.4,34.3,-23,-1.4,18.3,NA,41.5,NA,97,88,D,0.7,26,-3,2.6,1.5,-2.5,62,2145.3,93,26,61,NA,42.3,1277,No,-0.43,46,983,NA,No,595,NA,No,No,No,1.98,0,No,19,1.3,72,23,New York Stock Exchange,No,88,Yes,2.99,-,96,82458.4,62,28,45.6,39.6,Yes,No,25.2,2.1,FINANCE,-1.7,NA,Yes,67,7653.5,No,No,No,33.1,-18.9,NA,30.9,15.2,2026-07-31,VIRT,17,15,5,0,12,10,10,69,92.33333333333333,40,FALSE,FALSE,CANSLIM Growth,CANSLIM Growth,52.3,Improving
4749,NUE,Nucor Corp.,NA,2.7,2.6,2.6,270.02,3.9,0,0,0,218.2,4020946,06/30/2026,0,D,No,No,No,No,Yes,0.87,35.4,0.9,2.51,18.38,0,0,61,80.62,13,7.9,3.25,3.32,NA,14.4,16.8,-2,-2,Yes,No,75.3,152,133.1,105.9,6,-22,-28,105,7,No,No,57.7,257.29,Steel-Producers,NA,0,20,No,7.96,28.9,Yes,16,21,-0.6,1.8,0,270.9,27,45,36,12.5,No,47,0.1,-5.02,91,81,91,1.14,381882,58538.5,3.17,227741,35.2,-13.6,15.5,14.2,NA,44.8,NA,79,33,C-,8.5,126,4,6.5,5.8,9.6,78,32494,-53,23,-9,NA,22.1,1596,No,0.25,108,1565,NA,No,2172,NA,No,No,No,1.62,0,Yes,86,1.2,328,6,New York Stock Exchange,No,91,Yes,2.63,-,95,226327.2,42,77,207.1,17.6,Yes,Yes,26.3,5.3,METALS,3.9,NA,No,42,62856.2,No,No,No,79.8,18.9,NA,8.4,11.1,2026-07-31,NUE,25,15,7,0,12,10,10,79,89.66666666666667,30,FALSE,TRUE,CANSLIM Growth,CANSLIM Growth,52.3,Improving
5394,WLY,John Wiley & Sons Inc. Cl A,NA,9.7,8.5,7.2,57.45,5.3,5.6,3,1,552.8,3782633,07/07/2026,0,B,No,No,No,No,No,-3.35,13.5,2.9,0.54,10.67,2.52,6.17,32,47.42,11,12.8,3.98,4.5,NA,-1.2,-0.1,-5,-7,No,No,18.4,16.9,13.8,13.7,6,2,6,16,18,Yes,No,70.4,52.2,Media,NA,1.9,119,Yes,2.21,87.3,No,54,12,-15.4,9.7,0,57.45,114,125,64,4.23,Yes,11,-0.55,-9.14,91,90,88,0.74,25753,2668.3,4.28,42001,38.3,-34.7,7.6,27.5,NA,67.1,NA,71,99,A,1.2,15,10,12.2,2.6,3.2,69,1676.5,31,1,14,NA,1.3,544,Yes,-0.29,-18,351,NA,No,454,NA,No,No,No,1.31,0,No,22,1.6,15,0,New York Stock Exchange,No,95,Yes,3.13,-,91,39129.2,13,4,18.7,0.4,Yes,Yes,35.3,0.4,MEDIA,5.3,NA,No,68,3521.6,No,No,No,35.2,-9,NA,27.7,30.2,2026-07-31,WLY,10,8,5,0,12,10,10,55,99.66666666666667,30,FALSE,FALSE,Momentum Leader,CANSLIM Growth,46.5,Improving
5001,TOELY,Tokyo Electron Ltd. ADR,NA,0,0,0,204.18,-12.5,0,0,0,2169,0,03/31/2026,0,D,No,No,No,No,No,0.04,47.7,0.8,2.7,42.92,10.16,12.94,84,185.46,42,30.6,4.29,4.3,NA,2.2,1.3,0,9,No,Yes,10.7,13,9.9,8,13,3,18,8,17,No,No,52.9,167.37,Elec-Semiconductor Equip,NA,0,5,Yes,8.89,1.4,Yes,33,39,0,0,0,242.6,22,20,22,4.31,Yes,17,-3.53,-31.01,91,39,86,0.37,85272,149041.2,4.43,936065.5,22.1,234.8,-29.5,18.2,NA,25,NA,84,23,E,4.1,27,35,-12.9,-10.2,-17.1,76,15597.7,62,20,-2,NA,4.9,405,No,-6.13,49,1212,NA,No,32,NA,Yes,No,No,9.5,0,No,33,1.7,3,2,US OTC,No,70,Yes,11.7,-,87,0,3,0,17.9,-0.3,Yes,Yes,11.8,0,CHIPS,-12.5,NA,No,0,134731.6,Yes,Yes,Yes,84.3,14.1,NA,30,22.4,2026-07-31,TOELY,20,0,5,10,12,0,10,57,77,60,TRUE,FALSE,CANSLIM Growth,CANSLIM Growth,32.9,Weak
4391,MKSI,MKS Inc.,NA,4,3.7,3.8,349.01,-9.6,0,0,0,2169,5158599,06/03/2026,0,E,No,No,No,No,No,3.19,52.8,0.3,1.11,31.22,0,0,81,245.18,23,7.7,7.12,7.88,NA,10.7,11.4,8,2,Yes,No,34.3,20.5,19.3,24.4,1,-9,12,18,10,Yes,No,86.1,297.45,Elec-Semiconductor Equip,NA,0,5,Yes,28.16,103,Yes,33,35,0.9,7.9,0,447.62,22,20,14,8.47,No,28,1.41,-33.55,91,34,83,2.14,472171,19810.7,8.18,67544.1,20.7,-13.1,-33.1,4.8,NA,26.4,NA,80,23,E,12.5,50,31,-15.4,-8.5,-15.6,83,3931,49,15,20,NA,12.8,1353,No,4.15,63,1143,NA,No,956,NA,No,No,No,4.93,0,No,35,0.9,15,10,NASDAQ,No,68,Yes,7.12,-,89,65200.8,12,16,24.7,12,Yes,Yes,6.8,7.4,CHIPS,-9.6,NA,No,75,21172,No,No,No,212.5,39.3,NA,11.7,7.8,2026-07-31,MKSI,20,8,5,0,12,10,10,65,69.33333333333333,30,TRUE,FALSE,CANSLIM Growth,CANSLIM Growth,32.9,Weak
4520,MUSA,Murphy USA Inc.,NA,3.1,2.4,2.7,635.17,-0.9,0,0,0,237.3,847683,05/18/2026,0,B-,No,No,No,No,No,-14.5,21.3,0.4,0.83,14.58,1.43,1.47,61,81.88,20,3.1,3.71,3.53,NA,-2,-0.9,5,-6,Yes,Yes,29.3,61,47.3,34.9,3,14,1,20,59,Yes,No,50.6,607.76,Retail-Super/Mini Mkts,NA,0,116,No,20.54,405.3,Yes,17,21,14.2,5,0,636.04,65,120,40,29.54,Yes,21,-1.35,-4.45,91,68,83,0.35,173187,11379.8,3.59,18470.7,31.6,-28.4,12.8,3.4,NA,43.8,NA,88,117,D,36,34,-9,8.1,0.4,3.3,25,19384,-5,6,2,NA,3.6,306,Yes,-8.34,35,219,NA,No,690,NA,No,No,No,0.57,0,Yes,175,1.2,8,-4,New York Stock Exchange,No,84,Yes,17.04,-,97,16825,0,6,91.2,1.6,Yes,Yes,23.8,2.4,RETAIL,-0.9,NA,Yes,51,14096.3,No,No,No,67.7,-8.8,NA,64.3,2.8,2026-07-31,MUSA,25,15,7,0,12,10,10,79,82.66666666666667,35,TRUE,FALSE,Pullback to 10SMA,CANSLIM Growth,52.4,Improving
4184,LNTH,Lantheus Holdings Inc.,NA,6.5,6.2,6.1,109.48,-4.9,3.1,4,3,1077.5,6401705,NA,0,C,No,No,No,No,No,0.93,13.6,0,2.83,17.48,0.19,0.19,51,93.26,19,20.4,3.73,3.66,NA,0.7,0.6,38,13,No,Yes,-9.4,-8.3,-9.4,-9.4,54,88,5,-10,21,No,No,49.7,99.64,Medical-Products,NA,2.4,109,No,3.88,51.6,No,127,17,-0.8,10.2,0,111.86,142,103,45,5.97,Yes,90,-1.35,-10.92,91,51,83,0.91,102689,6575.7,3.87,65106.1,29.4,4.4,-10.2,17.7,NA,48.9,NA,68,90,D+,18.8,-12,18,-2.2,-3.7,-4.3,62,1541.6,9,1,-10,NA,2.6,1002,No,-1.36,-18,1022,NA,No,684,NA,No,No,No,4.2,0,No,-5,1,5,1,NASDAQ,No,74,Yes,4.75,Yes,91,62813.3,-25,-13,0.2,2.2,No,No,19,1.8,MEDICAL,-4.9,NA,Yes,83,6774.7,No,No,No,40,25.7,NA,21.4,31.4,2026-07-31,LNTH,0,0,5,0,12,10,10,37,80,40,FALSE,FALSE,Value + Quality,Momentum Leader,50.1,Improving
4282,MATX,Matson Inc.,NA,4.2,3.4,3.2,224,-3.8,0,0,6,72.7,904616,08/06/2026,0.38,A,No,No,No,No,No,-5.95,28.4,0.7,0.82,11.97,0,0,44,57.9,14,16,3.33,3.42,NA,-1.9,-4.5,-2,0,Yes,No,31.5,-7.4,-8.5,15.1,2,-5,8,-11,15,No,No,64,202.59,Transportation-Ship,NA,12.2,10,Yes,7.01,19.5,Yes,49,15,-5.9,3.1,0,230.74,14,17,20,13.61,No,58,-0.52,-12.2,91,64,82,1.08,59416,6163.1,3.76,30263.3,30.7,-38.7,5.4,16.1,NA,26.4,NA,43,18,B-,15.1,7,5,2.9,-4.6,-2.3,32,3344.5,67,-3,-1,NA,-3.7,298,Yes,-1.06,30,184,NA,No,516,NA,No,No,No,1.85,0,No,-15,0.9,21,-2,New York Stock Exchange,No,80,Yes,2.25,-,96,29505.4,-28,-12,3,-5.3,No,No,18.2,4,TRANSPORTATION,-3.8,NA,No,63,6693.5,No,No,No,89.7,-7.3,NA,16.4,7.5,2026-07-31,MATX,0,0,5,0,12,10,10,37,86,30,FALSE,FALSE,Other,Momentum Leader,57.8,Strong
3955,AVT,Avnet Inc.,NA,4.5,4.4,4.8,91.32,-0.6,0,0,0,503.9,6510078,06/03/2026,0,D+,No,No,No,No,No,0.47,241,1.6,2.01,10.72,0,0,63,132.95,11,1.1,3.68,3.58,NA,9.2,12.9,2,-5,Yes,Yes,-1.2,29.4,13.6,6.2,6,-2,-28,8,3,Yes,No,84.8,88.84,Electronic-Parts,NA,0,45,No,3.11,53.5,Yes,23,21,8,8,0,95.26,23,26,32,4.18,No,47,2.35,-6.74,91,72,80,1.05,111152,7119.7,3.75,82024.1,31.5,-3.6,0,7.7,NA,42.4,NA,64,14,E,9.1,50,58,-0.6,-0.6,0.8,83,22200.8,-34,34,-36,NA,22.8,1272,No,2.04,122,1182,NA,No,752,NA,No,No,Yes,0.29,0,Yes,76,1.1,21,-7,NASDAQ,No,90,Yes,1.47,-,99,81197.9,-9,-34,48.4,16.9,Yes,Yes,21,4.4,ELECTRNCS,-0.6,NA,No,60,9541.7,Yes,Yes,No,67.8,-32,NA,4.8,1.3,2026-07-31,AVT,27,12,7,0,12,10,10,78,81,25,TRUE,TRUE,CANSLIM Growth,CANSLIM Growth,46.2,Improving
4739,NTRA,Natera Inc.,NA,3,3.7,3,275.12,2.2,1.7,1,2,229.3,4964646,NA,0,B,No,No,No,Yes,Yes,0.11,262.7,0,2.96,170.03,0,0,79,0,0,-11.6,4.77,4.71,NA,36.4,36.4,40,45,No,Yes,-12.9,7.2,-31.3,-22.9,36,-,-,-,-14,No,No,16.9,267.76,Medical-Services,NA,3.4,88,No,12.14,8.2,No,59,0,-17.6,3.6,0,288.04,96,13,10,-1.62,Yes,0,-0.7,-7.04,91,89,79,1.43,338347,38619.5,4.05,143215.4,22.8,-1.7,-1.4,29.9,NA,15.8,NA,25,8,A-,-10.7,-6,82,11.5,2.7,-0.1,79,2306.1,60,39,1,NA,39.3,1399,No,-1.9,33,1331,NA,No,1773,NA,No,No,No,15.33,0,No,-20,1.9,188,36,NASDAQ,No,89,Yes,21.54,-,99,136900.4,-146,-147,83.9,37.8,No,No,21.2,3.6,MEDICAL,2.2,NA,No,65,35489.1,Yes,Yes,No,100.3,-33.3,NA,-14.3,-12.2,2026-07-31,NTRA,7,0,5,0,12,10,10,44,96.33333333333333,25,FALSE,TRUE,Other,Momentum Leader,50.1,Improving
4257,M,Macy's Inc.,NA,5.9,4.6,4.8,25.52,6.2,0,0,0,1533.9,30594839,06/15/2026,0,D-,No,No,No,No,Yes,2.78,6.4,3.3,1.48,4.8,2.04,5.4,25,39.75,11,3.8,4.41,4,NA,-1.6,-0.7,-1,-3,No,No,1.5,33,19.1,7.1,10,2,-15,-9,9,No,No,12.6,24.82,Retail - General,NA,0,50,No,0.96,105.6,Yes,15,11,3.8,11.7,0,26.1,49,124,18,2.3,No,98,-0.44,-4.9,91,88,67,1.5,145058,6557.5,3.72,263038,19,-17,5.4,27,NA,24,NA,34,118,B+,324.2,-5,4,7.7,3.5,5.6,93,21764,-25,2,-12,NA,0.1,6253,Yes,-0.11,-15,5839,NA,No,698,NA,No,No,No,0.3,0,No,-19,1.6,-7,-2,New York Stock Exchange,No,91,Yes,1.35,-,97,262029.2,125,-23,-13,-0.2,No,No,18.3,-2,RETAIL,6.2,NA,No,58,10844.8,No,No,No,96.5,-11.2,NA,13.6,1.3,2026-07-31,M,0,12,5,0,12,10,7,46,89,15,FALSE,FALSE,Other,Momentum Leader,52.4,Improving
5257,VLEEY,Valeo SE ADR,NA,0,0,0,8.69,8.2,0,0,0,224.9,0,05/22/2026,0,D,No,No,No,No,-,0,0,2.3,0,1.78,0,0,45,23.69,10,2.2,2.93,2.73,NA,6,6.6,4,1,No,Yes,0,0,0,0,-,-,-,-,2,No,No,23.7,8.45,Auto/Truck Equipment Parts & Tires,NA,0,107,No,0.21,0,No,55,0,0,0,0,9.66,82,77,11,0.15,No,0,-0.53,-12.53,91,94,61,0.84,39,4203.3,2.52,491215.2,22,272.3,15.3,35.1,NA,20.2,NA,11,60,A,18,67,36,9.8,10.1,13.7,45,24680.2,94,-6,-49,NA,-5.6,5,No,-0.04,35,15,NA,No,0,NA,Yes,No,No,0.17,0,No,60,1.3,0,1,US OTC,No,90,Yes,NA,-,97,0,0,-52,0,-0.4,No,No,19.9,0,AUTO,8.2,NA,No,0,8516.7,No,No,No,53.7,128.1,NA,5.8,1,2026-07-31,VLEEY,20,0,5,10,12,0,10,57,94,15,TRUE,FALSE,CANSLIM Growth,CANSLIM Growth,44.8,Weak
4293,MBIN,Merchants Bancorp,NA,16,9.9,10.4,56.87,15.7,0.4,1,10,531.1,1566266,06/15/2026,0,E,No,No,No,No,No,-0.17,-6.9,0.9,0.1,-16.97,0,0,26,42.73,10,19.3,3.26,3.41,NA,8.8,8,14,12,No,No,4.2,50.1,33.3,14.7,104,0,-9,5,10,Yes,No,62,55.18,Banks-Regional,NA,3.7,53,No,1.68,232.4,No,269,11,4.8,8.1,0,56.87,56,30,31,4.98,Yes,16,-0.59,-2.97,90,91,95,0.87,8220,2550,3.76,45938.1,34,37.5,10.4,18.6,NA,33.1,NA,78,20,B-,21.3,48,7,14.8,12.9,13.8,74,681.4,12,2,-40,NA,10.9,167,Yes,-0.33,45,222,NA,No,299,NA,No,No,Yes,3.55,0,Yes,147,1.6,34,-5,NASDAQ,Yes,95,Yes,1.38,-,97,19219.8,-31,-17,90.5,5.8,Yes,Yes,25.4,0.7,BANKS,15.7,NA,No,70,6327.4,No,No,No,88.3,24.8,NA,9.7,23.1,2026-07-31,MBIN,25,15,10,5,12,10,10,87,102,10,TRUE,FALSE,Breakout,CANSLIM Growth,65.9,Leading
3621,AGM,Federal Agricultural Mortgage Corp. Cl C,NA,3,3,2.8,228.38,8.6,3.8,1,2,64.3,380310,06/15/2026,0,A+,No,No,No,No,No,-1.94,151.4,3,0.1,31.22,0.73,0.89,33,47.69,11,23.2,2.85,2.75,NA,16.5,17.5,14,10,No,Yes,10.9,10.1,10.1,11.9,2,14,7,9,11,Yes,No,29.6,227.6,Finance-Mrtg&Rel Svc,NA,7.7,108,No,5.49,1714.9,Yes,26,12,-6.6,4.2,0,228.38,121,130,22,18.32,Yes,6,3.31,-0.34,90,98,94,0.84,25400,2322,2.78,9317.9,27.5,63.4,14.2,31,NA,34.4,NA,83,136,A+,11,21,11,15.3,5.7,7.9,15,410.3,0,25,7,NA,19.1,136,Yes,7.3,12,223,NA,No,349,NA,No,No,No,4.73,0,No,25,1.9,13,22,New York Stock Exchange,No,98,Yes,2.04,-,103,9118,-8,10,19.1,18.4,Yes,Yes,26.3,-0.9,FINANCE,8.6,NA,Yes,47,32209.6,Yes,Yes,No,32.1,4.8,NA,12.9,15.4,2026-07-31,AGM,15,0,5,7,12,10,10,59,109,25,FALSE,TRUE,Momentum Leader,CANSLIM Growth,52.3,Improving
4661,NMM,Navios Maritime Partners L.P.,NA,3,2.9,3,82.84,2.1,0,0,6,72.7,384660,05/11/2026,0,D+,No,No,No,No,No,30.76,-37.5,0.3,1.45,4.66,1.3,1.38,11,26.96,5,21.2,3.15,3.18,NA,4.1,6.2,27,1,Yes,No,5.2,44,25.6,14.1,10,5,-12,12,9,Yes,No,54,80.76,Transportation-Ship,NA,12.2,10,No,2.35,63.7,Yes,49,7,3,2.1,0,82.84,14,17,26,11.73,No,49,1.88,-2.51,90,87,94,0.87,8765,2253.2,3.23,28424.6,25.9,69.4,15.3,12,NA,35,NA,77,18,C+,20.7,74,2,8.2,4.7,6,62,1344.1,-11,17,-11,NA,13.7,123,Yes,1.49,102,201,NA,No,26,NA,No,No,No,1.64,0,Yes,112,1,30,1,New York Stock Exchange,Yes,90,Yes,0.68,-,101,17938.1,-10,-30,71.1,9.7,Yes,Yes,17.8,-3.7,TRANSPORTATION,2.1,NA,No,8,4178.5,No,No,No,96.8,7.8,NA,8.8,29.2,2026-07-31,NMM,30,12,10,7,12,5,10,86,92.33333333333333,15,TRUE,FALSE,Breakout,CANSLIM Growth,57.8,Strong
3730,AMG,Affiliated Managers Group Inc.,NA,3.6,3,2.8,377.16,2.4,1.8,2,0,1048.7,883948,08/10/2026,0.01,E,No,Yes,No,No,No,10.18,10.3,0,1.24,11.97,1.14,1.14,28,49.97,9,57,3.33,3.4,NA,9.3,12,-3,1,Yes,Yes,32.7,52.4,46,39.8,37,10,15,49,22,No,No,27.2,366.73,Finance-Investment Mgmt,NA,0,114,Yes,12.12,98.9,Yes,113,11,-8.3,3.5,0,382.75,84,75,10,32.1,Yes,7,0.35,-4.19,90,89,91,1.23,108048,9652.6,3.64,26412.1,22.5,-25.8,8.4,24.5,NA,17.1,NA,95,70,E,4.9,40,15,7.2,1.5,1.9,45,2074.4,10,30,22,NA,19.8,322,No,1.27,38,232,NA,No,666,NA,No,No,No,4.27,0,Yes,54,1.1,58,2,New York Stock Exchange,Yes,89,Yes,3.13,-,98,25243.6,45,27,56,15.3,Yes,Yes,17,-2.6,FINANCE,2.4,NA,No,56,11781.4,No,No,No,74.7,-18.4,NA,21.8,28.4,2026-07-31,AMG,27,15,10,0,12,10,10,84,97,35,TRUE,TRUE,Earnings Accelerator,CANSLIM Growth,52.3,Improving
3880,ASML,ASML Holding N.V.,NA,0.9,0.6,0.6,1823.88,-7.3,0,0,0,2169,1284921,07/28/2026,0,E,No,No,No,No,No,0.38,60.4,0.4,1.33,44.35,2.89,2.97,88,200.29,30,34.9,4.99,5.12,NA,19,16.1,16,15,No,Yes,41.1,24.5,21.1,28.1,2,17,19,22,36,Yes,No,52.3,1629,Elec-Semiconductor Equip,NA,0,5,Yes,91.58,9.1,Yes,33,50,6.4,0.3,0,1999.96,22,20,7,32.28,Yes,10,-1.36,-18.55,90,48,91,1.78,3575944,632759.3,4.99,388147.7,19.2,-20.3,-18.1,13.2,NA,14.5,NA,90,23,E,9.6,48,37,-5.3,-4.1,-6.5,41,39017.5,-8,20,47,NA,18.5,2051,No,-22.44,84,1601,NA,No,1286,NA,Yes,No,No,15.29,0,No,27,1,24,21,NASDAQ,No,65,Yes,25.16,-,93,385254.6,23,11,25.2,19.1,Yes,Yes,10.2,2.8,CHIPS,-7.3,NA,No,9,626300.9,No,No,No,134.5,13.3,NA,51.4,31.3,2026-07-31,ASML,20,8,5,0,12,5,7,57,76.33333333333333,55,TRUE,FALSE,CANSLIM Growth,CANSLIM Growth,32.9,Weak
3846,ARMK,Aramark,NA,3.5,3.6,3.5,58.47,-0.4,0,0,0,293.8,10297923,05/20/2026,0,B-,No,No,No,No,No,11.33,43.9,0.8,1.21,16.54,0.75,0.76,75,165.19,23,2.3,2.04,2,NA,7.3,9.2,10,1,No,Yes,19.6,15.6,18.9,18.6,6,38,7,13,8,No,No,54.6,56.97,Comml Svcs-Outsourcing,NA,0,125,No,1.12,192.8,Yes,22,29,-2.8,3.9,0,58.68,115,27,42,1.96,Yes,38,-0.49,-2.91,90,79,89,0.95,141218,15054.1,1.94,262953.5,30.3,-38.6,0.1,24.7,NA,48,NA,76,25,C-,1.2,22,20,4.1,0.5,0.5,33,18506.3,-9,12,19,NA,9.2,2583,No,-0.28,21,1510,NA,No,763,NA,No,No,Yes,0.78,0,Yes,41,1.1,0,6,New York Stock Exchange,No,90,Yes,4.56,-,97,260707.6,6,29,20.6,10.3,Yes,Yes,24.8,3.4,BUSINS SVC,-0.4,NA,No,67,20069,No,No,No,33.9,-8.3,NA,10.6,2.1,2026-07-31,ARMK,20,8,7,0,12,10,10,67,93,25,TRUE,FALSE,CANSLIM Growth,CANSLIM Growth,58.5,Strong
4132,LFUS,Littelfuse Inc.,NA,2,1.9,3.4,458.05,9.2,0,0,0,503.9,1289941,08/20/2026,0.8,E,No,No,No,No,Yes,0.71,26.4,0.7,2.76,25.3,0,0,80,218.01,23,0.2,4.68,4.84,NA,14.2,15.3,3,1,Yes,No,34.7,43.3,34.7,36.7,13,-7,-2,35,-2,No,No,74.8,442.13,Electronic-Parts,NA,0,45,Yes,20.67,22.8,Yes,23,34,77.8,5.2,0,500.57,23,26,29,13.14,No,22,0.03,-11.67,90,66,84,1.33,159118,11226.2,5.04,25398.7,27.5,-27.3,-2.9,9.4,NA,36.6,NA,76,14,E,10.7,55,16,-0.1,8.9,7.1,39,2386.3,-28,20,26,NA,19.5,374,No,0.13,68,250,NA,No,806,NA,No,No,No,4.3,0,No,47,0.7,51,9,NASDAQ,No,85,Yes,4.29,-,98,25043.1,32,9,49.1,17,Yes,Yes,17,5.4,ELECTRNCS,9.2,NA,No,61,10702.6,No,No,No,71.8,77.5,NA,-3,12.1,2026-07-31,LFUS,20,12,5,0,12,10,10,69,80,30,TRUE,FALSE,CANSLIM Growth,CANSLIM Growth,46.2,Improving
5150,UNF,UniFirst Corp.,NA,2.3,3.6,4.1,306.67,-0.5,0,0,0,293.8,876952,06/05/2026,0,A,No,No,No,No,Yes,0.1,54.6,0.5,3.04,18.41,15.26,19.07,83,179.27,37,8,2.16,2.1,NA,1.4,1.5,7,4,Yes,Yes,-3.6,-9.4,-8.9,-7.3,16,2,5,-10,6,Yes,No,51.9,292.98,Comml Svcs-Outsourcing,NA,0,125,Yes,5.81,2.9,Yes,22,38,11.2,6.1,0,306.67,115,27,33,7.68,Yes,6,-0.21,-4.46,90,80,83,0.67,55070,5101,2.18,14532.9,28.8,-44.7,10.8,14.7,NA,36.3,NA,43,25,A-,13.7,-10,9,7.7,-0.1,4,28,2432.4,18,4,0,NA,3.6,205,Yes,-0.62,-11,114,NA,No,433,NA,No,No,No,1.71,0,No,0,1.6,-11,0,New York Stock Exchange,No,80,Yes,2.32,-,96,14360.3,-17,-7,-5.4,3.3,No,No,18,-3.3,BUSINS SVC,-0.5,NA,No,62,5096.1,No,No,No,71.3,-17.7,NA,6.9,3.1,2026-07-31,UNF,0,0,5,0,12,10,10,37,86.33333333333333,25,FALSE,FALSE,Pullback to 10SMA,Momentum Leader,58.5,Strong
4261,MAC,Macerich Co.,NA,4.3,6.7,6,26.68,0,5.7,11,1,1674.3,22530498,06/15/2026,0,B,No,No,No,No,No,-6.92,43.4,2.6,0.28,15.13,0,0,54,0,22,-7.8,2.66,2.59,NA,8.6,5.9,5,7,No,No,-8.9,-2.2,-8.4,-8,37,-,-8,-10,-4,Yes,No,40,25.84,REITs,NA,0.5,98,No,0.65,174.6,Yes,194,18,-11.3,8,0,26.68,44,23,30,1.46,No,0,1.45,-3.13,90,78,76,1.4,79664,7511.7,2.37,283559.4,25.4,21.3,2.6,18.9,NA,36.5,NA,42,45,B-,9,7,10,4.5,-1.4,0.1,19,1014,-11,-3,-11,NA,-3.7,3260,Yes,0.37,7,3625,NA,No,727,NA,No,No,No,7.28,0,Yes,10,1.5,-8,10,New York Stock Exchange,No,90,Yes,2.76,-,97,281614.6,-8,-27,0.9,2.5,Yes,Yes,19.8,4.9,REAL EST,0,NA,No,68,12161,Yes,Yes,Yes,54.6,-23.8,NA,-7.6,-15.1,2026-07-31,MAC,0,0,7,0,12,10,10,39,88.33333333333333,0,FALSE,FALSE,Other,Momentum Leader,44.1,Weak
5440,WTTR,Select Water Solutions Inc.,NA,2.2,2.9,3.1,21.67,-8.2,0,0,0,1972.1,5803084,08/07/2026,0.07,A-,No,No,No,No,Yes,1.6,-22,1.4,1.92,8.95,1.22,1.26,90,353.82,33,1.8,4.16,4.41,NA,-2.9,-4.1,20,-4,No,Yes,56.7,123.6,87,89.6,74,46,-33,-10,0,No,No,76,18.52,Utilities,NA,0,71,No,0.85,22.5,No,87,58,7.6,5.1,0,21.67,30,60,44,0.32,Yes,85,1.98,-14.54,90,55,68,0.94,33870,2552.8,4.75,124353.9,25.8,-6.1,-7.3,10.7,NA,53.2,NA,65,83,E,86.7,22,33,-4.8,-8.3,-6.8,4,1407.3,-58,-2,45,NA,-1.5,1773,Yes,0.36,33,1553,NA,No,383,NA,No,No,No,1.65,0,No,67,1.3,384,-3,New York Stock Exchange,No,78,Yes,2.28,-,92,113449.3,-80,-23,225.5,-5.4,No,Yes,16.1,4.9,UTILITY,-8.2,NA,No,69,2557.4,No,No,No,92.3,-12.6,NA,2.7,2.4,2026-07-31,WTTR,20,15,5,0,12,10,10,72,71,25,FALSE,FALSE,CANSLIM Growth,CANSLIM Growth,43.4,Weak
3763,ANDG,Andersen Group Inc.,NA,8.6,10,8.5,48.32,10.5,7.9,3,0,80,2764220,NA,0,C,No,No,No,No,Yes,1.15,0,0,2.36,3.24,0,0,72,168.87,25,-15.2,6.34,6.24,NA,15,15.3,0,0,No,No,-275,12.2,-420,-331.3,19,-,-,-72,-8,No,No,82.5,47.33,Comml Svcs-Consulting,NA,0,89,No,2.51,0,No,38,26,-15.1,20.6,0,48.32,106,107,109,1.82,No,0,2.71,-2.05,90,99,59,0.78,14118,5203.9,6.39,13472.2,0,21.1,25.5,33.8,NA,110.8,NA,17,100,C,25.1,-10,24,17.3,4.8,9.7,33,838.7,14,16,-84,NA,17.7,354,Yes,1.25,101,416,NA,No,74,NA,No,No,No,0.73,0,Yes,-86,0.9,109,15,New York Stock Exchange,No,99,No,-0.77,-,98,13397.6,14,-1716,11.4,16.7,No,No,49.2,4.2,BUSINS SVC,10.5,NA,No,89,822.9,No,No,No,0,56.8,NA,-7.6,0.2,2026-07-31,ANDG,5,0,7,0,12,10,0,34,97.66666666666667,25,FALSE,FALSE,Other,Momentum Leader,58.5,Strong
5459,XENE,Xenon Pharmaceuticals Inc.,NA,4,4.6,4.1,68.8,-4.2,2.4,13,4,464.6,6337096,NA,0,A,No,No,No,No,Yes,0.01,-13,0,27.79,-17.79,0,0,6,0,0,-4598.6,3.51,3.87,NA,0,0,-50,93,No,No,-41.1,-46.3,-45.4,-43.1,466,-23,-22,-38,-52,No,No,39.8,62.67,Medical - Development Biotech,NA,0.7,29,No,2.42,0.4,No,549,0,-9.5,7,0,72.66,53,29,47,-4.7,No,0,-2.37,-13.75,90,72,57,0.86,87171,6205,3.93,96665.6,28.6,-50.2,3.8,11.8,NA,52.8,NA,9,30,B+,0.8,-9,-3,9.1,-2.6,-2.1,6,7.5,-10,-100,-45,NA,0,1505,No,-1.52,-7,737,NA,No,561,NA,No,No,No,712.52,0,No,-41,1.3,-56,0,NASDAQ,No,73,Yes,4.53,-,94,90779.5,-42,-43,-48.5,0,No,No,22.1,2.7,MEDICAL,-4.2,NA,No,79,5558.7,Yes,No,No,105.2,-66.3,NA,-51.8,0,2026-07-31,XENE,0,0,5,0,12,10,10,37,75,25,FALSE,FALSE,Other,Momentum Leader,50.1,Improving
3975,AXSM,Axsome Therapeutics Inc.,NA,4.4,2.7,3.2,245.5,-9.5,3.6,2,1,239.9,3024030,NA,0,D+,No,No,No,No,No,0.74,-120.7,0,1.39,-116.1,0,0,65,0,0,-28.8,3.79,4.02,NA,63.8,64.2,148,64,No,No,28.9,30.1,33,29.5,2,-10,2,48,-252,No,No,19.4,217.99,Medical - Revenue Biotech,NA,1.8,68,No,9.63,267.6,No,55,0,18.5,7,0,260.19,119,97,20,-3.73,No,0,-7.1,-16.22,90,37,46,0.92,211531,12074.5,4.09,51459.8,27.4,-5,-10.9,4.9,NA,18.3,NA,37,130,E,-49.2,38,337,-1.7,-0.1,-1.4,65,633.8,-14,56,39,NA,59.9,894,No,-16.65,8,782,NA,No,631,NA,No,No,No,15.91,0,No,-3,1.2,64,66,NASDAQ,No,56,Yes,205.34,-,89,43120.4,30,42,30.2,61.6,No,No,18,8.4,MEDICAL,-9.5,NA,No,56,11598.2,Yes,No,No,115,-37.7,NA,-252.1,-33.8,2026-07-31,AXSM,10,12,5,0,12,10,10,59,57.666666666666664,5,FALSE,FALSE,CANSLIM Growth,CANSLIM Growth,50.1,Improving
5048,TRV,Travelers Cos. Inc.,NA,4.2,4.6,3.8,398.69,-3.3,0,0,3,2447.1,6552038,09/10/2026,1.25,A+,Yes,Yes,No,No,No,-0.23,7.2,1.3,0.34,8.03,0.47,0.51,22,39.31,13,16,2.44,2.65,NA,0.9,0.2,9,5,No,Yes,89.2,126.5,108.7,118.8,8,20,55,64,18,No,No,29.1,374.36,Insurance,NA,2.3,94,Yes,9.15,27.1,Yes,129,10,-16.9,3.2,0,398.69,81,34,26,37.02,Yes,26,-0.43,-6.1,89,91,99,0.43,646995,78422.1,2.84,208575,25.7,-6.3,13.4,22.7,NA,31.6,NA,99,32,A-,85.7,23,-11,15.2,0.1,5.7,60,44387,64,0,28,NA,-0.9,2010,Yes,-1.63,-17,1841,NA,No,2851,NA,No,No,No,1.77,0,No,54,1.9,304,5,New York Stock Exchange,No,90,Yes,2.36,Yes,94,207506.5,22,55,178.9,-0.2,Yes,No,23,0.8,INSURANCE,-3.3,NA,No,50,89807.8,No,No,No,43.9,25.7,NA,20.7,18.2,2026-07-31,TRV,20,15,0,0,10,10,10,65,103,40,FALSE,FALSE,Pullback to 10SMA,CANSLIM Growth,65,Strong
4317,MD,Pediatrix Medical Group Inc.,NA,4.9,4.6,5.6,27,1,1.7,1,2,229.3,4908297,NA,0,A-,No,Yes,No,No,No,2.14,8.8,0,1.33,8.34,2.48,2.48,33,49.62,12,11.3,3.42,3.58,NA,-3.2,-2.1,1,-1,Yes,Yes,44,27.9,34.9,40.9,15,5,16,31,20,No,No,23.9,26.51,Medical-Services,NA,3.4,88,Yes,0.91,48.4,Yes,59,12,21.7,6.1,0,27.94,96,13,19,2.14,Yes,17,0.11,-5.12,89,80,96,0.86,18907,2174.6,3.69,82121.9,20.5,-41.4,4.7,17.8,NA,24,NA,85,8,A-,15.9,12,4,8.8,1.2,1.1,84,1913.8,20,4,35,NA,1.1,780,No,0.03,12,454,NA,No,476,NA,No,No,No,1.13,0,Yes,33,1.4,-2,-5,New York Stock Exchange,No,88,Yes,2.48,-,98,80807.5,52,56,15.7,-0.5,Yes,Yes,18.3,0.6,MEDICAL,1,NA,No,69,2330,No,No,No,116.4,-16.5,NA,20.3,6.2,2026-07-31,MD,15,12,7,0,10,10,10,64,95.33333333333333,40,TRUE,FALSE,CANSLIM Growth,CANSLIM Growth,50.1,Improving
4427,MNST,Monster Beverage Corp.,NA,4.2,3.5,3.2,99.29,3.1,0,0,0,673,18659100,NA,0,D,No,Yes,No,Yes,Yes,0,33.1,0,3.26,45.22,4.44,4.44,86,182.11,41,29.9,2.12,2.2,NA,14,18.1,11,9,Yes,Yes,24.2,32.5,31.1,27.3,16,10,17,32,27,No,No,25.7,96.38,Beverages-Non-Alcoholic,NA,0,62,Yes,2.12,0,Yes,25,44,-10.9,2.7,0,100.34,60,54,15,2.17,Yes,11,-1.3,-3.95,89,75,96,0.6,528029,95502.5,2.25,978008.1,21.6,-28.6,0.3,25.1,NA,19.3,NA,93,24,D,10,12,13,4.9,1.7,1.1,-,8294.3,5,27,27,NA,22.2,5777,No,-1.27,12,3883,NA,No,2811,NA,No,No,No,10.72,0,Yes,23,1.4,34,11,NASDAQ,No,81,Yes,10.8,Yes,97,693341.2,40,27,28.8,20.4,Yes,Yes,17.2,1.1,FOOD/BEV,3.1,NA,No,55,92326.5,No,No,No,64.1,-20.8,NA,26.8,24.2,2026-07-31,MNST,17,12,7,0,10,10,10,66,93.66666666666667,60,FALSE,TRUE,CANSLIM Growth,CANSLIM Growth,59.2,Strong
5332,WASH,Washington Trust Bancorp Inc.,NA,5.4,5.7,6.7,39.84,1.5,0.4,1,10,531.1,1179138,07/01/2026,0,A+,No,No,No,No,No,-0.1,14.7,5.8,0.04,8.88,0,0,38,52.48,11,17.5,2.74,2.64,NA,54,64.4,-7,-2,No,No,24.1,50.3,34.6,29.2,17,-32,-48,254,2,No,No,31.9,38.98,Banks-Regional,NA,3.7,53,No,0.97,93.3,Yes,269,14,16.4,6.3,0,39.84,56,30,9,2.88,No,0,-0.56,-2.17,89,89,89,0.81,6482,747.4,2.89,19065.6,21.7,-35,6.9,24,NA,13.4,NA,37,20,A+,7.9,18,10,11.4,2.8,6,29,229,-158,11,266,NA,4.7,183,Yes,-0.22,56,115,NA,No,315,NA,No,No,No,3.18,0,Yes,22,1.7,5,25,NASDAQ,No,87,Yes,1.34,-,98,18634.8,124,-12,13.4,80.4,Yes,Yes,16.8,1.9,BANKS,1.5,NA,No,46,1405.9,No,No,No,44.7,-34.3,NA,10,17.1,2026-07-31,WASH,15,15,7,0,10,10,10,67,99,0,FALSE,FALSE,Momentum Leader,CANSLIM Growth,65.9,Leading
5218,VCYT,Veracyte Inc.,NA,8.2,5.4,5.1,59.96,-18.2,1.7,1,2,229.3,6674331,NA,0,B+,No,No,No,No,Yes,0.08,14.3,0,9.16,27.38,0.36,0.36,64,123.23,26,13.2,5.05,4.97,NA,16.6,17.3,25,20,No,Yes,536.8,291.3,260.6,314.2,50,62,110,114,5,No,No,10,46.32,Medical-Services,NA,3.4,88,No,2.83,2.5,No,59,22,-6,8.6,0,60.91,96,13,48,2.1,Yes,59,-22.52,-23.95,89,52,87,1.9,66291,4770,5.04,79792.6,43.3,394.1,-21.1,40.7,NA,21.6,NA,56,8,C+,31.6,1,3,13.1,4,3.7,48,517.1,130,15,474,NA,18.5,1254,No,-13.46,-20,5995,NA,No,575,NA,No,No,No,6.58,0,No,23,1.3,68,16,NASDAQ,No,62,Yes,3.55,-,77,77642,783,168,45.2,18.5,Yes,No,42.2,2.7,MEDICAL,-18.2,NA,No,79,4072,Yes,Yes,Yes,97,37.8,NA,5.3,17,2026-07-31,VCYT,15,15,0,10,10,10,10,70,91,25,FALSE,FALSE,CANSLIM Growth,CANSLIM Growth,50.1,Improving
4737,NTOIY,Neste Oyj ADR,NA,0,0,0,19.1,-1,0,0,2,387.8,0,03/27/2026,0,C+,No,No,No,No,Yes,1.58,18,0.2,1.8,13.79,0,0,44,112.48,13,1,2.2,2.27,NA,5.4,5.4,5,-3,Yes,No,809.7,1199.7,1185.3,994.3,21,-,-,-,2,No,No,55.3,17.7,Oil&Gas-Refining/Mktg,NA,7.4,49,No,0.38,50.2,Yes,27,15,0,0,0,19.1,18,3,34,1.19,No,0,-1.5,-7.32,89,68,86,0.59,1020,27483.6,2.47,1535938.8,30.9,-47.9,8.1,2.8,NA,38,NA,85,1,E,-2.2,1412,-24,7.8,-0.9,3.7,33,22424.6,-94,28,26,NA,17.1,62,Yes,-0.27,220,30,NA,No,2,NA,Yes,No,No,1.13,0,No,1496,1.5,1873,-4,US OTC,No,81,Yes,2.81,Yes,98,0,230,1142,1684.3,11.6,Yes,No,20.6,0,ENERGY,-1,NA,No,0,31162.3,No,No,No,123.6,-40.2,NA,2,12.8,2026-07-31,NTOIY,32,15,0,0,10,0,10,67,83,25,TRUE,TRUE,Pullback to 10SMA,CANSLIM Growth,47.5,Improving
4489,MSM,MSC Industrial Direct Co.,NA,4,3,2.9,128.79,-1.8,8.8,3,0,218.1,2317003,07/08/2026,0,A-,No,No,No,No,Yes,0.39,30.1,2.8,1.55,20.67,0,0,75,115.02,23,7,2.9,2.97,NA,3.3,4.4,3,-2,No,No,1.6,20.5,16.8,9.7,15,-7,-18,16,3,No,No,46.7,123.4,Retail - Specialty,NA,0,70,No,3.6,8.2,Yes,34,28,-2.7,5.1,0,128.79,95,57,37,4.33,No,17,1.6,-4.19,89,77,82,0.76,92859,6783.1,3.06,55846.3,25,-38.1,3.7,20.7,NA,46.3,NA,57,57,C,12,23,18,3.3,-3,-1.6,30,3769.5,-24,8,-22,NA,5.4,790,Yes,1.94,27,483,NA,No,597,NA,No,No,No,1.76,0,Yes,32,1.2,14,-1,New York Stock Exchange,No,90,Yes,4.86,-,96,45580.1,15,6,23.1,4.9,Yes,Yes,20.5,-3.9,RETAIL,-1.8,NA,Yes,71,7238.3,No,No,No,42.5,-11.7,NA,14.3,7.7,2026-07-31,MSM,15,8,7,0,10,10,10,60,89.66666666666667,30,TRUE,FALSE,CANSLIM Growth,CANSLIM Growth,52.4,Improving
4214,LSCC,Lattice Semiconductor Corp.,NA,2.5,2.1,2.2,139.98,-3.2,0,0,0,8214,4786054,NA,0,D-,No,No,Yes,No,No,0.1,102.8,0,3.48,98.1,0,0,95,3425.75,64,2.6,6.64,6.77,NA,11.3,17.8,1,-13,Yes,No,21.7,72.1,55.2,39.3,20,-1,-26,50,0,No,No,68.9,124.27,Elec-Semicondctor Fablss,NA,0,83,No,9.19,4.6,Yes,45,99,0.7,3.5,0,157.01,29,36,43,1.25,Yes,39,-0.21,-20.85,89,38,81,2.15,275933,17061.6,6.68,137007.9,23.7,-27.5,-18.8,1.6,NA,54.3,NA,83,43,E,10.7,73,31,-10.3,-2,-6,28,523.3,-55,42,17,NA,33.2,2001,No,-0.26,85,1433,NA,No,874,NA,No,No,No,29.66,0,No,86,1.1,113,3,NASDAQ,No,71,Yes,22.97,-,96,135794.8,17,4,99.8,23.8,Yes,Yes,12.3,4,CHIPS,-3.2,NA,No,69,15384.6,No,No,No,149.4,-8,NA,0.4,12.8,2026-07-31,LSCC,27,15,0,0,10,10,10,72,69.33333333333333,40,TRUE,TRUE,Earnings Accelerator,CANSLIM Growth,32.9,Weak
3801,APLE,Apple Hospitality REIT Inc.,NA,3.6,4.9,4.7,17.13,-1.6,5.7,11,1,1674.3,14099516,07/31/2026,0,C+,No,No,No,No,No,-13.03,16,5.7,0.32,10.6,0.49,0.67,25,89.14,11,12.5,2.1,2.03,NA,-0.4,-0.4,16,3,No,Yes,-2,-1.2,-2.4,-3.1,43,16,-2,-4,2,Yes,No,39.3,16.51,REITs,NA,0.5,98,No,0.34,44.3,Yes,194,11,-4.3,6.5,0,17.13,44,23,35,1.54,Yes,23,-0.12,-3.62,89,73,72,0.97,46929,3921.1,1.92,236067.5,26.5,24.5,-1.8,22.6,NA,41.8,NA,30,45,C,9.1,3,1,3.4,-1.4,-0.4,62,1412.4,1,3,-6,NA,0.5,2957,Yes,-0.02,3,3404,NA,No,545,NA,No,No,No,2.74,0,Yes,6,1.2,-3,-1,New York Stock Exchange,No,86,Yes,1.25,Yes,97,218567.8,-7,-6,1.6,-0.1,Yes,Yes,22,1.1,REAL EST,-1.6,NA,No,61,5541.8,No,No,No,40.5,33.9,NA,5.5,8.2,2026-07-31,APLE,0,0,7,0,10,10,10,37,85,5,FALSE,FALSE,Other,Momentum Leader,44.1,Weak
3681,ALGT,Allegiant Travel Co.,NA,2.8,3.1,2.5,103.78,0,0,0,0,238.2,1624542,05/14/2024,0,D,No,No,No,No,Yes,-93.94,-98.1,0,0.91,4.54,0.51,0.51,54,283,12,-2.1,5.97,5.47,NA,3.8,3.2,16,2,Yes,Yes,355.1,44.8,26,64.3,16,34,-27,51,-4,Yes,No,15,98.08,Transportation-Airline,NA,0,35,No,5.81,157.1,Yes,20,17,-20.1,6.7,0,123.63,123,47,2,5.63,Yes,99,-0.94,-20.67,89,74,71,1.59,57750,2661,5.4,26875.7,14.9,-36.3,-16.6,29.7,NA,10.7,NA,58,28,D-,9.9,93,65,1.6,-0.7,-6.9,9,2606.6,-66,5,53,NA,4.7,596,No,-0.93,-10,367,NA,No,395,NA,No,No,Yes,1,0,No,108,1.3,30,4,NASDAQ,No,73,Yes,1.65,-,95,24189.3,-3,-31,68.9,3.1,Yes,Yes,8.6,8.5,TRANSPORTATION,0,NA,No,66,3702,No,No,No,89.9,-31.6,NA,-4.2,5.7,2026-07-31,ALGT,25,12,0,0,10,10,7,64,85,0,TRUE,FALSE,CANSLIM Growth,CANSLIM Growth,57.8,Strong
5132,UGP,Ultrapar Participacoes S/A ADR,NA,0.5,0.2,0.3,6.59,1.1,0,0,2,387.8,1097793,08/25/2025,0,A,No,No,No,No,Yes,2.11,20.9,4.3,1.67,11.19,0,0,48,25.4,9,2.7,3.09,3.05,NA,0,0,0,0,No,Yes,0,0,0,0,20,-,-,-,9,No,No,72.4,6.5,Oil&Gas-Refining/Mktg,NA,7.4,49,No,0.17,99.9,No,27,16,28.3,0.1,0,6.59,18,3,26,0.5,Yes,0,0.62,-1.3,89,88,71,0.73,20951,7085.7,3.16,1115849.9,31.6,-7.2,29.5,8.5,NA,36,NA,1,1,A-,24.1,51,-8,18.5,2,8.8,22,25483.5,-3,0,-3,NA,0,3790,Yes,0.04,45,3512,NA,No,71,NA,Yes,No,No,0.26,0,Yes,0,1.1,0,3,New York Stock Exchange,No,92,Yes,2.1,-,100,1068755.7,0,0,0,0,Yes,No,23.9,2.9,ENERGY,1.1,NA,No,2,9360.4,No,No,No,112.4,-19.8,NA,17.9,2.4,2026-07-31,UGP,0,0,7,0,10,0,10,27,87.66666666666667,20,FALSE,FALSE,Pullback to 10SMA,Momentum Leader,47.5,Improving
3645,AIN,Albany International Corp. Cl A,NA,2.5,2.6,2.9,77,-1.3,7.7,1,0,4.4,691811,06/05/2026,0,A,No,No,No,No,No,0.94,20.4,1.5,2.2,14.45,0,0,75,211.38,27,-5.2,3.26,3.04,NA,-1.3,0.3,7,3,No,No,-20.7,-5.7,-13.2,-14.4,3,-7,-15,-13,-4,No,No,47,74.51,Machinery-Mtl Hdlg/Autmn,NA,0,22,No,2.25,65.3,No,13,29,11.7,2.5,0,77,36,63,25,2.53,No,12,0.53,-3.23,89,82,69,1.05,16650,2105,3.03,28400,26.5,-31.9,0,28.4,NA,34.3,NA,32,52,B,13.9,324,21,5.3,-1.3,0,50,1182.8,-22,8,-137,NA,9.9,237,Yes,0.39,24,163,NA,No,381,NA,No,No,No,1.76,0,Yes,-18,1.9,12,-4,New York Stock Exchange,No,89,Yes,2.9,-,97,28174.4,-11,-36,-2.9,2.5,Yes,No,21.5,-2.3,MACHINE,-1.3,NA,No,60,2460,No,No,No,37.5,-33.2,NA,-6.9,4.9,2026-07-31,AIN,0,0,7,0,10,10,10,37,87,10,FALSE,FALSE,Other,Momentum Leader,47.4,Improving
5339,WBI,WaterBridge Infrastructure LLC,NA,6.4,4.9,4.1,36.89,-1.9,4.3,1,1,122.1,5330795,06/04/2026,0,C,No,No,No,No,No,8.84,0,0.6,1.29,9.27,0,0,33,131.67,84,-0.2,5.47,5.88,NA,0,0,0,0,No,No,0,0,0,0,4,-,-,-,0,No,No,71,34.22,Oil&Gas-Machinery/Equip,NA,4.3,8,No,1.93,223,No,23,0,-17.4,20.2,0,36.89,15,61,40,0.35,No,0,3.95,-7.24,89,85,68,0.46,42239,4064.2,5.06,47016.1,25.6,-51.9,-0.1,13.5,NA,56,NA,62,65,E,13.5,83,32,2.9,-4.4,-3.2,33,790,-60,105,116,NA,122.4,1324,Yes,1.3,0,632,NA,No,158,NA,No,No,No,2.26,0,No,74,1.4,705,66,New York Stock Exchange,No,93,Yes,2.45,-,98,26449.5,0,0,389.4,0,Yes,No,21,12.1,ENERGY,-1.9,NA,No,99,2927.7,No,No,No,0,-48.6,NA,-0.7,1.8,2026-07-31,WBI,30,0,0,0,10,10,10,60,82.66666666666667,15,TRUE,TRUE,CANSLIM Growth,CANSLIM Growth,47.5,Improving
4008,KLIC,Kulicke & Soffa Industries Inc.,NA,2.2,2.4,2.3,108.96,-12,0,0,0,2169,2574183,06/18/2026,0,E,No,No,No,No,Yes,0.04,683.6,0.8,4.21,41.78,0,0,90,335.26,21,3.1,7.48,8.16,NA,8.7,12.4,-17,-8,Yes,No,40.3,84.4,43.3,43.7,23,-55,-50,140,0,Yes,No,95.8,89.2,Elec-Semiconductor Equip,NA,0,5,Yes,9.14,3.9,Yes,33,56,-3.9,5.1,0,135.8,22,20,43,1.58,No,0,1,-34.32,89,26,64,1.63,121057,4622,8.4,52332.9,21.9,39.4,-33.3,4.3,NA,55.6,NA,53,23,E,17.9,1557,30,-19.3,-10.8,-17.8,28,654.1,-98,50,587,NA,35,1095,No,0.88,1409,1494,NA,No,567,NA,No,No,Yes,6.08,0,No,252,0.9,19,-7,NASDAQ,No,64,Yes,5.44,-,86,50599.5,-18,-80,135.4,22.6,Yes,Yes,6.9,4.8,CHIPS,-12,NA,Yes,57,3864.1,No,No,No,172.3,17.4,NA,0,14.5,2026-07-31,KLIC,32,15,0,5,10,10,10,82,59.666666666666664,25,TRUE,TRUE,CANSLIM Growth,CANSLIM Growth,32.9,Weak
4603,NESR,National Energy Services Reunited Corp.,NA,2.9,2.2,2.5,29.3,-2.4,0,0,0,137.4,5640216,NA,0,E,No,No,No,No,No,5.22,19.4,0,1.04,10.11,0,0,74,161.04,14,4.6,5.41,5.61,NA,8,9.5,0,0,Yes,Yes,212.5,24.1,19.7,22.5,4,-,-,9,5,Yes,No,72.2,26.96,Oil&Gas-Field Services,NA,0,4,No,1.52,19.9,Yes,30,28,14.6,6.1,0,30.31,13,68,28,0.97,Yes,0,1.97,-11.05,89,56,55,0.99,57890,2666.5,5.64,100850.3,28.1,-37.4,-9.9,8.1,NA,37,NA,44,108,E,24.7,106,46,0.1,-3.1,-5.1,27,1324,503,33,4,NA,24.7,2192,No,0.52,68,1313,NA,No,333,NA,No,No,No,1.91,0,No,86,1.7,7,2,NASDAQ,No,81,Yes,2.73,-,96,91881.5,-20,6,46.2,12.4,Yes,No,14.4,13.3,ENERGY,-2.4,NA,No,51,2679.3,No,No,No,304.2,-33,NA,5.5,5.9,2026-07-31,NESR,27,8,0,0,10,10,10,65,68.66666666666667,20,TRUE,TRUE,CANSLIM Growth,CANSLIM Growth,47.5,Improving
5403,WNC,Wabash National Corp.,NA,4.9,3.8,3.9,13.99,-5.8,0,0,0,57.6,3792053,07/02/2026,0,A,No,No,No,No,No,3.88,-64.1,2.4,1.31,44.95,0,0,22,5.44,0,18.4,6.51,6.94,NA,-17.4,-17.5,-5,-20,Yes,No,-940.9,-1635,-1318.4,-1079.4,3,-18,-96,-217,76,No,No,45.2,12.56,Transportation-Equip Mfg,NA,0,37,No,0.86,183.1,Yes,9,0,1.4,9.9,0,14.32,43,1,18,-3.14,No,0,1.29,-12.29,89,85,54,1.1,13370,504.4,5.8,40674,29.8,27.2,-7,44.5,NA,24,NA,4,17,B,5.4,-2,156,14,-6.2,-5,22,1542.8,-75,-9,-276,NA,-14.7,1166,Yes,0.16,11,2048,NA,No,240,NA,No,No,No,0.36,0,No,-253,1.1,-102,-21,New York Stock Exchange,No,90,Yes,1.75,Yes,93,38453.4,-4550,-368,-177.5,-17.4,No,No,25.7,-6.6,TRANSPORTATION,-5.8,NA,No,62,951.8,No,No,No,26.1,51,NA,76,-5.5,2026-07-31,WNC,0,0,0,7,10,10,10,37,91,25,FALSE,FALSE,Other,Momentum Leader,57.8,Strong
4806,OBK,Origin Bancorp Inc.,NA,3.2,3.7,4.2,55.57,2.1,0.4,1,10,531.1,596665,08/14/2026,0.25,A+,No,Yes,No,No,Yes,-0.02,7.5,1.9,0.24,10.79,0,0,53,66.25,13,16.1,2.25,2.24,NA,9.1,23.2,9,3,No,No,29.4,87.9,52.2,35.8,192,-12,-5,50,5,No,No,45.5,54.73,Banks-Regional,NA,3.7,53,Yes,1.16,12,Yes,269,17,15.7,2.1,0,55.57,56,30,22,3.2,No,14,0.07,-1.51,88,86,98,0.79,7579,1690.1,2.2,30904.1,27.9,-13.7,7,16.9,NA,27.8,NA,85,20,A+,9.4,69,7,9.2,3,4.9,11,390.8,-10,29,-2,NA,19.7,151,Yes,0.04,290,128,NA,No,339,NA,No,No,No,3.98,0,Yes,132,1.6,25,-4,New York Stock Exchange,No,92,Yes,1.32,-,98,28199,107,-55,78.6,24,Yes,Yes,21.2,2.1,BANKS,2.1,NA,No,45,1722.3,No,No,No,49.7,25.2,NA,6.3,22.3,2026-07-31,OBK,32,15,7,0,10,10,10,84,97.66666666666667,30,TRUE,TRUE,Earnings Accelerator,CANSLIM Growth,65.9,Leading
4901,OSBC,Old Second Bancorp Inc.,NA,4.5,5,4.6,25.66,5.2,0.4,1,10,531.1,1729893,07/31/2026,0,A+,No,No,No,No,No,-0.03,9.8,1.2,0.07,10.27,0.8,0.85,42,55.92,11,26.8,2.34,2.25,NA,25.4,26.3,22,10,No,Yes,-3.3,17.9,-2.6,-2.2,67,17,-8,0,9,No,No,29.7,25.29,Banks-Regional,NA,3.7,53,No,0.52,7.8,No,269,15,-7.4,3.6,0,25.66,56,30,20,1.74,Yes,39,0.08,-1.46,88,92,98,0.77,9263,1303.3,2.18,51432.4,23.7,-15.3,8.4,22.7,NA,27.5,NA,75,20,A+,-0.9,35,9,12.5,5.2,7.5,21,339.3,-7,12,-13,NA,20.2,407,Yes,0.02,220,337,NA,No,305,NA,No,No,No,3.41,0,Yes,13,2.7,12,17,NASDAQ,No,92,Yes,1.43,-,99,48385.1,29,-64,12.5,23.5,Yes,Yes,20.2,1.7,BANKS,5.2,NA,No,39,1588,No,No,No,49,6.8,NA,10.2,24.6,2026-07-31,OSBC,15,8,7,0,10,10,10,60,102.66666666666667,35,FALSE,FALSE,Momentum Leader,CANSLIM Growth,65.9,Leading
4168,LLY,Eli Lilly & Co.,NA,3,2.7,3.2,1232,-3.9,1.4,1,1,4339.2,10278892,08/14/2026,1.73,A,Yes,Yes,No,No,No,2.19,72.9,0.6,1.5,61.45,1.59,1.63,84,157.72,33,39.5,3.3,3.19,NA,47,47.4,21,37,No,Yes,149.5,230.9,188.4,156.6,20,24,70,116,78,No,No,6.9,1148.84,Medical - Pharmaceuticals,NA,1.4,24,Yes,37.4,126.2,Yes,69,39,18,1.2,0,1249.45,76,37,6,29.42,Yes,34,-0.53,-8.05,88,68,97,0.59,3397911,1087683,3.1,941741.4,13.1,-0.1,-4.2,22.9,NA,10.8,NA,99,61,B-,22.6,45,29,1.2,-2.5,-3,5,65179,106,56,86,NA,49.1,2990,No,-6.13,-5,2883,NA,No,6487,NA,No,No,No,14.97,0,No,156,1.3,42,45,New York Stock Exchange,No,65,Yes,34.74,Yes,93,848672.5,495,61,98.9,50.7,Yes,Yes,10.7,-0.2,MEDICAL,-3.9,NA,No,43,1176122.5,No,No,No,55.2,-19.7,NA,101.4,37.4,2026-07-31,LLY,35,15,0,0,10,10,7,77,91.33333333333333,40,FALSE,TRUE,CANSLIM Growth,CANSLIM Growth,50.1,Improving
5198,UVSP,Univest Financial Corp.,NA,3.3,3.4,3.5,45.37,0.3,0.4,1,10,531.1,744903,08/05/2026,0.23,B+,No,No,No,No,No,-0.05,14.5,2.1,0.04,13.17,4.14,12.79,35,49.88,11,21.9,2.47,2.33,NA,10.1,9.5,4,4,No,Yes,21.5,21.7,26.6,23.5,22,1,10,26,7,No,No,35.1,44.24,Banks-Regional,NA,3.7,53,Yes,1.02,26.3,No,269,13,5.2,2.7,0,45.45,56,30,29,3.46,Yes,13,-0.36,-2.67,88,73,95,0.76,10237,1224.6,2.24,27580.8,23.9,12.3,1.1,16.5,NA,33.5,NA,80,20,B,-5.7,21,4,5,0,0.6,41,328.1,7,4,21,NA,7.3,241,Yes,-0.16,9,263,NA,No,334,NA,No,No,No,3.59,0,Yes,19,1.4,25,3,NASDAQ,No,86,Yes,1.28,-,98,27129.6,22,41,21.8,8.2,Yes,Yes,18.8,-0.3,BANKS,0.3,NA,No,46,1518.6,No,No,No,53.4,30.3,NA,9.9,18.2,2026-07-31,UVSP,10,8,7,0,10,10,10,55,92.33333333333333,25,FALSE,FALSE,CANSLIM Growth,CANSLIM Growth,65.9,Leading
5280,VOYA,Voya Financial Inc.,NA,2.2,2.1,2.7,100.96,0.9,0,0,3,2447.1,3337403,05/26/2026,0,B+,No,No,No,No,-,0.32,9.2,1.9,0,7.52,1.58,2.18,26,58.31,11,10.2,2.46,2.46,NA,2.1,3.6,16,16,No,Yes,15.4,26.8,23.3,21.3,-,5,5,23,11,No,No,33.5,99.43,Insurance,NA,2.3,94,Yes,2.34,86.9,No,129,11,29.4,3.7,0,103.85,81,34,24,9.11,Yes,15,-0.84,-4.26,88,87,95,1.02,102108,9091.1,2.44,90666.3,28.9,-50.9,9.8,21.3,NA,29.7,NA,70,32,A+,12.5,5,21,10.1,1.4,3,50,8189,3,3,22,NA,4.1,1126,Yes,-0.84,-19,553,NA,No,749,NA,No,No,No,1.09,0,Yes,13,1.4,39,2,New York Stock Exchange,No,93,Yes,1.97,-,99,90342.4,29,13,25.8,5.7,Yes,Yes,25.9,-2.6,INSURANCE,0.9,NA,No,70,11878.6,No,No,No,42,-19.8,NA,14.6,9,2026-07-31,VOYA,10,12,7,0,10,10,10,59,100,20,FALSE,FALSE,Pullback to 10SMA,CANSLIM Growth,65,Strong
5372,WHD,Cactus Inc. Cl A,NA,4.7,4.6,4.5,65.19,17.9,4.3,1,1,122.1,3586247,08/31/2026,0.15,D-,No,No,No,No,Yes,0.04,11,1.1,2.59,17.52,0.55,0.57,64,208.94,21,24.2,3.81,4.21,NA,16.6,22.2,28,7,Yes,Yes,-1.3,9.4,3.3,-1.1,13,39,-1,0,12,Yes,No,42.3,65.01,Oil&Gas-Machinery/Equip,NA,4.3,8,No,2.23,2.7,Yes,23,22,-1.6,5.2,0,65.19,15,61,4,2.95,Yes,41,4.85,-0.28,88,94,92,1.14,44294,4957.8,4.05,69418.4,22.3,78.3,26.9,16.7,NA,15.6,NA,84,65,C,45.9,8,23,11.1,14.2,16.6,47,1079.1,-4,64,-12,NA,51.4,799,No,3.01,12,1428,NA,No,547,NA,No,No,No,3.31,0,Yes,41,0.9,-4,-4,New York Stock Exchange,Yes,93,Yes,3.1,Yes,104,68698.2,-8,-15,18.4,32.9,Yes,Yes,15.6,-2.3,ENERGY,17.9,NA,No,78,3175.1,No,No,No,53.7,41.5,NA,14.5,10.9,2026-07-31,WHD,25,0,10,7,10,10,10,72,101.33333333333333,50,TRUE,TRUE,Breakout,CANSLIM Growth,47.5,Improving
4772,NVT,nVent Electric PLC,NA,2.6,2.1,1.9,167.74,1.3,3.5,2,2,892.1,4009874,07/24/2026,0,E,No,No,Yes,No,Yes,2.34,54.7,0.6,1.7,54.43,2.63,2.73,85,202.94,31,14.1,5.12,5.41,NA,38.4,45.7,12,12,No,Yes,34.3,56.5,53.5,43.8,23,15,8,54,10,No,No,50.9,153.83,Electrical-Power/Equipmt,NA,3.5,25,No,8.59,43.5,No,57,41,-9.9,2.5,0,184.64,19,78,19,4.23,Yes,10,6.24,-16.69,88,48,88,1.37,333911,23417.1,5.55,161720.5,12.9,145.7,-9.3,7.6,NA,37,NA,95,71,E,14.4,42,27,-10.8,-4.6,-6.8,9,3893.1,-19,53,35,NA,53.1,2083,No,9.03,36,4889,NA,No,1234,NA,No,No,No,5.75,0,No,54,1,63,30,New York Stock Exchange,No,74,Yes,6.55,-,101,160114.6,53,44,58.5,49.3,Yes,Yes,6.4,5.8,MACHINE,1.3,NA,No,63,23082.8,Yes,Yes,Yes,96.2,90.7,NA,12.3,14.7,2026-07-31,NVT,30,15,0,10,10,10,7,82,74.66666666666667,35,FALSE,TRUE,CANSLIM Growth,CANSLIM Growth,47.4,Improving
4463,MRK,Merck & Co. Inc.,NA,3.1,3,2.8,135.05,-0.7,1.4,1,1,4339.2,29359028,09/15/2026,0.85,B-,No,No,No,No,No,3.16,24.1,2.6,1.3,19.82,4.26,7.93,68,141.99,21,32.4,2.79,2.75,NA,2,2.9,6,4,No,Yes,926.5,-24.9,-20.3,-14.8,18,3,43,-20,14,No,No,23.7,130.2,Medical - Pharmaceuticals,NA,1.4,24,Yes,3.43,101.7,No,69,24,-4.4,1.2,0,135.05,76,37,13,5.47,No,59,0.32,-3.59,88,84,85,0.27,1265598,320558.5,2.71,2469824.5,16.8,-34,1.3,19.3,NA,18.1,NA,72,61,D-,13.2,-69,245,6.2,0.8,2.1,20,65011,407,5,17,NA,4.9,10607,Yes,0.41,-113,7738,NA,No,5137,NA,No,No,No,4.89,0,No,-158,1.1,19,1,New York Stock Exchange,No,77,Yes,7.01,-,96,2465416.3,64,-7,-69.5,4.5,No,No,10.7,-0.6,MEDICAL,-0.7,NA,No,44,357809.8,No,No,No,66.7,-25.6,NA,36.9,-26.2,2026-07-31,MRK,0,0,0,0,10,10,7,27,92.66666666666667,35,FALSE,FALSE,Pullback to 10SMA,Momentum Leader,50.1,Improving
4942,PAG,Penske Automotive Group Inc.,NA,8.8,8.2,8.8,227,0,0,0,0,133.6,2543345,08/14/2026,1.44,A+,No,No,No,No,No,-25.29,42.4,2.6,0.98,13.51,0,0,52,62.52,16,4,2.97,3.15,NA,3.2,4.1,5,3,Yes,No,-4.1,-10.6,-9,-7.3,3,-4,-9,-10,10,Yes,No,37.3,217.31,Retail/Whlsle-Automobile,NA,0,110,No,6.06,77.3,Yes,21,17,7.2,14.4,0,227,99,82,34,12.83,No,13,-1.5,-4.27,88,96,78,0.94,72873,14504.9,3.29,65749.3,32.4,78,21.4,26.7,NA,38.6,NA,30,80,A+,5.9,1,7,20.2,4.8,11.3,53,31808.5,-15,11,-3,NA,7.3,382,Yes,-3.3,8,673,NA,No,476,NA,No,No,No,0.45,0,Yes,1,1.8,-15,4,New York Stock Exchange,No,95,Yes,2.59,-,96,17661.4,-18,-4,-7,5,No,Yes,31.5,-0.8,RETAIL,0,NA,No,61,23449.1,No,No,No,29.8,81.6,NA,17.4,3.1,2026-07-31,PAG,5,0,7,7,10,10,10,49,97.33333333333333,15,FALSE,FALSE,Other,Momentum Leader,52.4,Improving
4555,NAVN,Navan Inc. Cl A,NA,1.5,2.7,2.1,27.94,14.7,0.9,1,4,4899,10006512,NA,0,D,No,No,No,Yes,Yes,0.36,0,0,4.27,197,0,0,98,0,97,-56.4,7.13,6.89,NA,32.7,33.3,0,0,Yes,No,87.2,146.8,116.3,97.3,88,-,-,-,-3762,No,No,55.9,26.62,Comp Sftwr - Enterprise,NA,3.5,134,No,1.66,12.8,Yes,114,251,-22.5,9.6,0,28.22,109,117,104,0.11,No,0,-0.34,-5.67,88,96,75,1.02,106494,6793.2,6.94,239026.6,0,-71.8,16.4,52.2,NA,131.9,NA,50,39,C,1442.6,5075,52,17.1,5.3,5,1,702.3,39,40,101,NA,37.3,4719,No,-0.09,130,1291,NA,No,213,NA,No,No,No,8.32,0,Yes,150,2.1,110,31,NASDAQ,No,98,No,5.44,-,98,103981.8,181,25,129.7,34.6,Yes,No,61.2,19.7,SOFTWARE,14.7,NA,No,37,6109.2,No,No,No,0,-45.3,NA,-60.2,-9.3,2026-07-31,NAVN,32,15,7,0,10,10,0,74,106.33333333333333,25,TRUE,TRUE,CANSLIM Growth,CANSLIM Growth,62.1,Strong
5002,TOI,Oncology Institute Inc.,NA,4,3.8,3.6,5.59,-2.4,0,0,0,124.6,7273147,NA,0,D,No,No,No,No,No,2.36,-15,0,1.47,-18.26,0,0,10,0,0,-12.1,7.49,7.13,NA,30.2,35.3,46,24,No,No,36.6,56.6,45.4,37.2,5,-15,19,53,0,Yes,No,36.5,4.86,Medical-Hospitals,NA,0,60,No,0.39,0,No,10,0,-6.2,11.5,0,6.67,133,110,71,-0.37,Yes,0,-4.14,-27.14,88,60,62,1.14,9857,506.9,7.39,99982.9,32,-47.6,-10.5,25.9,NA,79.3,NA,65,112,D,77.1,74,82,-0.7,-2.1,-7.3,10,502.7,23,41,24,NA,41.4,1953,No,-0.21,57,1005,NA,No,119,NA,No,No,Yes,0.89,0,No,90,2,57,28,NASDAQ,No,86,Yes,-29.84,-,91,63479.7,22,12,73.8,39.8,Yes,Yes,30.7,11.2,MEDICAL,-2.4,NA,No,41,547.1,No,No,No,32.4,-36.4,NA,0,-1.4,2026-07-31,TOI,27,15,0,0,10,10,10,72,75,30,TRUE,TRUE,CANSLIM Growth,CANSLIM Growth,50.1,Improving
3957,AVTX,Avalo Therapeutics Inc.,NA,4.2,5.7,5.6,20.01,-1,2.4,13,4,464.6,12679040,NA,0,E,No,No,No,No,Yes,0.02,-3.7,0,7.66,-4.75,0,0,8,0,0,-132362.7,7.04,7.29,NA,0,0,-62,-83,No,Yes,58.2,31,44.8,55.7,289,63,100,124,-72,No,No,0.5,18.25,Medical - Development Biotech,NA,0.7,29,No,1.31,2.9,No,549,0,-1.5,26.3,0,24.27,53,29,20,-6.03,Yes,0,-5.88,-24.8,88,72,52,0.87,25844,1025.8,6.75,52903,17.7,-36.1,-1.2,36.2,NA,20.8,NA,47,30,E,4.4,47,4,14.7,3.9,3.2,8,0.1,82,-69,72,NA,-84.6,1540,No,-1.14,70,924,NA,No,119,NA,No,No,No,16364.06,0,No,22,1,49,-87,NASDAQ,No,67,No,6.58,-,91,48180.7,23,86,35.2,0,No,No,19.2,41.7,MEDICAL,-1,NA,No,60,909.7,No,No,No,131.3,-49.1,NA,-72.4,-23254.2,2026-07-31,AVTX,10,12,0,0,10,10,7,49,85.66666666666667,25,FALSE,FALSE,Other,Momentum Leader,50.1,Improving
4474,MSADY,MS&AD Insurance Group Holdings Inc. ADR,NA,0,0,0,31.39,2.5,0,0,3,2447.1,0,03/31/2026,0,B+,No,No,No,No,Yes,0.45,0,2.5,1.45,7.21,0.3,0.33,19,66.6,16,9.9,1.4,1.4,NA,9.9,8.6,2,8,No,Yes,77.8,15.3,14.2,52.4,65,28,76,13,7,No,No,30.4,30.65,Insurance,NA,2.3,94,Yes,0.39,20.9,No,129,9,0,0,0,31.39,81,34,16,3.34,Yes,49,-1.92,-2.36,87,89,98,0.05,2289,46017.5,1.4,1492551.8,23.5,-29.2,17.5,19.1,NA,20.2,NA,90,32,A-,-1.5,-17,13,12,6.4,10.2,71,48079.3,109,-1,7,NA,-0.5,83,Yes,-0.6,-55,55,NA,No,3,NA,Yes,No,No,0.95,0,Yes,17,1,17,13,US OTC,No,85,Yes,1.48,Yes,98,0,11,11,17.3,5.6,Yes,No,18.3,0,INSURANCE,2.5,NA,No,0,46315.4,No,No,No,42.2,-40.5,NA,10.1,9.1,2026-07-31,MSADY,10,8,7,0,10,0,10,45,101.33333333333333,40,FALSE,FALSE,Other,Momentum Leader,65,Strong
3690,ALL,Allstate Corp.,NA,5.6,4.7,4.5,277.22,1.6,0,0,3,2447.1,8170470,08/31/2026,1.08,A+,No,No,No,No,No,-0.3,5.5,1.7,0.41,6.98,0.21,0.22,9,22.78,9,19.4,2.6,2.63,NA,3.8,2.7,11,9,No,Yes,123.9,158,185.7,142.3,19,28,94,156,38,No,No,26.9,264.08,Insurance,NA,2.3,94,No,6.47,25.3,Yes,129,6,-5.1,3.2,0,277.22,81,34,27,42.07,Yes,78,-0.49,-4.74,87,91,97,0.45,405795,68314.4,2.64,257420.9,24.4,-29.8,11,21.6,NA,32.7,NA,78,32,A,45.7,-10,-16,13.6,3.2,5.1,87,59546,1828,2,90,NA,-0.5,1793,Yes,-1.3,2,1309,NA,No,2612,NA,No,No,No,1.14,0,No,202,1.5,87,6,New York Stock Exchange,No,91,Yes,2.3,Yes,95,256098.4,186,269,144.1,1.8,Yes,Yes,22.5,1.6,INSURANCE,1.6,NA,No,46,75310.4,No,No,No,29.9,-6.2,NA,39.5,14.5,2026-07-31,ALL,25,15,0,0,10,10,10,70,101.66666666666667,40,TRUE,FALSE,Momentum Leader,CANSLIM Growth,65,Strong
3903,ATEYY,Advantest Corp. ADR,NA,0,0,0,205.99,15.1,0,0,0,2169,0,03/30/2026,0,E,No,No,No,Yes,No,0.08,59.6,0.2,2.67,64.99,1.94,1.95,88,185.6,35,45.8,6.74,7.04,NA,38.6,33.1,17,36,No,Yes,136.1,101.3,112.9,119.9,12,25,81,104,54,No,No,56.5,197.67,Elec-Semiconductor Equip,NA,0,5,Yes,12.92,9.9,Yes,33,49,0,0,0,222.45,22,20,2,4.05,Yes,45,3.73,-11.14,87,87,96,1.23,30347,122307.4,7.17,732000,22.3,29.5,-5,5.7,NA,19.5,NA,99,23,D,57.5,56,25,7,9.4,6.1,52,7066.4,184,33,111,NA,26.3,168,No,7.1,68,196,NA,No,16,NA,Yes,No,No,18.53,0,No,98,1.1,103,46,US OTC,No,92,Yes,22.31,Yes,103,723965.8,103,148,100.5,24,Yes,Yes,15.1,6.7,CHIPS,15.1,NA,No,0,135956.3,No,No,No,196.2,-9.2,NA,59.4,47.6,2026-07-31,ATEYY,27,15,0,0,10,0,10,62,92,60,FALSE,TRUE,CANSLIM Growth,CANSLIM Growth,32.9,Weak
4978,PBI,Pitney Bowes Inc.,NA,6.3,5.1,5.7,19.07,-2,0,0,0,18.9,17537767,08/10/2026,0.1,B-,No,Yes,No,No,No,-4.63,10.4,2.2,0.73,8.29,0.21,0.22,24,54.85,10,10.2,3.35,3.43,NA,-12.5,-5.2,-15,-22,Yes,Yes,731.7,47.4,47.5,198,1,49,382,47,0,Yes,No,65.8,17.53,Business Equip & Supplies,NA,0,28,Yes,0.61,0,Yes,10,11,12.1,13.1,0,19.07,86,41,70,1.66,Yes,0,-3.36,-8.08,87,62,91,1.24,42714,2456.9,3.37,135441.4,43.4,25.8,0.1,13.4,NA,68.1,NA,97,3,C-,28.4,24,9,5.6,0,1.7,56,1892.6,1950,-2,65,NA,-2.8,2497,Yes,-0.61,15,3058,NA,No,426,NA,No,No,No,1.27,0,No,59,1.7,42,-7,New York Stock Exchange,No,88,Yes,-2.78,Yes,92,133536,41,48,50.8,-4.3,Yes,No,34.7,2.2,BUSINS SVC,-2,NA,No,47,4252.9,No,No,No,54.3,-16.7,NA,0,11.1,2026-07-31,PBI,20,12,0,5,10,10,10,67,82,30,TRUE,FALSE,CANSLIM Growth,CANSLIM Growth,58.5,Strong
5069,TTDKY,TDK Corp. ADR,NA,0,0,0,19.99,6,0,0,0,503.9,0,03/31/2026,0,E,No,No,No,No,No,0.51,16,0.8,1.56,11.03,14.64,26.64,72,14.04,30,11,3.48,2.93,NA,9.5,9.9,0,5,No,No,14.8,27.9,22.1,18.6,3,1,30,21,7,No,No,38.7,19.56,Electronic-Parts,NA,0,45,Yes,0.61,18,Yes,23,27,0,0,0,25.81,23,26,39,0.73,No,31,5.67,-24.2,87,60,87,0.3,6631,33487.4,2.99,1943859.9,11.2,-47,-11,6,NA,52.3,NA,94,14,E,49.9,23,17,-14.6,0.7,-6.4,61,15643.9,47,21,4,NA,13.3,308,No,1.05,41,149,NA,No,26,NA,Yes,No,No,2.27,0,No,40,0.7,22,15,US OTC,No,85,Yes,2.7,Yes,105,0,22,5,30.9,10.6,Yes,Yes,9.2,18.2,ELECTRNCS,6,NA,No,0,30379.8,No,No,No,58.5,-53.9,NA,10.1,2.2,2026-07-31,TTDKY,20,12,0,0,10,0,7,49,78,45,TRUE,TRUE,Earnings Accelerator,Momentum Leader,46.2,Improving
4046,KRNY,Kearny Financial Corp.,NA,3.5,4.3,3.3,9.76,2,0,0,2,25.9,1609940,08/12/2026,0.11,A-,No,No,No,No,No,-0.11,43.2,4.7,0.05,0,0,0,51,64.59,12,13.7,2.55,2.67,NA,12.3,14.6,-7,-2,No,No,40.8,31.8,36.4,50.6,3,-,-,38,1,No,No,29.4,9.59,Banks-Savings & Loan,NA,9.5,23,No,0.25,123.9,No,21,17,-23.6,2.8,0,9.76,63,28,18,0.57,No,0,-0.42,-1.74,87,81,86,0.78,4905,623.4,2.55,64739.2,23.1,-20.6,1.4,19.3,NA,23.1,NA,38,10,A,-33.3,39,27,8.6,1.5,2.1,28,176.3,130,12,36,NA,13.3,549,Yes,-0.04,17,431,NA,No,255,NA,No,No,No,3.52,0,Yes,0,2.2,45,1,NASDAQ,No,88,Yes,0.81,-,98,57445.9,50,50,22.7,14.3,Yes,No,18.2,-0.4,BANKS,2,NA,No,48,1656,No,No,No,61.7,-12.2,NA,4.8,8.2,2026-07-31,KRNY,5,12,7,0,10,10,10,54,91.66666666666667,0,FALSE,FALSE,Pullback to 10SMA,Momentum Leader,65.9,Leading
4719,NSIT,Insight Enterprises Inc.,NA,2.7,2.7,2.6,130.97,9.6,0,0,0,763.1,1439033,NA,0,B+,No,No,No,No,No,1.02,14.3,0,1.22,13.73,1.34,1.34,31,86.81,11,2.7,4.73,4.27,NA,-3.8,-1.8,-3,-6,Yes,Yes,6.3,20.7,15.4,9.7,17,9,3,14,9,Yes,No,58.3,128.93,Computer-Tech Services,NA,0,111,No,4.96,91.7,Yes,93,12,-2.9,4.8,0,135.88,141,134,48,10.72,Yes,8,0.91,-5.12,87,98,80,0.86,51290,3859.2,4.09,30203.9,40.2,-11.2,5.9,76.9,NA,53.5,NA,81,125,A+,21.5,16,8,14.1,7.6,8.5,48,8247.2,0,1,2,NA,0,456,Yes,1.16,19,395,NA,No,548,NA,No,No,No,0.47,0,No,40,1.9,11,-5,NASDAQ,No,98,No,2.43,Yes,98,29793.1,11,0,25.5,-1.3,Yes,Yes,41.3,-0.2,BUSINS SVC,9.6,NA,Yes,65,5116.2,No,No,No,8.7,-15.9,NA,9.2,1.4,2026-07-31,NSIT,15,8,0,0,10,10,10,53,108.33333333333333,20,TRUE,FALSE,Other,Momentum Leader,58.5,Strong
4089,LASR,nLIGHT Inc.,NA,2.1,2.3,2.1,76.62,-1.7,0,0,0,503.9,2877051,NA,0,D-,No,No,No,No,Yes,0.09,140.9,0,7.07,161.21,0,0,97,0,147,-8.7,8.69,9.16,NA,36.7,41.9,-3,6,No,Yes,175.4,315.6,276.7,236.6,18,-,-,-,-11,No,No,83.4,68.8,Electronic-Parts,NA,0,45,No,6.04,3,No,23,143,-7.1,5.5,0,86.95,23,26,33,0.48,Yes,0,4.7,-20.87,87,45,79,1.89,81553,3706.6,9.84,56408.7,20.5,-29,-1.2,-1.5,NA,50.8,NA,75,14,E,136.8,119,29,-4.8,-3.9,-2.9,6,261.3,-117,55,137,NA,63.3,1186,No,3.09,135,816,NA,No,470,NA,No,No,No,13.39,0,No,600,0.6,147,32,NASDAQ,No,69,Yes,9.04,-,97,52719.3,200,160,373.3,48.5,Yes,No,6.5,8.8,ELECTRNCS,-1.7,NA,No,59,3234.6,No,No,No,227.5,-32.6,NA,-10.6,0.8,2026-07-31,LASR,35,15,0,0,10,10,10,80,70.33333333333333,35,TRUE,TRUE,Earnings Accelerator,CANSLIM Growth,46.2,Improving
4081,LAD,Lithia Motors Inc.,NA,9.1,8.2,8.7,439.49,13,0,0,0,133.6,2588008,08/07/2026,0.7,A+,No,No,No,No,No,15.68,-74.7,0.7,1,18.04,0,0,28,50.4,10,2.9,4.03,4.43,NA,2.3,2.6,14,9,Yes,No,8.6,-6.6,-1,5.2,4,-4,-3,-2,11,Yes,No,16,385.42,Retail/Whlsle-Automobile,NA,0,110,Yes,14.57,156.7,Yes,21,11,7,11.5,0,439.49,99,82,17,33.61,No,13,-4.84,-12.3,87,98,77,1.11,104894,8903.8,4.88,21983.1,34,66.2,32.7,32.8,NA,19.2,NA,36,80,A,14.9,6,18,31.9,16.5,23.6,67,37634.9,-19,5,12,NA,2.9,327,Yes,-19.61,3,541,NA,No,685,NA,No,No,No,0.22,0,No,-2,2,-4,4,New York Stock Exchange,No,95,No,1.32,-,88,21633.9,-13,16,-3.1,1.8,Yes,Yes,35.9,-2.4,RETAIL,13,NA,No,78,24992,No,No,No,33.8,175.3,NA,12.4,2.7,2026-07-31,LAD,0,0,0,7,10,10,10,37,102.33333333333333,10,FALSE,FALSE,Other,Momentum Leader,52.4,Improving
5520,ZD,Ziff Davis Inc.,NA,10.4,9,6.8,54.97,2.9,3.1,2,0,5678.3,4406557,05/17/2019,0,B+,No,No,No,No,No,1.87,6.6,0,1.66,5.36,0,0,16,177.43,10,5.6,3.87,3.55,NA,-0.6,-1.8,-2,2,No,Yes,-4,-9.8,-6.1,-6.9,24,-5,2,-2,3,No,No,51,53.08,Internet-Content,NA,0,18,Yes,1.8,41.7,No,65,8,-24.4,13.4,0,54.97,28,133,26,6.29,No,8,0.89,-3.44,87,85,73,1.15,30629,1937.9,3.31,36835.4,30.5,-36.2,1.4,16,NA,38.9,NA,39,94,A,-5.1,-24,9,8.2,-0.7,-0.1,79,1451.3,7,-19,0,NA,-10,628,Yes,0.47,-35,398,NA,No,480,NA,No,No,No,1.41,0,Yes,-36,1.7,-1,4,NASDAQ,No,91,Yes,1.15,Yes,97,32773.6,7,5,-18.4,-5.7,No,No,24.3,0,INTERNET,2.9,NA,No,87,2283.8,No,No,No,70.6,-38.2,NA,2.7,-0.3,2026-07-31,ZD,0,0,7,0,10,10,10,37,88.66666666666667,10,FALSE,FALSE,Other,Momentum Leader,51,Improving
4273,MANU,Manchester United Ltd. Cl A,NA,8.1,7.3,7.7,23.85,1.5,1.6,1,1,478.4,2845042,06/03/2022,0,E,No,No,No,No,No,-0.95,35.2,0,0.37,41.82,0,0,100,0,0,-6,3.74,2.82,NA,13.3,10.4,6,4,No,Yes,-41,-93.8,-50.5,-23.1,7,-,-,-,-19,Yes,No,44.5,23.01,Leisure-Services,NA,1.6,122,No,0.63,274.8,Yes,62,2571,4.8,8.1,0,24.22,122,96,25,0.01,Yes,0,-1.75,-5,87,80,67,0.62,7639,4038.3,2.44,56080.7,28.6,-50.7,0.3,21.9,NA,30,NA,54,74,D-,170.6,-188,115,6.4,3.6,4.1,-,904.6,-40,17,68,NA,9.8,353,Yes,-0.41,-834,178,NA,No,80,NA,No,No,No,1.4,0,Yes,191,1.4,170,4,New York Stock Exchange,No,88,Yes,16.77,-,96,35248.1,-643,79,180.7,7.7,Yes,No,24.2,5.3,LEISURE,1.5,NA,No,51,4797.9,No,No,No,30.8,-41.8,NA,-19,-6.2,2026-07-31,MANU,30,0,7,0,10,10,10,67,85,0,TRUE,FALSE,CANSLIM Growth,CANSLIM Growth,52.1,Improving
3873,ASH,Ashland Inc.,NA,5.7,5,5.3,74.99,9.4,2,1,0,590.7,5694731,06/01/2026,0,B,No,No,No,No,Yes,1.8,16.2,2.5,3.05,24.93,0,0,65,249.29,17,-44.4,3.65,3.5,NA,-4,-1.3,-6,-8,Yes,No,-13.9,-5.7,-7.9,-12.3,35,-9,-8,-8,-17,No,No,23.8,72.61,Chemicals-Specialty,NA,0,72,Yes,2.33,78,Yes,51,22,5.5,12.6,0,74.99,47,90,11,3.27,No,15,-0.12,-3.17,87,94,66,0.93,63537,3329.2,3.48,45793.4,25.4,-43.6,10.2,36.3,NA,18.7,NA,31,102,A+,3.6,5,22,14.6,6.6,8.2,38,1824,10,7,-24,NA,4,1000,Yes,-0.09,21,544,NA,No,456,NA,No,No,No,1.8,0,Yes,-2,1.2,-8,-14,New York Stock Exchange,No,93,Yes,1.78,-,97,45183.4,-7,-14,-5,1.1,No,Yes,21.6,-4.4,CHEMICAL,9.4,NA,No,62,4554.2,No,No,No,40.8,32.1,NA,-34.5,8.3,2026-07-31,ASH,0,0,7,0,10,10,10,37,97.33333333333333,10,FALSE,FALSE,Other,Momentum Leader,45.5,Improving
4091,LAUR,Laureate Education Inc.,NA,4,3.6,3.2,40.92,3.5,2.6,1,0,46.3,4011902,NA,0,D,No,Yes,No,No,No,-3.36,20.9,0,0.57,15.55,0,0,62,76.99,17,23.6,3.45,3.53,NA,14.9,17.3,11,8,No,Yes,-26.3,6.8,-8.7,-7.8,2,-,44,9,26,No,No,13.8,38.31,Consumer Svcs-Education,NA,0,79,No,1.33,58.9,Yes,38,21,-11.8,3.1,0,40.92,89,98,5,1.84,Yes,0,-0.26,-6.39,86,79,94,0.61,45559,5376.6,3.68,139978.3,14.5,5.7,5.5,27.3,NA,11.7,NA,85,58,C+,3.8,23,17,6.3,4.2,1.1,17,1701.9,82,17,27,NA,16.5,1261,No,-0.1,88,1287,NA,No,652,NA,No,No,No,2.93,0,No,27,1.6,-55,9,NASDAQ,No,74,Yes,5.11,-,94,129470.7,49,-55,-14,20.3,Yes,No,11.2,-1.8,CONSUMER,3.5,NA,No,66,5740,No,No,No,69.5,-26.4,NA,26.2,22.3,2026-07-31,LAUR,20,0,0,0,10,10,7,47,93.33333333333333,40,TRUE,FALSE,Other,Momentum Leader,48.4,Improving
4355,MGA,Magna International Inc.,NA,4.9,5,6.1,70.36,4.5,0,0,0,224.9,7607494,05/15/2026,0,E,No,Yes,No,No,No,2.51,7.1,3,1.22,5.39,2.02,5.08,22,108.98,10,3.1,2.94,2.9,NA,1.4,2.6,3,0,Yes,Yes,19.6,45,34.7,29.1,6,2,8,33,5,No,No,28.7,68.6,Auto/Truck Equipment Parts & Tires,NA,0,107,Yes,1.9,52.2,Yes,55,10,23.1,3,0,70.36,82,77,26,6.75,Yes,19,-1.79,-2.5,86,75,91,1.2,71151,19015.8,3.02,272224.5,21.8,127.7,4.5,7.7,NA,34.1,NA,90,60,B-,13.9,20,11,6.9,3.9,6.3,76,42010,-1,3,6,NA,3.2,1212,Yes,-1.25,29,2534,NA,No,1396,NA,No,No,No,0.44,0,No,29,1.4,77,-2,New York Stock Exchange,No,82,Yes,1.58,Yes,98,257318,29,4,53,2.8,Yes,Yes,15.8,5.2,AUTO,4.5,NA,No,41,23887.7,Yes,Yes,Yes,67.3,56.8,NA,6.9,4.3,2026-07-31,MGA,15,12,0,10,10,10,10,67,86,25,FALSE,FALSE,CANSLIM Growth,CANSLIM Growth,44.8,Weak
5025,TRGP,Targa Resources Corp.,NA,4.1,3.7,3.4,291.04,-3.9,0,0,1,777.7,4162578,07/31/2026,0,D,No,No,No,No,No,-18,279.1,1.8,0.72,14.97,0.38,0.39,71,105.59,23,14.5,2.71,2.71,NA,1.8,2.3,3,-2,No,Yes,43.4,48.2,45.8,44.3,7,66,52,45,37,Yes,No,46.5,270.37,Oil&Gas - Pipeline,NA,4.5,61,No,7.34,587.8,No,22,25,-10.5,2,0,291.04,37,33,26,10.6,Yes,39,1.23,-7.1,86,62,90,0.86,323616,57597.5,2.72,214643.9,21.2,-25.8,0.8,4,NA,34.5,NA,97,59,E,22.5,16,15,-0.6,-3.2,-2.1,15,17028.3,141,-10,39,NA,-9.1,1215,Yes,3.28,25,1115,NA,No,2180,NA,No,No,No,3.5,0,No,67,0.9,53,3,New York Stock Exchange,No,72,Yes,18.51,Yes,96,211265.3,25,39,60.1,-3.5,Yes,Yes,12,2.2,ENERGY,-3.9,NA,No,62,74011,No,No,No,62.5,7.2,NA,65.1,11,2026-07-31,TRGP,20,12,0,0,10,10,10,62,79.33333333333333,35,TRUE,FALSE,CANSLIM Growth,CANSLIM Growth,47.5,Improving
5116,UBS,UBS Group AG,NA,3.1,2.8,3,53.41,1.9,0,0,1,5329.5,6218001,04/22/2026,0,D,No,No,No,No,No,-6.79,-16.5,1.4,0.72,-10.56,0,0,49,69.74,14,11.1,2.09,2.09,NA,8.4,11.3,9,11,Yes,Yes,82.2,102.2,95.8,99,5,-1,-34,77,6,No,No,13.9,52.74,Banks-Money Center,NA,3.7,41,No,1.08,379.2,Yes,27,16,7.4,0.2,0,55.15,59,15,4,3.26,Yes,0,-1.22,-4.37,86,85,87,1.05,102686,159784.6,2.21,3277805.2,21.6,-5.5,6.4,20.1,NA,11.9,NA,70,12,D,-1.3,30,18,7.1,2.2,2.7,35,47848,340,16,81,NA,15.1,2060,Yes,-0.65,20,1925,NA,No,2722,NA,No,No,No,3.36,0,Yes,21,1.5,84,-9,New York Stock Exchange,No,84,Yes,1.81,-,99,2821516.2,201,77,52.6,13.5,Yes,Yes,17.7,1,BANKS,1.9,NA,No,42,328906.5,No,No,No,41.3,15.4,NA,8.9,13.7,2026-07-31,UBS,15,15,7,0,10,10,10,67,93,10,FALSE,FALSE,Momentum Leader,CANSLIM Growth,65.9,Leading
4154,LINC,Lincoln Educational Services Corp.,NA,5,5.3,5.3,44.11,3.2,2.6,1,0,46.3,3061982,NA,0,E,No,No,No,No,No,-13.25,-159.7,0,0.83,22.09,0,0,88,225.97,49,5,5.2,5.5,NA,18.5,19.7,11,16,No,No,40,35.5,39.3,49.1,8,0,22,40,11,No,No,73.2,41.82,Consumer Svcs-Education,NA,0,79,Yes,2.63,98.4,Yes,38,51,-1.1,10.4,0,56.34,89,98,51,0.83,No,28,-0.45,-25.77,86,28,85,0.81,26160,1332.6,5.79,31720.7,21.6,-42.9,-16.2,1.7,NA,56.9,NA,94,58,E,252.9,23,38,-12,0.8,-11.5,9,518.2,16,23,14,NA,21.1,551,No,-0.19,-99,309,NA,No,274,NA,No,No,No,2.44,0,No,26,0.8,31,18,NASDAQ,No,54,Yes,6.67,-,95,29526.9,50,51,28.5,21.9,Yes,Yes,7.8,15.6,CONSUMER,3.2,NA,No,56,1553.3,No,No,No,82.9,-39.2,NA,10.6,3,2026-07-31,LINC,20,12,0,0,10,10,10,62,66.33333333333333,25,FALSE,TRUE,CANSLIM Growth,CANSLIM Growth,48.4,Improving
5213,VCEL,Vericel Corp.,NA,9.1,7.2,6.9,49.32,2,0,0,2,1308.2,4603010,NA,0,B+,No,No,No,No,Yes,0.42,33.4,0,5.04,46.17,2.22,2.22,95,384.43,65,6.3,4.14,3.93,NA,22.5,23.1,16,19,No,Yes,178.1,188.7,291.6,251.2,39,44,128,273,5,Yes,No,27.6,45.96,Medical - Profitable Biotech,NA,3.8,40,No,1.76,21.7,No,52,98,-4.2,9.1,0,49.32,102,79,24,0.47,Yes,99,-3.47,-6.81,86,88,85,1.46,25710,2431.4,3.67,51068.2,27.8,-14.8,3.3,32.3,NA,27.7,NA,69,84,B+,238.2,71,60,15.7,3.6,2.8,8,276.3,386,22,60,NA,26.3,620,No,-1.65,-39,521,NA,No,411,NA,No,No,No,7.66,0,Yes,500,2.1,48,16,NASDAQ,No,90,No,6.36,-,93,50457.7,18,600,273.9,25.3,Yes,Yes,27.8,-3.5,MEDICAL,2,NA,No,66,2341.6,No,No,No,31.5,-18.9,NA,5.1,2.9,2026-07-31,VCEL,30,15,7,0,10,10,10,82,101.33333333333333,30,TRUE,FALSE,CANSLIM Growth,CANSLIM Growth,50.1,Improving
3538,ACIW,ACI Worldwide Inc.,NA,5.5,5.6,5,61.08,1.8,2.4,1,0,221.4,4739127,NA,0,A,No,No,No,No,Yes,2.11,16.6,0,1.53,18.61,1.11,1.11,75,111.21,23,17.4,3.7,3.81,NA,10.7,7.1,7,10,No,Yes,126.4,-17.3,-27.6,155.1,23,26,53,-21,15,No,No,19.9,57.33,Comp Sftwr - Financial,NA,0,139,Yes,2,52.4,Yes,41,29,-11.6,4.8,0,61.08,136,127,27,1.99,Yes,30,-0.62,-6.14,86,93,83,1.06,48711,5864.9,3.66,101661.6,26.5,-23.8,14,32.6,NA,32.2,NA,59,129,A,28.5,17,16,17.4,0.5,2.6,28,1759.8,71,8,13,NA,7.1,977,Yes,-0.36,146,733,NA,No,589,NA,No,No,No,3.25,0,No,-33,1.8,-33,10,NASDAQ,No,93,No,3.87,-,94,99719.8,14,-59,-33,7,No,No,28.6,-2.6,SOFTWARE,1.8,NA,No,68,6529.4,No,No,No,34.7,-27,NA,15.4,9,2026-07-31,ACIW,0,0,0,0,10,10,10,30,102.33333333333333,25,FALSE,FALSE,Pullback to 10SMA,Momentum Leader,62.1,Strong
3939,AVAL,Grupo Aval Acciones y Valores S.A. ADR,NA,2.2,0.9,0.8,5.3,10.5,0,0,3,2119.5,227396,08/31/2026,0.01,E,No,No,No,No,No,-0.94,82.8,2.7,0.62,11.6,0,0,45,54.72,15,9.8,4.89,4.47,NA,3.4,6.4,4,6,Yes,No,631.9,0.5,30,59.4,16,-24,69,15,5,No,No,30.4,5.28,Banks-Foreign,NA,7.1,55,Yes,0.23,362,Yes,42,15,-10.7,0,0,6.2,79,49,-6,0.35,No,0,2.81,-14.84,86,85,81,0.58,1341,6050.4,3.92,378257.5,15.8,-25.4,5,18.4,NA,9.8,NA,76,35,D-,-54.8,77,24,3.8,4.5,3.7,30,10721.8,80,19,87,NA,15.2,264,No,0.14,14,193,NA,No,12,NA,Yes,No,No,0.17,0,No,10,1.1,-40,-4,New York Stock Exchange,No,87,Yes,1.29,-,101,0,32,119,-15.4,10.8,Yes,No,12.7,-7.7,BANKS,10.5,NA,No,1,17335,No,No,No,87.9,-44.9,NA,9.5,3,2026-07-31,AVAL,5,0,0,0,10,0,7,22,91,10,FALSE,FALSE,Other,Momentum Leader,65.9,Leading
5075,TTNDY,Techtronic Industries Co. Ltd. ADR,NA,0,0,0,84,1.9,0,0,0,83.8,0,05/15/2026,0,E,No,No,No,No,-,0,0,1.8,0,14.97,4.36,6.37,71,214.93,0,8.5,2.12,1.89,NA,4.9,4.5,6,6,No,Yes,9.6,5.2,7.5,8.8,-,4,7,7,6,No,No,44.9,83.41,Building - Tools,NA,0,32,Yes,1.52,0,No,5,25,0,0,0,84.41,57,35,16,3.28,Yes,8,0.28,-1.18,86,78,78,0.68,3675,30288.1,1.74,365564.9,19.5,216.6,0,15.2,NA,22.2,NA,56,38,E,0,19,15,5.9,0.7,1.5,-,15259.5,15,2,7,NA,1.9,48,Yes,0.23,0,141,NA,No,13,NA,Yes,No,No,2,0,No,0,1.2,0,4,US OTC,No,81,Yes,NA,-,99,0,15,15,0.4,3.6,No,No,13.7,0,BUILDING,1.9,NA,No,0,30389.9,No,No,No,39.4,58.2,NA,18,7.7,2026-07-31,TTNDY,0,0,0,10,10,0,7,27,87.66666666666667,30,FALSE,FALSE,Other,Momentum Leader,35,Weak
3520,ABX,Abacus Global Management Inc.,NA,11,9.8,8.9,10.68,-0.7,1.8,2,0,1048.7,5539121,NA,0,C-,No,No,No,No,Yes,-12.85,8.5,1.9,1.91,-39.84,0.18,0.19,29,101.04,10,22.4,4.74,4.99,NA,94.7,92,150,150,No,Yes,231.8,25,24.3,207.6,56,62,105,25,9,No,No,20.6,10.31,Finance-Investment Mgmt,NA,0,114,No,0.53,81.1,No,113,12,-9.7,17,0,12.44,84,75,23,0.89,Yes,84,-1.53,-17.12,86,58,70,0.34,6225,1004.3,4.89,95922.4,23.6,-40.3,-3.7,8.5,NA,38.4,NA,41,70,D,-3.8,17,15,5.2,1.1,-4.2,43,235.2,225,35,30,NA,75.5,610,No,-0.16,9,396,NA,No,152,NA,No,No,No,3.95,0,No,11,1.1,44,106,New York Stock Exchange,No,72,Yes,2.37,-,97,32564.5,20,22,27.4,91.6,Yes,No,14.4,4.8,FINANCE,-0.7,NA,No,43,1377.4,No,No,No,90.6,-28.7,NA,8.6,12.2,2026-07-31,ABX,17,8,0,0,10,10,10,55,73.33333333333333,5,FALSE,FALSE,CANSLIM Growth,CANSLIM Growth,52.3,Improving
4975,PBFS,Pioneer Bancorp Inc.,NA,6.7,4.7,5.1,18.41,-2.9,0.4,1,10,531.1,113770,NA,0,D,No,No,No,No,Yes,0,14.9,0,0.37,38.05,0,0,67,98.45,0,20.9,3.37,3.68,NA,0,0,0,0,No,Yes,0,0,0,0,218,-,-,-,7,No,No,27.7,17.22,Banks-Regional,NA,3.7,53,No,0.63,0,Yes,269,23,9.1,1.1,0,19.42,56,30,19,0.75,Yes,0,-2.33,-11.33,86,73,63,0.38,358,442.1,2.9,25076.8,21.2,-29.4,0.9,21,NA,21.7,NA,20,20,D,0,0,0,6.2,0.6,2.3,6,126.7,0,17,0,NA,13.3,22,Yes,-0.41,0,15,NA,No,122,NA,No,No,No,3.34,0,No,-45,1.9,-6,28,NASDAQ,No,79,Yes,1.28,-,94,10324,0,68,-25.7,1106099975.5,No,No,18.2,0,BANKS,-2.9,NA,No,18,469.9,Yes,No,No,40.3,-64.7,NA,6.5,9.3,2026-07-31,PBFS,5,0,0,0,10,7,10,32,81,15,FALSE,FALSE,Pullback to 10SMA,Momentum Leader,65.9,Leading
5133,UHAL,U-Haul Holding Co.,NA,8.2,7.1,7.1,74,-0.7,0,0,0,174,1782320,NA,0,A+,No,No,No,No,Yes,9.65,-12,0,1.92,7.75,0,0,98,1123.57,67,1.9,2.9,2.53,NA,3.7,3.5,3,1,No,No,-193,-91.7,-75.9,-224.7,11,-41,-70,-87,1,No,No,40.7,70.91,Comml Svcs-Leasing,NA,0,95,No,1.71,106.6,Yes,18,295,-0.8,23,0,74,45,19,17,0.24,No,0,-0.06,-4.18,86,91,63,0.93,15450,12468.3,2.47,19435.6,29.8,-51.2,8.4,38.1,NA,25.4,NA,8,48,A,-2.9,376,87,12.5,-1.2,2.3,-,6037.8,-44,3,-86,NA,2.5,249,Yes,-0.04,-2,123,NA,No,288,NA,No,No,No,0.23,0,Yes,-52,1.8,-177,4,New York Stock Exchange,No,92,Yes,1.83,-,96,7739.4,-46,-28,-114.4,2.9,Yes,Yes,28.6,0.7,FINANCE,-0.7,NA,No,77,21035,No,No,No,22.6,-35.8,NA,0.6,-10.7,2026-07-31,UHAL,0,0,7,0,10,10,10,37,95,5,FALSE,FALSE,Pullback to 10SMA,Momentum Leader,52.3,Improving
4972,PBAM,Private Bancorp of America Inc.,NA,0,0,0,85.75,3.5,0.4,1,10,531.1,0,NA,0,NA,No,No,No,No,Yes,0,0,0,0.32,10.9,0,0,19,406,0,16.3,1.17,1.38,NA,0,0,0,0,No,No,0,0,0,0,211,-,-,-,0,No,No,46.2,84.1,Banks-Regional,NA,3.7,53,No,1.06,9.1,No,269,0,0,0,0,85.75,56,30,32,0,No,0,0.72,-1.92,86,89,59,0.07,288,480.4,1.47,5752.2,26.3,1803.2,13.6,11.9,NA,40.2,NA,1,20,A,0,0,0,10.7,3.4,7.4,19,0,0,0,0,NA,0,4,Yes,0.6,0,36,NA,No,5,NA,No,No,No,NA,0,Yes,0,1.3,0,0,NASDAQ,Yes,92,Yes,1.69,-,98,0,0,0,0,0,No,No,20.8,0,BANKS,3.5,NA,No,3,135.8,Yes,Yes,Yes,45,100.6,NA,0,0,2026-07-31,PBAM,0,0,10,10,10,0,10,40,83,15,FALSE,FALSE,Breakout,Momentum Leader,65.9,Leading
3659,AIZ,Assurant Inc.,NA,3.4,3,3.5,284.64,0.8,0,0,3,2447.1,1512827,06/08/2026,0,C,No,Yes,No,No,-,0.3,9.1,1.3,0,7.78,0.56,0.59,33,55.7,13,8.5,1.96,1.97,NA,8.6,9,6,8,No,Yes,30.7,61.2,52.2,35.9,-,21,21,47,13,No,No,15.9,279.19,Insurance,NA,2.3,94,Yes,5.35,32.5,Yes,129,12,16.4,3.1,0,284.64,81,34,12,22.39,Yes,10,-1.16,-1.91,85,78,98,0.59,99475,13995.2,1.92,49547.6,19.4,36.9,4,18.2,NA,17.2,NA,96,32,A,12.5,7,7,6.5,2,2,40,12814.3,7,11,19,NA,9.6,389,No,-3.27,1,531,NA,No,1189,NA,No,No,No,1.05,0,Yes,76,1,17,8,New York Stock Exchange,No,82,Yes,2.36,Yes,98,49157.5,91,25,46.3,9.4,Yes,Yes,16.9,-0.2,INSURANCE,0.8,NA,No,70,14462.2,Yes,Yes,Yes,49.1,18.6,NA,15.9,8,2026-07-31,AIZ,25,15,7,5,10,10,7,79,94,40,TRUE,FALSE,CANSLIM Growth,CANSLIM Growth,65,Strong
5197,UVE,Universal Insurance Holdings Inc.,NA,3.3,4.5,6.5,45.15,5,0,0,3,2447.1,1354475,07/31/2026,0,D+,No,Yes,No,No,No,-0.49,3.1,1.5,0.75,3.32,0.1,0.1,8,22.17,9,15.2,3.54,3.92,NA,4.3,4.6,6,6,No,Yes,196.9,285.5,285.7,229.4,38,59,127,217,36,No,No,29.3,43.71,Insurance,NA,2.3,94,No,1.58,15.4,No,129,6,45.4,5.3,0,45.15,81,34,38,7.37,Yes,65,-0.27,-3.19,85,77,98,0.51,8302,1227.8,4.02,27911.1,26.3,0.7,5.7,10.3,NA,43.5,NA,97,32,A-,13.9,-22,-2,11.5,8.8,7,89,2140.3,-8,4,246,NA,6.3,213,No,-0.12,-98,198,NA,No,374,NA,No,No,No,0.55,0,No,50,1.3,39,5,New York Stock Exchange,No,91,Yes,1.91,-,97,25338.6,768,286,44.2,5.1,Yes,No,23.1,2.5,INSURANCE,5,NA,No,48,879.2,No,No,No,84.9,34.9,NA,39.6,13.9,2026-07-31,UVE,15,15,0,0,10,10,10,60,91.66666666666667,50,FALSE,FALSE,CANSLIM Growth,CANSLIM Growth,65,Strong
5430,WTBA,West Bancorp Inc.,NA,6.9,6.8,6.5,28.44,2.9,0.4,1,10,531.1,391696,08/05/2026,0.26,A,No,No,No,No,Yes,-0.1,16.5,3.8,0.33,10.26,0,0,33,48.25,10,20.9,2.75,2.96,NA,22.3,22.4,-3,9,No,No,35.2,23.7,32.1,36,214,-11,10,28,7,Yes,No,26.4,28.05,Banks-Regional,NA,3.7,53,Yes,0.79,37,Yes,269,13,-5.4,2.6,0,28.44,56,30,13,2.23,No,27,1.01,-1.37,85,86,98,0.75,1672,473.3,2.92,17043.7,17,-8.8,5.7,17.1,NA,18.2,NA,81,20,A+,1.6,35,8,8.7,1.6,3,46,99.5,-1,18,35,NA,17.7,65,Yes,0.28,22,58,NA,No,218,NA,No,No,No,4.44,0,Yes,36,1.8,33,0,NASDAQ,No,87,Yes,1.7,-,99,14990.4,2,57,34.4,22.2,Yes,Yes,13.7,4.8,BANKS,2.9,NA,No,37,831.9,Yes,No,No,55.9,-35.9,NA,13.2,21.7,2026-07-31,WTBA,20,8,7,0,10,10,7,62,96.66666666666667,35,TRUE,FALSE,Pullback to 10SMA,CANSLIM Growth,65.9,Leading
5422,WSFS,WSFS Financial Corp.,NA,5.3,4.4,4.8,82.3,0.5,0,0,2,25.9,2183176,08/07/2026,0.2,A,No,Yes,No,No,No,-0.03,4.9,1,0.16,20.45,0,0,36,51.89,12,28,2.04,2.09,NA,-1.5,-2.1,13,3,No,No,26.2,36.1,34.5,31.1,9,0,7,35,9,No,No,45.2,80.2,Banks-Savings & Loan,NA,9.5,23,Yes,1.63,11.3,No,21,13,8.8,4.2,0,82.3,63,28,17,6.17,Yes,12,0.48,-2.55,85,75,97,0.95,36399,4154.2,2.21,52044,22.9,-25,4.5,11.4,NA,23.9,NA,87,10,B+,10.7,25,4,5.8,-0.1,1.6,61,1066,-4,6,19,NA,6.6,483,Yes,0.38,14,347,NA,No,500,NA,No,No,No,3.79,0,Yes,31,1.6,49,-2,NASDAQ,No,86,Yes,1.51,-,98,51468.3,29,30,39.7,5.7,Yes,Yes,16.7,0.2,BANKS,0.5,NA,No,62,2934.5,No,No,No,46.2,-26.1,NA,10.8,24.1,2026-07-31,WSFS,15,12,7,0,10,10,10,64,87.66666666666667,40,FALSE,FALSE,CANSLIM Growth,CANSLIM Growth,65.9,Leading
4563,NBIX,Neurocrine Biosciences Inc.,NA,4.6,4.5,4.3,186.12,-5.1,0,0,2,1308.2,5334688,NA,0,A+,No,Yes,No,No,No,0.29,15.3,0,1.87,21.84,0.52,0.52,69,95.74,19,24.7,2.93,2.88,NA,30.9,34.5,26,24,No,Yes,403.1,788.9,607.8,499.9,8,47,46,109,16,No,No,17.6,166.8,Medical - Profitable Biotech,NA,3.8,40,No,4.93,10.9,No,52,24,-3.8,5.4,0,186.12,102,79,28,6.82,Yes,0,-10.08,-10.38,85,63,96,0.61,197668,18652,2.92,100550,27.5,296.4,-1,26.7,NA,22.6,NA,97,84,B+,-15.7,54,36,11.4,5.6,6,33,2860.5,33,39,42,NA,40.9,1183,Yes,-18.7,-6,4584,NA,No,1718,NA,No,No,No,4.97,0,No,31,1.3,2287,21,NASDAQ,No,72,No,5.48,Yes,90,98795.3,48,65,1159.3,36.7,Yes,No,27.6,4.9,MEDICAL,-5.1,NA,No,69,17169.3,Yes,Yes,Yes,30.1,55.7,NA,16.4,15.1,2026-07-31,NBIX,22,15,0,10,10,10,10,77,91.33333333333333,50,FALSE,TRUE,CANSLIM Growth,CANSLIM Growth,50.1,Improving
4924,OVV,Ovintiv Inc.,NA,3.7,4.2,4.1,64.61,-1.1,0,0,0,771.1,14258541,09/15/2026,0.3,A-,No,No,No,No,Yes,-5.49,8.5,1.9,1.01,4.44,2.09,3.41,23,66.83,9,8.8,3.21,3.06,NA,6,7.2,-5,-8,Yes,Yes,8.4,37.1,16.6,10.2,42,3,-4,11,9,Yes,No,59.4,62.46,Oil&Gas-Explorers/Producers,NA,0,34,No,1.73,42.8,Yes,72,10,-1.8,5.1,0,64.61,24,44,35,6.1,No,22,1.36,-3.33,85,82,91,1.08,186511,16976.5,3.12,275503.6,25.4,-26.6,18.6,1.5,NA,43.7,NA,77,44,B+,-7.9,44,-4,8.7,3.2,8,70,8736,-15,34,-15,NA,20.3,3303,Yes,0.84,71,2404,NA,No,893,NA,No,No,No,1.78,0,No,75,1.4,33,-3,New York Stock Exchange,No,84,Yes,1.5,-,99,274159.8,3,-45,54.1,11.5,Yes,Yes,17,2.2,ENERGY,-1.1,NA,No,73,23026.9,No,No,No,51.7,2.8,NA,11.5,15.8,2026-07-31,OVV,27,12,0,0,10,10,10,69,88,30,TRUE,TRUE,Earnings Accelerator,CANSLIM Growth,47.5,Improving
5429,WT,WisdomTree Inc.,NA,5.1,4.9,4.9,21.23,-0.4,1.8,2,0,1048.7,15295886,05/13/2026,0,E,No,Yes,No,Yes,Yes,2.44,16.2,0.6,4.57,18.98,0.59,0.61,54,184.16,16,28.8,4.16,4.2,NA,30.9,37.3,15,22,Yes,Yes,47.5,70.5,59.8,50.4,80,29,57,62,24,No,No,58.9,19.37,Finance-Investment Mgmt,NA,0,114,Yes,0.79,237.1,Yes,113,18,-0.1,11.5,0,21.23,84,75,7,1.1,Yes,26,3.03,-8.76,85,76,91,1.06,53364,2875.3,4.12,152941.3,21.1,12,14.3,13.9,NA,19.6,NA,99,70,E,17.3,35,11,0.6,-4.8,-2.1,22,493.8,70,57,37,NA,52.5,2879,Yes,0.57,31,3275,NA,No,506,NA,No,No,No,4.86,0,No,72,0.9,69,15,New York Stock Exchange,No,78,Yes,6.22,Yes,97,133318.2,71,28,70.5,46.1,Yes,Yes,12.2,2.4,FINANCE,-0.4,NA,No,86,3434.5,Yes,Yes,No,46,-19.4,NA,26.6,25,2026-07-31,WT,30,15,0,0,10,10,10,75,86,45,TRUE,TRUE,Earnings Accelerator,CANSLIM Growth,52.3,Improving
5194,UTZ,Utz Brands Inc.,NA,4.6,4.1,4.6,14.19,0.1,0,0,2,831,8932422,06/22/2026,0,A,No,No,No,No,No,15.6,53,1.8,1.14,11.05,1.98,2.49,54,3960.51,18,0,5.33,6.39,NA,2.2,2.3,6,0,No,Yes,10.5,7.2,2.7,5,18,7,17,6,0,No,No,36,14.12,Food - Packaged,NA,4.2,97,Yes,0.48,138.2,Yes,48,17,11.4,12.4,0,14.19,83,102,30,0.81,Yes,12,0.07,-0.49,85,99,86,0.56,43331,2031.3,7.12,88613.2,53.9,-25.4,83.4,77.4,NA,34,NA,78,97,A,7.6,-5,8,68.9,16.9,43.1,41,1438.8,35,3,6,NA,1.5,3823,Yes,0.01,9,2840,NA,No,252,NA,No,No,No,0.86,0,No,-6,3.6,18,2,New York Stock Exchange,No,98,No,1.76,Yes,100,71085.6,10,-11,6,2.1,No,No,62.7,-6.3,FOOD/BEV,0.1,NA,No,62,2153.6,No,No,No,8.4,11.7,NA,0.1,-0.5,2026-07-31,UTZ,0,0,0,0,10,10,10,30,110,15,FALSE,FALSE,Other,Momentum Leader,59.2,Strong
5344,WCC,Wesco International Inc.,NA,3.1,2.3,2,357.65,3.3,0,0,0,503.9,1250310,06/12/2026,0,E,No,No,No,No,No,1.24,89.8,0.6,2.09,136.02,3.41,3.75,66,92.26,19,3.6,4.14,4.35,NA,11.5,12.5,6,3,No,Yes,17.7,31.6,26.1,22,8,6,-3,24,11,No,No,40.4,343.49,Electronic-Parts,NA,0,45,No,14.47,113.4,No,23,23,-12.3,2.6,0,377.9,23,26,11,15.26,Yes,22,0.24,-9.11,85,67,84,1.63,220706,16689.7,4.59,48704.9,16.4,-10.6,-0.6,-1.6,NA,18.7,NA,76,14,E,14.8,28,19,-0.3,4.6,4.9,78,23510.9,-16,13,6,NA,13.4,658,No,0.82,17,585,NA,No,887,NA,No,No,No,0.67,0,No,35,1.1,52,8,New York Stock Exchange,No,74,Yes,3.27,-,98,47685.9,8,9,43.6,12.4,Yes,Yes,10.7,-0.9,ELECTRNCS,3.3,NA,No,60,21195,No,No,No,66,78,NA,13.5,3.1,2026-07-31,WCC,20,12,0,0,10,10,7,59,78.66666666666667,30,TRUE,FALSE,CANSLIM Growth,CANSLIM Growth,46.2,Improving
5427,WST,West Pharmaceutical Services Inc.,NA,2.8,2.6,3,386,3.9,3.1,4,3,1077.5,2360270,07/29/2026,0,C-,No,No,No,No,No,0.24,58.3,0.3,2.82,32.84,0,0,85,167.1,37,19.5,2.72,2.81,NA,11.9,12.5,3,4,No,No,18,29.3,23.4,23,53,-3,-1,23,15,No,No,23.9,340.96,Medical-Products,NA,2.4,109,Yes,9.84,9.8,No,127,40,15.7,3.4,0,386,142,103,39,8.5,No,9,0.4,-11.67,85,64,84,0.89,269702,23898.9,2.94,70375.8,19.5,27.8,-5,14.6,NA,47.5,NA,75,90,C-,13.9,23,11,0.8,-2.4,-4,19,3074.1,-16,14,8,NA,17.4,804,No,1.37,11,1048,NA,No,2105,NA,No,No,No,7.21,0,No,29,1.5,47,6,New York Stock Exchange,No,87,Yes,8.03,Yes,100,69925.8,12,6,37.9,14.1,Yes,Yes,18.1,3.6,MEDICAL,3.9,NA,No,54,23283.9,No,No,No,42.5,33.5,NA,16.9,17.6,2026-07-31,WST,20,12,0,5,10,10,7,64,79.66666666666667,50,FALSE,FALSE,CANSLIM Growth,CANSLIM Growth,50.1,Improving
4244,LXP,LXP Industrial Trust,NA,2.5,3.9,3.3,61.61,-0.5,5.7,11,1,1674.3,1517093,06/30/2026,0,A+,No,No,No,No,Yes,10.58,25.3,4.6,2.25,18.3,0,0,57,237.79,17,35,1.98,1.95,NA,-2.4,-3.6,1,2,Yes,No,0.6,1.2,0.9,0.7,125,-4,-3,1,2,Yes,No,22.1,60.53,REITs,NA,0.5,98,Yes,1.08,70.6,Yes,194,19,-15,2.7,0,61.61,44,23,16,3.23,No,3,-0.33,-1.75,85,88,84,0.74,35285,3524.8,1.73,58040.7,20.6,6.5,12.3,18.9,NA,22.2,NA,47,45,A,0.9,6,8,10.9,0.6,5.4,16,346.1,-9,0,-2,NA,-0.9,634,Yes,-0.2,8,657,NA,No,588,NA,No,No,No,10.2,0,Yes,5,2,0,-2,New York Stock Exchange,No,88,Yes,1.83,-,99,56327.2,-1,0,2.5,-5.3,Yes,Yes,18.6,-1.7,REAL EST,-0.5,NA,No,66,4711.2,No,No,No,56,14.1,NA,5.5,-0.1,2026-07-31,LXP,0,0,7,0,10,10,10,37,95.66666666666667,10,FALSE,FALSE,Pullback to 10SMA,Momentum Leader,44.1,Weak
5111,UAL,United Airlines Holdings Inc.,NA,2.3,3.4,3.9,124.67,2.6,0,0,0,238.2,21814905,NA,0,D,No,No,No,No,Yes,-3.38,24.2,0,0.78,4.73,0.2,0.2,37,44.58,9,7.3,4.49,3.95,NA,7.1,8.5,25,6,Yes,Yes,110.2,-7.6,-9.8,-9.2,14,66,2,-16,24,No,No,8.5,121.33,Transportation-Airline,NA,0,35,No,4.89,183.7,Yes,20,13,15,6.8,0,138.77,123,47,12,9.06,Yes,58,-1.8,-12.57,85,81,77,1.63,637183,40105.6,3.94,324583.8,17.3,-50.4,-10.8,34.8,NA,18.6,NA,42,28,D+,6.1,-2,48,5.6,4.4,0.1,36,59070,6,16,0,NA,13.3,5470,No,-2.23,14,2661,NA,No,1953,NA,No,No,No,0.63,0,No,-49,1.3,31,4,NASDAQ,No,82,Yes,2.36,-,97,322535.2,-5,-17,-8.9,10.4,No,No,15.4,4.3,TRANSPORTATION,2.6,NA,No,59,57557.8,No,No,No,37.4,-43,NA,24,4.6,2026-07-31,UAL,5,0,0,0,10,10,7,32,93,15,FALSE,FALSE,Other,Momentum Leader,57.8,Strong
4018,KMX,CarMax Inc.,NA,4.4,3.7,3.4,61.15,-1.8,0,0,0,133.6,11526450,NA,0,A,No,No,No,No,Yes,6,24.6,0,2.7,4.74,0,0,63,147.74,20,1.4,4.65,4.54,NA,-0.3,-1.9,-3,-1,Yes,No,0.9,-31.1,-29.5,-15.2,13,-17,1,-27,4,Yes,No,48.2,57.26,Retail/Whlsle-Automobile,NA,0,110,Yes,2.44,297.2,Yes,21,21,-8.8,8.4,0,62.56,99,82,22,2.72,No,25,-2.45,-8.48,85,91,56,1.32,174905,8330.2,4.01,141911.1,34.7,-40.3,8.3,45.7,NA,28.6,NA,19,80,A-,35.7,-7,15,16.6,1.2,6.2,40,25881.1,0,6,-9,NA,2.6,3446,Yes,-1.44,12,2105,NA,No,622,NA,No,No,No,0.31,0,No,-5,1.5,-41,-2,New York Stock Exchange,No,91,Yes,1.33,-,94,136857.7,-47,-25,-23.2,-0.6,No,No,30.5,1.1,RETAIL,-1.8,NA,Yes,71,26410.4,No,No,No,1.1,-18,NA,4.1,2.2,2026-07-31,KMX,0,0,0,0,10,10,10,30,92.33333333333333,10,FALSE,FALSE,Pullback to 10SMA,Momentum Leader,52.4,Improving
4057,KSS,Kohl's Corp.,NA,5.8,5.5,5.7,19.74,6.7,0,0,0,1533.9,30390317,06/10/2026,0,B,No,No,No,No,Yes,6.08,7.4,2.8,1.48,1.58,0,0,30,32.28,14,2.2,6.21,5.56,NA,-3.5,-3.4,-4,-5,No,No,-6.6,-12.5,-10.6,0.7,11,-,-,0,5,No,No,-6.2,19.14,Retail - General,NA,0,50,No,0.98,157.8,Yes,15,12,4.4,28.1,0,25.22,49,124,9,1.6,No,0,-1.85,-24.11,85,93,50,1.58,82388,2211.3,5.41,113400,15.2,-25.9,8,35.1,NA,9.6,NA,21,118,A,31.8,-12,4,17.9,6.9,10.7,86,14775,-47,-2,8,NA,-2.8,5028,Yes,-0.36,3,3532,NA,No,465,NA,No,No,No,0.15,0,No,0,1.6,13,-4,New York Stock Exchange,No,89,No,0.54,-,97,108282.3,-50,-5,6.3,-2.8,No,No,19.5,-1.9,RETAIL,6.7,NA,No,71,8117.4,No,No,No,76.6,-25.1,NA,6.9,-0.4,2026-07-31,KSS,0,0,0,0,10,10,7,27,91,5,FALSE,FALSE,Other,Momentum Leader,52.4,Improving
4778,NWFL,Norwood Financial Corp.,NA,4.8,4.2,4.2,35.06,4.2,0.4,1,10,531.1,146196,07/15/2026,0,A+,No,No,No,No,Yes,-0.06,14.4,3.9,0.14,9.33,0,0,22,45.05,9,25.7,2.92,3.21,NA,48,57.1,13,13,No,Yes,50.5,54.6,65.1,57.7,141,-5,9,54,8,No,No,21.2,33.99,Banks-Regional,NA,3.7,53,Yes,1.01,22.6,No,269,10,-0.3,1.5,0,35.06,56,30,8,3.36,No,28,0.86,-3.05,84,85,98,0.43,1253,367,3.12,10890.7,14.4,8.9,5.7,16.1,NA,11.7,NA,79,20,A+,-0.6,12,10,7.8,4.7,5.7,87,136,-7,-12,61,NA,7.4,40,Yes,0.29,2,42,NA,No,159,NA,No,No,No,2.63,0,Yes,28,2.3,14,34,NASDAQ,Yes,84,Yes,1.28,Yes,98,9890.1,121,97,21.3,71.9,Yes,Yes,11.8,0,BANKS,4.2,NA,No,21,411.6,No,No,No,40.2,-8.3,NA,12.2,21.7,2026-07-31,NWFL,15,15,10,0,7,10,7,64,96,30,FALSE,FALSE,CANSLIM Growth,CANSLIM Growth,65.9,Leading
5417,WSBC,WesBanco Inc.,NA,4.8,4.9,5.3,42.21,0.3,0.4,1,10,531.1,6938724,06/05/2026,0,A+,No,No,No,No,No,-0.07,13.9,3.7,0.06,12.87,0,0,28,46.63,11,19.4,2.41,2.44,NA,50.3,43.9,11,24,No,No,38.1,19.1,31.3,42.2,53,-2,11,27,4,No,No,24.5,41.38,Banks-Regional,NA,3.7,53,Yes,0.96,42.7,No,269,11,8.8,7.4,0,42.21,56,30,11,3.61,Yes,17,-0.46,-1.97,84,88,97,0.8,53601,3985.3,2.38,95869.2,19.6,-48.9,6,20.4,NA,17.3,NA,70,20,A+,7.8,5,8,10.9,1.4,3.7,69,981.1,-9,6,45,NA,19.5,1429,Yes,-0.19,-7,682,NA,No,428,NA,No,No,No,3.74,0,Yes,1,2.5,38,51,NASDAQ,No,86,Yes,1.02,Yes,98,93719.5,18,68,19.5,34,Yes,No,16.5,4.6,BANKS,0.3,NA,No,50,5476.8,No,No,No,37.3,-48.6,NA,6.5,24.1,2026-07-31,WSBC,0,8,7,0,7,10,7,39,99.66666666666667,15,FALSE,FALSE,Pullback to 10SMA,Momentum Leader,65.9,Leading
5509,YOU,Clear Secure Inc.,NA,6.6,7.7,8.1,59.97,5.7,4.3,2,0,131.2,12465940,06/10/2026,0,D,No,No,No,No,No,-3.31,9.7,1.1,1.01,14.51,0.58,0.59,81,170.33,31,22.9,4.75,4.86,NA,17.5,17.4,38,24,Yes,Yes,78,2.6,4.1,7.7,6,60,85,-24,30,No,No,57.5,55.24,Security/Sfty,NA,0,130,No,2.65,56.9,Yes,46,35,5.1,13.5,0,62.73,118,50,64,1.56,Yes,41,-1.53,-11.94,84,54,97,1.38,75305,7497.3,5.25,100612.5,26.4,-1.7,-0.9,3.5,NA,69.3,NA,88,31,B,57,51,20,1.8,2.7,2.2,8,900.8,210,20,-38,NA,18.2,1368,No,-0.86,7,1353,NA,No,603,NA,No,No,Yes,5.9,0,No,44,1.3,-66,17,New York Stock Exchange,No,66,Yes,30,-,92,92594.8,29,9,-10.8,17.3,Yes,No,17.4,3.8,BUSINS SVC,5.7,NA,No,67,5295.7,No,No,No,87.8,7.9,NA,58.1,15.3,2026-07-31,YOU,20,0,0,0,7,10,10,47,80.33333333333333,45,TRUE,FALSE,Other,Momentum Leader,58.5,Strong
5328,WAB,Wabtec,NA,3.1,3.2,3.9,306.64,-3.8,0,0,0,57.6,3383668,08/18/2026,0.31,B-,No,No,No,No,No,6.63,30.4,0.4,1.12,28.29,1.37,1.4,75,153.5,25,14.3,2.82,3,NA,11.2,13.4,10,8,No,Yes,19.6,21.8,20.4,19.5,2,21,22,20,10,No,No,36.3,290.86,Transportation-Equip Mfg,NA,0,37,Yes,8.21,46.7,Yes,9,29,20.4,2,0,306.64,43,1,19,9.89,Yes,3,-0.55,-5.15,84,79,96,1.02,256342,49399.7,3,168910.9,21,7.4,7.9,7.8,NA,26.4,NA,92,17,B-,6,21,14,9.2,3.1,7.5,-,11167,28,17,19,NA,15.3,948,Yes,-1.6,18,960,NA,No,2418,NA,No,No,No,4.1,0,No,22,1.1,19,8,New York Stock Exchange,No,80,Yes,4.39,-,95,167756.8,25,16,20.2,15.1,Yes,No,15.1,1.4,TRANSPORTATION,-3.8,NA,No,59,54425.5,No,No,No,51.5,19.7,NA,11,12.4,2026-07-31,WAB,15,8,0,0,7,10,10,50,88.33333333333333,35,FALSE,FALSE,Other,Momentum Leader,57.8,Strong
4207,LQDT,Liquidity Services Inc.,NA,4.9,4.7,5.1,40.34,3.8,3.3,2,0,3373,982299,NA,0,C-,No,No,No,No,Yes,0.13,10.3,0,1.5,18.92,2.07,2.07,73,158.3,25,8.3,2.87,3.02,NA,13.7,10.3,16,21,No,Yes,32.7,22.6,20.3,19.2,31,13,22,21,15,No,No,28.6,38.98,Retail-Internet,NA,0,104,Yes,1.17,4.5,Yes,60,27,10.6,4.4,0,41.28,35,109,12,1.45,Yes,12,2.12,-5.57,84,72,94,0.98,7302,1190.2,3,31181.2,19.2,-12.9,-0.4,9.3,NA,21.8,NA,92,29,C,16.7,18,13,1.4,-1.7,-1.5,33,476.7,11,4,24,NA,1.4,195,No,0.81,1,164,NA,No,343,NA,No,No,No,2.53,0,Yes,13,1.5,39,31,NASDAQ,No,81,Yes,5.47,-,98,22551.9,16,13,26.1,4.4,Yes,No,12.6,4.6,RETAIL,3.8,NA,No,61,1027.2,No,No,No,63.2,-28.4,NA,14.6,6.2,2026-07-31,LQDT,10,8,7,0,7,10,7,49,85.33333333333333,45,FALSE,FALSE,Other,Momentum Leader,52.4,Improving
4347,MFC,Manulife Financial Corp.,NA,5.8,2.6,2.5,44.89,1.8,0,0,3,2447.1,5285069,05/29/2026,0,A+,No,No,No,Yes,-,0.59,3.5,2.8,0,3.3,1.83,2.85,41,69.14,14,11.6,1.77,1.66,NA,286.2,378.8,21,-4,No,Yes,8.5,12.2,10.2,8.9,-,5,9,11,7,No,No,22.5,44.44,Insurance,NA,2.3,94,Yes,0.69,30.6,Yes,129,14,-7.1,0.3,0,44.89,81,34,9,3.11,Yes,5,-0.25,-1,84,85,93,0.91,70117,74297.3,1.59,1668890.5,20.5,-23.7,9.7,13.1,NA,16.6,NA,55,32,A+,-3.2,2,11,9.8,2.5,5.2,31,43726.8,6,481,14,NA,361.7,2051,Yes,-0.11,11,1824,NA,No,1733,NA,No,No,No,1.67,0,Yes,8,1.4,13,11,New York Stock Exchange,Yes,88,Yes,2.36,-,99,1665897.7,15,4,10.9,498.9,Yes,No,17.2,-2.3,INSURANCE,1.8,NA,No,32,73124.8,No,No,No,43.5,-5.4,NA,11.1,9.3,2026-07-31,MFC,10,0,10,0,7,10,10,47,89.33333333333333,20,FALSE,FALSE,Other,Momentum Leader,65,Strong
4663,NMR,Nomura Holdings Inc. ADR,NA,1.1,1,1.2,9.9,-1.3,0,0,0,564.3,1734857,03/31/2026,0,C+,No,No,No,No,Yes,1.21,-82.2,2.8,1.41,-3.85,0,0,26,43.27,10,11.3,2.47,2.57,NA,11.3,11.4,7,-1,No,Yes,19.4,4,7.4,9.4,16,-,55,3,7,No,No,15.4,9.68,Finance-Invest Bnk/Bkrs,NA,0,103,No,0.24,538,Yes,37,11,26.6,0.1,0,10.06,129,59,-4,0.88,Yes,0,1.26,-3.78,84,87,91,0.86,11628,26549,2.57,3088562.5,15.1,-34.9,10.3,20.1,NA,9.1,NA,87,64,C,28.1,10,3,7,-1.3,0.1,77,13614.1,130,23,-2,NA,14.3,1312,Yes,0.12,4,859,NA,No,50,NA,Yes,No,No,2.03,0,No,39,2.1,-14,2,New York Stock Exchange,No,81,Yes,1.2,-,98,2922455.2,-14,18,12.8,11.6,Yes,No,11,0,FINANCE,-1.3,NA,No,1,227712.4,No,No,No,45.6,0,NA,10.3,10.6,2026-07-31,NMR,20,0,0,0,7,0,7,34,94.33333333333333,30,TRUE,TRUE,Earnings Accelerator,Momentum Leader,52.3,Improving
4020,KNBWY,Kirin Holdings Co. Ltd. ADR,NA,0,0,0,19.12,4.8,0,0,1,388.4,0,12/30/2025,0,B,No,No,No,No,Yes,3.2,15.8,2,1.44,7.64,0,0,47,43.22,15,8.3,1.39,1.35,NA,1.3,0.8,-1,5,No,Yes,3097.3,6232.8,4672.6,3736.5,8,-7,-7,213,8,No,No,24.3,18.61,Beverages-Alcoholic,NA,4.8,67,Yes,0.24,62.4,No,21,16,0,0,0,19.12,69,56,17,1.19,Yes,37,-2.14,-2.64,84,88,90,-0.07,465,15600.4,1.5,810148.1,18.8,-62.5,7.6,17.6,NA,20,NA,59,22,A,-11.9,16,0,9.9,5.6,7.1,53,15857.2,-49,-6,150,NA,-1.5,27,Yes,-0.41,117,9,NA,No,0,NA,Yes,No,No,0.95,0,Yes,-4,1,9351,5,US OTC,No,79,Yes,1.81,-,97,0,9351,-8,4673.5,0,Yes,Yes,16,0,ALCOHL/TOB/THC,4.8,NA,No,0,21086.2,No,No,No,40.1,-39.1,NA,12.5,4.7,2026-07-31,KNBWY,0,15,7,0,7,0,7,36,94.33333333333333,15,FALSE,FALSE,Other,Momentum Leader,31.9,Weak
4085,LAMR,Lamar Advertising Co. Cl A,NA,6.8,5.3,5.5,166.33,0.3,0,0,0,102.6,3761189,06/16/2026,0,B,No,No,No,No,No,-14.2,25.4,4,0.58,18.82,2.46,3.69,75,114.35,27,27.1,1.93,1.99,NA,3,3.4,7,4,No,Yes,2510.3,5023.8,3771.2,3032.5,1,8,6,40,-12,No,No,26.4,159.96,Comml Svcs-Advertising,NA,0,129,No,3.15,465.5,Yes,50,30,3.7,4.4,0,166.33,91,94,19,5.42,Yes,16,-0.43,-3.83,84,73,88,0.97,93645,16302,2.03,87055,17.6,-6.2,2.6,16,NA,24.7,NA,64,96,A-,21.3,3,7,3.6,-0.2,0.7,22,2266.2,-27,4,64,NA,3.6,607,Yes,-0.69,4,546,NA,No,876,NA,No,No,No,6.08,0,Yes,-26,3.1,15100,3,NASDAQ,No,77,Yes,16.74,-,96,86325.4,-3,13,7537,3.7,No,No,14.5,2,BUSINS SVC,0.3,NA,No,58,21529.3,No,No,No,30.8,26.1,NA,57,19.2,2026-07-31,LAMR,0,15,7,0,7,10,7,46,88.66666666666667,30,FALSE,FALSE,Other,Momentum Leader,58.5,Strong
3721,AMBA,Ambarella Inc.,NA,2.3,2.3,2.4,91.34,26.4,0,0,0,8214,3945513,NA,0,C+,No,No,No,Yes,No,0.04,150.4,0,2.43,49.95,0,0,96,0,104,-18.9,8.93,9.25,NA,35.1,29.5,3,16,No,No,118.2,73.6,109,112.6,10,-32,57,256,-13,No,No,21.4,86,Elec-Semicondctor Fablss,NA,0,83,No,6.61,1.8,No,45,130,4.8,9.4,0,96.69,29,36,6,0.66,No,89,16.07,-11.06,84,94,85,2.27,135397,3250.2,9.2,43868.2,5.2,406.4,0.2,25,NA,34.3,NA,56,43,A,10.9,27,36,1.7,9.6,2.1,12,390.7,81,17,488,NA,18.5,1844,No,11.91,14,9207,NA,No,520,NA,No,No,No,9.31,0,No,57,1.3,18,37,NASDAQ,No,96,No,6.23,-,114,41869,145,215,37.7,22.7,Yes,Yes,11.1,3.6,CHIPS,26.4,NA,No,62,2950.6,Yes,Yes,Yes,30.1,73.5,NA,-13.1,-18,2026-07-31,AMBA,25,15,0,10,7,10,5,72,94.66666666666667,25,FALSE,FALSE,CANSLIM Growth,CANSLIM Growth,32.9,Weak
4687,NP,Neptune Insurance Holdings Inc.,NA,1.2,2.5,2.2,35.15,4.9,0,0,3,2447.1,2074982,NA,0,D,No,No,No,No,No,-104.32,0,0,1.05,84.79,0,0,93,122.16,52,33.6,5.55,6,NA,32.3,32.9,0,0,No,No,67.7,41.3,68.9,58.2,50,-,-,51,0,Yes,No,8.7,31.71,Insurance,NA,2.3,94,No,1.86,0,Yes,129,70,-11,5.6,0,35.15,81,34,15,0.45,No,0,0.16,-9.79,84,76,81,0.21,26868,4344.8,6.09,93798.1,21.4,15.4,0.7,26.2,NA,24.4,NA,56,32,C,3.5,33,23,8.1,1.4,-0.6,1,159.6,51,33,285,NA,30.8,898,No,0.05,43,999,NA,No,162,NA,No,No,No,16.36,0,No,78,1.5,25,34,New York Stock Exchange,No,90,Yes,-19.58,-,90,36802.1,21,152,51.6,33.5,Yes,No,20.6,42.1,INSURANCE,4.9,NA,No,59,5017.7,No,No,No,0,55.7,NA,0,28.3,2026-07-31,NP,27,12,0,0,7,10,10,66,87.33333333333333,20,TRUE,FALSE,CANSLIM Growth,CANSLIM Growth,65,Strong
4095,LB,LandBridge Co. LLC,NA,10.2,9.6,9.9,79.56,1.6,0,0,0,771.1,3811419,06/04/2026,0,D,No,No,No,Yes,Yes,11.16,-95.2,0.6,3.12,46.99,0,0,93,309.45,31,40.9,5.24,5.12,NA,72.9,58.3,0,0,No,No,282.8,578.5,460.7,355,62,-,-,235,4,No,No,58.2,77.52,Oil&Gas-Explorers/Producers,NA,0,34,No,3.69,155.3,No,72,73,2.3,13.9,0,85.6,24,44,21,1.06,No,0,1.33,-9.44,84,84,78,1.42,25878,5891.8,4.41,27839.2,17.7,-27.5,-2.2,12.8,NA,34.9,NA,59,44,E,-58.1,103,39,5.5,0.3,-0.2,2,199.1,-93,16,277,NA,35.8,352,No,1.02,119,258,NA,No,133,NA,No,No,No,10.47,0,No,15,1.1,922,81,New York Stock Exchange,No,79,Yes,6.26,-,100,27352.4,798,107,468.7,50,No,No,14.4,10.8,ENERGY,1.6,NA,No,40,2615,No,No,No,36.8,-35.3,NA,7.6,16.8,2026-07-31,LB,15,15,0,0,7,10,7,54,84,10,FALSE,FALSE,Other,Momentum Leader,47.5,Improving
4610,NEXN,Nexxen International Ltd.,NA,8.5,6.3,5.8,10.71,4.7,0,0,0,102.6,1949619,NA,0,A-,No,No,No,No,No,0.25,4.8,0,1.25,5.7,0,0,29,130,9,10.2,4.56,4.71,NA,5.4,3.7,9,6,No,No,189.7,-40.8,74.6,199.7,14,-4,40,-15,5,No,No,57.2,10.28,Comml Svcs-Advertising,NA,0,129,Yes,0.45,3.6,Yes,50,12,-7.7,5.9,0,10.71,91,94,67,0.88,No,61,-1.91,-3.97,84,94,77,1.27,3527,584,4.73,55720.8,40.5,12,13.8,40.1,NA,66.3,NA,45,96,A+,27.4,8,16,15.8,3.6,6.7,61,353.1,111,8,5,NA,0.4,386,Yes,-0.2,-31,413,NA,No,149,NA,No,No,No,1.58,0,No,-62,1.9,-31,0,NASDAQ,No,96,Yes,1.23,-,96,33037,-29,421,-46.9,3.1,No,No,40.1,2.1,BUSINS SVC,4.7,NA,No,29,487,No,No,No,0,31.5,NA,5,-6.1,2026-07-31,NEXN,0,0,0,0,7,10,10,27,100,20,FALSE,FALSE,Other,Momentum Leader,58.5,Strong
4402,MLKN,MillerKnoll Inc.,NA,4.2,4.1,4.5,23.77,2,0,0,0,21.7,3869907,08/28/2026,0.19,A,No,No,No,No,No,3.92,36.3,3.4,1.58,7.81,0,0,31,65.45,11,3.3,5.04,5.36,NA,5.5,4.9,4,-1,No,No,-3.3,-10.8,-1.9,-3.6,5,-4,1,-6,4,No,No,23.2,22.52,Hsehold/Office Furniture,NA,0,77,Yes,1.05,126.2,No,13,12,9.3,5.8,0,23.77,130,88,9,1.86,No,14,0.18,-5.26,84,95,58,1.25,16043,1531.4,4.28,68123.2,26.9,-40.6,10.1,40,NA,12.2,NA,27,126,A,6.8,53,18,23.5,1.7,5.6,62,3841.7,-6,4,-32,NA,5.1,879,Yes,0.04,-21,515,NA,No,417,NA,No,No,No,0.4,0,No,-8,2.1,-2,5,NASDAQ,No,90,Yes,1.14,Yes,95,66768.8,-22,25,-5.3,2.9,Yes,No,22.8,-2.6,CONSUMER,2,NA,Yes,60,3194.5,No,No,No,18.7,-39.4,NA,7,2.4,2026-07-31,MLKN,0,0,0,0,7,10,10,27,94,5,FALSE,FALSE,Pullback to 10SMA,Momentum Leader,48.4,Improving
4340,MET,MetLife Inc.,NA,4.7,4,3.6,97.8,1.4,0,0,3,2447.1,12774912,08/04/2026,0.59,A+,No,No,No,No,Yes,0.29,4.1,2.5,5.07,3.57,2.96,10.37,23,72.57,10,6,2.18,2.17,NA,7.2,5,2,2,No,No,12.1,20.9,12.8,11.7,91,1,12,14,9,No,No,21.8,96.13,Insurance,NA,2.3,94,Yes,1.95,76.9,No,129,10,-10.7,2.4,0,97.8,81,34,17,9.27,Yes,12,-0.97,-1.71,83,89,97,0.9,331568,62458.4,2,643436.8,22,24.3,13.6,20,NA,21.9,NA,87,32,A+,6.5,12,11,10.5,2.8,5.1,55,77084,12,6,8,NA,16.8,3828,Yes,-0.94,14,5785,NA,No,2538,NA,No,No,No,0.79,0,Yes,23,1.4,19,9,New York Stock Exchange,No,91,Yes,2.27,-,98,537707.4,20,-11,21.3,9.2,Yes,Yes,21.5,0.6,INSURANCE,1.4,NA,No,52,60929.3,No,No,No,26.6,43.9,NA,12.1,6.2,2026-07-31,MET,10,8,7,7,7,10,10,59,99.66666666666667,35,FALSE,FALSE,CANSLIM Growth,CANSLIM Growth,65,Strong
5389,WLFC,Willis Lease Finance Corp.,NA,4,4.4,4.3,73.69,3.3,0,0,0,174,618367,08/11/2026,0.13,C-,No,No,No,Yes,Yes,7.2,-11.9,2.3,2.39,5.3,0.24,0.25,36,50.99,18,23.8,4.47,4.82,NA,34.1,31.8,28,33,No,Yes,12.6,1.8,12.2,3,12,51,57,10,13,No,No,57.8,71.33,Comml Svcs-Leasing,NA,0,95,No,3.42,316,No,18,13,-1.5,6.1,0,81.54,45,19,12,5.49,Yes,26,-1.64,-12.52,83,66,96,0.86,25517,1668.6,4.7,23009.3,25.3,-99.2,-6.5,10.2,NA,17.4,NA,87,48,A-,7.9,-8,27,8.9,8.1,2.4,67,730.2,-24,23,0,NA,25,379,No,-1.19,-68,150,NA,No,229,NA,No,No,No,2.14,0,No,48,1.5,-46,29,NASDAQ,No,75,Yes,2.39,Yes,98,10170.3,4,43,0.8,28,Yes,No,15.1,0,FINANCE,3.3,NA,No,54,3757.9,No,No,No,51.1,-44.7,NA,17,14.2,2026-07-31,WLFC,20,0,0,0,7,10,10,47,83.66666666666667,40,TRUE,FALSE,Other,Momentum Leader,52.3,Improving
3938,AVAH,Aveanna Healthcare Holdings Inc.,NA,2.3,2.1,2.2,10,-0.6,0,0,0,32.7,4517108,NA,0,B+,No,No,No,No,Yes,11.65,21.7,0,1.47,16.51,0,0,39,30.73,18,4.4,4.63,4.28,NA,19.2,20.6,0,11,No,Yes,575.6,323.3,667.5,620.7,6,-,122,259,635,No,No,14.9,9.39,Medical - Home & Nursing Care,NA,0,19,No,0.39,545.1,No,9,14,4.5,4.7,0,10.32,72,9,9,0.68,Yes,0,-3.1,-9.01,83,90,92,1.24,16994,2110,4.42,217755.2,19.9,-11.9,9.6,43.6,NA,11.8,NA,77,16,B,43.8,18,10,16.7,0.6,1.9,86,2433.2,155,16,900,NA,21.6,2063,Yes,-0.3,-6,1734,NA,No,327,NA,No,No,No,0.81,0,No,80,1.8,240,20,NASDAQ,No,83,No,8.51,-,94,96411.2,650,1700,160,21.8,Yes,No,25.3,6.9,MEDICAL,-0.6,NA,No,54,3444.4,No,No,No,136.5,-31.8,NA,634.7,6.4,2026-07-31,AVAH,25,15,0,0,7,10,7,64,103.33333333333333,35,FALSE,FALSE,CANSLIM Growth,CANSLIM Growth,50.1,Improving
4605,NEU,NewMarket Corp.,NA,6.7,5.9,6.5,876.33,9.1,2,1,0,590.7,671475,06/15/2026,0,D+,No,No,No,No,Yes,1.43,17.1,1.5,2.25,14.02,0.75,0.8,56,70.61,0,20.6,3.08,3.06,NA,-1.4,-1.3,3,0,No,Yes,-1.7,-2.4,-7.5,-5.6,23,23,7,-9,19,Yes,No,23.7,850.16,Chemicals-Specialty,NA,0,72,No,23.83,50.2,Yes,51,18,9.2,8.8,0,876.33,47,90,24,46.48,Yes,20,-1.94,-2.99,83,91,88,0.61,88342,7974.9,3.25,9198,21.5,47.5,7.4,25.8,NA,26.7,NA,74,102,B,0,0,0,11.4,11.6,11.9,53,2725.2,19,7,-8,NA,1.3,113,No,-16.86,0,166,NA,No,537,NA,No,No,No,2.85,0,No,23,1.6,-5,-2,New York Stock Exchange,No,94,No,4.25,-,97,7621.9,-25,-23,9,-0.1,Yes,Yes,24.3,-6.1,CHEMICAL,9.1,NA,No,46,8146.7,Yes,Yes,Yes,23.7,45,NA,25.8,17.8,2026-07-31,NEU,10,0,0,5,7,10,10,42,97.33333333333333,45,FALSE,FALSE,Value + Quality,Momentum Leader,45.5,Improving
3874,ASIC,Ategrity Specialty Insurance Co. Holdings,NA,4,3.9,3.2,26,1.7,0,0,3,2447.1,236025,NA,0,C,No,No,No,No,No,-0.04,6.1,0,0.88,7.54,0,0,27,42.86,11,22.6,4.31,4.85,NA,66,51.2,0,0,No,No,104.4,86.2,81.7,123.5,44,-,-,62,15,No,No,14.3,24.02,Insurance,NA,2.3,94,No,1.14,0,No,129,11,-18.4,2.6,0,26,81,34,28,2.15,No,0,0.71,-7.62,83,81,87,0.09,1646,1145.6,4.84,48032.7,18.6,-23.3,-0.1,26.4,NA,34.9,NA,64,32,C,27.1,32,17,7.5,0.4,-0.9,47,581.5,369,23,61,NA,47.7,74,No,0.17,9,57,NA,No,123,NA,No,No,No,1.78,0,No,63,1.5,184,23,New York Stock Exchange,No,86,Yes,1.82,Yes,92,9045,12,68,123.6,47.5,Yes,No,16,2.5,INSURANCE,1.7,NA,No,46,1117.2,No,No,No,20.2,12.5,NA,14.6,22.5,2026-07-31,ASIC,25,15,0,0,7,10,7,64,90.66666666666667,35,FALSE,FALSE,CANSLIM Growth,CANSLIM Growth,65,Strong
4920,OUT,OUTFRONT Media Inc.,NA,3,4,3.3,33.69,-0.5,5.7,11,1,1674.3,6342330,06/05/2026,0,E,No,No,No,No,No,-33.87,34.8,3.8,0.82,17.53,0.57,0.67,43,119.22,15,8,2.67,2.77,NA,1.9,3.5,8,0,Yes,Yes,28.4,53.5,40.4,32.4,73,22,8,17,9,No,No,32.2,31.87,REITs,NA,0.5,98,No,0.9,601.8,Yes,194,15,-16.2,3.7,0,34.96,44,23,23,2.15,Yes,48,-0.19,-8.84,83,49,85,1.32,57165,5621.7,2.63,176063.5,18.8,-28.1,-2.7,3.3,NA,31,NA,91,45,E,32.5,14,4,-0.9,-1.6,-2.6,38,1831.7,0,10,11,NA,7,1781,No,-0.06,16,1191,NA,No,635,NA,No,No,No,3,0,No,140,1.1,6,0,New York Stock Exchange,No,65,Yes,8.48,-,96,169506.5,15,1,72.9,5.8,Yes,Yes,10.4,4.1,REAL EST,-0.5,NA,No,67,9777.8,No,No,No,81.8,-12.2,NA,19.9,4.5,2026-07-31,OUT,25,15,0,0,7,10,7,64,72.33333333333333,30,TRUE,FALSE,CANSLIM Growth,CANSLIM Growth,44.1,Weak
4943,PAGP,Plains GP Holdings LP,NA,8.8,9.1,10.6,26.77,-0.5,0,0,1,777.7,16270712,07/31/2026,0,B,No,No,No,No,Yes,-112.29,13.6,6.3,0.94,2.09,0,0,73,110.12,14,3.2,1.91,1.77,NA,-7.5,-9.5,6,-5,No,Yes,123.6,261.7,190,172,12,-,-5,59,-8,No,No,37.6,26.33,Oil&Gas - Pipeline,NA,4.5,61,No,0.44,875.8,Yes,22,27,16.5,8.5,0,26.77,37,33,21,0.97,Yes,0,0.62,-1.66,83,78,78,0.62,35785,20254.4,1.63,197904.1,22,36.4,8.5,7.7,NA,28.6,NA,49,59,B,-78.1,16,33,7.1,1.8,4.8,10,44262,-49,4,150,NA,-5.5,1440,Yes,0.16,204,1932,NA,No,206,NA,No,No,No,0.12,0,No,-76,1.1,720,-12,NASDAQ,No,76,Yes,4.09,-,98,192428.4,141,-25,321.9,-6.7,No,No,15.2,1.5,ENERGY,-0.5,NA,No,52,16435.1,No,No,No,34.3,17.4,NA,11.3,0.4,2026-07-31,PAGP,0,15,0,5,7,10,10,47,81.66666666666667,10,FALSE,FALSE,Pullback to 10SMA,Momentum Leader,47.5,Improving
5502,YETI,YETI Holdings Inc.,NA,5,5.3,5.7,53.21,-2.9,6.1,2,0,61.9,8178011,NA,0,B,No,No,No,No,Yes,0.5,11.2,0,2.1,15.68,9.99,9.99,60,97.91,16,11.8,3.93,3.7,NA,3.2,3.3,9,5,Yes,No,-6.9,-12.7,-11,-10.6,18,2,7,-11,24,No,No,10.8,48.94,Leisure-Products,NA,0,69,Yes,1.83,31,Yes,33,20,8.1,10.9,0,53.21,62,48,2,2.45,No,7,-1.41,-8.02,83,70,78,1.58,61405,3760.6,3.63,75758.3,15.6,-16.5,-1.3,24,NA,7.1,NA,42,34,C,46.8,16,15,2.3,-2.7,-0.3,47,1868.5,21,8,-9,NA,7.6,1265,Yes,-0.7,-18,1065,NA,No,610,NA,No,No,No,1.95,0,No,-16,1.1,-8,2,New York Stock Exchange,No,67,Yes,5.62,-,93,74747.3,-14,-6,-12.1,5.7,No,No,11.4,1.8,LEISURE,-2.9,NA,No,71,3910.6,No,No,No,33.2,-11.2,NA,23.8,2.6,2026-07-31,YETI,0,0,0,0,7,10,7,24,84,35,FALSE,FALSE,Other,Momentum Leader,52.1,Improving
4461,MRCY,Mercury Systems Inc.,NA,7.6,6.6,6.6,108.33,-6,1,1,1,2405.6,4805548,NA,0,D-,No,No,No,No,Yes,0.85,64.7,0,3.19,41.76,0,0,94,0,70,-5.5,6.11,6.13,NA,7.4,8.9,-1,0,Yes,No,209,304.5,254.5,228.2,56,-,-,174,-3,No,No,33,97.1,Aerospace/Defense,NA,1,36,No,6.57,43.3,Yes,97,84,0.4,8.1,0,128.45,112,91,-9,1.16,No,0,1.18,-24.41,83,52,71,0.97,78237,5762.4,6.12,60043.3,9.6,-48.6,-20.6,23.1,NA,3.4,NA,82,87,E,305,68,43,-10.6,-2.8,-9.8,7,912,-169,12,193,NA,10.2,726,No,1.13,-18,363,NA,No,590,NA,No,No,No,6.03,0,No,350,1.3,191,9,NASDAQ,No,52,Yes,3.91,-,91,59099.3,373,104,270.5,8.6,Yes,No,3.9,0,AEROSPACE/DEFENSE,-6,NA,No,75,5761.1,No,No,No,84.6,-41.5,NA,-2.6,-1.2,2026-07-31,MRCY,30,15,0,0,7,10,5,67,73.66666666666667,30,TRUE,FALSE,CANSLIM Growth,CANSLIM Growth,39.2,Weak
4752,NUTX,Nutex Health Inc.,NA,6.8,7.7,7.6,170.74,1.1,0,0,0,124.6,1049917,NA,0,C,No,No,No,No,Yes,0.88,3.4,0,3.14,4.01,0,0,28,43.79,7,28,6.26,6.18,NA,127.1,105.4,176,85,No,Yes,-97.5,207,-873.3,-166.6,10,-,-,8,31,No,No,-10.4,147.43,Medical-Hospitals,NA,0,60,No,10.24,93.2,Yes,10,11,-0.3,22.7,0,204,133,110,-7,13.02,Yes,0,-0.86,-27.73,83,57,69,1.59,19628,1023.3,6.41,6881.3,12.3,22.9,-13.7,23.7,NA,-0.9,NA,48,112,C,63.3,105,7,-1.5,-4.2,-12.6,44,875.3,192,2,8,NA,-19.4,129,No,-1.28,268,157,NA,No,208,NA,No,No,No,1.15,0,No,155,1.1,-85,82,NASDAQ,No,70,Yes,2.96,-,97,4632.9,551,-4114,35,67,Yes,No,11.8,1.5,MEDICAL,1.1,NA,No,44,1132.3,No,No,No,73.8,-11.3,NA,30.7,21.6,2026-07-31,NUTX,25,15,0,5,7,10,7,69,74.66666666666667,30,FALSE,FALSE,CANSLIM Growth,CANSLIM Growth,50.1,Improving
5134,UHAL.B,U-Haul Holding Co. Series N,NA,4.8,3.4,3,65.05,0,0,0,0,174,1424632,06/15/2026,0,A+,No,No,No,No,Yes,9.65,-11.6,0.3,1.92,6.84,0,0,98,1002.1,0,1.9,2.99,2.51,NA,3.7,3.5,0,0,No,No,-196.2,-91.1,-75.5,-228.3,11,-,-,-86,0,No,No,33.9,62.58,Comml Svcs-Leasing,NA,0,95,No,1.48,106.6,Yes,18,252,-12.1,1.4,0,65.05,45,19,14,0.25,No,0,-0.41,-3.8,83,91,60,1.06,25233,12468.3,2.38,176470.1,26.3,-25.4,8.5,31.2,NA,22,NA,8,48,A,0,0,0,12.5,-0.2,3.3,8,6046.1,-44,3,-85,NA,2.5,454,Yes,-0.26,0,343,NA,No,420,NA,No,No,No,1.83,0,Yes,-49,2.5,-178,4,New York Stock Exchange,No,91,Yes,1.61,-,96,100039.7,-46,-29,-113.8,2.9,No,No,25.2,-1.9,FINANCE,0,NA,No,44,19401.1,No,No,No,20.3,-33.4,NA,0.6,-10.7,2026-07-31,UHAL.B,0,0,7,0,7,10,10,34,93,5,FALSE,FALSE,Pullback to 10SMA,Momentum Leader,52.3,Improving
3508,ABCL,AbCellera Biologics Inc.,NA,6.1,5.7,5.5,6.47,7.5,2.4,13,4,464.6,45110268,NA,0,D,No,No,No,No,Yes,0.21,-3.5,0,14.05,-12.99,0,0,89,0,0,-236.4,9.24,8.81,NA,198,261.9,-48,-22,No,No,15.9,23.3,19.4,14.1,399,-61,-17,19,-14,No,No,67,5.71,Medical - Development Biotech,NA,0.7,29,No,0.57,14.3,No,549,0,-3.5,19.2,0,8.44,53,29,41,-0.48,No,0,0.35,-32.35,83,72,59,1.44,42609,1737.6,7.97,305375.4,27,-25.3,-27.3,37.6,NA,57.7,NA,37,30,D,18.3,-20,-9,-5.4,-0.2,-13,89,75.1,-8,96,11,NA,438.4,6986,No,0.02,-20,5012,NA,No,72,NA,No,No,No,22,0,No,7,1.6,75,161,NASDAQ,No,91,Yes,1.85,-,100,235019,-12,8,40.8,304.8,Yes,Yes,26.1,2.9,MEDICAL,7.5,NA,No,35,1320.5,No,No,No,27.7,-36.9,NA,-14.5,-519.1,2026-07-31,ABCL,10,8,0,0,7,10,10,45,81.33333333333333,25,FALSE,FALSE,Other,Momentum Leader,50.1,Improving
3589,AEHR,Aehr Test Systems,NA,1.2,1.7,2,101.22,4.8,0,0,0,2169,4811203,NA,0,E,No,No,No,No,Yes,0.09,-549.9,0,10.33,-741.06,148.11,148.11,100,0,106,-23.5,13.33,13.69,NA,-13.6,-13.3,15,-14,No,No,145.8,242.9,160.7,108.3,31,18,-41,-337,-4,Yes,No,296.1,79.98,Elec-Semiconductor Equip,NA,0,5,No,11.41,4.2,Yes,33,2666,14.8,15.7,0,126.62,22,20,179,0.03,No,0,4.05,-36.83,83,34,53,2.66,220357,2507.5,15.01,32620.5,46.3,-10.8,-16.7,-11.7,NA,211.9,NA,37,23,E,1566.7,2000,120,-15.8,-5.4,-2,-,50,-87,33,-80,NA,-5.2,2474,No,3.11,925,2127,NA,No,276,NA,No,No,No,52.18,0,No,1200,1,-171,-15,NASDAQ,No,77,Yes,11.83,-,103,30793.3,-300,-86,514.3,-12.3,Yes,Yes,23.8,22.7,CHIPS,4.8,NA,No,35,2401.1,No,No,No,373.3,-12.7,NA,-4.2,7.4,2026-07-31,AEHR,32,15,0,0,7,10,10,74,56.666666666666664,25,TRUE,TRUE,CANSLIM Growth,CANSLIM Growth,32.9,Weak
5145,UMBF,UMB Financial Corp.,NA,5.4,5.5,5.9,149.98,3.2,0.4,1,10,531.1,4092660,09/10/2026,0.5,B-,No,No,No,Yes,Yes,-0.04,8.3,1.2,0.37,10.52,1.12,1.27,28,46.91,11,21.2,2.65,2.61,NA,50.7,44.3,17,30,No,Yes,23,25.5,24.1,26.7,221,9,18,25,11,No,No,26.7,145.73,Banks-Regional,NA,3.7,53,Yes,3.7,6.2,No,269,11,6.8,5.7,0,149.98,56,30,8,12.76,Yes,9,0.15,-2.83,82,79,99,1.01,96721,11055.7,2.45,75978.7,18.3,6.1,2.1,15.5,NA,14.6,NA,92,20,A,14.5,16,6,5.7,1.3,1.1,70,2651.8,16,13,21,NA,22,703,No,0.22,18,724,NA,No,718,NA,No,No,Yes,3.8,0,Yes,21,1.8,32,47,NASDAQ,No,84,Yes,1.43,-,97,71845.5,24,20,26.4,36.7,Yes,Yes,14.8,1.6,BANKS,3.2,NA,No,61,7365.2,No,No,No,32.5,9.3,NA,12.6,25.1,2026-07-31,UMBF,15,12,7,0,7,10,7,58,93.66666666666667,40,FALSE,FALSE,CANSLIM Growth,CANSLIM Growth,65.9,Leading
5418,WSBF,Waterstone Financial Inc.,NA,4.8,4.8,4.4,20.75,2.3,0,0,2,25.9,317146,07/08/2026,0,A,No,No,No,No,Yes,-0.28,-67.1,3.4,0.21,19.28,0,0,30,46.19,0,16.6,2.38,2.58,NA,33.8,31.6,-7,18,No,No,49,59.7,62.9,58,12,-14,60,53,5,No,No,24,20.52,Banks-Savings & Loan,NA,9.5,23,Yes,0.51,117.3,No,21,12,-9.5,2.1,0,21.03,63,28,4,1.73,No,79,0.24,-2.43,82,75,99,0.51,1458,369.5,2.56,18053.1,15.8,-14.2,-1,13.9,NA,12.2,NA,99,10,A,0,0,0,5.6,2.8,2.6,78,201.6,120,1,47,NA,5.6,74,Yes,0.05,0,62,NA,No,185,NA,No,No,No,1.79,0,Yes,15,2.1,107,-1,NASDAQ,No,76,Yes,1.05,Yes,99,14902.6,57,73,61,24.7,Yes,No,11.5,-0.5,BANKS,2.3,NA,No,40,720.1,No,No,No,54.2,-31.7,NA,7.7,15.7,2026-07-31,WSBF,10,15,7,0,7,10,7,56,87.33333333333333,15,FALSE,FALSE,CANSLIM Growth,CANSLIM Growth,65.9,Leading
4633,NIC,Nicolet Bankshares Inc.,NA,4.6,4.7,3.8,174,0.8,0.4,1,10,531.1,1108107,09/01/2026,0.36,A-,No,No,No,No,No,-0.02,23.1,0.8,0.11,17.23,1.3,1.4,46,74.86,13,33.6,2.9,2.71,NA,35,40.6,16,20,Yes,Yes,26.9,28,28.6,27.9,110,11,22,28,11,No,No,40.9,170.92,Banks-Regional,NA,3.7,53,Yes,4.41,4.1,Yes,269,15,-18.9,5.7,0,174,56,30,9,11.13,Yes,10,0.81,-1.77,82,84,98,0.77,47833,3603.3,2.6,21251.9,18.9,-61.5,3.3,16.7,NA,17.1,NA,94,20,B,4.8,19,15,9.7,0,1.4,17,392,17,86,25,NA,68.2,312,Yes,1.37,15,113,NA,No,364,NA,No,No,No,6.99,0,Yes,27,2.5,31,7,New York Stock Exchange,No,83,Yes,1.58,-,98,19385.9,26,30,29.1,49.7,Yes,Yes,14.4,0.8,BANKS,0.8,NA,No,42,3667.2,No,No,No,32.5,-39.5,NA,12.4,24,2026-07-31,NIC,25,12,7,0,7,10,7,68,95,40,FALSE,TRUE,CANSLIM Growth,CANSLIM Growth,65.9,Leading
4823,OFG,OFG Bancorp,NA,5.1,4.7,5.1,53.3,0.9,0.4,1,10,531.1,1757289,09/30/2026,0.35,A+,No,No,No,No,Yes,-0.07,8.9,2.7,0.16,10.87,0.62,0.74,24,40.18,11,25.9,2.15,2.16,NA,3.6,4.1,8,4,Yes,Yes,13.5,21.1,19.8,17.2,146,14,10,20,11,No,No,29,52.86,Banks-Regional,NA,3.7,53,No,1.08,34,Yes,269,10,9.7,4.2,0,53.3,56,30,25,5.08,Yes,6,0.7,-0.83,82,86,98,0.84,17902,2218.1,2.23,42258.4,21.8,-29.9,7.7,15,NA,31.2,NA,87,20,A+,19.2,9,0,8.7,1.2,3.5,84,729.8,10,4,8,NA,4.3,374,Yes,0.37,5,257,NA,No,485,NA,No,No,No,3,0,Yes,21,1.4,26,4,New York Stock Exchange,No,92,Yes,1.59,-,99,41795.5,17,16,23.4,3.5,Yes,Yes,19.5,1.5,BANKS,0.9,NA,No,72,1756.2,No,No,No,24,-28.9,NA,15.5,25.5,2026-07-31,OFG,10,8,7,0,7,10,10,52,90.66666666666667,40,FALSE,FALSE,Value + Quality,Momentum Leader,65.9,Leading
4567,NBTB,NBT Bancorp Inc.,NA,5.3,4.6,5.1,54.5,0.5,0.4,1,10,531.1,1789414,09/01/2026,0.4,A,No,No,No,No,No,-0.05,10.4,2.8,0.07,11.39,0,0,35,49.94,12,24.2,2.29,2.36,NA,27.4,28.7,10,17,No,Yes,24.8,24.1,25.9,26.2,71,0,7,26,6,No,No,26.8,52.65,Banks-Regional,NA,3.7,53,Yes,1.19,8,No,269,13,12,3.5,0,54.5,56,30,13,4.08,Yes,10,-0.53,-3.39,82,83,97,0.69,18713,2752.9,2.39,52010.2,19.2,22.1,6.6,20.5,NA,18.5,NA,75,20,A,-1.3,9,9,8.7,0.6,3.2,39,697,-9,9,30,NA,14.2,381,Yes,-0.28,4,457,NA,No,414,NA,No,No,No,3.44,0,No,15,1.6,21,15,NASDAQ,No,84,Yes,1.43,-,97,51264.9,36,31,18,29.6,Yes,Yes,16.7,-0.5,BANKS,0.5,NA,No,47,2997.5,No,No,No,27.2,23.3,NA,9.9,22.5,2026-07-31,NBTB,10,8,0,0,7,10,7,42,94.33333333333333,25,FALSE,FALSE,Pullback to 10SMA,Momentum Leader,65.9,Leading
3658,AIT,Applied Industrial Technologies Inc.,NA,3.2,2.7,2.9,352.76,-0.5,0,0,1,135,776951,08/14/2026,0.51,A+,No,No,No,No,Yes,0.46,23.2,0.6,2.95,27.21,1.65,1.7,79,125.56,30,11,2.48,2.55,NA,6.4,7.6,8,3,No,Yes,6.7,6.9,7.7,6.7,19,19,7,8,18,No,No,34.4,345.21,Metal Products - Distributors/Fabrication,NA,3.4,11,No,8.5,18.7,No,29,32,9.6,2.1,0,352.76,34,43,24,10.66,Yes,11,1.58,-2.14,82,80,93,1.04,89479,12560.7,2.52,36959.5,19.5,-22.6,2.1,12.9,NA,32.6,NA,72,63,A,0.1,4,10,4.6,-0.3,1.8,19,4563.4,11,7,5,NA,7.8,277,Yes,5.36,3,212,NA,No,895,NA,No,No,No,2.64,0,Yes,3,1.4,6,2,New York Stock Exchange,No,86,Yes,6.88,-,98,36639.4,11,10,4.7,8.3,Yes,No,15.5,-0.6,METALS,-0.5,NA,No,65,12942.9,No,No,No,27.1,-4.5,NA,22.2,8,2026-07-31,AIT,0,0,7,0,7,10,7,31,87,50,FALSE,FALSE,Other,Momentum Leader,52.3,Improving
4988,PCB,PCB Bancorp,NA,6.2,6.2,5.9,30.01,-0.7,0.4,1,10,531.1,197505,08/07/2026,0.22,B,No,No,No,No,Yes,-0.02,9.7,3.1,0.22,14.29,0,0,20,37.71,10,25.1,2.65,2.98,NA,13.9,12.1,4,7,No,No,41.9,32.2,36.6,38.1,178,0,11,36,8,No,No,28.7,27.87,Banks-Regional,NA,3.7,53,Yes,0.85,29.5,No,269,10,-4.7,1.9,0,30.84,56,30,19,2.89,Yes,19,0.72,-9.62,82,66,93,0.68,1064,393.9,3.18,14234.7,17.3,79,-1.8,15.5,NA,24.2,NA,83,20,C+,4.3,14,2,2.4,-4.7,-4.3,91,115.7,-18,5,48,NA,8.6,39,No,0.2,-6,67,NA,No,194,NA,No,No,No,3.29,0,No,18,1.6,40,9,NASDAQ,No,81,Yes,1.19,-,97,10546.9,39,50,28.7,9.5,Yes,Yes,14.1,0,BANKS,-0.7,NA,No,33,426.5,No,No,No,36.4,24.9,NA,9.9,19.7,2026-07-31,PCB,10,12,0,7,7,10,7,53,87.33333333333333,25,FALSE,FALSE,Other,Momentum Leader,65.9,Leading
4136,LGGNY,Legal & General Group PLC ADR,NA,0,0,0,20.74,3.3,1.8,2,0,1048.7,0,04/24/2026,0,A+,No,No,No,No,-,0,0,7,0,4.18,0,0,65,38.94,0,3.4,0.96,1.01,NA,47.5,71.7,0,0,No,No,151,396.1,298.1,209.8,-,-27,-24,49,-30,No,No,17.1,20.63,Finance-Investment Mgmt,NA,0,114,Yes,0.2,0,No,113,22,0,0,0,20.74,84,75,6,0.93,No,39,0.05,-0.53,82,93,92,0.55,1336,21992.3,1.11,1105813.2,18,762.1,8.7,20.6,NA,13.4,NA,79,70,A+,0,21,0,9,3.7,5,10,31691.3,47,162,7,NA,162.4,69,Yes,0.01,0,572,NA,No,0,NA,Yes,No,No,0.32,0,Yes,592,2.1,592,-3,US OTC,No,90,Yes,NA,-,99,0,4,4,592.2,101.9,No,Yes,15,0,FINANCE,3.3,NA,No,0,51037.3,Yes,Yes,Yes,21.4,122.7,NA,16.7,0.6,2026-07-31,LGGNY,35,15,7,10,7,0,7,81,96,40,TRUE,TRUE,Earnings Accelerator,CANSLIM Growth,52.3,Improving
3588,AEG,Aegon Ltd. ADR,NA,0.6,0.7,0.8,9.48,3.4,0,0,3,2447.1,3975639,06/15/2026,0,A,No,No,No,No,-,0,5.7,4.1,0,14.08,0,0,40,51.91,0,1.6,1.73,1.66,NA,21.1,28.7,1,29,No,No,1648.3,250,395.6,1147.2,-,-,-,63,0,No,No,22.4,9.44,Insurance,NA,2.3,94,No,0.15,0,No,129,14,20.2,0.3,0,9.48,81,34,14,0.68,No,0,0,-0.47,82,88,80,0.93,43891,14048.4,1.73,1573119.9,19.6,-21.9,11.8,14.7,NA,21.2,NA,18,32,A+,0,54,1,9.1,3.9,6,32,37691.1,508,59,74,NA,59,5063,Yes,0,0,3951,NA,No,67,NA,Yes,No,No,0.7,0,Yes,-41,1.4,-41,16,New York Stock Exchange,Yes,91,Yes,NA,-,100,1504069.7,833,833,-41.3,38.8,No,No,18.2,1.5,INSURANCE,3.4,NA,No,4,17040.7,No,No,No,33,28.1,NA,13.4,2,2026-07-31,AEG,10,15,10,0,7,0,7,49,85.33333333333333,25,FALSE,TRUE,Other,Momentum Leader,65,Strong
4249,LYG,Lloyds Banking Group PLC ADR,NA,0.2,0.1,0.1,6.25,2.5,0,0,1,5329.5,3270365,04/10/2026,0,E,No,No,No,No,Yes,2.77,0,2.8,1.51,-34.43,0,0,41,57.01,0,10.2,2.45,2.45,NA,-1.2,-3.6,5,5,Yes,No,33.9,69.7,40.8,39.4,15,-,-,34,5,No,No,16.4,6.17,Banks-Money Center,NA,3.7,41,No,0.14,225.3,Yes,27,14,2,0,0,6.34,59,15,-1,0.43,No,0,-1.28,-2.68,82,87,80,0.99,122405,90157.1,2.52,14536208,16.9,-21.8,5.8,13.4,NA,3.4,NA,47,12,D-,-1.7,44,19,9.9,4,4.3,62,25190.4,-16,5,19,NA,3.2,22003,Yes,-0.08,184,16863,NA,No,59,NA,Yes,No,No,3.47,0,No,13,0.9,43,16,New York Stock Exchange,No,81,Yes,1.43,-,99,14514641.6,152,-46,28.3,-8.2,Yes,No,13.2,-4.8,BANKS,2.5,NA,No,0,199454.9,No,No,No,46.2,-14.6,NA,10.5,26.1,2026-07-31,LYG,10,15,0,0,7,0,7,39,85,15,FALSE,FALSE,Other,Momentum Leader,65.9,Leading
4935,PAA,Plains All American Pipeline L.P.,NA,5.9,5.1,5.8,25.03,-0.1,0,0,1,777.7,14918697,07/31/2026,0,B,No,No,No,No,Yes,-111.33,15.2,6.8,0.94,5.89,0,0,48,70.87,14,3.2,2.12,2.02,NA,-7.5,-9.5,6,-5,No,Yes,2,0.2,4.2,2.4,11,-,4,3,-1,No,No,36.8,24.57,Oil&Gas - Pipeline,NA,4.5,61,No,0.46,147.5,Yes,22,16,14.7,3.3,0,25.03,37,33,19,1.54,Yes,0,0.69,-1.84,82,79,78,0.6,53360,17511.3,1.9,705531.7,22.2,41.3,10.4,6.7,NA,27.7,NA,48,59,B,6.1,5,11,8,1.9,5.3,70,44262,6,4,2,NA,-5.5,2324,Yes,0.17,7,3223,NA,No,69,NA,No,No,No,0.38,0,No,0,0.9,-5,-12,NASDAQ,No,77,Yes,2.29,-,98,458101.2,5,16,-2.4,-6.7,Yes,No,15.8,6.2,ENERGY,-0.1,NA,No,34,28720.7,Yes,Yes,Yes,34.6,-1.1,NA,10.6,2.1,2026-07-31,PAA,0,0,0,5,7,10,10,32,81.66666666666667,10,FALSE,FALSE,Pullback to 10SMA,Momentum Leader,47.5,Improving
3942,AVBC,Avidia Bancorp Inc.,NA,1.2,2.9,2.9,22.9,3.5,0.4,1,10,531.1,312648,08/18/2026,0.06,E,No,No,No,No,-,-0.07,16.8,1.1,0,14.95,0,0,67,92.26,15,-3.9,3.07,3.27,NA,0,0,0,0,No,No,0,0,0,0,-,-,-,-,-1,No,No,32.7,22.3,Banks-Regional,NA,3.7,53,No,0.67,48.2,Yes,269,23,-0.5,1.8,0,22.9,56,30,21,0.95,No,0,-0.49,-2.61,82,80,70,0.51,2358,449.9,3.23,20076.3,21.9,-12.3,6.2,7.4,NA,21.3,NA,52,20,E,14.7,900,3,11.4,6.7,7.6,5,103.6,-8,15,-131,NA,-2,117,Yes,-0.11,860,95,NA,No,47,NA,No,No,Yes,3.95,0,Yes,102,3.8,146,5,New York Stock Exchange,No,85,Yes,1.15,-,97,17801.2,0,0,124.1,0,Yes,No,16.1,30.6,BANKS,3.5,NA,No,19,723.9,No,No,No,0,-18.6,NA,-1.1,18.3,2026-07-31,AVBC,30,0,7,0,7,7,10,61,82.33333333333333,5,TRUE,FALSE,CANSLIM Growth,CANSLIM Growth,65.9,Leading
4966,PAYO,Payoneer Global Inc.,NA,2.2,2.1,2,7.18,0.7,2.4,1,0,1811.6,15864475,NA,0,A,No,No,No,No,No,2.61,7.2,0,1,11.57,0,0,82,141.72,26,11,2.51,0.58,NA,7.4,7.2,0,15,No,Yes,-25.7,-14.5,-22,-25.1,9,-,-,-36,10,Yes,No,27.6,7.17,Finance-CrdtCard/PmtPr,NA,0,127,No,0.04,11.1,Yes,41,36,-2.3,6.2,0,7.67,113,62,5,0.2,Yes,0,0.14,-6.46,82,88,67,1.36,50037,2421.5,0.44,338194.4,26.7,-10.5,0.7,44,NA,12.2,NA,26,36,A,44.8,37,28,11.1,0.5,0.7,16,1052.8,29,6,-39,NA,5.5,7580,Yes,0.01,15,6668,NA,No,394,NA,No,No,No,2.27,0,No,20,3.9,0,8,NASDAQ,No,91,No,3.67,-,100,255564.8,-64,-44,10,6.7,Yes,No,27.4,-1,FINANCE,0.7,NA,No,52,2058.6,No,No,No,9.1,-23.5,NA,10.2,7.5,2026-07-31,PAYO,10,0,0,0,7,10,10,37,94,25,FALSE,FALSE,Other,Momentum Leader,52.3,Improving
3494,AAL,American Airlines Group Inc.,NA,0.9,0.6,0.6,15.53,5.5,0,0,0,238.2,63578122,02/04/2020,0,D,No,No,No,No,No,-2.44,137.6,0,0.53,3.26,0,0,40,170.9,11,0.3,4.74,4.55,NA,6.1,7.5,17,2,Yes,Yes,-62.7,-44.5,-72.5,-60.6,6,72,-46,-77,0,No,No,-0.4,15.27,Transportation-Airline,NA,0,35,No,0.73,0,Yes,20,0,-8.1,9.8,0,18.79,123,47,7,-0.26,Yes,0,-1.04,-18.73,82,74,49,1.58,1897327,10214.2,4.65,661970,12.7,-60.9,-15.5,30.4,NA,14.8,NA,16,28,D,348.3,-54,1438,0.8,3.6,-3.6,40,54633,-26,16,-82,NA,13.6,123836,No,-0.16,-19,48102,NA,No,483,NA,No,No,No,0.17,0,No,-84,1.5,32,1,NASDAQ,No,77,Yes,-2.54,Yes,99,651283.8,-81,-157,-26,9.9,No,No,12.1,-0.6,TRANSPORTATION,5.5,NA,No,43,39613.2,No,No,No,32.9,-52.4,NA,0,0.4,2026-07-31,AAL,5,0,0,0,7,10,7,29,80.33333333333333,15,FALSE,FALSE,Other,Momentum Leader,57.8,Strong
4779,NWG,NatWest Group PLC ADR,NA,0.5,0.2,0.3,19.3,5.4,0,0,1,5329.5,1308079,03/20/2026,0,C-,No,No,No,No,Yes,0.58,0,4.8,1.96,-3.5,0.25,0.29,19,39.46,19,25.2,2.48,2.47,NA,-6.1,-11.2,15,15,No,Yes,31.5,26.1,30.7,27.9,18,32,24,29,6,Yes,No,8.2,18.94,Banks-Money Center,NA,3.7,41,No,0.43,151.9,Yes,27,9,33.3,0,0,19.36,59,15,-6,2.03,Yes,11,2.21,-2.14,81,94,98,0.99,78407,73021.7,2.51,3981467.5,13,34.2,7.4,19,NA,3.9,NA,94,12,B,17.3,6,13,9.3,3.3,3.8,88,22653.4,13,13,36,NA,-12.1,4661,Yes,0.41,-3,5716,NA,No,58,NA,Yes,No,No,3.19,0,No,32,1.2,25,6,New York Stock Exchange,No,88,Yes,1.47,-,102,3976132,22,45,28.3,-1.2,Yes,Yes,11.6,0,BANKS,5.4,NA,No,0,165776.1,No,No,No,35.5,25.1,NA,15.4,18.9,2026-07-31,NWG,20,12,0,5,7,0,7,51,98,35,TRUE,FALSE,Other,Momentum Leader,65.9,Leading
3500,AAPL,Apple Inc.,NA,3,2.5,2.6,344.57,-7.2,0,0,0,5053.8,146547784,05/11/2026,0,A,No,No,No,No,Yes,-26.09,28.5,0.3,1,41.58,4.26,4.43,81,134.9,34,31.9,2.55,2.71,NA,13.2,14.1,4,7,No,Yes,16.9,22.9,20.4,18.8,4,8,12,21,151,Yes,No,13.6,308.91,Telecom-Consumer Prods,NA,0,86,Yes,8.38,66.4,No,7,35,4.3,1,0,344.57,52,2,22,8.72,Yes,5,-7.35,-10.35,81,60,96,1.2,17329989,4897205.2,2.54,14687356,20.3,146.8,6.8,13.8,NA,19,NA,90,37,B,6.8,18,9,8,0.5,3.9,-,416161,10,16,11,NA,16.5,57033,Yes,-24.52,8,132489,NA,No,8130,NA,No,No,No,9.72,0,No,29,1.3,22,6,NASDAQ,No,67,Yes,41.97,-,90,14669319.8,18,13,25.2,16.2,Yes,Yes,19.2,0.6,TELECOM,-7.2,NA,No,34,4954900,Yes,Yes,Yes,48.8,14.6,NA,171.4,27.2,2026-07-31,AAPL,20,8,0,10,7,10,10,65,81,35,TRUE,FALSE,Pullback to 10SMA,CANSLIM Growth,41.8,Weak
4807,OBT,Orange County Bancorp Inc.,NA,1.4,1.6,1.9,39.17,1.5,0.4,1,10,531.1,131085,06/04/2026,0,C-,No,No,No,No,Yes,-0.02,4.4,1.9,0.22,10.91,0.87,1.03,27,41.25,11,32.6,3.19,3.41,NA,12.3,11.3,16,12,No,Yes,35.9,31.3,56.7,44.4,187,11,0,40,14,No,No,34,38.25,Banks-Regional,NA,3.7,53,No,1.27,11.3,No,269,11,16.4,1.1,0,40.1,56,30,16,3.39,Yes,15,1.27,-4.61,81,71,96,0.6,2678,506.4,3.24,13407.9,18.9,-25.2,4,12.2,NA,24.1,NA,84,20,B-,18.1,22,9,4.6,-0.2,1,71,127.2,-6,-14,15,NA,0.2,75,Yes,0.48,23,54,NA,No,188,NA,No,No,No,4.05,0,Yes,36,2.9,10,10,NASDAQ,No,82,Yes,1.67,Yes,98,11903.7,48,133,23.1,7,Yes,Yes,12.2,1.1,BANKS,1.5,NA,No,26,351.8,No,No,No,53.1,-38.7,NA,17.7,35.3,2026-07-31,OBT,15,12,7,0,7,10,7,58,84.66666666666667,45,TRUE,FALSE,CANSLIM Growth,CANSLIM Growth,65.9,Leading
4297,MBWM,Mercantile Bank Corp.,NA,2.9,3.5,3.3,62.39,2.7,0.4,1,10,531.1,425898,09/04/2026,0.4,A,No,No,No,No,Yes,-0.09,35.5,2.7,0.21,54.28,0.77,0.96,24,40.86,11,27.8,2.95,3.23,NA,10.4,11.2,8,5,No,Yes,10.1,10.6,12.9,14,175,11,3,12,10,No,No,24.9,60.08,Banks-Regional,NA,3.7,53,No,1.85,62.4,No,269,11,-5.3,2.6,0,62.39,56,30,10,5.68,Yes,10,0.59,-3.7,81,83,95,0.77,7921,1031.8,3.15,17274.4,17.1,-35.1,4.6,17.1,NA,15.6,NA,70,20,A-,13.4,1,5,7.8,1.8,3,83,243,-4,13,11,NA,15.5,144,Yes,0.35,-7,91,NA,No,316,NA,No,No,No,3.98,0,Yes,8,2.1,9,3,NASDAQ,No,83,Yes,1.37,-,96,16607.1,15,20,8.5,12.4,Yes,Yes,13.4,-1.9,BANKS,2.7,NA,No,38,1722.2,No,No,No,31.5,-23.3,NA,13.6,26.4,2026-07-31,MBWM,5,0,7,0,7,10,7,36,93.33333333333333,20,FALSE,FALSE,Pullback to 10SMA,Momentum Leader,65.9,Leading
4447,MPB,Mid Penn Bancorp Inc.,NA,4.3,5,4.4,39.15,3.1,0.4,1,10,531.1,742091,08/03/2026,0.23,A+,No,No,No,No,No,-0.01,9.3,2.5,0.11,11.47,0,0,32,52.68,10,20.7,2.75,2.92,NA,33.2,35.6,13,15,Yes,Yes,8,10,8.2,7.1,115,-2,1,7,5,No,No,23.6,38.34,Banks-Regional,NA,3.7,53,Yes,1.03,2.1,Yes,269,12,-12.1,3.6,0,39.15,56,30,11,3.11,Yes,14,-0.52,-2.07,81,88,91,0.68,6090,976.8,3.21,25344.9,19.8,-7,10,16.3,NA,16.2,NA,44,20,A+,9.9,11,15,12.8,5.6,8.2,50,225.9,3,40,9,NA,37.7,181,Yes,-0.2,18,160,NA,No,232,NA,No,No,No,3.67,0,Yes,24,2.6,-11,13,NASDAQ,No,87,Yes,1.08,-,98,20830.9,17,3,6.6,35.4,Yes,Yes,16.5,2.7,BANKS,3.1,NA,No,32,986.9,No,No,No,39.7,17.5,NA,7.7,20.2,2026-07-31,MPB,17,0,7,0,7,10,7,48,96.66666666666667,15,FALSE,TRUE,Other,Momentum Leader,65.9,Leading
3506,ABBV,AbbVie Inc.,NA,3.9,3,3.2,267.47,-3.2,1.4,1,1,4339.2,22632412,07/15/2026,0,A,No,No,No,No,No,-5.56,22.5,2.7,0.8,23.38,0,0,70,482.93,17,10.8,2.64,2.74,NA,9.7,10.4,2,5,No,No,6.1,18.7,4.5,6,5,-6,-6,5,5657,No,No,9.8,250.94,Medical - Pharmaceuticals,NA,1.4,24,Yes,6.73,0,No,69,25,6.7,1.3,0,267.47,76,37,10,10.87,No,7,-2.51,-6.18,81,80,84,0.31,1649632,454790.2,2.48,1766792.8,14.7,24.1,-0.3,18.7,NA,12.5,NA,59,61,B-,1.2,41,17,8.9,0.1,1.4,18,61160,-9,10,-1,NA,11.3,7045,Yes,-6.47,107,7257,NA,No,4929,NA,No,No,No,7.06,0,No,23,1.4,8,9,New York Stock Exchange,No,72,No,-66.61,-,94,1764606.2,25,-38,15.3,10.9,Yes,Yes,15.1,-1.3,MEDICAL,-3.2,NA,No,39,517911.4,Yes,Yes,No,32.8,-10.7,NA,15221.8,21.3,2026-07-31,ABBV,10,8,0,0,7,10,7,42,88.66666666666667,35,FALSE,FALSE,Other,Momentum Leader,50.1,Improving
4316,MCY,Mercury General Corp.,NA,5.8,5.2,5,110.9,-0.1,0,0,3,2447.1,1447241,06/11/2026,0,E,No,No,No,No,No,-0.69,3.9,1.2,0.75,5.46,0,0,14,27.42,9,11.1,2.73,2.79,NA,8.7,10.3,11,15,Yes,Yes,38.3,112.2,120.4,17.6,39,-,-,198,22,No,No,13.9,107.12,Insurance,NA,2.3,94,No,2.98,22.7,Yes,129,8,-5.3,5.5,0,113.06,81,34,16,13.69,Yes,0,0.37,-5.25,81,64,83,0.54,30019,5911.6,2.79,55388.6,14.3,-18,0.5,10.1,NA,22.3,NA,67,32,E,38.7,46,-7,2.4,0,-1.2,78,5721.8,2297,18,10,NA,13.3,290,No,0.39,-5,233,NA,No,465,NA,No,No,No,1,0,Yes,253,1.3,32,9,New York Stock Exchange,No,75,Yes,2.29,Yes,97,26549,52,145,142.2,10.6,Yes,No,11.3,4,INSURANCE,-0.1,NA,No,68,5274.9,No,No,No,54.7,-5.4,NA,24.8,12.4,2026-07-31,MCY,30,15,7,0,7,10,7,76,78,35,TRUE,FALSE,CANSLIM Growth,CANSLIM Growth,65,Strong
5211,VBNK,VersaBank,NA,2.8,2.2,2.2,21.53,-2.6,0,0,3,2119.5,225212,07/10/2026,0,D+,No,No,No,No,Yes,-0.17,4.2,0.3,68.29,5.67,2.04,2.12,58,109.27,12,13.6,4.7,4.3,NA,23,27.2,10,8,No,Yes,8.8,53,35.1,19.6,31,9,-7,33,6,No,No,29.1,19.34,Banks-Foreign,NA,7.1,55,No,0.9,18.9,No,42,19,1.9,1.1,0,25.05,79,49,17,1.01,Yes,23,-0.41,-22.79,81,43,83,0.6,2198,626.2,4.19,32195.7,21.5,-16.3,-16.7,8,NA,24.7,NA,88,35,D-,10.9,50,48,-2.1,-4.1,-8.5,12,90,-9,25,-20,NA,31.7,112,No,-0.08,53,88,NA,No,55,NA,No,No,No,6.08,0,No,48,1.4,43,0,NASDAQ,No,73,Yes,1.53,-,95,20032.7,68,-19,45.4,31.5,Yes,Yes,12.8,0,BANKS,-2.6,NA,No,10,283.3,No,No,No,63.6,-22,NA,6.1,8.8,2026-07-31,VBNK,20,15,0,0,7,7,10,59,69,40,FALSE,FALSE,CANSLIM Growth,CANSLIM Growth,65.9,Leading
4059,KTB,Kontoor Brands Inc.,NA,6.3,6.1,5.9,88.25,0.2,0,0,1,894.6,5291466,09/08/2026,0.53,B+,No,No,No,No,Yes,2.36,12.7,2.5,1.87,10.31,2.04,3.08,46,65.73,15,9.3,4.1,3.74,NA,15.7,20,4,5,No,Yes,8,6.3,10.6,9.1,19,5,11,12,29,No,No,37.1,83.74,Apparel - Clothing & Shoes,NA,2,117,Yes,3.1,199.2,No,51,15,-4.3,9.8,0,88.96,137,132,34,5.44,Yes,7,-0.12,-5.87,81,73,83,1.14,63436,4634,3.55,55272.4,16.4,-27.4,0.5,14.1,NA,40.2,NA,68,122,A-,-7.1,-7,24,6.6,-1.9,-1.6,62,3152.5,10,-2,14,NA,22,805,No,-0.1,-13,589,NA,No,549,NA,No,No,No,1.47,0,No,-12,1.8,25,21,New York Stock Exchange,No,83,No,7.46,-,95,54277.8,5,23,6.8,23.8,No,No,18,-0.7,CONSUMER,0.2,NA,No,64,5893.5,No,No,No,50.4,-32.6,NA,47.1,10,2026-07-31,KTB,0,0,0,0,7,10,7,24,81,35,FALSE,FALSE,Other,Momentum Leader,48.4,Improving
4232,LUV,Southwest Airlines Co.,NA,4.7,4.5,4.9,49,-0.2,0,0,0,238.2,31577502,06/11/2026,0,E,No,No,No,No,No,-0.83,-62.2,1.6,0.49,13.62,0,0,64,106.33,11,2,3.88,3.64,NA,7.2,9.4,17,5,Yes,Yes,96.6,189.4,135.4,103.2,4,-,13,116,3,No,No,8.8,44.97,Transportation-Airline,NA,0,35,No,1.76,62.8,Yes,20,22,10.2,6.5,0,55.11,123,47,-13,2.08,Yes,0,-1.38,-18.4,81,60,82,1.12,290432,22307.9,3.56,489208.2,9.5,-42.4,-12.5,18.6,NA,-5.4,NA,94,28,E,84.4,260,44,-0.8,-2.6,-5.3,-,28063,-39,16,-3,NA,14.6,6375,No,-0.63,498,4168,NA,No,1164,NA,No,No,No,0.73,0,No,119,1.3,446,2,New York Stock Exchange,No,58,Yes,3.11,-,96,483988.6,4,-27,282.4,12.2,Yes,Yes,3.5,1,TRANSPORTATION,-0.2,NA,No,63,24461.1,No,No,No,45.4,-17.3,NA,4.8,2.8,2026-07-31,LUV,30,15,0,0,7,10,5,67,79.33333333333333,15,FALSE,FALSE,CANSLIM Growth,CANSLIM Growth,57.8,Strong
5096,TXN,Texas Instruments Inc.,NA,2.6,1.8,1.8,297.58,-1.4,0,0,0,3498.2,15763842,07/31/2026,0,D-,No,No,No,No,Yes,1.2,52.5,2,4.86,35.2,0,0,86,163.4,29,32.3,4.74,4.86,NA,16.5,16.5,-2,1,Yes,No,17.3,26.9,20.3,19.4,26,-10,-9,19,4,Yes,No,58.9,275.74,Elec-Semiconductor Mfg,NA,0,14,Yes,14.53,71.7,Yes,33,42,0.9,1.7,0,334.03,5,46,21,6.57,No,14,-0.58,-17.45,81,34,81,1.23,2697739,254576.9,4.49,913247.7,23.6,3.1,-7.5,-1.9,NA,27.9,NA,67,40,E,10.3,56,21,-6.8,-1.7,-4.8,42,17682,-26,23,5,NA,20.7,9168,No,-1.6,63,8836,NA,No,4352,NA,No,No,No,12.94,0,No,52,0.9,31,13,NASDAQ,No,70,Yes,13.98,-,97,910887.3,-2,1,41.5,17.3,Yes,Yes,14.1,7.2,CHIPS,-1.4,NA,No,52,257662.2,No,No,No,52.3,-4.9,NA,30,36,2026-07-31,TXN,25,12,0,0,7,10,10,64,65.33333333333333,40,TRUE,TRUE,CANSLIM Growth,CANSLIM Growth,32.9,Weak
5094,TX,TERNIUM S.A. ADR,NA,1.1,1.2,1.2,50.14,4.1,0,0,0,218.2,613626,05/14/2026,0,D+,No,No,No,No,Yes,0.33,-342.2,4.7,2.63,4.11,0,0,51,66.33,9,3.6,3.38,3.15,NA,-8.9,-6.7,5,-1,Yes,No,37,67.1,84,50.9,7,-42,-52,-23,1,No,No,28.9,49.24,Steel-Producers,NA,0,20,No,1.42,19.2,Yes,16,17,1.1,0.3,0,51.73,27,45,6,2.95,No,0,0.26,-4.81,81,82,75,0.92,25935,9640.7,3.04,196307.7,18.1,-17.9,15.3,12.1,NA,17.7,NA,46,33,B-,38,148,21,6.3,5.8,9.7,89,15609.1,-103,0,915,NA,-1.3,569,No,0.13,1,469,NA,No,166,NA,Yes,No,No,0.62,0,Yes,221,2.6,-77,-11,New York Stock Exchange,No,81,Yes,0.79,-,98,196281.8,58,135,71.8,-4.8,Yes,Yes,13.6,2.5,METALS,4.1,NA,No,9,8908.8,No,No,No,51.1,20.3,NA,3.6,5.4,2026-07-31,TX,25,15,7,0,7,5,7,66,81.33333333333333,25,TRUE,FALSE,CANSLIM Growth,CANSLIM Growth,52.3,Improving
5363,WEYS,Weyco Group Inc.,NA,4,3.8,5.1,40.26,2,0,0,1,894.6,96291,05/19/2026,0,A-,No,No,No,No,Yes,0.04,4.6,2.9,8.26,10.01,0.93,1.12,47,61.18,0,11.6,3.49,3.17,NA,-4,-3.8,3,-8,No,Yes,-13.2,-5.7,-19.2,-18.9,36,14,-11,-18,-2,Yes,No,27.5,39,Apparel - Clothing & Shoes,NA,2,117,No,1.22,2.4,Yes,51,16,33.7,1.7,0,40.41,137,132,21,2.49,Yes,33,-1.42,-3.49,81,73,69,0.73,705,377.1,3.06,9532.2,19.3,-6,-0.8,18.2,NA,23.3,NA,41,122,A,0,0,0,6.3,1.6,2.1,60,276.2,0,0,-24,NA,-2.3,19,Yes,-0.56,0,17,NA,No,156,NA,No,No,No,1.35,0,Yes,12,1,-12,-5,NASDAQ,Yes,81,Yes,1.53,-,97,5756.4,-18,-60,0.3,-2.1,Yes,Yes,16.4,0,CONSUMER,2,NA,No,29,290.6,No,No,No,34.1,-22.3,NA,9.5,9,2026-07-31,WEYS,10,0,10,0,7,10,7,44,81.33333333333333,25,FALSE,FALSE,Pullback to 10SMA,Momentum Leader,48.4,Improving
4780,NWL,Newell Brands Inc.,NA,6.4,5.4,5.3,7.13,10.2,0,0,2,33.5,60637805,05/29/2026,0,D+,No,No,No,No,No,20.45,354,5.5,1.04,8.87,0,0,14,0,9,-4.2,6.44,6.32,NA,-2.6,-2,-9,-6,Yes,No,-107.3,-104.2,-76.6,-67.9,3,-26,-13,22,-7,No,No,50.5,5.6,Hsehold-Appliances/Wares,NA,15.4,74,Yes,0.34,212.8,Yes,13,8,-0.7,14.5,0,7.13,87,22,16,0.72,No,20,8.95,-21.46,81,95,60,1.2,55470,2184,5.89,424900,21.5,311.1,-8.8,37.3,NA,31.8,NA,47,6,D,112.3,5,13,8.4,-1.4,-3.4,78,7204,-14,3,-16,NA,1,11282,No,0.46,18,44338,NA,No,397,NA,No,No,No,0.33,0,No,75,0.8,-400,-5,NASDAQ,No,96,Yes,1.02,Yes,104,418581.3,12,6,-162.5,-0.2,Yes,Yes,18.6,-1.2,CONSUMER,10.2,NA,No,60,7204.2,Yes,Yes,Yes,-0.2,11.3,NA,-11.1,5.3,2026-07-31,NWL,20,0,0,10,7,10,10,57,90.66666666666667,5,TRUE,FALSE,CANSLIM Growth,CANSLIM Growth,48.4,Improving
3989,BAC,Bank of America Corp.,NA,2.9,2.5,2.6,62.98,-0.2,0,0,1,5329.5,96837373,09/04/2026,0.32,A+,No,No,No,No,No,-21.38,17.2,2.1,1.05,10.96,2.81,4.74,41,55.33,13,19.4,2.06,2.04,NA,11.4,13.2,6,5,No,Yes,22.6,26.3,27.4,23.4,10,3,10,26,8,Yes,No,12.6,61.95,Banks-Money Center,NA,3.7,41,Yes,1.21,123.1,Yes,27,14,4.3,1.4,0,62.98,59,15,10,4.36,Yes,11,0.36,-1.64,80,87,97,0.97,2068938,438072.5,2.03,7096591,15.5,-28.8,8.7,15.9,NA,16.4,NA,85,12,A,7.2,22,13,8.7,0.3,2.2,65,113097,4,19,19,NA,14.9,36979,Yes,0.22,12,27300,NA,No,4568,NA,No,No,No,3.72,0,Yes,36,1.4,23,-1,New York Stock Exchange,No,87,Yes,1.57,-,98,7075938.9,20,31,29.6,13.9,Yes,Yes,15.1,-0.9,BANKS,-0.2,NA,No,38,1117999.8,No,No,No,31.1,-12.6,NA,10.2,18.1,2026-07-31,BAC,20,12,7,0,7,10,7,63,95,30,TRUE,FALSE,Pullback to 10SMA,CANSLIM Growth,65.9,Leading
3849,AROW,Arrow Financial Corp.,NA,3.4,4.8,4.8,42.15,1,0.4,1,10,531.1,425212,08/11/2026,0.3,C-,No,No,No,No,Yes,-0.09,13.4,3,0.25,15.93,0,0,33,49.44,10,22.8,2.83,2.9,NA,16.8,17.4,3,9,No,No,44.7,71.3,64.8,56.8,194,-4,16,63,7,No,No,26.9,39.84,Banks-Regional,NA,3.7,53,Yes,1.18,75.1,No,269,13,-0.3,2.7,0,42.7,56,30,14,3.18,Yes,21,-0.25,-6.7,80,59,93,0.69,3708,660.2,2.86,16529,16.5,-18.9,-2.8,8.1,NA,17.8,NA,91,20,D+,-16.5,33,22,2,-1.7,-2.1,47,165.6,16,10,29,NA,12.1,95,No,-0.1,21,75,NA,No,225,NA,No,No,No,3.76,0,No,9,1.9,124,9,NASDAQ,No,73,Yes,1.48,-,97,15988.6,81,45,66.5,17.4,Yes,No,11.5,3.7,BANKS,1,NA,No,29,664.6,No,No,No,48.7,-29.5,NA,10.5,17.7,2026-07-31,AROW,0,15,0,0,7,10,7,39,79.33333333333333,25,FALSE,FALSE,Other,Momentum Leader,65.9,Leading
4533,MYFW,First Western Financial Inc.,NA,2.9,2.7,2.3,33.6,-2.6,0.4,1,10,531.1,138856,NA,0,B-,No,No,No,No,No,-0.03,184.4,0,0.08,-170.21,0,0,51,65.27,13,9.2,3.17,3.17,NA,10.1,13.4,-1,1,Yes,No,72.4,62.4,58.2,73.8,81,-19,9,54,5,Yes,No,16.2,31.15,Banks-Regional,NA,3.7,53,Yes,1.01,29,Yes,269,17,-17.3,1.7,0,34.36,56,30,19,1.86,No,44,-1.98,-9.34,80,54,91,0.77,2127,309.2,3.35,9729,19.2,-8.1,-3,10,NA,23.9,NA,89,20,C,2.7,80,11,2.9,-1.7,-2.6,13,96.9,-12,28,55,NA,21,68,No,-0.63,89,61,NA,No,157,NA,No,No,No,2.84,0,No,119,1.7,47,3,NASDAQ,No,75,Yes,1.08,-,96,8045.8,21,45,82.9,15.9,Yes,Yes,14.9,-2.5,BANKS,-2.6,NA,No,41,426.1,No,No,No,43.9,-6.7,NA,5.1,11.9,2026-07-31,MYFW,32,15,0,0,7,10,7,71,77,25,TRUE,TRUE,Earnings Accelerator,CANSLIM Growth,65.9,Leading
4740,NTRS,Northern Trust Corp.,NA,2.7,3,3.1,186.97,0.9,0,0,0,522.3,3231104,09/04/2026,0.88,E,No,No,No,No,Yes,0.28,-1.8,1.9,1.55,6.33,1.6,1.95,54,61,15,16.3,2.33,2.36,NA,6.7,15,7,8,Yes,Yes,9,29.8,23.1,8.3,12,9,21,22,10,No,No,33.4,182.19,Banks-Super Regional,NA,0,26,Yes,4.24,43.2,Yes,12,18,5.6,1.8,0,191.6,66,25,14,10.4,Yes,17,-0.18,-4.91,80,71,90,1.08,193289,33391.3,2.44,182956,21.2,14.6,4.8,9.5,NA,21.9,NA,91,27,E,9.9,31,9,4.1,0.3,0.4,17,8114.9,92,35,-11,NA,24.4,1111,No,-0.32,23,1220,NA,No,2143,NA,No,No,Yes,3.67,0,Yes,40,1.1,43,-10,NASDAQ,No,82,Yes,2.66,-,99,179701.9,7,3,41.2,19.1,Yes,Yes,16,3.1,BANKS,0.9,NA,No,49,-9844,No,No,No,40.1,-20.1,NA,13.4,18.6,2026-07-31,NTRS,22,12,7,0,7,10,10,68,82.33333333333333,35,TRUE,TRUE,Earnings Accelerator,CANSLIM Growth,65.9,Leading
3976,AXTA,Axalta Coating Systems Ltd.,NA,3.2,3.8,3.8,36.62,9.3,2,1,0,590.7,9377982,NA,0,D,No,No,No,No,No,2.2,19.9,0,1.53,11.99,1.28,1.28,40,85.7,13,10.7,3.4,3.13,NA,-1.4,-0.9,4,0,Yes,Yes,9.1,1.9,4.8,6.3,10,11,22,3,18,No,No,10.8,35.81,Chemicals-Specialty,NA,0,72,Yes,1.05,101.1,Yes,51,14,-0.7,4.4,0,36.62,47,90,-1,2.54,Yes,16,-0.61,-2.21,80,93,87,1.12,77689,7711.1,3.29,214020,17.2,-45.8,4.6,25.9,NA,6.6,NA,79,102,A,11.2,6,8,11.1,8.8,8.4,71,5117,50,3,6,NA,1.3,2405,Yes,-0.22,7,1358,NA,No,647,NA,No,No,No,1.49,0,No,12,1.9,-5,-3,New York Stock Exchange,No,87,Yes,3.04,Yes,98,212989.1,-2,14,3.7,-0.4,Yes,No,15.2,-2.3,CHEMICAL,9.3,NA,No,63,10105.3,No,No,No,26.4,-16.3,NA,17.8,6.6,2026-07-31,AXTA,10,0,0,0,7,10,7,34,96.66666666666667,30,FALSE,FALSE,Other,Momentum Leader,45.5,Improving
5151,UNFI,United Natural Foods Inc.,NA,3.9,3.5,3.9,51.6,2.3,0,0,0,86.6,2664406,NA,0,D,No,No,No,No,No,3.72,19.2,0,1.33,6.51,0,0,74,0,16,-0.5,4.29,3.69,NA,-1.1,-3.2,4,2,No,No,-23.1,168.9,-173.3,-70.6,3,-39,-22,156,-7,No,No,51,50.83,Food - Wholesale,NA,0,66,No,1.81,186.5,No,9,28,10.5,4.5,0,57.02,80,40,27,1.84,No,47,2.21,-10.86,80,66,75,0.94,32043,3009.6,3.63,60519.1,17.4,-48.9,11.3,1.6,NA,36.5,NA,75,21,E,-1.7,261,29,-0.1,0.2,2.6,12,31784,-94,-4,407,NA,-3.4,655,No,1.1,656,317,NA,No,513,NA,No,No,Yes,0.1,0,No,75,0.8,182,3,New York Stock Exchange,No,80,Yes,1.93,-,99,58978.4,250,-1200,128.4,-2.4,Yes,Yes,12.7,5.6,FOOD/BEV,2.3,NA,No,72,6442.6,No,No,No,83.9,-29,NA,-7.4,0.4,2026-07-31,UNFI,20,15,0,0,7,10,7,59,73.66666666666667,15,FALSE,FALSE,Pullback to 10SMA,CANSLIM Growth,59.2,Strong
3851,ARQT,Arcutis Biotherapeutics Inc.,NA,9.7,7.5,6.9,28.98,-1.8,3.6,2,1,239.9,13561565,NA,0,B,No,No,No,No,No,0.43,109.2,0,2.68,-607.56,0,0,93,0,71,-4,4.41,4.32,NA,92,106.8,392,243,No,Yes,101.9,139.2,121.7,104.8,25,31,87,227,-9,No,No,-7.5,26.86,Medical - Revenue Biotech,NA,1.8,68,No,1.18,56.3,No,55,0,-7.6,12.3,0,31.77,119,97,2,-0.03,Yes,0,-4.04,-15.45,80,76,67,1.22,40989,3501.1,4.13,125083.4,10.9,-2.2,2.4,15.7,NA,5.9,NA,63,130,B-,-39.9,269,391,11.8,0.4,1.9,93,376.1,69,60,89,NA,70.8,1669,Yes,-1.13,142,1549,NA,No,382,NA,No,No,No,8.08,0,No,55,1.4,244,91,NASDAQ,No,64,No,17.71,-,94,110189.4,118,69,149.7,87.7,Yes,No,11.8,-4.5,MEDICAL,-1.8,NA,No,74,3394,Yes,Yes,No,84.2,-37.2,NA,-9.3,-10.7,2026-07-31,ARQT,30,15,0,0,7,10,7,69,84.33333333333333,25,FALSE,FALSE,CANSLIM Growth,CANSLIM Growth,50.1,Improving
4701,NRC,NRC Health,NA,3.5,3.5,3.9,23.68,-7.3,0,0,0,189.7,520821,09/25/2026,0.16,B-,No,No,No,No,No,-4.78,25.9,3,0.65,16.52,0,0,74,301.56,21,13,5.58,5.68,NA,-0.6,-0.1,-1,-3,Yes,No,590.9,1226.7,913.5,710.2,3,-18,-28,-26,8,Yes,No,3.9,19.51,Comml Svcs-Market Rsrch,NA,0,132,No,1.2,1313.4,Yes,15,28,12.1,4.1,0,23.68,124,111,-12,0.71,No,21,3.17,-17.61,80,52,56,0.65,2539,426.2,5.58,22536.7,8,34.4,-9.6,18.5,NA,-4.1,NA,48,113,D+,306.7,89,7,-7.2,-10.8,-12.6,8,137.4,-16,4,-51,NA,3.9,126,No,0.6,16,168,NA,No,189,NA,No,No,No,3.14,0,No,3797,2.1,-44,-4,NASDAQ,No,51,Yes,65.95,-,82,12769.6,-73,-26,1876.4,1,Yes,Yes,3.1,-0.5,BUSINS SVC,-7.3,NA,No,51,488.1,No,No,No,56.1,1.2,NA,49.9,-9.3,2026-07-31,NRC,25,15,0,5,7,10,5,67,67.66666666666666,20,TRUE,FALSE,CANSLIM Growth,CANSLIM Growth,58.5,Strong
3861,ARXS,Arxis Inc.,NA,0,4.1,2.8,55.24,28.1,1,1,1,2405.6,2922498,NA,0,E,No,No,No,No,Yes,2.64,0,0,5.21,86.81,0,0,80,198.34,113,3.9,6.77,6.74,NA,0,0,0,0,No,No,0,0,0,0,71,-,-,-,0,No,No,0,54.3,Aerospace/Defense,NA,1,36,No,2.92,39.7,No,97,0,-32.1,4.4,0,55.24,112,91,4791,0,No,0,10.86,-1.7,80,99,51,1.84,45939,20098.2,6.4,69657.9,0,45,17.7,55.1,NA,0,NA,26,87,D+,88,123,90,16.8,15.2,13.5,80,1591,55,0,391,NA,0,1067,Yes,5.32,0,1492,NA,No,148,NA,No,No,No,NA,0,Yes,0,2.1,0,114,NASDAQ,Yes,84,No,5.07,-,108,66702.7,0,0,0,0,No,No,0,0,AEROSPACE/DEFENSE,28.1,NA,No,41,22545.9,No,No,No,0,-3.3,NA,1.5,-1,2026-07-31,ARXS,0,0,10,5,7,10,0,32,96.66666666666667,20,FALSE,FALSE,Other,Momentum Leader,39.2,Weak
3764,ANET,Arista Networks Inc.,NA,2.1,2.1,1.9,183.52,3.7,5.9,1,0,674.6,19887856,NA,0,B-,Yes,No,No,Yes,Yes,0,27.3,0,2.83,52.63,1.32,1.32,90,236.19,48,47.2,5.66,6.04,NA,29.9,30.5,32,24,Yes,Yes,30,28.3,31,30.9,12,43,34,30,31,Yes,No,37.6,180.35,Computer-Networking,NA,0,64,No,10.27,0,Yes,17,57,-10.8,1.9,0,189.82,16,4,9,3.17,Yes,6,5.46,-4.99,79,88,98,1.62,1360395,215348.8,6.19,1259202.6,17.5,0.9,6.2,4.4,NA,27.2,NA,96,7,B,7.7,22,23,3.5,0.3,-1.1,-,9005.7,31,35,31,NA,32,8296,No,9.33,21,8471,NA,No,4339,NA,No,No,No,23.39,0,Yes,34,1.1,26,29,New York Stock Exchange,No,92,Yes,16.84,Yes,102,1045877.7,25,39,30,30.5,Yes,No,15.1,1.9,COMPUTER,3.7,NA,No,49,204605.4,No,No,No,46.4,-3.1,NA,31.4,37.8,2026-07-31,ANET,22,12,7,0,0,10,7,58,90.33333333333333,60,TRUE,TRUE,Earnings Accelerator,CANSLIM Growth,61.2,Strong
4559,NBBK,NB Bancorp Inc.,NA,6,5.5,7.5,23.27,2.6,0.4,1,10,531.1,1833785,08/05/2026,0.07,A+,No,No,No,No,Yes,-0.18,10.1,1.3,19.89,14.24,0,0,32,58.47,9,20.2,2.35,2.49,NA,45.3,50.9,0,7,No,Yes,42.2,30.4,31.9,38.8,260,-,60,31,5,No,No,16.1,23.01,Banks-Regional,NA,3.7,53,No,0.53,21.5,No,269,12,35,5,0,23.27,56,30,-1,1.87,No,0,1.19,-1.14,79,89,98,0.65,5642,943.8,2.64,44706.2,11.4,41.3,8.9,17.2,NA,5.9,NA,92,20,A+,11.6,25,22,9.7,3.9,6.1,50,238.3,383,46,51,NA,46.2,273,Yes,0.27,30,372,NA,No,249,NA,No,No,No,3.63,0,No,33,2.1,9,16,NASDAQ,No,78,No,1.2,Yes,99,36396.5,50,36,20.5,60.8,Yes,No,8.9,1.2,BANKS,2.6,NA,No,37,832.7,No,No,No,33.5,46.4,NA,6.2,18,2026-07-31,NBBK,22,12,0,5,0,10,7,56,95.66666666666667,35,TRUE,FALSE,CANSLIM Growth,CANSLIM Growth,65.9,Leading
4964,PAY,Paymentus Holdings Inc.,NA,2.7,3.4,3.5,36.72,18.1,2.4,1,0,1811.6,3867170,NA,0,A,No,No,No,No,Yes,0.01,20.8,0,4.41,27.16,0.59,0.59,87,225.06,40,7.1,4.77,5.09,NA,36.7,33.6,31,37,No,Yes,36.4,42.1,37.8,38.2,37,76,99,39,13,Yes,No,7.9,34.1,Finance-CrdtCard/PmtPr,NA,0,127,Yes,1.37,0.7,Yes,41,45,5,6.9,0,39.38,113,62,20,0.76,Yes,51,-2.21,-13.41,79,96,97,1.46,28541,4386.3,4.98,62936.5,25.1,39.3,41.1,21.6,NA,27.6,NA,97,36,A+,19.5,25,23,38.9,13.3,19.7,11,1196.5,59,30,29,NA,29.2,1156,Yes,-0.77,26,1571,NA,No,267,NA,No,No,No,1.68,0,No,50,1.8,43,37,New York Stock Exchange,No,93,No,7.35,Yes,93,55927.1,33,25,46.4,30.9,Yes,No,33,7.7,FINANCE,18.1,NA,No,68,4298.8,No,No,No,22.3,36.6,NA,12.8,5.8,2026-07-31,PAY,22,12,0,5,0,10,10,59,100.66666666666667,50,TRUE,FALSE,CANSLIM Growth,CANSLIM Growth,52.3,Improving
4776,NWBI,Northwest Bancshares Inc.,NA,5.7,5.9,6.5,16.16,2.2,0.4,1,10,531.1,7311257,08/06/2026,0.2,A+,No,No,No,No,No,-0.05,18.9,5.2,0.03,13.77,1.63,5.87,29,58.47,11,18.5,1.83,1.82,NA,15.9,17.5,6,9,No,Yes,25.2,25.5,22,19.8,11,2,6,19,3,No,No,31.2,15.74,Banks-Regional,NA,3.7,53,Yes,0.28,44.5,Yes,269,12,10.2,5.3,0,16.16,56,30,16,1.34,Yes,8,0.32,-2.6,79,78,96,0.65,17604,2295.7,1.79,146314.6,19.4,44.6,3.8,13.8,NA,22.2,NA,71,20,A+,10,11,4,6.4,1,2.6,61,654.7,-5,20,21,NA,16.3,1192,Yes,0.05,20,1647,NA,No,382,NA,No,No,Yes,3.27,0,Yes,23,2.5,0,16,NASDAQ,No,86,Yes,1.2,Yes,97,139149.1,53,12,11.7,16.4,Yes,Yes,16.3,0.5,BANKS,2.2,NA,No,54,2832.9,No,No,No,34.5,6.4,NA,7.2,22.4,2026-07-31,NWBI,15,12,7,5,0,10,7,56,86.33333333333333,15,FALSE,FALSE,CANSLIM Growth,CANSLIM Growth,65.9,Leading
4900,ORRF,Orrstown Financial Services Inc.,NA,7.4,4,4.3,43.78,0.4,0.4,1,10,531.1,590939,08/04/2026,0.3,A+,No,No,No,No,Yes,-0.12,10.7,2.8,0.18,11.07,0.81,1.07,20,37.17,10,28.8,2.98,3,NA,20.1,3.2,21,34,No,Yes,14.2,14.8,11.5,14.3,160,9,9,12,11,No,No,20.6,42.73,Banks-Regional,NA,3.7,53,Yes,1.23,45.5,No,269,10,7.3,3.2,0,43.78,56,30,14,4.45,Yes,5,-0.14,-2.4,79,81,96,0.59,5636,840.7,3.16,19647.8,16.1,-17.4,4.7,16.3,NA,18.6,NA,71,20,A+,6.2,1,2,8.3,1.6,3.5,92,252.1,7,0,14,NA,3.7,144,Yes,-0.06,-3,116,NA,No,293,NA,No,No,No,3.27,0,Yes,5,2.3,12,24,NASDAQ,No,81,Yes,1.35,-,98,18655,28,2,8.4,4.1,Yes,No,14.1,2.4,BANKS,0.4,NA,Yes,42,1159.4,No,No,No,30,-31.4,NA,14.6,23.9,2026-07-31,ORRF,0,0,7,0,0,10,7,24,92.33333333333333,25,FALSE,FALSE,Other,Momentum Leader,65.9,Leading
4472,MS,Morgan Stanley,NA,3.1,3.1,2.9,219.74,-1.9,0,0,1,5329.5,17224493,07/31/2026,0,E,No,No,No,No,-,1.82,20.4,2.1,0,6.84,1.86,2.43,52,66.33,16,18.3,3.01,3.22,NA,16.7,18,6,14,Yes,Yes,35,38.4,41,36.2,-,7,34,38,11,Yes,No,18.5,210.42,Banks-Money Center,NA,3.7,41,Yes,7.03,359.5,Yes,27,17,-5.3,1.4,0,232.25,59,15,8,12.37,Yes,23,0.72,-9.4,79,59,93,1.17,1316455,331324.4,3.34,1577284.8,14.3,-19.8,0.7,10.4,NA,15.1,NA,97,12,E,18,26,6,-1.7,-1.8,-3.2,27,70645,53,27,28,NA,21.6,6176,No,1.51,12,4723,NA,No,3844,NA,No,No,No,4.25,0,No,62,1.2,32,11,New York Stock Exchange,No,74,Yes,3.1,-,96,1196166.6,21,49,47.2,17.8,Yes,Yes,10.8,1.6,BANKS,-1.9,NA,No,43,787313.9,No,No,No,47.7,-1.4,NA,15.6,16.2,2026-07-31,MS,27,12,0,0,0,10,7,56,77,30,TRUE,TRUE,Earnings Accelerator,CANSLIM Growth,65.9,Leading
4728,NTB,Bank of Butterfield Ltd.,NA,3.4,2.9,3.2,62.26,0.5,0,0,3,2119.5,646311,08/12/2026,0.5,B+,No,No,No,No,No,-0.01,5.4,3.3,0.41,9.3,0.7,0.9,25,42.03,10,29.7,1.95,1.86,NA,5.5,6.2,4,2,No,Yes,13.6,10.7,14.5,14.5,11,12,8,15,14,No,No,23,61.29,Banks-Foreign,NA,7.1,55,No,1.12,2.9,Yes,42,11,7.5,1.6,0,62.46,79,49,12,5.69,Yes,7,-0.71,-1.87,79,70,93,0.81,11806,2427.6,1.88,39326.7,17.5,38,3,10.5,NA,18.3,NA,70,35,B+,-23,10,0,4.8,1.3,1.9,68,606.8,3,8,16,NA,6.2,203,Yes,-0.44,8,280,NA,No,320,NA,No,No,No,3.86,0,Yes,-7,1.3,24,-2,New York Stock Exchange,No,78,Yes,2.1,-,99,38573.2,15,26,8.6,5.8,Yes,No,12.8,-1.5,BANKS,0.5,NA,No,47,867.7,Yes,Yes,Yes,34.7,12.8,NA,21.4,23.4,2026-07-31,NTB,0,0,7,5,0,10,7,29,82.66666666666667,40,FALSE,FALSE,Value + Quality,Momentum Leader,65.9,Leading
5355,WELL,Welltower Inc.,NA,5.7,5.4,5.3,255.2,-7,5.7,11,1,1674.3,19065952,08/12/2026,0.85,A+,No,No,No,No,Yes,3.52,74.2,1.4,13.31,49.41,2.79,3.08,84,533.81,34,-4.4,2.58,2.47,NA,37.8,37.4,22,27,No,Yes,22.9,25.3,24.1,23.7,166,13,20,24,1,No,No,26.3,234.44,REITs,NA,0.5,98,Yes,5.71,42.1,Yes,194,40,-1.1,2.7,0,255.2,44,23,20,5.86,Yes,6,-0.51,-8.13,79,64,89,0.51,781464,169829.1,2.34,720744.9,15.8,16.9,3.3,7.9,NA,24.5,NA,85,45,C,2.8,20,16,5.6,-3.9,-1.4,1,10838,19,39,22,NA,38.7,3582,Yes,-1.19,21,3982,NA,No,3315,NA,No,No,No,13.24,0,No,25,1.4,23,36,New York Stock Exchange,No,72,Yes,3.63,-,92,720438,28,21,23.8,39.6,Yes,Yes,13,0.5,REAL EST,-7,NA,No,62,189928,No,No,No,42,-1.8,NA,2.5,12.6,2026-07-31,WELL,17,12,0,0,0,10,7,46,79.33333333333333,30,FALSE,FALSE,Other,Momentum Leader,44.1,Weak
3869,ASC,Ardmore Shipping Corp.,NA,3.2,3.5,3.5,17.66,4.7,0,0,6,72.7,2490716,08/28/2026,0.79,D,No,No,No,No,Yes,0.98,37.1,9.4,5.45,8.69,0.22,0.31,12,26.26,10,13.4,4.54,4.91,NA,5,16.4,21,-11,Yes,Yes,92.3,254.2,179.8,127.7,27,24,-33,107,2,Yes,No,64.2,17.39,Transportation-Ship,NA,12.2,10,No,0.78,4.9,Yes,49,7,-0.3,7.2,0,20.02,14,17,32,2.35,Yes,79,0.93,-13.16,79,68,84,0.54,10364,703,4.63,40802.6,19.4,-5.7,24.1,-1.9,NA,34.6,NA,79,18,D-,6.6,205,-62,4.4,6.3,9.1,58,310.2,5,61,-67,NA,40.1,638,No,0.16,114,597,NA,No,232,NA,No,No,No,1.93,0,No,436,1,314,-24,New York Stock Exchange,No,77,Yes,1.01,-,100,34473.6,12,-44,375.3,27.1,Yes,Yes,13.2,-4.1,TRANSPORTATION,4.7,NA,No,56,785.1,No,No,No,59.8,4.5,NA,6.1,52.1,2026-07-31,ASC,35,15,0,0,0,10,7,67,79,35,TRUE,TRUE,Earnings Accelerator,CANSLIM Growth,57.8,Strong
4284,MAX,MediaAlpha Inc.,NA,6.2,4.5,3.9,14.68,-5.7,0,0,0,102.6,2714948,NA,0,A,No,No,No,No,Yes,4.45,15.6,0,1.29,12.6,0,0,13,30.07,11,-10,5.42,5.41,NA,19.9,14.6,19,59,Yes,Yes,138.1,482.3,375,185.7,17,-,-,-,784,No,No,-4.4,12.38,Comml Svcs-Advertising,NA,0,129,No,0.69,596.7,Yes,50,8,-13.8,9.5,0,14.7,91,94,26,1.62,Yes,0,-8.57,-15.78,79,74,84,1.21,9653,829.5,5.25,52975.7,25.1,87,-1.5,45.5,NA,21,NA,82,96,B,183.8,216,-2,20.7,-1.4,-0.7,83,1113.6,135,26,26,NA,21.6,834,Yes,-1.16,6,1529,NA,No,241,NA,No,No,No,0.54,0,No,297,2.5,625,29,New York Stock Exchange,No,79,No,23.09,-,84,28238.9,525,53,461,13.4,Yes,No,31,1.7,BUSINS SVC,-5.7,NA,No,66,854,No,No,No,23.6,48.8,NA,783.8,12.4,2026-07-31,MAX,32,15,0,7,0,10,10,74,94,40,FALSE,TRUE,CANSLIM Growth,CANSLIM Growth,58.5,Strong
4536,MYRG,MYR Group Inc.,NA,2.3,2.8,2.6,414.62,-12.1,2.8,1,0,364.9,784305,NA,0,E,No,No,No,No,Yes,0.25,18.8,0,1.4,16.05,7.9,7.9,78,126.54,27,4.4,5.62,5.88,NA,14.6,16.1,10,3,Yes,Yes,143.3,109.3,135.9,166,16,4,23,119,19,No,No,52.5,333.22,Bldg-Heavy Construction,NA,0,46,Yes,25.01,6.4,Yes,36,32,-5.6,5.1,0,503.56,7,73,23,10.54,Yes,51,0.72,-33.83,79,18,79,1.2,130997,5150.9,6.13,15569.3,6.9,36.5,-33.4,-17.7,NA,33.3,NA,97,69,E,21.2,56,18,-24,-13.1,-19,57,3657.9,-66,20,311,NA,20.1,306,No,2.38,44,407,NA,No,673,NA,No,No,No,1.3,0,No,86,0.7,106,9,NASDAQ,No,49,Yes,6.88,-,86,15279.7,135,215,96.3,19.2,Yes,Yes,-2.6,8.4,BUILDING,-12.1,NA,No,65,4968.1,No,No,No,72.2,51,NA,18.8,4.6,2026-07-31,MYRG,25,15,0,5,0,10,5,60,58.666666666666664,50,FALSE,FALSE,CANSLIM Growth,CANSLIM Growth,35,Weak
3634,AHR,American Healthcare REIT Inc.,NA,6.7,6.1,6.3,58.7,-3.2,5.7,11,1,1674.3,21916381,06/30/2026,0,A-,No,No,No,No,No,40.79,61.8,1.7,0.9,31.51,0,0,77,374.06,36,2.2,2.87,2.8,NA,11.3,12.1,50,9,Yes,No,55.7,22.9,25,25.3,77,-,-,23,1,No,No,18.1,55.6,REITs,NA,0.5,98,No,1.49,43.7,Yes,194,31,3.4,10.7,0,58.7,44,23,11,1.82,Yes,0,-0.23,-5.28,79,71,75,0.44,175716,11628.6,2.69,206722.3,13,-53.7,6.6,9.5,NA,18.5,NA,43,45,C+,6,20,13,8.3,-2.5,0.3,2,2260.1,42,20,22,NA,15.8,3468,Yes,-0.13,20,1548,NA,No,849,NA,No,No,No,4.85,0,No,32,2,15,9,New York Stock Exchange,No,71,Yes,3.03,-,95,205062.9,22,31,23.3,13.6,Yes,No,11.1,-0.7,REAL EST,-3.2,NA,No,58,13023.3,No,No,No,43.9,-30.3,NA,2.5,3.6,2026-07-31,AHR,20,8,0,0,0,10,7,45,77,5,TRUE,FALSE,Other,Momentum Leader,44.1,Weak
3633,AHKSY,Asahi Kasei Corp. ADR,NA,0,0,0,23.03,-4.7,2,1,0,590.7,0,03/31/2026,0,D-,No,No,No,No,Yes,0.91,24,1.6,2.35,7.25,0,0,35,43.77,14,7,1.23,1.26,NA,-1.1,-1.1,-1,2,No,No,17.5,29.4,24.8,22.1,25,0,83,23,6,No,No,21.3,21.49,Chemicals-Specialty,NA,0,72,Yes,0.28,41.8,Yes,51,13,0,0,0,23.89,47,90,12,1.68,No,91,-6.57,-10.06,79,47,71,0.07,691,15442,1.44,682876,16.5,-26.4,-2.5,9.7,NA,10.5,NA,94,102,E,28.3,5,12,3.2,1.6,1.4,85,19503.3,233,8,10,NA,1.1,31,No,-1.51,26,21,NA,No,0,NA,Yes,No,No,0.73,0,No,58,1.1,15,2,US OTC,No,49,Yes,1.11,Yes,93,0,15,11,36.5,-1.1,Yes,No,10.4,0,CHEMICAL,-4.7,NA,No,0,19396.2,No,No,No,53.2,-34.9,NA,8.2,4.7,2026-07-31,AHKSY,20,12,0,0,0,0,7,39,67.66666666666667,30,TRUE,FALSE,Other,Earnings Accelerator,45.5,Improving
4376,MICC,Magnum Ice Cream Co. N.V.,NA,9,7.8,8,18.82,4.3,0,0,2,831,11393311,NA,0,D,No,No,No,No,-,0,0,0,0,27.58,0,0,81,211.94,0,5.7,2.49,2.49,NA,6.3,6.9,0,0,No,No,-77.6,-77.3,-117.2,-93.4,-,-,-,-51,18,No,No,17.4,18.61,Food - Packaged,NA,4.2,97,No,0.45,0,Yes,48,36,2.7,2.4,0,19.93,83,102,-2,0.52,No,0,-0.69,-6.62,79,88,51,0.46,22673,11380.3,2.53,612259.8,0,-27.9,6.9,24.6,NA,4.8,NA,19,97,C,0,-2,11,7.3,2.7,2.1,6,9401,24,37,-13,NA,10.5,1283,No,-0.13,0,919,NA,No,1381,NA,No,No,No,1.21,0,No,2,1.2,2,4,New York Stock Exchange,No,84,No,NA,-,99,470658.8,-237,-237,2.3,8.1,No,No,15.6,-4.4,FOOD/BEV,4.3,NA,No,54,14496,No,No,No,0,-27.1,NA,18.3,7.3,2026-07-31,MICC,7,0,0,0,0,10,0,17,79.66666666666667,30,FALSE,TRUE,Other,Momentum Leader,59.2,Strong
5180,USCB,USCB Financial Holdings Inc.,NA,2.8,3.4,3.5,23.74,1.4,0.4,1,10,531.1,224211,08/17/2026,0.13,A+,No,No,No,No,-,-0.19,10.1,2.2,0,10.09,0,0,30,55.12,10,23.6,3.11,3.51,NA,15,14.1,0,17,No,No,33.1,25.2,26,26.6,-,-,32,26,9,No,No,19.3,21.97,Banks-Regional,NA,3.7,53,No,0.72,120.2,No,269,12,2.8,1.9,0,23.74,56,30,10,1.85,Yes,0,0.6,-7.46,78,88,98,0.5,1172,398.9,3.81,18257.4,15.6,-3.5,7.4,20.4,NA,16.6,NA,92,20,A,0.8,25,12,10.8,3.2,5.5,58,97.7,48,15,36,NA,14.6,59,Yes,0.13,24,55,NA,No,166,NA,No,No,No,3.83,0,Yes,22,2,24,6,NASDAQ,No,83,Yes,1.77,-,93,11706.7,29,29,23.1,13.4,Yes,No,13.5,0.6,BANKS,1.4,NA,No,50,599.2,No,No,No,32,39.6,NA,12.1,21,2026-07-31,USCB,15,12,7,0,0,10,7,51,98,25,FALSE,FALSE,Other,Momentum Leader,65.9,Leading
5362,WEX,WEX Inc.,NA,4.2,3.4,4.2,191.38,6.1,2.4,1,0,1811.6,2487941,NA,0,A,No,No,No,No,No,7.77,32.9,0,1.04,14.77,0.68,0.68,23,71.34,9,15.8,4.03,4.23,NA,5.5,7.4,9,3,Yes,Yes,12.8,22.9,18.6,15.1,10,15,7,18,22,Yes,No,25.5,186.96,Finance-CrdtCard/PmtPr,NA,0,127,No,6.45,262,Yes,41,10,22.9,7.3,0,191.38,113,62,12,18.2,Yes,12,0.3,-2.31,78,98,97,1.13,105674,6352.8,4.39,34081.6,22.3,-21.1,32.5,24.4,NA,21.5,NA,88,36,A+,5.4,25,5,25.2,9.3,16.1,63,2660.8,3,14,5,NA,10,700,Yes,0.56,21,698,NA,No,614,NA,No,No,No,2.28,0,No,35,1.7,18,1,New York Stock Exchange,No,90,No,4.77,Yes,98,33639.9,15,6,26.8,8.6,Yes,Yes,21.5,1,FINANCE,6.1,NA,No,71,5331.8,No,No,No,10.2,77.7,NA,22.3,14.4,2026-07-31,WEX,20,8,0,0,0,10,10,48,101,35,TRUE,FALSE,Other,Momentum Leader,52.3,Improving
4332,MEDP,Medpace Holdings Inc.,NA,5.5,5.6,6.9,677.9,-4,5.4,2,1,595.4,2190722,NA,0,A+,No,No,No,Yes,No,-0.32,20.9,0,0.73,23.89,1.09,1.09,80,130.38,31,21.4,4.09,4.47,NA,22.7,24.9,21,17,No,Yes,22.8,27,27.3,24.4,4,31,28,26,70,No,No,2.8,577.11,Medical - Research,NA,2.7,82,No,23.67,27.7,No,37,34,23.8,9.7,0,677.9,140,39,-9,17.06,Yes,4,-0.21,-14.87,78,95,96,1.17,177120,16141.3,4.65,27911.7,11.8,-23.3,9,37.8,NA,-0.9,NA,95,41,B,6.8,15,10,16.1,3,5.1,40,2530.2,42,17,21,NA,21.9,345,Yes,-1.19,14,261,NA,No,946,NA,No,No,No,5.79,0,No,37,1.3,17,20,NASDAQ,No,78,No,37.03,-,95,22481.4,27,28,26.9,25.3,Yes,Yes,15.9,-4.2,MEDICAL,-4,NA,No,61,15966.2,No,No,No,35.1,24.7,NA,70.2,17.2,2026-07-31,MEDP,20,12,0,0,0,10,7,49,104.66666666666667,45,TRUE,FALSE,Other,Momentum Leader,50.1,Improving
5053,TSBK,Timberland Bancorp Inc.,NA,2.4,3,3.9,45.6,2.4,0.4,1,10,531.1,128560,08/10/2026,0.3,B,No,No,No,No,Yes,-0.02,9.9,2.6,0.23,11.59,1.47,2.25,27,43.7,0,31.6,2.63,2.63,NA,6.2,6.4,14,11,No,Yes,18.8,12.1,17.7,18.4,189,5,8,16,8,No,No,25.2,44.83,Banks-Regional,NA,3.7,53,Yes,1.15,5.2,No,269,11,29.2,1.8,0,45.63,56,30,11,3.98,Yes,8,-0.11,-1.76,78,72,95,0.45,1514,351.3,2.72,7828,16.6,103,0,12.4,NA,15.1,NA,66,20,A,0,0,0,5,2.1,2.1,72,114.6,-9,4,22,NA,4.4,35,Yes,-0.05,0,69,NA,No,184,NA,No,No,No,2.95,0,No,9,2.2,6,8,NASDAQ,No,77,Yes,1.27,-,98,7276.5,21,34,7.7,5.3,Yes,Yes,11.9,5.7,BANKS,2.4,NA,No,39,351.8,Yes,Yes,Yes,43.3,-10.9,NA,11.5,26,2026-07-31,TSBK,0,0,0,7,0,10,7,24,83.66666666666667,35,FALSE,FALSE,Other,Momentum Leader,65.9,Leading
4494,MTB,M&T Bank Corp.,NA,6.1,5.7,5.2,253.58,-1.3,0,0,0,522.3,5678647,06/01/2026,0,A,No,No,No,No,Yes,-0.34,14.5,2.4,0.33,10.48,1.38,1.86,36,50.68,12,26.6,2.02,1.94,NA,5.4,5.8,11,0,No,Yes,19.1,23.6,22.7,20.9,8,7,4,22,7,Yes,No,22.2,246.29,Banks-Super Regional,NA,0,26,No,4.69,53.2,No,12,13,-7.8,3.9,0,255,66,25,5,18.94,Yes,12,-0.29,-3.42,78,75,92,0.91,261999,35798.4,2.04,144933,16.3,3.7,3.5,12.7,NA,11.2,NA,77,27,B,14.1,13,9,6.6,-1.2,0.8,58,9690,-7,6,16,NA,5.8,1157,Yes,-0.71,2,1153,NA,No,2008,NA,No,No,No,3.58,0,Yes,25,1.7,24,-2,New York Stock Exchange,No,76,Yes,1.4,-,97,144407.8,21,20,24.9,5.1,Yes,Yes,12.2,1.6,BANKS,-1.3,NA,No,54,48292.1,No,No,No,30.5,8.3,NA,9.8,24.4,2026-07-31,MTB,10,8,7,0,0,10,7,42,83.66666666666667,15,FALSE,FALSE,Other,Momentum Leader,65.9,Leading
5179,USB,U.S. Bancorp,NA,3.1,2.6,2.8,64.67,-1.5,0,0,0,522.3,24772569,06/30/2026,0,B+,No,No,No,No,Yes,-0.51,12.4,3.3,0.54,12.32,0,0,33,48.7,12,22.5,2.13,2.06,NA,5.3,6,6,2,No,No,21,20.3,19.8,18.8,11,-1,17,20,8,No,No,18.1,63.01,Banks-Super Regional,NA,0,26,Yes,1.27,96.8,Yes,12,13,6.5,1.6,0,64.84,66,25,5,5.01,Yes,17,0.17,-2.82,78,75,92,0.97,520611,97998.2,2.04,1557731.7,15.4,-5.6,4.3,11.2,NA,12.3,NA,87,27,C,5.7,13,12,6.2,-1.2,0.1,67,28656,16,9,22,NA,7,8901,Yes,0.11,7,9086,NA,No,2963,NA,No,No,No,3.31,0,Yes,22,1.9,15,0,New York Stock Exchange,No,77,Yes,1.62,-,97,1554492.9,25,18,18.1,6.3,Yes,Yes,11.4,1.8,BANKS,-1.5,NA,No,43,130328.6,Yes,No,No,40.1,-9.8,NA,12.2,19.9,2026-07-31,USB,10,8,7,0,0,10,7,42,83.66666666666667,25,FALSE,FALSE,Other,Momentum Leader,65.9,Leading
4704,NREF,NexPoint Real Estate Finance Inc.,NA,9.3,7.1,6.2,17.44,1,5.7,11,1,1674.3,410341,09/15/2026,0.5,A,No,No,No,No,No,-22.84,336.8,11.9,0.37,31.09,0,0,14,25.4,16,97.6,2.7,2.5,NA,10.4,-0.7,9,10,No,No,-6.7,6.9,-1.8,-6.5,50,-,-1,-6,1,Yes,No,20.5,16.96,REITs,NA,0.5,98,No,0.4,1077.9,Yes,194,8,-13,2.4,0,17.44,44,23,6,2.1,No,0,0.41,-2.75,78,82,91,0.69,1023,318.3,2.57,18687,15.6,-32.8,9.4,17.6,NA,14.8,NA,59,45,A-,16,8,-6,6.8,0.4,2.9,77,126.1,18,19,-17,NA,3.7,66,Yes,0.07,17,43,NA,No,96,NA,No,No,No,2.41,0,Yes,29,2,13,14,New York Stock Exchange,No,81,Yes,0.82,-,97,17140.9,-21,-28,20.8,0.7,Yes,Yes,13.9,-2,REAL EST,1,NA,No,36,4745.4,No,No,No,22.9,-37.7,NA,29.2,60,2026-07-31,NREF,20,0,7,0,0,10,7,44,90.66666666666667,20,TRUE,FALSE,Other,Momentum Leader,44.1,Weak
5424,WSM,Williams-Sonoma Inc.,NA,6.4,5.3,5.1,241.94,0.8,0,0,0,56.2,6346734,07/17/2026,0,C,No,No,No,No,Yes,1.63,20.5,1.3,1.33,21.44,3.49,4.27,71,100.47,24,18.6,3.46,3.2,NA,2.3,1.8,-1,-2,No,Yes,6.9,5.5,7.8,4.2,9,6,6,2,35,No,No,28,228.66,Retail - Home Furnishings/Electronics,NA,0,99,Yes,7.26,68.4,Yes,17,26,-2.4,5.5,0,244.65,128,6,7,8.93,Yes,7,-2,-6.54,78,81,91,1.4,250904,27472.6,3.01,117746.6,17.8,-24.6,-1.9,26.2,NA,11.7,NA,62,9,A-,6.9,10,9,7.6,2.6,3.6,17,7806.8,18,4,-3,NA,0,1177,Yes,-4.66,3,827,NA,No,2174,NA,No,No,No,3.42,0,No,24,1.6,-7,1,New York Stock Exchange,No,78,Yes,14.4,-,95,115364,0,15,8.2,1.5,Yes,Yes,15.6,0.7,RETAIL,0.8,NA,No,50,27967.5,No,No,No,22.2,-30.3,NA,51.5,12.8,2026-07-31,WSM,10,0,0,0,0,10,7,27,90.33333333333333,35,FALSE,FALSE,Other,Momentum Leader,52.4,Improving
3622,AGM.A,Federal Agricultural Mortgage Corp. Cl A,NA,0.6,0.1,0.2,154.28,4.3,0,0,2,64.8,166,06/15/2026,0,A,No,No,No,No,No,-1.94,149.9,4.3,0.1,21.16,0.46,0.6,17,32.52,8,23.2,1.65,1.96,NA,16.5,17.5,14,10,No,Yes,10.9,10.1,10.1,11.9,2,14,7,9,11,Yes,No,16.4,154.27,Finance-Mrtg&Rel Svc,NA,7.7,108,No,2.83,1714.9,Yes,26,8,18.4,0,0,154.28,121,130,13,18.32,Yes,6,3.86,-0.01,78,88,89,0.53,270,2322,1.89,1030.8,16.9,-84.8,7.3,14.7,NA,20,NA,83,136,A,11,21,11,8.6,5,5.8,45,410.3,0,25,7,NA,19.1,1,Yes,5.73,12,0,NA,No,25,NA,No,No,No,0.35,0,No,25,1.9,13,22,New York Stock Exchange,No,87,Yes,1.38,Yes,100,949.3,-8,10,19.1,18.4,Yes,Yes,15.7,0,FINANCE,4.3,NA,Yes,15,31551.4,No,No,No,20.5,-29,NA,12.9,15.4,2026-07-31,AGM.A,15,0,0,0,0,7,7,29,87,25,FALSE,TRUE,Other,Momentum Leader,52.3,Improving
3722,AMBP,Ardagh Metal Packaging S.A.,NA,6.8,5.9,5.3,5.43,-1,0,0,2,831,9606388,09/10/2026,0.1,C,No,No,No,No,No,38.67,22.7,8.4,1.06,6.3,0.86,1.46,54,357.5,17,0.1,4.02,4.65,NA,14.7,14.4,20,8,No,Yes,53.5,62.5,46.9,44.2,15,12,25,29,0,No,No,15.4,4.73,Food - Packaged,NA,4.2,97,Yes,0.22,0,No,48,18,-9.2,7,0,5.43,83,102,3,0.27,No,0,-2.47,-12.89,78,82,84,0.9,11026,2898.9,4.95,597706.3,16.2,-34.3,-0.2,22.9,NA,7.7,NA,95,97,B,24,29,11,10.1,1.4,3.1,38,5497,50,18,17,NA,18.2,2495,Yes,-0.12,0,1650,NA,No,239,NA,No,No,No,0.47,0,No,38,2,150,12,New York Stock Exchange,No,69,Yes,-3.73,-,90,137175.9,0,0,93.8,16.3,Yes,Yes,12.4,3.5,FOOD/BEV,-1,NA,No,52,6795.9,No,No,No,19.4,164.3,NA,0,2,2026-07-31,AMBP,20,15,0,0,0,10,7,52,91.33333333333333,35,FALSE,FALSE,Other,Momentum Leader,59.2,Strong
5439,WTS,Watts Water Technologies Inc. Cl A,NA,4.7,1.9,2,351.99,0.4,0,0,0,631.5,838518,06/01/2026,0,E,No,No,No,No,Yes,0.27,29.7,0.7,2.72,28.82,1.64,1.71,77,123.34,28,18.3,3.03,3.27,NA,11,14.3,8,8,Yes,Yes,18.4,26.4,26.2,21.3,43,18,13,26,15,Yes,No,25.3,345.79,Building - Construction Products,NA,0,81,No,11.58,9.4,Yes,64,31,2.8,3.1,0,394.54,50,51,9,11.25,Yes,6,0.49,-12.36,78,72,84,1.03,130471,11490.5,2.84,27474.6,13.5,-48.3,-11.7,15.2,NA,15.5,NA,92,79,E,12.8,14,9,2.4,0,-2.4,17,2438.5,7,21,19,NA,18.5,385,No,1.67,8,189,NA,No,826,NA,No,No,No,3.71,0,No,28,0.9,28,8,New York Stock Exchange,No,74,Yes,5.51,-,98,27139.2,23,26,28,16.5,Yes,Yes,10,-1.9,BUILDING,0.4,NA,No,63,11110.7,No,No,No,31.8,-41.9,NA,18.2,14.7,2026-07-31,WTS,20,12,0,0,0,10,7,49,85,55,TRUE,TRUE,Earnings Accelerator,Momentum Leader,35,Weak
4178,LNC,Lincoln National Corp.,NA,5.6,5.9,5.6,46.77,10.3,0,0,3,2447.1,10568285,07/10/2026,0,A,No,No,No,No,-,0.18,58.3,4.3,0,-50.82,0,0,7,15.31,6,7.1,3.08,3.31,NA,5.3,5.5,-1,13,No,Yes,55.3,4.8,3.4,8.3,-,-,-,4,10,No,No,2.4,45.61,Insurance,NA,2.3,94,No,1.3,62.4,No,129,6,-4.6,0,0,46.82,81,34,4,8.15,Yes,0,-0.89,-2.58,78,97,80,1.47,72077,8799.6,3.31,191213.2,18.5,36.8,29,20.6,NA,9.6,NA,22,32,A+,14.4,-5,10,22,10.4,14.5,91,19085,35,4,16,NA,8.7,1879,Yes,-0.41,-1,2555,NA,No,595,NA,No,No,No,0.44,0,No,-5,1.8,4,-9,New York Stock Exchange,No,94,No,0.84,Yes,98,189338.3,16,-1,-0.7,7.7,No,No,21.1,-4.2,INSURANCE,10.3,NA,No,47,4749,No,No,No,19.7,103.9,NA,12.3,22,2026-07-31,LNC,0,0,0,5,0,10,7,22,95,10,FALSE,FALSE,Other,Momentum Leader,65,Strong
4160,LITE,Lumentum Holdings Inc.,NA,1.6,1.6,1.5,897,-6.4,0,0,0,147.5,8784876,NA,0,E,No,No,No,No,No,5.28,594.2,0,1.14,393.43,0,0,96,512.46,45,-10.5,9.24,9.13,NA,57.2,67.5,1,9,Yes,No,436.5,374.8,622.8,517.5,3,-24,-1,376,2,No,No,93.7,713.94,Telecom - Equipment,NA,0,2,Yes,70.87,2.1,Yes,19,119,-6.1,11.6,0,1085.68,1,66,75,6.02,Yes,78,2.99,-34.24,78,17,78,1.77,4310668,53934.1,9.52,77800,16.4,-9.9,-16.8,-20.9,NA,82.2,NA,90,77,E,4.3,299,126,-16.8,-6.8,-8.3,10,1645,-78,90,104,NA,77.8,5218,No,20.7,237,4550,NA,No,2552,NA,No,No,No,22.32,0,No,316,0.9,298,21,NASDAQ,No,48,Yes,17.22,-,93,75798.3,511,1367,306.7,71.3,Yes,Yes,-2.4,21.8,TELECOM,-6.4,NA,No,68,48593.9,No,No,No,548.6,-12.4,NA,2.5,17.8,2026-07-31,LITE,35,15,0,0,0,10,7,67,57.666666666666664,35,FALSE,TRUE,CANSLIM Growth,CANSLIM Growth,41.8,Weak
4906,OSPN,OneSpan Inc.,NA,5.7,5.8,5.8,16.12,2.2,2.6,1,0,722.8,2879577,05/14/2026,0,B,No,No,No,No,No,0.12,7.8,3.3,1.2,10.43,0,0,25,32.3,13,20.3,3.81,3.62,NA,0.9,1.6,4,3,Yes,Yes,12.9,12.2,11.6,10.2,10,-,-,9,20,No,No,20.6,15.48,Computer Sftwr-Security,NA,0,131,No,0.53,2.1,Yes,39,11,-0.1,7.9,0,16.44,74,7,26,1.42,Yes,0,0.45,-5.84,78,89,75,1.17,6650,571.3,3.64,37072.8,21.5,-29.8,7.9,33.7,NA,31.4,NA,28,2,B,12.7,-18,8,7,0.5,1.8,82,243.2,26839,4,13,NA,3.5,464,Yes,0.07,-32,318,NA,No,315,NA,No,No,No,2.34,0,No,-13,1.3,50,0,NASDAQ,No,92,No,2.1,Yes,96,36334.9,0,10,18.3,2.8,No,No,23.7,1.9,SOFTWARE,2.2,NA,No,60,521.4,No,No,No,4.9,-23,NA,30.1,17.5,2026-07-31,OSPN,0,0,0,0,0,10,10,20,92.66666666666667,40,FALSE,FALSE,Other,Momentum Leader,62.1,Strong
3761,ANCTF,Alimentation Couche Tard Inc.,NA,0,0,0,65.76,3,0,0,0,237.5,0,07/09/2026,0,D-,No,No,No,No,Yes,-38.23,19.2,0.7,1.12,11.3,7.91,10.49,62,74.3,20,5.3,1.97,2.27,NA,2.8,5.4,7,3,Yes,Yes,12.9,27.7,19.3,14.6,10,2,-4,14,16,Yes,No,19,65.01,Retail-Super/Mini Mkts,NA,0,116,No,1.42,92.8,Yes,17,21,0,0,0,66.49,65,120,14,3.1,Yes,7,1.31,-2.23,78,83,73,0.56,555,58815.5,2.04,918230.1,13,1759.6,2.1,10,NA,24.6,NA,76,117,D-,36.3,7,9,4.8,0.3,0.3,19,76506.6,-4,20,14,NA,12,173,Yes,0.84,20,173,NA,No,1324,NA,No,No,No,0.78,0,No,59,0.8,19,5,US OTC,No,75,Yes,3.69,-,99,742209,5,-6,38.9,8.9,Yes,Yes,9.7,0.7,RETAIL,3,NA,No,39,72222,Yes,Yes,No,25,-63.5,NA,20.2,4.4,2026-07-31,ANCTF,25,12,0,0,0,10,7,54,80,30,TRUE,FALSE,Other,Momentum Leader,52.4,Improving
5460,XERS,Xeris Biopharma Holdings Inc.,NA,8,7.1,5,8.9,-2.9,0,0,2,1308.2,10078469,NA,0,B+,No,No,No,No,No,2.18,24.8,0,2.12,48.76,2.59,2.59,96,481.32,46,0.2,3.98,3.99,NA,46.3,46.9,58,35,No,Yes,123,173.7,152.8,133.7,11,48,58,277,0,No,No,2.9,8.08,Medical - Profitable Biotech,NA,3.8,40,No,0.32,1939,No,52,124,-29.4,6.1,0,10.08,102,79,10,0.06,Yes,0,-4.04,-19.84,78,81,66,1.24,13769,1453.6,4.05,172642.1,18.9,-9.8,2,31.9,NA,9.8,NA,47,84,B-,464.6,4426,150,14.3,-0.7,-0.2,4,291.8,18,43,101,NA,46.6,1847,No,-0.34,221,1624,NA,No,268,NA,No,No,No,4.44,0,No,117,2.1,300,44,NASDAQ,No,83,No,107.16,-,95,164662,104,90,208.3,44.6,Yes,Yes,23.7,2.7,MEDICAL,-2.9,NA,No,41,1593.8,Yes,No,No,58.7,-49.7,NA,0,2.7,2026-07-31,XERS,32,15,0,0,0,10,7,64,90,10,FALSE,FALSE,CANSLIM Growth,CANSLIM Growth,50.1,Improving
5117,UBSI,United Bankshares Inc.,NA,7.2,6.4,6.2,49.27,1.4,0.4,1,10,531.1,5864148,06/12/2026,0,A-,No,No,No,No,Yes,-0.03,12.1,3.2,0.3,13.77,2.14,4.4,37,51.27,13,32,1.83,1.75,NA,15.9,15,3,7,No,Yes,23,31.5,31.5,29.1,205,3,9,31,5,No,No,26.2,48.45,Banks-Regional,NA,3.7,53,Yes,0.81,11.5,No,269,13,-2.9,4.4,0,49.27,56,30,7,3.67,Yes,9,0.19,-1.66,77,77,97,0.84,46595,6663.9,1.81,137798.6,16.4,18.8,5.7,10.6,NA,14.5,NA,83,20,A,7.1,13,4,6.7,1.2,3,35,1237.3,1,6,19,NA,7.6,1026,Yes,0.09,1,1197,NA,No,511,NA,No,No,No,5.21,0,Yes,12,2,51,12,NASDAQ,No,79,Yes,1.2,-,98,134384.3,32,31,31.3,12.2,Yes,Yes,12.2,-0.8,BANKS,1.4,NA,No,49,7313.8,Yes,No,No,36.4,-13.4,NA,8.8,28.8,2026-07-31,UBSI,10,12,7,0,0,10,7,46,85.66666666666667,30,FALSE,FALSE,Other,Momentum Leader,65.9,Leading
5527,ZION,Zions Bancorp N.A.,NA,4.5,4.1,4.4,72.52,0.6,0.4,1,10,531.1,7005706,05/14/2026,0,C+,No,No,No,No,Yes,-0.09,8.5,2.6,0.13,9.31,0,0,17,34.37,11,23.8,2.23,2.28,NA,7.4,7.2,3,3,No,No,34.9,52.2,41.1,38.4,136,-2,14,41,10,Yes,No,19.1,69.7,Banks-Regional,NA,3.7,53,Yes,1.59,25.7,No,269,9,7.5,4.9,0,73.34,56,30,10,7.85,Yes,19,0.35,-4.96,77,70,93,1.29,113702,10136.9,2.38,145939,15.8,-27.8,0.7,9.9,NA,16.3,NA,94,20,D+,94.3,33,-14,3.8,-1.1,-1.1,97,3385,14,5,21,NA,5.8,1695,No,0.24,12,1195,NA,No,748,NA,No,No,No,2.92,0,Yes,87,1.6,38,-1,NASDAQ,No,80,Yes,1.34,Yes,99,143618.7,31,8,62.6,6.7,Yes,Yes,11.8,0.1,BANKS,0.6,NA,No,55,14208.1,No,No,No,30,-25.6,NA,13.3,30.6,2026-07-31,ZION,20,15,7,0,0,10,7,59,82,35,TRUE,FALSE,CANSLIM Growth,CANSLIM Growth,65.9,Leading
5341,WBS,Webster Financial Corp.,NA,3.8,3.7,3.3,77.5,1.5,0.4,1,10,531.1,11284413,08/10/2026,0.4,C,No,No,No,No,No,-0.02,12.7,2.1,0.05,12.06,1.72,2.44,32,48.84,11,28.5,1.11,1.1,NA,10.1,8.5,18,3,No,Yes,11.8,11.6,12.9,14.7,51,5,1,13,8,No,No,22.7,77.22,Banks-Regional,NA,3.7,53,No,0.84,7.9,No,269,12,-10.8,7,0,77.69,56,30,11,6.33,Yes,7,-0.1,-0.6,77,68,93,1.2,275535,12525.2,1.19,162033.5,13.7,25.6,1,6.7,NA,17.4,NA,58,20,A,-2.2,9,10,3.5,1.5,1.2,53,2899.4,-10,3,10,NA,3.9,3820,No,-0.08,4,4480,NA,No,625,NA,No,No,No,4.23,0,Yes,4,1.8,19,6,New York Stock Exchange,No,71,Yes,1.32,-,100,160792.8,11,17,11.8,6.9,Yes,Yes,8.8,-3.5,BANKS,1.5,NA,No,53,16439.1,No,No,No,33.9,15,NA,10.6,22.7,2026-07-31,WBS,0,0,7,0,0,10,7,24,81.33333333333333,25,FALSE,FALSE,Other,Momentum Leader,65.9,Leading
4111,LDSCY,Land Securities Group PLC ADR,NA,0,0,0,9.89,3.8,5.7,11,1,1674.3,0,06/13/2025,0,A+,No,No,No,No,-,0,0,1.9,0,23.76,0,0,44,59.02,0,33,1.39,1.37,NA,12.5,13,7,7,No,No,84.9,29.2,12.8,56.1,-,-,-,9,4,No,No,14.6,9.59,REITs,NA,0.5,98,No,0.12,0,No,194,15,0,0,0,9.89,44,23,3,0.64,No,0,-2.94,-3.03,77,92,90,0.39,1063,7171,1.35,745046.9,18.4,-42.7,11,19.4,NA,7.4,NA,52,45,A+,0,0,0,13.3,5.9,8.9,37,1195.4,170,8,3,NA,8.2,121,Yes,-0.29,0,69,NA,No,0,NA,Yes,No,No,5.98,0,Yes,62,0.8,62,13,US OTC,No,85,Yes,NA,-,97,0,-36,-36,62,11.4,Yes,No,17.5,0,REAL EST,3.8,NA,No,0,12756.7,Yes,No,No,25.5,-69.2,NA,5.4,53.4,2026-07-31,LDSCY,20,12,7,0,0,0,7,46,96.33333333333333,15,TRUE,FALSE,Other,Momentum Leader,44.1,Weak
5181,USFD,US Foods Holding Corp.,NA,4.5,4.6,3.5,103.81,3.5,0,0,0,86.6,10430703,NA,0,E,No,No,No,No,No,8.79,30.1,0,1.14,16.9,0.49,0.49,70,131.42,21,2.3,2.92,3.11,NA,3.8,3.7,9,5,No,Yes,24.9,21.5,23.1,23.7,2,50,22,24,15,No,No,33.6,100.59,Food - Wholesale,NA,0,66,No,3.06,116,No,9,25,-24.5,4.8,0,105.17,80,40,13,4.08,Yes,79,0.04,-4.35,77,77,90,0.95,256482,22143.3,3.01,220221.6,16.9,-18.5,-1.6,7.6,NA,20.3,NA,88,21,C,-3.7,19,17,8.4,2.8,0.9,38,39424,20,3,26,NA,3,2765,No,0.04,15,2202,NA,No,1051,NA,No,No,No,0.56,0,No,15,1.4,24,4,New York Stock Exchange,No,79,Yes,5.12,-,97,218520.8,26,28,19.3,3.6,Yes,No,12.1,-3.8,FOOD/BEV,3.5,NA,No,70,28221.7,No,No,No,20.7,-17.6,NA,15.3,1.2,2026-07-31,USFD,10,8,0,0,0,10,7,35,83.33333333333333,35,FALSE,FALSE,Other,Momentum Leader,59.2,Strong
5129,UFPT,UFP Technologies Inc.,NA,5.6,6.1,5.5,259,7.4,5,1,0,137.1,1243417,NA,0,C-,No,No,No,No,Yes,1.15,23.7,0,2.91,21.63,0.65,0.65,74,111.09,27,13.7,4.31,4.37,NA,18.4,12.8,29,21,No,Yes,19.1,-9.9,1.2,10.7,17,43,22,-3,18,No,No,14.8,254.78,Containers/Packaging,NA,0,78,No,10.83,31.6,Yes,20,28,-9.9,16.7,0,279.49,117,38,-3,9.1,Yes,22,-0.1,-8.84,77,84,89,0.94,49309,1973.2,4.27,7736.9,13.6,-40.7,-3.9,33,NA,1.4,NA,63,51,A,4.8,9,12,6.6,3.6,1.9,11,602.8,40,4,1,NA,3.7,205,No,-0.25,-8,121,NA,No,397,NA,No,No,No,3.24,0,No,-9,1.3,-9,20,NASDAQ,No,75,Yes,4.49,Yes,98,7428.5,-12,34,-8.9,4.6,Yes,No,11.8,-1.5,MISC,7.4,NA,Yes,72,2107.8,No,No,No,12.5,-15.1,NA,17.8,11.3,2026-07-31,UFPT,0,0,0,0,0,10,7,17,95.33333333333333,45,FALSE,FALSE,Other,Momentum Leader,56.9,Strong
5099,TXRH,Texas Roadhouse Inc.,NA,2.8,2.5,2.2,210.24,6.3,0,0,2,560.9,2644856,06/02/2026,0,B-,No,No,No,No,No,-2.2,32.7,1.6,0.46,18.72,1.19,1.26,79,128.18,31,8.2,3.18,3.04,NA,10.2,10.4,16,13,No,Yes,8,-5.6,-3.2,-2.5,15,26,18,-6,16,No,No,23.8,205.44,Retail-Restaurants,NA,3.4,102,No,5.74,67.4,Yes,58,33,-13,4,0,210.24,103,128,6,6.26,Yes,22,-1.34,-2.28,77,92,88,0.83,194269,13686.2,2.81,65729.6,18.8,-52.2,6.3,27.6,NA,14.2,NA,67,104,A-,3.7,6,19,13.7,5.4,7.8,24,5878.1,43,13,-6,NA,7.9,1072,Yes,-2.78,-2,493,NA,No,761,NA,No,No,No,2.23,0,No,10,1.2,-26,9,NASDAQ,No,83,Yes,8.91,-,98,65436.1,-1,4,-8,9.6,Yes,No,17.6,-2.3,RETAIL,6.3,NA,No,63,14590,No,No,No,11,-36.5,NA,28.8,7.6,2026-07-31,TXRH,5,0,0,0,0,10,7,22,95.66666666666667,30,FALSE,FALSE,Other,Momentum Leader,52.4,Improving
4027,KO,Coca-Cola Co.,NA,3.4,2.9,2.7,90.92,6.5,0,0,0,673,47770310,09/15/2026,0.53,E,No,No,No,No,No,5.39,27.4,2.6,1.3,51,2.83,3.87,73,102.75,26,33.1,2.17,2.26,NA,5.3,6.1,6,3,No,Yes,7.7,11.6,10.3,9,10,7,7,11,16,No,No,25.3,87.59,Beverages-Non-Alcoholic,NA,0,62,Yes,1.88,102.4,No,25,27,-5.2,1.1,0,90.92,60,54,14,3.23,Yes,1,-1.02,-3.66,77,79,87,0.26,1511107,380732.5,2.44,4302549.3,16.6,-15.3,7.8,11.2,NA,17.1,NA,52,24,B-,4.1,10,7,8.2,5.6,6.2,20,47900,7,6,4,NA,8.6,18597,Yes,-0.9,7,14720,NA,No,4496,NA,No,No,No,7.53,0,Yes,11,1.1,18,3,New York Stock Exchange,No,77,Yes,10.43,-,96,4273094.7,5,6,14.7,6.9,Yes,Yes,13.8,0.1,FOOD/BEV,6.5,NA,Yes,36,414672.9,No,No,No,29,27.4,NA,46,32.9,2026-07-31,KO,10,0,7,0,0,10,7,34,83,25,FALSE,FALSE,Other,Momentum Leader,59.2,Strong
5156,UNP,Union Pacific Corp.,NA,9.9,9.3,10.1,315.99,-4.9,0,0,0,521.2,28233358,08/31/2026,1.42,A,No,No,No,No,Yes,-54.5,29.3,1.9,0.99,18.74,4.07,5.95,68,91.55,22,37.4,2.42,2.39,NA,3.8,4.2,3,1,Yes,Yes,7,6.4,7.8,8.4,6,4,5,7,22,Yes,No,26.3,292.13,Transportation-Rail,NA,0,80,Yes,6.76,143.4,Yes,6,24,8.6,4.8,0,315.99,46,5,17,12.28,Yes,5,0.92,-7.55,77,72,87,0.66,856046,171961.1,2.36,594075.5,15.8,10.7,7.4,8.4,NA,24.3,NA,63,19,C+,4.7,12,8,4.6,-2.9,-0.3,50,24510,6,12,5,NA,7.3,3076,Yes,2.67,12,3775,NA,No,3333,NA,No,No,No,6.83,0,No,13,1.2,9,1,New York Stock Exchange,No,79,Yes,8.39,-,95,592771.4,-2,12,10.5,4.7,Yes,Yes,12.3,0.3,TRANSPORTATION,-4.9,NA,No,48,204880.1,No,No,No,31.6,24.3,NA,40.4,29,2026-07-31,UNP,15,0,0,5,0,10,7,37,80.66666666666667,30,FALSE,FALSE,Other,Momentum Leader,57.8,Strong
4608,NEWT,NewtekOne Inc.,NA,14.8,14.3,14,15.33,2.8,1.8,2,0,1048.7,3114882,06/24/2026,0,C-,No,No,No,No,Yes,10.21,-31.1,5.3,6.46,7.08,0,0,10,24.96,6,24.8,3.45,3.56,NA,10.4,9.6,33,27,No,No,15.2,16.3,17.2,12.2,86,-9,16,14,12,No,No,30.7,14.83,Finance-Investment Mgmt,NA,0,114,Yes,0.52,676.5,Yes,113,7,-1.6,12.4,0,15.69,84,75,-4,2.19,No,27,1.37,-5.48,77,74,84,1.04,3111,422.7,3.28,28891.2,16.8,-34.8,0.1,14.3,NA,9.9,NA,75,70,D,-6.3,12,6,3.6,-1.1,-0.5,75,284.8,15,7,7,NA,2.1,221,No,0.2,-9,140,NA,No,153,NA,No,No,No,1.48,0,No,12,1.3,-11,-3,NASDAQ,No,79,Yes,1.2,-,98,25087,48,20,0.6,7.8,Yes,No,11.6,4.1,FINANCE,2.8,NA,No,30,2356.7,No,No,No,29.6,-25.1,NA,17.4,9,2026-07-31,NEWT,10,8,0,0,0,10,7,35,80.33333333333333,35,FALSE,FALSE,Other,Momentum Leader,52.3,Improving
3557,ADAM,Adamas Trust Inc.,NA,3.7,2.8,3.7,9.39,4.9,5.7,11,1,1674.3,2989006,06/23/2026,0,E,No,No,No,No,No,-0.65,142,12.5,0.03,6.19,0,0,7,20.81,9,20.5,2.57,2.74,NA,-35.3,-33.5,-31,-31,No,No,287.4,498,373.5,316,1,-14,102,249,5,No,No,24.2,9.07,REITs,NA,0.5,98,No,0.25,455.9,No,194,5,29.9,3.6,0,9.59,44,23,-1,1.68,Yes,0,1.45,-5.37,77,64,76,1.02,7381,803.4,2.56,89861.1,11.4,94,-3.3,1,NA,13.4,NA,70,45,E,96.8,36,-14,-1.2,1.6,-0.6,92,66,-15,-33,196,NA,-30.3,812,No,0.13,-16,1542,NA,No,242,NA,No,No,No,14.74,0,No,1275,1.3,21,32,NASDAQ,No,68,Yes,0.87,-,97,83168.2,198,0,648.1,-32.4,Yes,Yes,7.3,2.1,REAL EST,4.9,NA,No,44,11469.3,No,No,No,43.3,21.6,NA,10.6,24.2,2026-07-31,ADAM,25,15,0,7,0,10,7,64,72.33333333333333,20,TRUE,FALSE,CANSLIM Growth,CANSLIM Growth,44.1,Weak
4117,LEGH,Legacy Housing Corp.,NA,12.3,10.6,10,27.63,-0.9,5.7,11,1,1674.3,932097,NA,0,A,No,No,No,No,Yes,0.01,15.9,0,3.59,16.95,14.84,14.84,44,57.48,12,31.3,3.78,3.66,NA,-8.2,-5.9,-4,-11,No,No,2.2,-27.3,-22.7,-24.3,142,1,-11,-29,8,Yes,No,34.5,26.26,REITs,NA,0.5,98,No,0.95,0.3,Yes,194,15,-5.3,10.8,0,29.45,44,23,18,1.77,No,18,0.04,-10.83,77,77,71,0.84,2490,624.3,3.41,23781.6,18.9,59.7,0,20.7,NA,26.6,NA,21,45,A,4.5,24,-1,4.5,-1,-0.2,38,164.6,18,-4,-32,NA,-16.6,98,Yes,0.01,12,155,NA,No,212,NA,No,No,No,3.83,0,No,7,1.6,-43,-11,NASDAQ,No,85,Yes,1.16,-,95,8665.9,-46,-9,-17.8,-13.9,Yes,Yes,17.5,-0.5,REAL EST,-0.9,NA,Yes,67,622.6,No,No,No,17.3,69.1,NA,8.2,31.8,2026-07-31,LEGH,0,0,0,7,0,10,7,24,82,25,FALSE,FALSE,Other,Momentum Leader,44.1,Weak
3977,AXTI,AXT Inc.,NA,0.7,1.1,1.1,68.92,27.9,0,0,0,3498.2,11021279,NA,0,E,No,No,No,No,Yes,0.02,-109.3,0,4.77,-207.69,0,0,99,11925.33,108,-24.4,14.55,14.3,NA,35.6,53.5,-8,7,Yes,No,-128.7,123.8,102.9,-47.7,25,-60,-50,31,-9,Yes,No,269.6,60.43,Elec-Semiconductor Mfg,NA,0,14,No,8.63,0.1,Yes,33,604,8.3,17.6,0,143.16,5,46,180,0.1,No,0,28.74,-57.79,77,27,67,1.92,719330,3071,15.2,65423.2,1.5,236.9,-16.2,-23.7,NA,225.9,NA,75,40,E,164,309,159,-41.1,-1.7,-13.1,4,88.3,41,165,-105,NA,101.9,9135,No,13.49,1120,29626,NA,No,225,NA,No,No,No,31.5,0,No,227,0.9,95,-11,NASDAQ,No,67,Yes,9.61,-,121,62693.7,50,40,160.7,65.2,Yes,Yes,-19.8,67.9,CHIPS,27.9,NA,No,33,2360.3,Yes,Yes,Yes,2805.3,36.5,NA,-9.1,23.4,2026-07-31,AXTI,35,15,0,10,0,10,5,75,57,35,TRUE,TRUE,Earnings Accelerator,CANSLIM Growth,32.9,Weak
3710,ALTO,Alto Ingredients Inc.,NA,1.1,1.7,2.2,6.05,2.6,0,0,0,684,5734199,NA,0,E,No,No,No,No,Yes,0.96,14.3,0,3.81,27.19,0,0,35,48.98,13,1.4,7.26,7.38,NA,-4.1,-3.7,-3,-14,Yes,No,90.3,285.1,163.8,132.3,37,-30,32,234,5,No,No,65.3,4.76,Energy-Alternative/Other,NA,0,39,No,0.39,34.5,Yes,66,13,28.3,8.4,0,6.11,11,99,73,0.37,No,0,3.03,-22.03,77,28,56,1.08,13583,358,7.98,77485.1,26.7,-31.8,-16.5,-13.8,NA,90.4,NA,57,85,E,266.7,167,43,-12.3,-6.6,-13.3,86,917.9,-105,-1,120,NA,-1.3,2562,No,0.14,156,1719,NA,No,110,NA,No,No,No,0.4,0,No,131,1.1,149,-5,NASDAQ,No,63,Yes,1.48,-,101,68481.4,575,-200,140.2,-2.3,Yes,Yes,8.8,44.7,ENERGY,2.6,NA,No,29,429.9,No,No,No,371.3,-38.4,NA,5.7,1.9,2026-07-31,ALTO,25,15,0,0,0,10,10,60,53.666666666666664,20,FALSE,FALSE,CANSLIM Growth,CANSLIM Growth,47.5,Improving
4523,MVBF,MVB Financial Corp.,NA,6.1,6,5.9,31.99,5.3,0.4,1,10,531.1,298428,06/01/2026,0,B-,No,No,No,No,Yes,-0.04,-10.7,2.3,0.29,99.72,0,0,23,40.35,15,19.4,3.29,3.43,NA,25.2,32.2,4,8,Yes,No,193.6,169.6,308.5,236.5,203,-2,16,84,6,Yes,No,18.7,30.65,Banks-Regional,NA,3.7,53,Yes,0.99,15.7,Yes,269,10,-2.1,2.6,0,31.99,56,30,1,2.96,Yes,32,0.59,-4.19,76,87,96,0.74,1426,391.5,3.47,12849.9,13.3,-6,5.7,17.3,NA,8.5,NA,93,20,A,174,-21,53,8.7,3.5,4.6,85,167.7,-11,51,35,NA,30.1,51,Yes,0.18,-67,47,NA,No,184,NA,No,No,No,2.09,0,Yes,520,2.2,44,-11,NASDAQ,No,83,Yes,1.15,Yes,96,11536,-56,725,282.2,15,Yes,Yes,12.9,1.7,BANKS,5.3,NA,No,29,490,No,No,No,34.8,-25.7,NA,8.4,18.5,2026-07-31,MVBF,35,15,7,0,0,10,7,74,93.33333333333333,30,TRUE,TRUE,Earnings Accelerator,CANSLIM Growth,65.9,Leading
4302,MCBS,MetroCity Bankshares Inc.,NA,4.9,6.8,7.1,36.92,-3.3,0.4,1,10,531.1,619509,07/29/2026,0,A+,No,No,No,No,Yes,-0.5,14.5,3.2,0.36,24.4,1.71,3.07,32,47.64,11,37.7,3.02,3.31,NA,20.7,24.8,5,14,No,Yes,9.9,15.7,12.5,9.7,217,4,12,13,9,No,No,33.3,35.38,Banks-Regional,NA,3.7,53,Yes,1.18,68.5,No,269,12,4.5,2.7,0,37.46,56,30,21,2.88,Yes,12,1.14,-5.55,76,61,96,0.88,3254,1002.5,3.57,28660,17,18.5,-1.4,10.6,NA,25.6,NA,82,20,A,-6.2,23,1,1,-3,-2.7,50,155.6,25,31,5,NA,36.3,93,No,0.4,25,108,NA,No,217,NA,No,No,No,5.56,0,Yes,17,1.6,22,4,NASDAQ,No,79,Yes,1.79,-,98,22593.6,8,3,19.6,32.1,Yes,Yes,12.8,4.3,BANKS,-3.3,NA,No,23,1175.3,No,No,No,28.2,8.1,NA,14.2,29.1,2026-07-31,MCBS,17,8,7,0,0,10,7,49,79.66666666666667,25,FALSE,FALSE,Other,Momentum Leader,65.9,Leading
3798,APH,Amphenol Corp. Cl A,NA,1.7,1.5,1.6,167.23,5.3,0,0,0,503.9,16508135,06/23/2026,0,E,No,No,No,Yes,No,1.61,51.1,0.7,1.89,38.2,1.4,1.43,82,157.59,28,24.3,4.6,4.59,NA,54.5,54,20,34,No,Yes,73.1,70.4,74.3,76.3,5,26,46,72,29,No,No,18.9,160.7,Electronic-Parts,NA,0,45,Yes,7.29,110.9,No,23,37,6.1,1.3,0,178.52,23,26,0,4.31,Yes,16,0.55,-9.98,76,77,93,1.25,1372446,196616.1,4.71,1230234.5,12.7,1.5,-8.9,9.1,NA,11.5,NA,99,14,E,14.7,57,22,4.9,4.9,1.3,33,23094.7,26,55,77,NA,56.7,9031,No,0.88,52,9279,NA,No,4018,NA,No,No,No,6.81,0,No,67,1.5,68,52,New York Stock Exchange,No,78,Yes,13.22,Yes,100,1224268.3,76,86,67.5,54.2,Yes,Yes,10.9,3.3,ELECTRNCS,5.3,NA,No,56,201248.9,No,No,No,50.9,12.4,NA,36.8,20.2,2026-07-31,APH,30,15,0,0,0,10,7,62,84,40,FALSE,TRUE,CANSLIM Growth,CANSLIM Growth,46.2,Improving
4763,NVGS,Navigator Holdings Ltd.,NA,2.5,3.1,3.1,22.55,2.9,0,0,2,22.2,1520603,05/20/2026,0,D,No,No,No,No,No,11.75,13,1.3,1.15,6.93,0,0,52,53.66,12,18.8,3.29,3.72,NA,0.4,-2.7,11,5,No,Yes,4,15.1,-3.4,0.6,3,-,20,-3,7,No,No,29,22.35,Transport - Oil/Gas Shipping,NA,15.4,21,No,0.77,61.1,No,13,17,0.3,4.6,0,24.36,9,18,12,1.32,Yes,0,1.04,-8.25,76,65,89,0.63,10051,1365.3,3.31,61721.9,13.9,-39.4,20,2.5,NA,20.6,NA,84,11,C-,31.6,82,-14,2.4,3.2,6.8,27,538.5,19,-7,-13,NA,-5.1,477,No,0.23,277,273,NA,No,169,NA,No,No,No,2.45,0,No,37,0.7,-16,4,New York Stock Exchange,No,69,Yes,1.15,Yes,100,34046.8,24,-59,10.5,0.3,Yes,Yes,9.1,5.6,TRANSPORTATION,2.9,NA,No,41,2050.5,No,No,No,41.7,-8.3,NA,8.2,25.2,2026-07-31,NVGS,15,8,0,0,0,10,7,40,78.66666666666667,20,TRUE,FALSE,Other,Momentum Leader,57.8,Strong
3731,AMGN,Amgen Inc.,NA,4.6,4.6,4.7,398,2.4,0,0,2,1308.2,12845008,05/15/2026,0,B-,No,No,No,No,No,9.3,27.5,2.7,1.26,20.96,2.01,2.9,54,103.32,17,24.4,2.56,2.53,NA,9.1,9,9,14,No,Yes,10.6,1.9,6.7,10.1,5,6,9,5,58,No,No,17.7,385.16,Medical - Profitable Biotech,NA,3.8,40,Yes,9.21,564.6,No,52,17,3.5,2.4,0,398,102,79,6,22.1,Yes,3,-0.64,-3.23,76,83,88,0.44,940883,209212.5,2.64,539708.3,13.1,-23.9,6.4,11.2,NA,12.7,NA,62,84,B+,8,2,5,9.7,3.7,5.2,48,36751,6,6,10,NA,7.2,2708,Yes,-2.48,-7,1955,NA,No,3874,NA,No,No,No,5.59,0,No,5,1.3,0,11,NASDAQ,No,72,Yes,22.62,-,97,538475.3,1,21,2.4,8.9,Yes,No,10.4,-0.9,MEDICAL,2.4,NA,No,49,255518.4,No,No,No,30.5,-4.9,NA,106.1,21,2026-07-31,AMGN,0,0,0,0,0,10,7,17,84.33333333333333,35,FALSE,FALSE,Other,Momentum Leader,50.1,Improving
4552,NATL,NCR Atleos Corp.,NA,3.3,3.9,4.5,48.2,-1.5,0,0,0,763.1,3442693,NA,0,A,No,No,No,No,No,1047.27,51.7,0,0.98,9.99,0,0,27,77.98,11,4.3,1.37,1.47,NA,2,4.1,0,2,No,No,31.7,19.4,18.3,25.8,9,-,40,23,52,No,No,23.4,47.03,Computer-Tech Services,NA,0,111,No,0.67,719.4,Yes,93,11,17.5,4.7,0,48.5,141,134,19,4.16,No,0,0.3,-3.03,76,66,84,1.1,29590,3460.4,1.52,73797.9,12.7,0.9,8.3,6,NA,26.1,NA,85,125,A,-25.5,2,18,4.2,-1.2,1.7,57,4354,275,6,28,NA,5.2,668,Yes,0.14,5,592,NA,No,411,NA,No,No,No,0.79,0,No,2,0.8,34,1,New York Stock Exchange,No,67,Yes,8.76,-,98,72608.6,22,15,17.9,4.8,Yes,No,8.8,-0.7,BUSINS SVC,-1.5,NA,No,57,5823.1,No,No,No,53.7,8.3,NA,52.1,2.1,2026-07-31,NATL,0,8,0,0,0,10,7,25,77.33333333333333,35,FALSE,FALSE,Other,Momentum Leader,58.5,Strong
5160,UOVEY,United Overseas Bank Ltd. ADR,NA,0,0,0,68.17,-0.5,0,0,3,2119.5,0,04/27/2026,0,A-,No,No,No,No,-,0,0,3.6,0,12.89,0.38,0.43,27,75.38,13,21.7,0.95,1.09,NA,2.3,1.3,12,6,No,Yes,23.7,-27.6,-22.3,5.3,-,26,22,-28,5,No,No,22.5,66.81,Banks-Foreign,NA,7.1,55,No,0.72,0,No,42,11,0,0,0,69.69,79,49,5,5.95,Yes,12,-2,-4.13,76,81,82,0.09,2697,56413.2,1.38,831806.3,17.8,575.5,8.7,17.7,NA,10.8,NA,50,35,B,39.1,22,8,9,2.1,3,62,10895.6,4,-3,-20,NA,-2.9,43,Yes,-1.36,7,255,NA,No,4,NA,Yes,No,No,5.14,0,Yes,-38,2.1,-38,-7,US OTC,No,73,Yes,NA,-,98,0,-6,-6,-38.3,-1,Yes,No,14.6,-20,BANKS,-0.5,NA,No,0,87458.7,Yes,Yes,Yes,19.8,257.5,NA,9.7,14.7,2026-07-31,UOVEY,0,0,7,10,0,0,7,24,86.66666666666667,15,FALSE,FALSE,Other,Momentum Leader,65.9,Leading
4359,MGNI,Magnite Inc.,NA,5.3,4.9,4.4,20.11,4.3,0,0,0,102.6,13606133,NA,0,B-,No,No,No,No,No,22.55,42.4,0,1.02,12.57,1.23,1.23,65,71.94,17,9.9,4.98,4.5,NA,10.5,10.1,16,10,No,Yes,37.7,8.7,17.2,41.8,8,18,21,12,17,No,No,18.9,19.3,Comml Svcs-Advertising,NA,0,129,Yes,0.86,44,Yes,50,22,-9.6,9.7,0,26.65,91,94,22,0.87,Yes,24,-0.46,-27.58,76,86,79,2.19,49778,2776.9,4.25,143215,28.1,-51.1,1.7,50.6,NA,33.4,NA,78,96,B,23,22,16,11.6,1.9,-1.7,28,669.6,31,10,23,NA,9.3,2819,No,-0.09,24,1359,NA,No,456,NA,No,No,No,4.04,0,No,8,1.5,0,7,NASDAQ,No,92,No,3.01,Yes,96,139596.7,18,43,4.2,10.1,Yes,No,31.2,-0.4,BUSINS SVC,4.3,NA,No,54,2898.6,No,No,No,-16.1,-44.6,NA,17.1,2.7,2026-07-31,MGNI,0,0,0,0,0,10,10,20,100.33333333333333,35,FALSE,FALSE,Other,Momentum Leader,58.5,Strong
4987,PCAR,Paccar Inc.,NA,4.9,4.9,4.9,139.24,0.3,0,0,0,169.2,14875664,08/12/2026,0.35,B,No,No,No,No,Yes,2.08,23.4,1.1,2.39,15.83,2.52,2.79,74,108.68,20,10.6,2.83,2.82,NA,-12.2,-11.3,5,-9,Yes,Yes,-27.3,-17.7,-23.1,-25.6,6,10,-22,-26,5,Yes,No,21.2,132.68,Trucks & Parts-Hvy Duty,NA,0,9,No,3.51,72.3,Yes,9,28,1.2,2.9,0,139.24,41,24,2,4.76,Yes,38,-0.81,-4.71,76,83,76,0.84,404657,70406.6,2.83,526364.9,15.8,-0.7,10.5,11.7,NA,7.9,NA,40,50,B+,5.4,17,21,11.3,2.6,5.8,40,26235.1,-18,0,-37,NA,-4.7,3400,Yes,-1.08,41,3184,NA,No,2404,NA,No,No,No,2.73,0,No,4,1.3,-21,-15,NASDAQ,No,73,Yes,3.44,-,95,516513,-36,-39,-8.4,-8.1,No,Yes,11.4,3.2,AUTO,0.3,NA,No,45,76638.4,No,No,No,34.3,15.1,NA,12.9,10,2026-07-31,PCAR,0,0,0,0,0,10,7,17,83.33333333333333,20,FALSE,FALSE,Other,Momentum Leader,44.8,Weak
3550,ACT,Enact Holdings Inc.,NA,12.7,11.7,11.7,48.79,1.2,3.8,1,2,64.3,3646871,05/28/2026,0,B+,No,No,No,No,Yes,1.94,9.1,2,1.68,9.75,0,0,22,39.87,10,69.5,2.18,2.25,NA,2.6,2,0,11,No,Yes,3.9,5.3,1.6,2.4,17,-,4,2,11,No,No,19.4,47.32,Finance-Mrtg&Rel Svc,NA,7.7,108,No,1.02,13.9,No,26,10,-0.1,13.4,0,48.79,121,130,12,4.67,Yes,0,-0.36,-3.01,76,75,75,0.58,15257,6629.6,2.22,139600.7,15.6,21.3,3.5,10.7,NA,19,NA,57,136,B+,-1.2,5,5,7.8,1.7,3.3,25,1235.8,11,2,-1,NA,2.7,346,Yes,-0.17,4,409,NA,No,423,NA,No,No,No,5.32,0,Yes,7,1,12,3,NASDAQ,No,77,Yes,1.24,-,97,27187.3,-3,-9,9.6,2,Yes,Yes,12.3,-2.1,FINANCE,1.2,NA,No,70,6918.1,No,No,No,36.1,1.4,NA,13,53.8,2026-07-31,ACT,0,0,7,0,0,10,7,24,77.33333333333333,30,FALSE,FALSE,Other,Momentum Leader,52.3,Improving
5351,WDS,Woodside Energy Group Ltd. ADR,NA,3.8,4,4,23.55,4,0,0,0,771.1,3573548,03/06/2026,0,C,No,No,No,No,-,0,0,4.8,0,6.91,0.74,0.93,51,63.71,0,29.7,2.74,2.44,NA,-0.4,-3.1,20,-9,No,No,-3.2,-16.5,-18.3,-9.3,-,18,-30,-18,0,No,No,50.5,23.46,Oil&Gas-Explorers/Producers,NA,0,34,No,0.51,0,Yes,72,17,0.1,0.2,0,25.19,24,44,26,1.4,No,89,0.34,-6.87,76,75,73,0.57,19684,43763.2,2.48,1901100.1,19.9,-31.9,21.4,-1.6,NA,33.1,NA,42,44,C+,0,27,-4,10.2,5.9,11.3,40,12984,-13,-1,-5,NA,-6.8,921,No,0.08,0,671,NA,No,45,NA,Yes,No,No,3.44,0,No,-13,1.5,-13,-7,New York Stock Exchange,No,75,Yes,NA,-,100,1895816.6,-24,-24,-13,-7.4,No,Yes,13.2,0,ENERGY,4,NA,Yes,0,52049.8,No,No,No,38.6,11.9,NA,7.6,22,2026-07-31,WDS,0,0,0,0,0,0,7,7,79.66666666666667,15,FALSE,FALSE,Other,Momentum Leader,47.5,Improving
5274,VNO,Vornado Realty Trust,NA,6.1,6,5.8,41.59,-0.8,5.7,11,1,1674.3,10445027,12/18/2025,0,A-,No,No,No,No,Yes,7.12,10.7,1.9,5.69,6.05,0,0,54,42.62,16,52.5,3.11,3.06,NA,0.9,-0.3,4,0,No,No,-2.6,-4.8,-8.8,-1.8,152,-9,-9,-8,13,No,No,18.4,39.39,REITs,NA,0.5,98,Yes,1.2,174.4,Yes,194,18,-2.7,6,0,43.37,44,23,20,2.23,No,6,-1.89,-9.18,76,76,72,1.26,65588,8232.5,3.14,188097.8,20.7,-44.5,0.2,31.8,NA,23.6,NA,32,45,A,-3.4,-3,15,7.7,0.8,1.6,20,1810.4,-8,-1,2,NA,-0.7,1748,Yes,-0.76,-5,995,NA,No,672,NA,No,No,No,4.1,0,No,-27,2,-3,1,New York Stock Exchange,No,88,No,1.53,Yes,95,174314.6,16,-21,-15.2,0.3,No,No,24.6,1.7,REAL EST,-0.8,NA,No,63,14575.1,No,No,No,2.5,3.4,NA,16.2,-1.6,2026-07-31,VNO,0,0,0,0,0,10,10,20,86.66666666666667,25,FALSE,FALSE,Other,Momentum Leader,44.1,Weak
4377,MIDD,Middleby Corp.,NA,3.8,2.5,2.4,138.74,-0.2,1.5,1,1,708.7,1723305,NA,0,C-,No,No,No,No,No,1.72,15.6,0,1.96,10.95,2.63,2.63,56,0,16,15.1,3.37,3.42,NA,-4.3,-4.8,5,-3,No,Yes,-0.5,-6.7,-5.5,-2.4,27,7,-1,-8,11,No,No,11.7,133.58,Machinery-Gen Industrial,NA,1.5,65,No,4.64,77,Yes,66,18,-2.7,3.9,0,148.54,110,72,4,7.26,Yes,11,0.2,-10.07,76,70,62,1.18,97531,6028,3.38,45214.5,12.8,-99,-3.5,18.3,NA,12.8,NA,46,73,D+,11.2,17,12,2.1,0.1,-1.3,84,3201.2,-2,-7,-12,NA,-11,644,No,0.26,9,295,NA,No,617,NA,No,No,No,1.65,0,No,4,1.4,-26,-17,NASDAQ,No,71,Yes,2.62,-,96,44475.7,2,-2,-10.9,-5.9,Yes,Yes,8.1,-2.4,MACHINE,-0.2,NA,No,61,8079,No,No,No,14.4,-41.7,NA,11.5,10.2,2026-07-31,MIDD,0,0,0,0,0,10,7,17,76.33333333333333,15,FALSE,FALSE,Other,Momentum Leader,47.4,Improving
5522,ZETA,Zeta Global Holdings Corp.,NA,3.4,3.9,3.4,22.99,12.9,0.9,1,4,4899,31820346,NA,0,D+,No,No,No,No,Yes,0.55,18.7,0,2.07,23.97,3.35,3.35,97,0,21,-2.5,6.79,6.72,NA,34.4,34.1,29,33,No,Yes,30.7,-72.7,-41.6,-4.8,66,42,101,-58,-4,No,No,6.1,21.6,Comp Sftwr - Enterprise,NA,3.5,134,No,1.38,23.7,Yes,114,141,-12.9,14.4,0,25.95,109,117,3,0.15,Yes,70,1.08,-16.76,76,85,62,1.88,184984,5326.6,6.62,225619.2,13.6,-39.2,9.8,17.3,NA,16.3,NA,20,39,B,-115.3,31,18,3.4,2.2,0.7,5,1304.7,149,50,25,NA,37.6,8848,No,0.23,358,5043,NA,No,420,NA,No,No,No,3.39,0,No,-117,1.2,18,30,New York Stock Exchange,No,73,Yes,6.1,-,94,221495.4,-118,52,-49.9,33.7,No,No,12.7,1.4,SOFTWARE,12.9,NA,No,50,5401.6,No,No,No,38,-25,NA,-4.3,-3.3,2026-07-31,ZETA,7,0,0,0,0,10,7,24,81.33333333333333,20,FALSE,TRUE,Other,Momentum Leader,62.1,Strong
3956,AVTR,Avantor Inc.,NA,4.5,5.3,5.9,14.62,20.5,5.4,2,1,595.4,55976133,NA,0,A+,No,No,No,No,No,3.85,22.2,0,1.78,15.03,0,0,51,0,16,-6.7,5.04,5.08,NA,-1.5,-1.5,-3,-3,Yes,No,-12,-19,-18.1,-15.3,15,-11,-10,-19,-9,No,No,20.2,13.78,Medical - Research,NA,2.7,82,Yes,0.55,65,Yes,37,17,12.4,8.5,0,15.93,140,39,21,0.82,No,8,-0.58,-13.5,76,99,61,0.98,113574,9374.3,5.53,676358.8,35.5,12.3,39.2,70.1,NA,26.2,NA,27,41,A+,9.7,-10,9,39.7,19.2,26.1,85,6552.2,-7,1,-9,NA,0.3,10936,Yes,-0.08,-5,12416,NA,No,632,NA,No,No,No,1.42,0,No,-12,2.2,-26,-3,New York Stock Exchange,No,97,No,1.66,Yes,94,655640.1,-19,-15,-19.3,-0.3,No,No,45,-2.9,MEDICAL,20.5,NA,Yes,66,13584.4,No,No,No,2.5,138.4,NA,-9.2,2.3,2026-07-31,AVTR,0,0,0,0,0,10,10,20,98.66666666666667,5,FALSE,FALSE,Other,Momentum Leader,50.1,Improving
3509,ABEO,Abeona Therapeutics Inc.,NA,13.5,12.2,10.2,7.07,6.1,2.4,13,4,464.6,13233189,NA,0,C+,No,No,No,No,No,0.07,-1.3,0,5.89,-5.56,0.11,0.11,10,26.15,0,1224.8,4.78,5.11,NA,0,0,-13,50,No,Yes,151.5,-37.6,161.2,144.8,238,60,88,-48,70,No,No,21.8,6.42,Medical - Development Biotech,NA,0.7,29,No,0.33,5.9,No,549,7,-16.4,26.3,0,7.54,53,29,21,0.95,Yes,0,-0.77,-14.86,76,82,58,0.93,7449,368.8,5.49,56995.1,21.9,-45.4,3.9,17.6,NA,26.1,NA,16,30,B+,10.4,-174,91,7.9,0.7,-1.6,45,5.8,39,0,165,NA,0,1228,No,-0.05,-114,662,NA,No,116,NA,No,No,No,25.17,0,No,-25,1.4,-172,0,NASDAQ,No,89,Yes,2.52,-,99,50388.9,84,758,-98.5,0,No,No,19.1,-2.5,MEDICAL,6.1,NA,No,39,202.3,No,No,No,0.8,-31.4,NA,70,-195.8,2026-07-31,ABEO,0,0,0,0,0,10,10,20,79,45,FALSE,FALSE,Value + Quality,Momentum Leader,50.1,Improving
4916,OTLY,Oatly Group AB ADR,NA,6,6.8,7.3,15.77,11.4,5.3,1,0,111.4,697565,NA,0,A-,No,No,No,No,No,-0.58,-36.6,0,0.43,-18.96,0,0,6,0,0,-16.8,6.43,7.59,NA,10,11.8,9,6,No,Yes,-135.3,-298.3,-243.5,-176,1,-,-,-,-249,No,No,39.3,14.89,Food - Foodstuffs,NA,0,96,No,0.78,0,No,19,0,6.5,2.3,0,18.84,73,70,20,-4.13,Yes,0,1.09,-20.97,76,98,55,1.59,1666,459.9,8.71,31225,29.4,-14.9,59.3,37,NA,29.4,NA,21,92,A+,5.7,44,14,50.9,22.3,36,6,862.5,51,15,26,NA,15.4,157,Yes,0.16,63,133,NA,No,25,NA,Yes,No,No,0.5,0,No,-1000,1.9,25,5,NASDAQ,No,97,No,-19,-,94,29228,80,-79,-487.3,13.3,Yes,No,37.2,4.2,FOOD/BEV,11.4,NA,No,2,972.4,No,No,No,-2.2,82.9,NA,-249.3,-13,2026-07-31,OTLY,5,0,0,0,0,0,10,15,91.33333333333333,15,FALSE,FALSE,Other,Momentum Leader,59.2,Strong
4862,ONB,Old National Bancorp,NA,7,6.2,5.1,27,0.6,0.4,1,10,531.1,18754777,06/05/2026,0,A,No,No,No,No,No,-0.1,19.4,2.2,0.04,14.29,1.5,2.16,25,45.79,10,22.5,2.09,2.04,NA,35.9,37,26,16,No,Yes,21.4,28.2,28.2,25.6,23,5,4,28,7,No,No,19.4,26.64,Banks-Regional,NA,3.7,53,No,0.53,52.3,No,269,11,-17.4,5.5,0,27.32,56,30,2,2.47,Yes,8,0.87,-2.49,75,73,96,0.94,107988,10204.1,2.13,386373,13.2,23.2,2.9,11.1,NA,9,NA,77,20,A,3.9,18,11,4.7,-0.6,0.1,80,2547.7,-9,15,19,NA,29.5,4277,Yes,0.23,12,5133,NA,No,665,NA,No,No,Yes,3.6,0,No,23,1.4,36,26,NASDAQ,No,77,Yes,1.22,-,99,342131,27,28,29.1,34.4,Yes,Yes,10,-0.2,BANKS,0.6,NA,No,70,17394.8,No,No,No,26.2,-1.2,NA,9,24.2,2026-07-31,ONB,15,12,0,5,0,10,7,49,83.33333333333333,15,FALSE,FALSE,Other,Momentum Leader,65.9,Leading
4142,LH,Labcorp Holdings Inc.,NA,5.1,4.2,4.3,316.11,4.2,1.7,1,2,229.3,2721939,08/28/2026,0.72,A,No,No,No,No,Yes,3.97,20.5,1,1.8,15.79,0,0,54,98.81,16,7.9,2.69,2.94,NA,7,6.4,-4,3,Yes,No,12.9,14.5,15.7,14.6,30,-10,8,15,9,No,No,23.2,309.2,Medical-Services,NA,3.4,88,Yes,8.26,76.5,Yes,59,18,2.8,3.3,0,316.11,96,13,10,17.49,No,19,-2.01,-2.19,75,92,94,0.61,187185,25873.5,3.06,82000,17.8,60.2,10.4,20.4,NA,13.9,NA,76,8,A+,4.4,11,8,16.1,8.1,10.6,72,13951.7,7,6,13,NA,5.8,689,Yes,-6.33,11,1091,NA,No,2077,NA,No,No,No,1.77,0,No,15,1.1,11,7,New York Stock Exchange,No,83,Yes,2.91,-,98,81670.2,18,19,12.7,5.7,Yes,Yes,17.4,1.4,MEDICAL,4.2,NA,No,57,31180,No,No,No,18.9,78.5,NA,10.5,8,2026-07-31,LH,10,0,0,7,0,10,7,34,97,25,FALSE,FALSE,Other,Momentum Leader,50.1,Improving
5060,TSM,Taiwan Semiconductor Manufacturing Co. Ltd. ADR,NA,1.8,2,2.4,425.4,0.2,0,0,0,3498.2,33350090,09/16/2026,1.11,E,No,No,No,No,No,0.37,60.1,0.7,2.46,27.8,1.2,1.23,76,113.65,21,53.5,4.39,4.62,NA,35.9,31.5,20,30,No,Yes,58.2,55.3,53,58,15,24,38,53,27,No,No,33,404.25,Elec-Semiconductor Mfg,NA,0,14,Yes,19.77,12.7,No,33,30,19.1,0.6,0,479,5,46,12,13.66,Yes,16,0.23,-15.61,75,44,89,1.43,6054036,1760901.5,4.47,5186474,13.2,-11.5,-15.4,2.1,NA,22.3,NA,98,40,E,10.8,58,30,-5.1,-0.2,-4.3,62,120663.8,34,24,53,NA,31.7,14331,No,0.94,53,11952,NA,No,4161,NA,Yes,No,Yes,14.89,0,No,62,0.8,63,36,New York Stock Exchange,No,65,Yes,11.21,-,99,5181724,41,46,62.5,29.7,Yes,Yes,6.8,2.3,CHIPS,0.2,NA,No,7,1879556,No,No,No,67.3,33.3,NA,36.4,55.6,2026-07-31,TSM,25,15,0,0,0,5,7,52,69.33333333333333,60,TRUE,FALSE,Other,Earnings Accelerator,32.9,Weak
3629,AGX,Argan Inc.,NA,2,2.7,2.7,635.76,0.3,2.8,1,0,364.9,909517,07/23/2026,0,E,No,No,No,No,Yes,0,17.6,0.3,1.53,19.46,1.21,1.22,88,196.03,47,17,7.32,7.64,NA,17.6,16.4,19,33,Yes,Yes,97.2,55.8,64.5,86.8,20,41,85,55,28,Yes,No,82.1,570.43,Bldg-Heavy Construction,NA,0,46,Yes,49.64,0,Yes,36,50,-0.1,6.7,0,805.75,7,73,56,11.38,Yes,40,-1.63,-29.21,75,20,86,0.93,235537,8129.3,8.13,14019.2,19.7,-6.5,-28.6,-14.9,NA,64.3,NA,98,69,E,40.3,24,29,-11.9,2.7,-7.2,17,944.6,157,50,58,NA,31.5,359,No,-9.44,6,323,NA,No,638,NA,No,No,No,7.68,0,No,102,1.4,56,8,New York Stock Exchange,No,57,Yes,16.89,-,98,13535,8,91,79.4,20.2,Yes,Yes,7.8,10.8,BUILDING,0.3,NA,No,72,7240.7,No,No,No,132.8,17.3,NA,33.8,15.8,2026-07-31,AGX,32,15,0,0,0,10,7,64,60.333333333333336,55,TRUE,TRUE,Earnings Accelerator,CANSLIM Growth,35,Weak
4413,MMM,3M Co.,NA,3,2.4,2.9,184.9,2.1,0,0,0,2144.8,10945314,05/22/2026,0,D+,No,No,No,No,No,2.08,23.7,1.8,1.24,41.38,0,0,61,121.14,19,16.9,2.74,2.83,NA,3.7,4,-9,-11,Yes,No,5.8,11.3,11.1,11.3,8,-1,2,11,49,No,No,10.1,176.28,Diversified Operations,NA,0,75,Yes,4.63,384.5,Yes,25,21,24.1,2.1,0,184.9,77,65,6,8.56,Yes,4,0.12,-4.66,75,91,85,0.85,607460,90803.2,2.93,515722.4,10.9,-26.2,8.9,20.3,NA,15.1,NA,60,46,B,6.9,10,9,10.2,3.4,7.3,39,24300,-6,6,10,NA,4.5,3874,Yes,0.21,9,2676,NA,No,2487,NA,No,No,No,3.67,0,No,11,1.8,14,2,New York Stock Exchange,No,79,No,30.8,-,95,515278.5,9,11,12.5,4.1,Yes,Yes,12.3,-1.2,MISC,2.1,NA,No,42,98002.2,No,No,No,18.1,12,NA,76.1,14.3,2026-07-31,MMM,10,0,0,0,0,10,7,27,93.66666666666667,35,FALSE,FALSE,Other,Momentum Leader,56.9,Strong
5329,WABC,Westamerica Bancorp,NA,4.1,3.4,3.8,61.92,-0.6,0.4,1,10,531.1,748347,08/03/2026,0.48,A+,No,No,No,No,No,-0.01,8.9,3.2,0.09,12.68,1.19,1.66,37,51.22,13,57.7,2.3,2.42,NA,-9.1,-8.1,4,-9,Yes,Yes,-8.3,-1.3,-4.6,-6.9,96,8,-11,-5,7,Yes,No,25.8,60.15,Banks-Regional,NA,3.7,53,No,1.45,0,Yes,269,13,11.1,3.4,0,63.61,56,30,12,4.54,Yes,20,0.42,-5.44,75,68,84,0.61,12147,1406.9,2.72,23488,14.6,-32.1,2.5,9.7,NA,18.9,NA,47,20,A,6.8,3,1,3.3,-1.4,0.3,34,259.1,-14,-3,-13,NA,-4.8,208,Yes,0.25,4,139,NA,No,385,NA,No,No,No,5.59,0,Yes,4,1.1,-3,-13,NASDAQ,No,76,Yes,1.62,-,98,22261.7,-6,-15,0.9,-6.2,Yes,Yes,11.4,-1.3,BANKS,-0.6,NA,No,58,1009.4,No,No,No,25.6,-48,NA,12.7,41.4,2026-07-31,WABC,0,0,7,0,0,10,7,24,77.66666666666667,25,FALSE,FALSE,Other,Momentum Leader,65.9,Leading
5250,VIST,Vista Energy S.A.B. de C.V. ADR,NA,1.9,1.8,2.3,71.14,1.4,0,0,0,771.1,2289761,NA,0,D,No,No,No,No,No,-7.32,121.9,0,0.69,11.43,0.39,0.39,31,35.94,6,40.8,4.17,4.08,NA,67,70.2,38,44,Yes,Yes,54.3,135.2,97.8,65.9,25,31,1,40,35,Yes,No,44.8,70.45,Oil&Gas-Explorers/Producers,NA,0,34,No,2.66,90.6,Yes,72,12,27,2.4,0,81.44,24,44,6,5.89,Yes,35,2.74,-13.49,75,61,81,0.84,63668,7640.8,4.17,111442.4,15.6,-0.5,10.4,-5.2,NA,16.5,NA,60,44,D+,-5.1,36,3,-0.6,4.2,6,60,2482.2,-2,108,57,NA,83.5,903,No,1.88,80,956,NA,No,338,NA,Yes,No,No,2.36,0,No,400,1.2,13,51,New York Stock Exchange,No,72,Yes,2.35,-,103,111436.1,-7,-14,206.3,73.9,No,Yes,7.7,13,ENERGY,1.4,NA,No,31,9043.5,No,No,No,57.6,-7.1,NA,34.9,26.1,2026-07-31,VIST,35,15,0,0,0,10,7,67,72.33333333333333,30,TRUE,TRUE,CANSLIM Growth,CANSLIM Growth,47.5,Improving
4070,KWR,Quaker Houghton,NA,10.6,11,11.3,167.63,6,2,1,0,590.7,1825966,10/16/2026,0.53,B,No,No,No,No,Yes,1.54,32.6,1.3,2.45,20.55,4.9,7.09,63,111.91,20,0.4,3.71,3.71,NA,7,7.7,2,-1,Yes,Yes,3.5,18.4,16.3,9.1,27,3,-2,15,0,No,No,16.9,160.52,Chemicals-Specialty,NA,0,72,No,5.65,62.5,Yes,51,21,3.5,13.5,0,183,47,90,-7,7.55,Yes,10,3.61,-12.29,75,87,72,1.31,23190,2690.4,3.81,17366.4,8.8,81.2,1,18.1,NA,4.4,NA,65,102,B+,31.9,4,23,4.5,2.5,1.7,47,1888.6,-3,10,-6,NA,9.3,156,No,5.6,-7,279,NA,No,442,NA,No,No,No,1.41,0,No,28,1.2,3,3,New York Stock Exchange,No,83,Yes,2.03,Yes,100,13548.1,24,10,15.6,8,Yes,Yes,6.8,-0.7,CHEMICAL,6,NA,No,74,3310,Yes,Yes,Yes,40.3,18.6,NA,-0.2,5,2026-07-31,KWR,15,8,0,7,0,10,5,45,85,20,TRUE,FALSE,Other,Momentum Leader,45.5,Improving
5239,VIAV,Viavi Solutions Inc.,NA,2.3,1.3,1.6,43.74,-6.5,0,0,0,147.5,12069921,NA,0,E,No,No,No,No,No,1.65,203.8,0,1.61,92.87,0,0,88,1131.88,30,3.6,8.22,8,NA,27.2,30,-2,5,Yes,No,88.3,99.7,90.4,102.3,6,-14,8,85,5,No,No,107.4,36.95,Telecom - Equipment,NA,0,2,Yes,3.44,104,Yes,19,48,26.5,4.9,0,60.43,1,66,35,0.77,No,37,5.42,-38.85,75,13,70,1.11,337230,8646.3,8.02,246685.6,10.7,-11.6,-22.6,-29.5,NA,51.1,NA,92,77,E,17,99,37,-23.9,-9.3,-13.9,30,1084.3,-40,43,42,NA,39.6,7311,No,1.9,129,5998,NA,No,727,NA,No,No,No,6.67,0,No,80,0.6,69,8,NASDAQ,No,52,Yes,10.21,-,91,244443.6,150,63,74.6,34.9,Yes,Yes,-4.7,12.4,TELECOM,-6.5,NA,No,57,8214,No,No,No,267.7,-21.7,NA,4.8,1.6,2026-07-31,VIAV,27,15,0,0,0,10,7,59,52.666666666666664,20,FALSE,TRUE,CANSLIM Growth,CANSLIM Growth,41.8,Weak
4190,LOB,Live Oak Bancshares Inc.,NA,9.1,7.2,7.7,43.23,1.7,0.4,1,10,531.1,1988044,06/02/2026,0,A+,No,No,No,No,Yes,-0.12,7.3,0.3,1.55,12.45,0,0,55,57.65,12,14.1,2.74,2.67,NA,17.2,17.9,5,12,No,No,65.9,125.6,118.3,92,257,-11,12,102,9,No,No,24.6,42.8,Banks-Regional,NA,3.7,53,Yes,1.1,8.2,No,269,18,7.2,5.5,0,43.85,56,30,1,2.4,No,45,0.8,-2.39,74,80,97,1.44,10753,1964.3,2.78,46262.4,16.4,-31.7,4.8,13.8,NA,7.1,NA,92,20,A+,2.3,68,36,6.8,0.4,1.5,10,577.8,3,9,9,NA,12,273,Yes,0.34,47,193,NA,No,344,NA,No,No,No,3.19,0,No,36,1.6,186,8,New York Stock Exchange,No,83,Yes,1.63,Yes,99,35979,156,96,110.7,19.7,Yes,Yes,12.7,0.3,BANKS,1.7,NA,No,55,1215.5,No,No,No,35.4,-18.2,NA,9.4,13.5,2026-07-31,LOB,15,15,0,0,0,10,7,47,85.66666666666667,35,FALSE,FALSE,Other,Momentum Leader,65.9,Leading
3928,AUB,Atlantic Union Bankshares Corp.,NA,8.3,7,6.8,43.16,0.5,0.4,1,10,531.1,7530123,08/07/2026,0.37,A,No,No,No,No,No,-0.04,14.6,3.5,0.04,14.93,0,0,29,49.25,11,16.5,2.31,2.18,NA,59.9,55.5,16,32,No,No,23.3,33.3,25.3,30.4,36,-1,6,25,4,No,No,20.2,42.43,Banks-Regional,NA,3.7,53,Yes,0.91,15.1,No,269,12,-3.6,5.3,0,43.62,56,30,1,3.64,Yes,10,0.35,-2.73,74,71,94,1.02,48508,6000.6,2.23,141924.2,13.4,-26.8,0.3,12.7,NA,9.2,NA,73,20,A-,2.3,9,7,5.2,-0.6,0.1,64,1365.9,-7,3,26,NA,36.9,1196,Yes,0.15,15,909,NA,No,484,NA,No,No,Yes,3.93,0,No,-1,1.5,56,52,New York Stock Exchange,No,74,Yes,1.17,-,98,140507.2,45,1,27.5,50,Yes,No,10.1,-1.8,BANKS,0.5,NA,No,59,7393.4,No,No,No,33.8,-26.6,NA,6.7,27.9,2026-07-31,AUB,0,12,0,0,0,10,7,29,81.66666666666667,25,FALSE,FALSE,Other,Momentum Leader,65.9,Leading
3765,ANF,Abercrombie & Fitch Co.,NA,2.7,3.5,3.3,105.16,6.1,0,0,0,740,4604477,03/05/2020,0,B+,No,No,No,No,Yes,1.99,10.9,0,1.45,7.79,0.22,0.22,22,37.24,9,13.7,4.96,4.63,NA,5.5,5,10,13,No,Yes,-3.8,-3.4,-4.3,-8.6,17,47,81,-3,37,No,No,-20.9,99.54,Retail-Apparel/Shoes/Acc,NA,0,48,Yes,4.25,76.9,No,36,10,-5.6,10.6,0,133.11,70,84,0,9.83,Yes,0,-0.72,-25.22,74,90,86,1.36,114188,4454.7,4.49,44431.7,10.8,-46.2,10.6,16.6,NA,2,NA,70,54,A+,15.2,8,10,15.2,3.9,6.9,72,5266.3,70,2,-8,NA,3.4,1327,Yes,-0.72,-15,676,NA,No,695,NA,No,No,No,0.84,0,No,-8,1.6,3,6,New York Stock Exchange,No,75,No,3.3,Yes,95,43401,-6,-7,-2.2,4.5,No,No,7.8,-1.7,RETAIL,6.1,NA,No,66,4838.2,No,No,No,3.7,-25.5,NA,37,6,2026-07-31,ANF,0,0,0,0,0,10,7,17,93.33333333333333,35,FALSE,FALSE,Other,Momentum Leader,52.4,Improving
5015,TPR,Tapestry Inc.,NA,7.6,6.2,6.1,154.61,6.9,0,0,1,894.6,17099847,06/05/2026,0,E,No,No,No,No,Yes,3.16,18.1,1.1,1.84,27.87,1.18,1.25,66,191.44,20,3.1,3.49,3.44,NA,12.7,14.1,5,5,Yes,Yes,32.3,43.7,36,34.2,18,18,19,38,7,No,No,19.3,152.37,Apparel - Clothing & Shoes,NA,2,117,Yes,4.96,529.4,Yes,51,23,-1.7,8.5,0,161.97,137,132,13,6.77,Yes,9,-0.14,-5.93,74,80,84,1.29,342724,30828,3.31,202044.7,13.5,-28,4.1,5.1,NA,20.1,NA,96,122,D+,27.6,37,12,6.8,5.8,6.7,35,7010.7,11,21,19,NA,17.6,2561,No,-0.21,22,1750,NA,No,2355,NA,No,No,No,3.92,0,No,61,1.4,35,5,New York Stock Exchange,No,73,Yes,45.17,-,100,201029.1,35,13,47.8,16.1,Yes,Yes,7.5,2.3,CONSUMER,6.9,NA,No,57,33108.6,No,No,No,41,-18.1,NA,9.8,17.9,2026-07-31,TPR,25,12,0,0,0,10,7,54,81.33333333333333,20,TRUE,TRUE,Other,Momentum Leader,48.4,Improving
5333,WAT,Waters Corp.,NA,4.4,3.4,3.6,391.87,0.7,1.5,1,1,389,3662258,NA,0,A,No,No,No,No,No,2.03,125.1,0,1.79,35.8,9.26,9.26,74,185.35,25,23.8,3.29,3.14,NA,23.8,28.8,4,5,No,Yes,12.3,15.5,14.7,12.1,20,3,4,14,29,No,No,-0.7,377.31,Medical-Systems,NA,1.5,100,Yes,11.62,33.7,Yes,65,28,5.4,3.7,0,414.15,131,137,-5,13.58,Yes,4,-0.79,-8.9,74,74,82,0.97,338062,37340.1,3.12,98185.9,7.4,-21.4,0.6,22,NA,1.8,NA,70,127,A,17,11,13,3.9,1.8,1.5,48,3165.3,1,91,11,NA,49.2,922,No,-2.99,2,715,NA,No,2494,NA,No,No,No,9.83,0,No,20,1.1,10,7,New York Stock Exchange,No,63,No,2.42,Yes,96,98086.2,16,12,15.2,35.5,Yes,Yes,9.3,-1.9,MEDICAL,0.7,NA,No,64,38162.8,No,No,No,30.7,-10.4,NA,29.3,-5.7,2026-07-31,WAT,20,8,0,0,0,10,5,43,83.66666666666667,45,FALSE,TRUE,Other,Momentum Leader,50.1,Improving
3524,ACCO,ACCO Brands Corp.,NA,6.9,7.3,6.8,4.39,5.5,0,0,0,18.9,6381612,08/21/2026,0.08,B-,No,No,No,No,Yes,2.73,23.4,7.5,1.97,5.77,0,0,6,26.32,5,3.2,3.4,3.59,NA,-1.9,0.1,-6,-7,No,No,0.2,67,48.1,33.6,5,-8,-8,3,4,No,No,13.1,4.22,Business Equip & Supplies,NA,0,28,Yes,0.15,137.8,No,10,5,-6.4,7.1,0,4.39,86,41,1,0.9,No,9,-0.24,-3.87,74,78,79,0.99,3328,390.3,3.73,92257.8,13.1,-8.4,1.4,31.5,NA,7.9,NA,54,3,A,8.7,4,10,6,2.9,4.1,78,1524.7,-6,5,-18,NA,6.7,837,Yes,-0.01,0,711,NA,No,241,NA,No,No,No,0.25,0,No,4,1.3,200,-8,New York Stock Exchange,No,74,Yes,0.57,Yes,96,89702.5,-3,-9,101.8,3,Yes,Yes,12.4,-2.4,BUSINS SVC,5.5,NA,No,45,1246.7,No,No,No,12.5,-15.1,NA,6.5,3.4,2026-07-31,ACCO,0,15,0,0,0,10,7,32,89,5,FALSE,FALSE,Other,Momentum Leader,58.5,Strong
5414,WRLD,World Acceptance Corp.,NA,3.5,3.9,4.2,217.63,-12.1,0,0,1,118.2,587802,NA,0,C-,No,No,No,No,No,-32.17,5,0,0.28,3.48,1.5,1.5,59,83,14,7.7,4.75,5.13,NA,3.8,4.2,0,0,No,No,78.8,211.7,131.4,87.9,2,13,8,-40,9,Yes,No,28.1,179.81,Finance-Consumer Loans,NA,4.8,91,No,9.98,178.9,No,21,19,9.1,15.8,0,227.68,108,55,45,9.25,Yes,99,-0.71,-21.03,74,57,78,1.46,25157,844,5.23,4660.4,18.9,-27.6,-19.7,22.2,NA,48.3,NA,81,47,D,265.5,89,15,-1.5,-5.1,-8.2,18,585.7,24,5,-57,NA,6.3,137,No,-1.29,308,98,NA,No,290,NA,No,No,No,1.41,0,No,748,1.2,-5,4,NASDAQ,No,76,Yes,2.23,-,87,3763.3,-108,-110,371.4,4.8,Yes,Yes,17.7,-3,FINANCE,-12.1,NA,Yes,81,1496.6,No,No,No,14.3,16.3,NA,8.8,4.4,2026-07-31,WRLD,25,15,0,0,0,10,7,57,74.66666666666667,15,TRUE,FALSE,CANSLIM Growth,CANSLIM Growth,52.3,Improving
5315,VVV,Valvoline Inc.,NA,7.2,5.9,5.8,40.84,-1.4,8.3,1,0,158.5,13362337,12/01/2022,0,B,No,No,No,No,No,-17.43,62.7,0,0.73,16.62,0,0,66,204.78,21,17.1,3.17,2.96,NA,9.7,11.2,-14,5,Yes,No,6.8,11.3,9.6,6.1,3,-4,7,8,82,Yes,No,32.2,38.41,Retail/Whlsle-Auto Parts,NA,0,106,Yes,1.15,565.7,Yes,12,23,-1.9,10.5,0,41.33,97,123,11,1.7,No,14,0.05,-7.07,74,70,71,0.81,74717,4896.1,3.06,127536.1,12,-18,-2.9,15.6,NA,17.4,NA,73,133,C-,19.2,10,18,2.8,-2.8,-1.7,33,1710.3,33,25,1,NA,18.2,1999,Yes,0.02,7,1643,NA,No,599,NA,No,No,No,2.64,0,No,21,1.3,16,6,New York Stock Exchange,No,69,Yes,13.87,-,94,127121,-2,4,18.1,13.5,Yes,Yes,9.6,-1.2,RETAIL,-1.4,NA,No,70,6672.6,No,No,No,9,-13.9,NA,82,9,2026-07-31,VVV,15,0,0,0,0,10,7,32,78.66666666666667,30,FALSE,TRUE,Other,Momentum Leader,52.4,Improving
4264,MAGN,Magnera Corp.,NA,7.4,7.5,6.5,14.31,-3.4,0,0,0,75,2655020,06/30/2022,0,A+,No,No,No,No,Yes,2.39,15.4,0,2.33,4.57,0,0,25,54.77,17,-5.2,4.45,4.64,NA,93.7,79.2,23,41,No,No,62.8,64.8,70.3,72.3,8,-,-,-,0,No,No,-12.5,13.25,Paper & Paper Products,NA,0,112,No,0.59,186.9,No,12,0,-13.4,7.5,0,15.52,132,58,-6,-2.34,No,0,-0.6,-14.65,74,85,62,1.46,4480,477.2,4.75,35800,11.8,4.6,12.8,32.8,NA,1.4,NA,50,75,A,-639.8,132,81,9,-2.5,1.7,25,3204,0,-3,0,NA,4.7,370,Yes,-0.08,162,387,NA,No,190,NA,No,No,No,0.15,0,No,57,2.1,67,0,New York Stock Exchange,No,70,Yes,0.46,Yes,93,35396.7,71,87,61.7,54,Yes,No,9.4,4.4,MISC,-3.4,NA,No,53,2205.5,No,No,No,6.4,1.1,NA,0,-2.3,2026-07-31,MAGN,20,15,0,0,0,10,7,52,85.66666666666667,10,FALSE,FALSE,Other,Momentum Leader,56.9,Strong
4856,OMDA,Omada Health Inc.,NA,7.6,6.9,6.6,23.98,-3.4,1.7,1,2,229.3,7980607,NA,0,D,No,No,No,No,Yes,0.04,24.7,0,3.86,63.51,0,0,75,0,62,-4.9,4.98,5.03,NA,51,49.6,0,43,No,No,69.1,114.8,80.6,74.7,41,-,-,-,0,No,No,25.7,19.84,Medical-Services,NA,3.4,88,No,1.06,0,No,59,0,-4.8,28.9,0,26.91,96,13,24,-0.18,No,0,0.76,-26.29,74,74,60,1.14,22694,1170.5,4.91,59448.5,15.2,35.8,-9.6,36.1,NA,32.7,NA,52,8,E,131,174,62,-0.2,-9.9,-12.3,75,260.2,28,42,59,NA,50,1140,No,0.15,126,1526,NA,No,156,NA,No,No,No,4.16,0,No,124,1.6,155,53,NASDAQ,No,86,No,5.02,-,92,27872.1,65,-22,139.7,49.9,Yes,No,23.5,-1.3,MEDICAL,-3.4,NA,Yes,60,943.7,No,No,No,13.2,23.2,NA,-8.7,-3.8,2026-07-31,OMDA,32,15,0,5,0,10,7,69,79.33333333333333,25,TRUE,FALSE,CANSLIM Growth,CANSLIM Growth,50.1,Improving
5359,WERN,Werner Enterprises Inc.,NA,3.3,4,4.2,47.49,-11.8,0,0,0,140.4,4427239,07/06/2026,0,C+,No,No,No,No,Yes,3.5,-63.3,1.3,1.45,12.47,0,0,97,344.31,22,-0.7,3.73,3.85,NA,7.5,9.7,2,-3,Yes,No,-27,59.7,14.8,4.8,9,-60,-76,94,1,No,No,24.7,37.42,Transportation-Truck,NA,0,33,No,1.65,64.1,Yes,20,144,5.4,7.5,0,47.49,21,11,0,0.26,No,0,1.46,-21.2,74,39,52,0.78,49924,2211,4.13,59950.1,9.3,44.6,-14.2,1.5,NA,9.3,NA,49,53,E,-6.9,5825,91,-13.2,-14.9,-15.3,-,2974.4,-73,24,-104,NA,18.8,1187,No,0.54,1350,1667,NA,No,419,NA,No,No,No,0.69,0,No,100,1.2,117,-2,NASDAQ,No,57,Yes,1.65,-,88,58774.7,-37,-120,108.3,11.8,Yes,Yes,2.5,5.3,TRANSPORTATION,-11.8,NA,No,73,2931.2,No,No,No,35,84.1,NA,-1,0.7,2026-07-31,WERN,25,15,0,5,0,10,5,60,55,5,TRUE,TRUE,CANSLIM Growth,CANSLIM Growth,57.8,Strong
3608,AFL,AFLAC Inc.,NA,4.5,4.8,5,130.22,1.5,0,0,3,2447.1,12496303,05/20/2026,0,A+,No,No,No,No,No,3.6,21.9,1.9,1.05,26.69,1.88,2.4,51,56.16,18,26.4,1.86,1.78,NA,-7.9,-4.7,-5,-1,No,Yes,6.7,7.1,4.7,3.7,48,7,10,6,9,No,No,15.6,127.48,Insurance,NA,2.3,94,Yes,2.15,25.1,Yes,129,17,3.8,2.8,0,130.22,81,34,9,7.59,Yes,4,0.09,-2.1,73,78,92,0.54,290922,64824.3,1.72,508984.9,12.5,-24.9,8.7,12.1,NA,14.9,NA,69,32,A+,-2.4,-6,8,6.8,1.6,3.5,19,17164,16,0,4,NA,-4.7,2489,Yes,0.12,-1,2042,NA,No,2030,NA,No,No,No,3.58,0,Yes,5,1.1,1,-9,New York Stock Exchange,No,77,Yes,2.17,-,98,453494.4,15,-3,3,0,Yes,No,11.5,0.4,INSURANCE,1.5,NA,No,34,66988.3,Yes,No,No,28.3,-23.2,NA,13.1,23.4,2026-07-31,AFL,0,0,7,0,0,10,7,24,83,35,FALSE,FALSE,Other,Momentum Leader,65,Strong
3866,ASB,Associated Banc-Corp.,NA,3.8,3.4,2.9,31.44,0.2,0.4,1,10,531.1,5766849,09/01/2026,0.24,A,No,No,No,No,No,-0.07,14,3.1,0.09,8.28,1.16,1.76,24,41.96,10,23.5,2.12,2.08,NA,15.5,15.9,7,10,No,Yes,21.9,19.9,22.9,23.7,86,6,7,23,7,No,No,19.9,30.88,Banks-Regional,NA,3.7,53,Yes,0.64,94.9,Yes,269,11,-15.4,4.1,0,31.82,56,30,6,2.92,Yes,9,0.39,-2.97,73,68,92,1.04,63071,5805,2.12,188718,12.9,-42.5,0.4,9.7,NA,13.3,NA,62,20,A,-8.7,4,14,4.1,-0.5,-0.1,82,1487.5,-4,23,29,NA,16.9,2122,Yes,0.12,2,1227,NA,No,603,NA,No,No,No,3.62,0,Yes,0,1.4,18,16,New York Stock Exchange,No,77,Yes,1.07,-,99,161024.8,42,32,8.8,15.5,Yes,No,10.7,4,BANKS,0.2,NA,No,63,9439.6,No,No,No,24.8,-11.5,NA,9.9,17.6,2026-07-31,ASB,5,8,7,0,0,10,7,37,79.66666666666667,10,FALSE,TRUE,Other,Momentum Leader,65.9,Leading
3595,AER,AerCap Holdings N.V.,NA,1.2,1,1,156.33,-0.3,0,0,0,174,1274988,08/12/2026,0.4,C,No,No,No,No,No,-25.13,-201.8,0.9,0.68,4.93,0.18,0.18,13,29.09,9,55.2,2.73,2.89,NA,9.2,12.4,12,6,No,Yes,43.3,49.1,63.4,49.5,3,42,21,54,20,Yes,No,5,150.9,Comml Svcs-Leasing,NA,0,95,No,4.29,232.3,Yes,18,8,2.9,0.9,0,156.33,45,19,-1,19.45,Yes,42,-1.29,-3.47,73,71,91,1.09,171887,24105.3,2.94,157685.1,8.7,-2.9,3.5,6.1,NA,5,NA,97,48,D-,24.2,22,-3,6,2,2.5,83,8516.7,12,15,28,NA,11.4,1195,Yes,-1.97,-17,1183,NA,No,1522,NA,No,No,No,2.66,0,No,82,1.6,46,5,New York Stock Exchange,No,60,Yes,1.29,Yes,97,149873.8,19,106,64,10.4,Yes,Yes,6.5,2.6,FINANCE,-0.3,NA,No,47,66239.8,No,No,No,40.7,20.9,NA,21.1,34.9,2026-07-31,AER,25,12,0,0,0,10,5,52,80.33333333333333,30,TRUE,FALSE,Other,Momentum Leader,52.3,Improving
5360,WES,Western Midstream Partners L.P.,NA,5.9,5.4,6.3,48.63,-1.9,0,0,1,777.7,7511598,07/31/2026,0,A-,No,No,No,No,Yes,29.19,18,7.8,1.09,8.01,0.85,1.52,45,58.8,13,31.9,2.23,2.02,NA,9.8,11.4,7,9,Yes,Yes,-10.2,-6.5,-7.5,-15.2,14,10,6,-10,-6,No,No,17.9,46.57,Oil&Gas - Pipeline,NA,4.5,61,No,0.91,243.5,Yes,22,15,17.5,2.9,0,48.63,37,33,7,3.06,Yes,13,-0.04,-4.24,73,70,77,0.66,43665,19634,2,413172.4,14.3,16.9,6.4,7.1,NA,12.3,NA,52,59,D,14.6,18,7,6,1.4,4,80,3843.4,55,23,-26,NA,16.8,964,Yes,-0.02,4,1073,NA,No,102,NA,No,No,No,4.75,0,No,8,0.9,-45,7,New York Stock Exchange,No,65,Yes,5.45,-,97,250795.8,18,-10,-18.6,13.8,Yes,Yes,11.6,0,ENERGY,-1.9,NA,No,40,27414.9,No,No,No,14.3,16,NA,31.8,30.5,2026-07-31,WES,5,0,0,0,0,10,7,22,75.33333333333333,25,FALSE,TRUE,Other,Momentum Leader,47.5,Improving
5232,VG,Venture Global Inc.,NA,2,2.5,2.6,15.45,-6.5,0,0,0,2294.2,41503543,06/15/2026,0,C,No,No,No,No,No,-395.83,-11.6,0.5,0.87,5.01,0,0,44,53.98,9,24.4,5.85,5.62,NA,158.9,172.5,0,0,No,Yes,1002.6,1948,1482.6,1184.7,8,-,-,69,43,No,No,96.2,13.38,Oil&Gas-Integrated,NA,0,16,No,0.7,517.1,No,22,15,2.4,8.3,0,17.62,25,42,30,0.9,No,0,1.06,-24.06,73,70,75,0.93,187423,32892.9,6.23,515753.6,24,-29.2,20.2,0.8,NA,36.5,NA,51,42,B,51.6,77,-53,5.3,-3.5,3.2,39,13769,-48,59,51,NA,125.3,14761,Yes,0.14,247,10457,NA,No,291,NA,No,No,No,0.45,0,No,27,0.9,24,177,New York Stock Exchange,No,70,Yes,4.59,Yes,95,502672,5793,87,25.5,170,Yes,No,13.8,9,ENERGY,-6.5,NA,No,30,65091.9,No,No,No,-12.7,-1.7,NA,41.9,13,2026-07-31,VG,25,15,0,0,0,10,10,60,74.66666666666667,20,FALSE,FALSE,CANSLIM Growth,CANSLIM Growth,47.5,Improving
4319,MDB,MongoDB Inc.,NA,1.8,1.8,1.3,338.64,13.2,0,0,0,436,2836336,NA,0,D+,No,No,Yes,No,Yes,0.02,30.6,0,4.74,54.28,0,0,91,0,53,-2.3,6.49,5.68,NA,23.2,23.6,31,22,No,Yes,43.7,24.9,29.4,42.7,18,-,43,27,-2,Yes,No,-19.6,337.48,Computer Sftwr-Database,NA,0,142,No,18.68,1.5,No,20,64,-27.1,3.7,0,444.72,78,142,-20,5.29,Yes,0,3.56,-24.11,73,74,74,2.05,679623,26211.2,5.65,80431.9,-2.2,-44.6,0.5,34.5,NA,-9.1,NA,93,137,B,10.8,23,20,-2.8,4.6,-1.7,20,2463.8,10,25,36,NA,26,2063,No,11.6,61,1079,NA,No,2056,NA,No,No,No,10.43,0,No,32,1.4,29,23,NASDAQ,No,67,No,9.26,-,101,77236.3,14,43,30.5,23.6,Yes,No,0.5,3.1,SOFTWARE,13.2,NA,Yes,62,23502.3,No,No,No,41.9,-47.2,NA,-2.5,0.6,2026-07-31,MDB,20,8,0,0,0,10,0,38,83.66666666666667,40,TRUE,TRUE,Other,Momentum Leader,62.1,Strong
4073,KYIV,Kyivstar Group Ltd.,NA,3.7,2.6,2.9,14.37,1.2,2.6,1,0,882.9,2082723,NA,0,D,No,No,No,No,Yes,1.85,0,0,1.16,5.25,0,0,27,136.58,20,17.1,3.77,3.97,NA,0,0,0,0,No,No,7407.6,1953.1,8671.1,7944.8,20,-,-,945,19,No,No,4.5,13.56,Telecom Svcs- Foreign,NA,0,90,No,0.58,22.2,No,38,11,13.1,5.7,0,16.55,51,106,10,1.21,No,0,-3.28,-18.07,73,47,61,0.71,8838,3236.7,3.91,230863.6,8.6,140.5,-16.1,14,NA,19.5,NA,84,116,D,-5.7,149,11,-2.3,1.6,-4.7,57,1157,658,0,756,NA,0,612,No,-0.46,151,1445,NA,No,47,NA,No,No,No,2.45,0,No,616,1,4798,0,NASDAQ,No,59,No,2.33,-,96,36684.7,445,28825,2707.4,0,Yes,No,9.7,17.5,TELECOM,1.2,NA,No,39,3089.9,Yes,Yes,No,29.9,-4.7,NA,19.2,26.3,2026-07-31,KYIV,25,15,0,10,0,10,5,65,60.333333333333336,45,FALSE,FALSE,CANSLIM Growth,CANSLIM Growth,41.8,Weak
5528,ZIP,ZipRecruiter Inc. Cl A,NA,5.1,4.8,5.2,4.59,1,3.1,2,0,5678.3,4081299,NA,0,A+,No,No,No,No,Yes,1.49,19.3,0,7.22,32.31,0,0,44,0,0,-6.8,8.24,7.29,NA,-4.6,-3.2,-9,-20,No,No,-143.7,-62.8,-110.6,-108.3,47,-45,-109,-19,0,No,No,1,3.94,Internet-Content,NA,0,18,No,0.27,0,No,65,0,8.3,6.8,0,5.61,28,133,59,-0.29,No,0,-1,-29.77,73,75,53,1.58,2469,324.5,6.26,68493.1,16.8,-9.9,5.1,34.9,NA,60.2,NA,51,94,A,63.5,76,54,9.4,-1.3,0,44,449,-128,-2,-184,NA,-0.9,673,Yes,-0.04,40,618,NA,No,156,NA,No,No,No,0.6,0,No,57,1.1,91,-5,New York Stock Exchange,No,91,No,-3.83,Yes,86,60125.4,-336,-254,73.9,-1.2,Yes,Yes,32.5,-3.1,INTERNET,1,NA,No,40,487.7,No,No,No,-6.2,14.9,NA,0,-4.4,2026-07-31,ZIP,20,0,0,0,0,10,7,37,79,25,TRUE,FALSE,Other,Momentum Leader,51,Improving
5433,WTI,W&T Offshore Inc.,NA,2.5,3,3.6,3.98,-1.9,0,0,0,771.1,19432059,05/21/2026,0,C-,No,No,No,No,Yes,22.44,23.4,1.1,0.99,6.81,0,0,28,0,0,-19.8,7.16,6.45,NA,-0.1,1.9,-2,-12,No,No,-37.2,65.5,34.1,-4.7,38,-46,-102,63,0,No,No,120.2,3.59,Oil&Gas-Explorers/Producers,NA,0,34,No,0.22,0,Yes,72,0,21.9,20,0,5.08,24,44,47,-0.27,No,0,3.76,-29.33,73,37,46,0.86,17853,514.8,6.82,148777.7,24,-31.9,14,-14.7,NA,65.4,NA,37,44,D-,110.6,90,-300,-5.3,-1.7,1.1,28,501.5,-207,16,20,NA,8.3,4722,No,0.13,144,3214,NA,No,161,NA,No,No,No,1.02,0,No,104,1,22,-5,New York Stock Exchange,No,71,Yes,-2.41,Yes,101,97282.8,71,-60,63,7.2,Yes,Yes,12.5,3.2,ENERGY,-1.9,NA,No,48,748.2,No,No,No,102.8,-11.3,NA,0,-15,2026-07-31,WTI,30,15,0,0,0,10,10,65,52,15,TRUE,FALSE,CANSLIM Growth,CANSLIM Growth,47.5,Improving
3686,ALIZY,Allianz SE ADR,NA,0,0,0,49.95,2.7,0,0,3,2447.1,0,05/11/2026,0,B,No,No,No,No,-,1.54,0,2.9,0,5.08,0.75,0.89,37,61.57,14,10.8,1.37,1.19,NA,10.4,11,5,10,No,Yes,24.4,37.1,34.9,29.1,-,15,16,33,9,Yes,No,8.2,49.76,Insurance,NA,2.3,94,Yes,0.57,0,No,129,13,0,0,0,49.95,81,34,6,3.74,Yes,30,-0.18,-0.38,72,81,95,0.65,12054,187974.6,1.22,3804189,13.1,-35.7,5.6,9.3,NA,12.9,NA,94,32,A,22.6,5,7,7.9,2.9,3.6,37,220514,8,9,28,NA,11.1,260,Yes,-0.09,-5,151,NA,No,17,NA,Yes,No,No,0.87,0,Yes,58,1.4,29,11,US OTC,No,82,Yes,2.86,-,100,3802423,25,28,43.3,10.8,Yes,Yes,11.6,-5.6,INSURANCE,2.7,NA,No,0,188134.4,No,No,No,25.9,-43.3,NA,19.1,7.5,2026-07-31,ALIZY,20,12,7,0,0,0,7,46,84.66666666666667,45,TRUE,FALSE,Value + Quality,Momentum Leader,65,Strong
3705,ALRM,Alarm.Com Holdings Inc.,NA,5.1,4.9,4.6,56.17,5.7,4.3,2,0,131.2,2566578,NA,0,A-,No,No,No,No,Yes,0.87,15.1,0,5.16,21.04,2.81,2.81,60,86.91,19,16.5,3.25,3.41,NA,8.3,8.6,8,7,Yes,Yes,13.6,25.4,19.9,17.6,38,7,11,21,17,Yes,No,7.3,54.75,Security/Sfty,NA,0,130,Yes,1.68,65,Yes,46,20,-6.2,5.5,0,59.53,118,50,4,2.78,Yes,5,0.98,-8.03,72,94,94,1.04,25089,2681.8,3.27,49460.6,12.6,-28.9,17.2,23.3,NA,12.2,NA,89,31,A+,15.8,6,7,13.6,2.5,4.9,58,1011.2,10,11,15,NA,9.5,533,Yes,0.53,8,363,NA,No,502,NA,No,No,No,2.61,0,No,30,1.7,24,8,NASDAQ,No,85,No,3.14,Yes,97,46540.9,23,3,26.9,8.6,Yes,Yes,14.7,1,BUSINS SVC,5.7,NA,No,56,2784.7,No,No,No,0.2,-27.1,NA,16.8,8.9,2026-07-31,ALRM,20,12,0,0,0,10,7,49,96.66666666666667,40,TRUE,FALSE,Other,Momentum Leader,58.5,Strong
5492,XYZ,Block Inc.,NA,3.6,2.8,2.6,84.02,5.3,2.4,1,0,1811.6,15930938,NA,0,B+,No,No,No,No,Yes,0.52,11.1,0,1.99,19.61,1.53,1.53,76,245.08,19,7,3.97,3.72,NA,1.2,2.3,12,8,Yes,Yes,-0.8,1.6,-7.2,-12.6,28,20,28,-16,6,Yes,No,24.8,81.24,Finance-CrdtCard/PmtPr,NA,0,127,Yes,2.89,28.6,Yes,41,31,-7.3,3.1,0,84.08,113,62,26,2.66,Yes,30,-1.63,-3.38,72,82,91,2.26,423415,49156.2,3.61,535195,22.2,-2.6,6.9,15.2,NA,34.4,NA,83,36,A+,25.9,65,30,10.2,3.4,4.5,21,24193.7,87,5,-30,NA,4.3,5658,Yes,-1.35,40,4698,NA,No,2094,NA,No,No,No,1.78,0,No,52,1.5,-8,0,New York Stock Exchange,No,85,No,2.23,Yes,97,521711.8,-39,-33,21.7,3.6,Yes,Yes,22.5,1.9,FINANCE,5.3,NA,No,52,49725.1,No,No,No,5.2,-16.4,NA,6,-5.1,2026-07-31,XYZ,20,0,0,0,0,10,10,40,91.66666666666667,30,TRUE,FALSE,Other,Momentum Leader,52.3,Improving
4454,MPWR,Monolithic Power Systems Inc.,NA,3.5,2.6,2.7,1568.21,6.9,0,0,0,8214,2456955,06/30/2026,0,E,No,No,No,No,Yes,0.01,83.4,0.6,4.98,82.19,2.99,3.07,92,343.73,45,27.5,6.44,6.49,NA,28.9,28.3,22,23,Yes,Yes,31.8,32.6,28.6,29.4,24,22,22,27,12,Yes,No,57.3,1426.03,Elec-Semicondctor Fablss,NA,0,83,Yes,88.84,0,Yes,45,68,4.6,5.2,0,1714.09,29,36,5,21.12,Yes,12,8.35,-16.81,72,47,89,2.18,1378505,64663.9,6.19,49130,9.1,64.7,3.2,-11.7,NA,26.9,NA,94,43,E,10.7,53,28,-9.2,-1.3,-1.3,48,2790.5,20,48,26,NA,36.8,984,No,109.85,61,1546,NA,No,2967,NA,No,No,No,21.4,0,No,54,0.8,26,26,NASDAQ,No,76,Yes,17.99,-,104,47386.3,17,17,40.3,31.5,Yes,Yes,2.3,3.4,CHIPS,6.9,NA,No,66,60119.1,No,No,No,100.5,16.3,NA,18.6,26.2,2026-07-31,MPWR,27,12,0,7,0,10,5,61,69.33333333333333,55,TRUE,TRUE,CANSLIM Growth,CANSLIM Growth,32.9,Weak
5519,ZBRA,Zebra Technologies Corp. Cl A,NA,4.6,3.4,3.1,295.76,13,0,0,0,18.9,3139345,NA,0,A,No,No,No,No,No,6.04,15.3,0,0.96,16.41,0,0,54,135.89,16,10.3,4.23,4.08,NA,9.5,9.1,-1,2,Yes,No,37.8,12.5,12.8,18.5,2,-5,7,12,12,No,No,21,293.82,Business Equip & Supplies,NA,0,28,Yes,10.57,73.3,Yes,10,18,-9.4,6.7,0,350.63,86,41,15,16.57,No,24,1.82,-16.2,72,97,87,1.55,233397,13745.6,4.02,47633.4,17.2,9.1,11.6,29.9,NA,25,NA,59,3,A+,11.9,17,11,14.2,8,8.3,22,5396,38,14,17,NA,12.4,932,Yes,5.25,21,977,NA,No,1368,NA,No,No,No,2.51,0,No,18,1,8,9,NASDAQ,No,96,No,4.1,Yes,100,47132.9,11,14,13.2,10,Yes,Yes,20.4,-17.9,BUSINS SVC,13,NA,No,60,16051.3,No,No,No,-13.3,-12,NA,11.7,9,2026-07-31,ZBRA,15,0,0,0,0,10,7,32,95.33333333333333,10,FALSE,FALSE,Other,Momentum Leader,58.5,Strong
5172,URI,United Rentals Inc.,NA,2.6,2.7,2.8,1177.67,-5.5,0,0,0,174,1402901,08/12/2026,1.97,B-,No,No,No,No,No,-21.32,136.4,0.7,0.76,13.43,1.28,1.32,68,100.12,21,20.7,3.28,3.44,NA,6.4,6.9,14,7,Yes,Yes,3.5,9.1,6.6,4.8,4,18,4,5,24,Yes,No,33.4,1079.26,Comml Svcs-Leasing,NA,0,95,No,37.02,150.1,Yes,18,24,6.1,2.3,0,1177.67,45,19,29,45.26,Yes,13,0.99,-8.36,72,69,85,1.37,535618,66514.2,3.68,62242.5,18.4,-24.5,-4.7,12.4,NA,38,NA,79,48,D,10.6,17,15,1.2,-0.4,-1.1,25,16099,6,12,-3,NA,9.5,509,No,10.63,18,381,NA,No,2713,NA,No,No,No,3.99,0,No,22,1.5,10,5,New York Stock Exchange,No,83,Yes,7.29,-,95,61954.2,-4,-1,15.7,7.3,Yes,Yes,16.6,3.5,FINANCE,-5.5,NA,No,54,80883.7,No,No,No,22.2,4.6,NA,28.4,17.1,2026-07-31,URI,15,0,0,0,0,10,7,32,77.33333333333333,30,FALSE,FALSE,Other,Momentum Leader,52.3,Improving
4125,LEVI,Levi Strauss & Co. Cl A,NA,2.5,2.9,2.6,25.7,-0.1,0,0,1,894.6,7473926,07/22/2026,0,B+,No,No,No,No,No,1.88,18,2.4,1.6,17.96,5.03,16.91,52,78.62,15,10.1,3.57,3.8,NA,4,5,3,2,No,No,17.7,6.6,5.7,12.1,11,1,13,0,14,Yes,No,18.2,24.52,Apparel - Clothing & Shoes,NA,2,117,Yes,0.92,89.2,No,51,17,-12.2,7.6,0,25.7,137,132,13,1.45,No,18,-0.12,-4.59,72,67,82,1.29,63901,9448.1,4.07,100456.3,13,-40.4,-1.2,10.1,NA,23.3,NA,80,122,B+,14.8,15,11,3.6,-0.6,0.2,52,6282,14,8,7,NA,11.1,2757,Yes,-0.03,6,1556,NA,No,377,NA,No,No,No,0.37,0,No,27,0.8,11,-1,New York Stock Exchange,No,77,Yes,4.15,-,95,97876.8,-18,3,18.9,6,Yes,Yes,12.1,5,CONSUMER,-0.1,NA,No,60,10951,No,No,No,24.5,-13.4,NA,23.6,6.1,2026-07-31,LEVI,15,0,0,0,0,10,7,32,75.66666666666667,35,TRUE,FALSE,Other,Momentum Leader,48.4,Improving
5475,XOM,ExxonMobil Holdings Corp.,NA,2.7,2.2,2.5,159.07,-1,0,0,0,2294.2,42688964,05/15/2026,0,B-,No,No,No,No,Yes,3.71,40.4,2.6,1.04,12.88,2.29,3.04,69,100.31,13,12.7,2.47,2.25,NA,4.8,9.1,4,-2,Yes,Yes,7.2,27.6,20.2,11.5,11,8,-15,11,6,No,No,29.2,155.44,Oil&Gas-Integrated,NA,0,16,No,3.25,13,Yes,22,24,14.4,1,0,176.41,25,42,5,8.27,No,60,-0.97,-11.89,72,69,79,0.42,2380299,650555.2,2.4,4144455.6,13.2,1.4,13.7,0.7,NA,9.9,NA,67,42,B-,-1,61,-5,7.1,2.8,7.5,11,332238,-18,41,-10,NA,21.5,16478,Yes,-1.53,78,15713,NA,No,4079,NA,No,No,No,1.93,0,No,115,1,-34,-5,New York Stock Exchange,No,59,No,2.53,-,98,4134791,2,-2,40.3,13.9,Yes,Yes,7.3,-1.2,ENERGY,-1,NA,No,37,689450.1,No,No,No,39.2,-12.1,NA,11,12.7,2026-07-31,XOM,32,12,0,0,0,10,7,61,75.33333333333333,40,TRUE,TRUE,CANSLIM Growth,CANSLIM Growth,47.5,Improving
3985,AZZ,AZZ Inc.,NA,3.7,3,3.5,154,-3.5,3.5,2,2,892.1,1005440,07/09/2026,0,E,No,No,No,No,Yes,3.17,27.4,0.6,1.92,8.32,1.39,1.44,67,86.46,20,25.5,3.77,3.81,NA,5.1,5.8,15,3,No,Yes,15.1,16.7,15.8,17,26,16,21,14,23,No,No,35,144.72,Electrical-Power/Equipmt,NA,3.5,25,Yes,5.72,38.8,No,57,23,14,3.4,0,162.2,19,78,9,6.26,Yes,8,-0.17,-10.78,72,41,79,1.06,46761,4356.3,3.75,30051.5,14.3,-9.4,-6.7,1.2,NA,16.4,NA,87,71,E,9.2,14,10,-0.9,-2.5,-2.3,59,1650.1,0,6,19,NA,7.9,318,Yes,-0.24,19,285,NA,No,563,NA,No,No,No,2.59,0,No,4,1.2,37,5,New York Stock Exchange,No,61,Yes,3.16,-,96,29524,9,13,20.3,7.1,Yes,No,7.4,-1.1,MACHINE,-3.5,NA,No,67,4782.2,No,No,No,32.2,1.1,NA,26.6,11.6,2026-07-31,AZZ,0,8,0,0,0,10,7,25,64,50,FALSE,FALSE,Other,Value + Quality,47.4,Improving
4736,NTNX,Nutanix Inc. Cl A,NA,5.3,5.5,6.2,60.47,7.2,0.9,1,4,4899,26187342,NA,0,A,No,No,No,No,Yes,1.5,14.6,0,1.68,21.13,0,0,79,237.39,28,8.3,4.53,4.14,NA,15,13.3,16,16,No,Yes,19.7,3.2,11.6,19.3,52,-,-,6,0,Yes,No,14.2,59.01,Comp Sftwr - Enterprise,NA,3.5,134,No,2.17,0,No,114,33,11.9,9.9,0,82.42,109,117,43,1.81,Yes,0,-0.42,-28.4,72,97,64,1.25,207250,16019.2,4.16,270320.5,20.1,-32.8,15.8,44.3,NA,50,NA,25,39,A+,32.1,8,14,15,6.4,8.6,25,2537.9,118,10,36,NA,10.2,4058,Yes,-0.25,32,2636,NA,No,884,NA,No,No,No,5.8,0,No,12,1.4,0,18,NASDAQ,No,96,No,-21.67,-,98,263685,-2,37,6,11.3,Yes,No,30.1,-4,SOFTWARE,7.2,NA,No,52,15599.1,No,No,No,-21.5,-43.7,NA,0,10.3,2026-07-31,NTNX,10,0,0,0,0,10,10,30,92.66666666666667,20,FALSE,FALSE,Other,Momentum Leader,62.1,Strong
4721,NSP,Insperity Inc.,NA,5.4,5.5,5.1,55.9,4.7,0,0,0,293.8,3825435,06/04/2026,0,A,No,No,No,No,No,2.98,7.2,5,1.11,-6.92,0,0,91,294.61,21,-0.1,6.29,6.38,NA,2.8,2.7,8,3,No,No,-256.3,-428.6,-359.3,-301.4,3,-26,-53,-67,18,Yes,No,30.7,50.61,Comml Svcs-Outsourcing,NA,0,125,No,2.8,783.6,No,22,60,-6.6,10.8,0,57.41,115,27,26,0.85,No,56,-6.33,-11.84,72,95,63,0.81,29463,2062.3,5.85,38169.2,50.7,28.7,22.5,42.3,NA,18.4,NA,28,25,A+,7,105,28,33.3,7.4,13.4,6,6812,-35,2,-71,NA,1.7,755,Yes,-3.42,207,917,NA,No,356,NA,No,No,No,0.28,0,No,31,1.6,-17,4,New York Stock Exchange,No,92,No,30.72,-,91,35550.7,-1300,-151,7.1,2.3,No,Yes,55.2,-1.1,BUSINS SVC,4.7,NA,No,63,1741.8,No,No,No,-15.1,31.3,NA,-9.8,0.2,2026-07-31,NSP,15,0,0,5,0,10,10,40,91.66666666666667,5,TRUE,FALSE,Other,Momentum Leader,58.5,Strong
5201,V,Visa Inc. Cl A,NA,2.9,2.5,2.8,373.97,2.9,2.4,1,0,1811.6,23581970,08/11/2026,0.67,A,Yes,No,No,No,No,10.02,31.4,0.8,0.99,31.22,1.61,1.69,75,121.42,25,60.5,2.27,2.37,NA,14.4,14.4,13,12,No,Yes,14.9,15.5,14.1,15.9,8,17,15,15,42,No,No,4.4,366.13,Finance-CrdtCard/PmtPr,NA,0,127,No,8.28,60.2,No,41,29,11.9,1.4,0,373.97,113,62,4,12.78,Yes,3,-0.04,-2.1,71,84,98,0.81,2916786,717926.4,2.44,1704112.7,11,-21.5,6.7,11,NA,13.8,NA,87,36,A+,2.7,15,14,8,1.8,2.9,26,40000,15,14,14,NA,15.7,8626,Yes,-0.14,15,7827,NA,No,6849,NA,No,No,No,14.02,0,No,11,1.1,20,11,New York Stock Exchange,No,79,No,19.73,Yes,98,1700260.4,15,10,15.7,15.3,Yes,No,11.8,-1.7,FINANCE,2.9,NA,No,47,642561.4,No,No,No,6,9.7,NA,51.5,48,2026-07-31,V,15,8,0,0,0,10,7,40,86.33333333333333,35,FALSE,FALSE,Other,Momentum Leader,52.3,Improving
4306,MCHB,Mechanics Bancorp,NA,8,6.9,7.1,16.88,7.1,0.4,1,10,531.1,3397993,05/22/2026,0,B-,No,No,No,No,No,-0.01,15.2,17.9,0.04,18.97,0,0,36,51.81,15,36.1,2.67,2.65,NA,360,446.5,6,57,No,No,125.9,173.7,171.3,143.1,26,-,-,-,2,Yes,No,14.8,16.79,Banks-Regional,NA,3.7,53,No,0.42,10.7,No,269,13,1.9,12.1,0,16.88,56,30,3,1.29,No,0,1.14,-0.53,71,82,93,1,9363,5506.7,2.75,220286.6,12.5,5.2,5.6,13.7,NA,12,NA,69,20,A-,13.8,-16,18,7.7,3.3,3.3,36,808.6,-424,310,116,NA,325.7,602,No,0.19,8,625,NA,No,193,NA,No,No,No,3.96,0,Yes,224,1.6,189,146,NASDAQ,No,83,Yes,1.44,-,99,28108,108,164,206.4,414.1,Yes,No,10.4,-3.5,BANKS,7.1,NA,No,51,4719.1,No,No,No,28.4,41.5,NA,16.3,22.1,2026-07-31,MCHB,35,15,7,0,0,10,7,74,84,40,TRUE,FALSE,CANSLIM Growth,CANSLIM Growth,65.9,Leading
3913,ATLKY,Atlas Copco AB Series A ADR,NA,0,0,0,21.35,1.4,1.5,1,1,708.7,0,10/21/2025,0,B+,No,No,No,No,No,0.9,35.4,1,1.27,29.42,3.62,4.02,82,44.99,30,20,2.81,2.72,NA,6.7,8.2,9,5,No,Yes,2.5,4.2,4.5,2.3,15,9,4,4,18,No,No,18.6,21.25,Machinery-Gen Industrial,NA,1.5,65,No,0.55,25.2,Yes,66,36,0,0,0,22.05,110,72,-6,0.59,Yes,4,0.14,-3.63,71,82,90,1.27,10708,97875.5,2.65,3357576.4,11.5,20.7,4.2,9.3,NA,2.9,NA,65,73,A+,-1.5,4,19,7.5,3.6,5.4,22,19047.1,1,9,11,NA,3.9,545,Yes,0.03,15,647,NA,No,11,NA,Yes,No,No,3.9,0,No,8,0.8,-2,3,US OTC,No,70,Yes,9.44,Yes,100,0,6,5,3.4,7.9,No,Yes,8,0,MACHINE,1.4,NA,No,0,72458.1,No,No,No,39,41,NA,24.2,15.7,2026-07-31,ATLKY,0,0,0,0,0,0,7,7,83,40,FALSE,FALSE,Other,Momentum Leader,47.4,Improving
4240,LWAY,Lifeway Foods Inc.,NA,3.5,3,1.7,31.95,-2.2,5.3,1,0,111.4,336867,NA,0,B,No,No,No,No,Yes,0.08,-14.6,0,2.14,42.52,0,0,77,121.67,28,9.3,4.36,4.69,NA,18.3,22.1,16,15,No,Yes,283.9,583.8,440.9,361.4,9,-,37,51,18,No,No,22.9,29.78,Food - Foodstuffs,NA,0,96,No,1.4,8.2,Yes,19,31,-42,3.5,0,34.2,73,70,35,0.97,Yes,0,-3.84,-12.92,71,67,89,0.76,4957,473.3,4.26,15281.9,27,-66.7,-0.2,11,NA,35.2,NA,96,92,C+,0,25,33,12.2,0,0.5,14,212.5,-20,37,48,NA,27.3,176,No,-1.19,-5,57,NA,No,151,NA,No,No,No,1.98,0,No,30,1.1,1700,14,NASDAQ,No,85,Yes,5.04,-,94,9891.7,21,12,865.2,26.2,Yes,No,26.9,4.9,FOOD/BEV,-2.2,NA,No,35,474.7,No,No,No,18.1,-70.7,NA,17.6,7.4,2026-07-31,LWAY,22,15,0,0,0,10,10,57,80.66666666666667,55,FALSE,TRUE,CANSLIM Growth,CANSLIM Growth,59.2,Strong
4833,OHI,Omega Healthcare Investors Inc.,NA,5.9,5.8,5.9,52.39,-2.1,5.7,11,1,1674.3,13256442,08/03/2026,0.68,A-,No,No,No,No,-,12.69,21.5,5.3,0,17.32,0,0,47,69.34,15,52.1,2.15,2,NA,13.6,14,4,13,No,No,8.5,8.4,8,8.1,-,-1,5,8,2,No,No,14.2,50.63,REITs,NA,0.5,98,Yes,0.97,74.8,No,194,16,1.5,4.5,0,52.39,44,23,9,3.24,Yes,6,0.46,-3.36,71,71,87,0.37,105681,15009.2,1.97,297802,10.5,11.6,6.2,7.8,NA,15.4,NA,61,45,B,3.2,5,3,5.6,-0.8,1.5,30,986.1,3,12,8,NA,14.2,2222,Yes,0.23,2,2429,NA,No,931,NA,No,No,No,14.34,0,No,8,1,9,13,New York Stock Exchange,No,68,Yes,2.81,-,97,296831.5,8,7,8.6,13.9,Yes,Yes,8.6,-1.4,REAL EST,-2.1,NA,No,47,19535.5,No,No,No,30.2,9.1,NA,12.1,109.2,2026-07-31,OHI,5,0,0,0,0,10,7,22,78.33333333333333,20,FALSE,FALSE,Other,Momentum Leader,44.1,Weak
4313,MCRI,Monarch Casino & Resort Inc.,NA,2.1,2.8,3.4,126.24,2.7,3,1,0,197.3,571220,09/01/2026,0.3,D,No,No,No,No,Yes,-26.16,14.8,1,1.21,13.9,1.51,1.64,60,75.99,18,23.7,2.85,3.01,NA,5.5,5.2,9,4,No,Yes,18.2,20.1,18.8,19.3,17,12,13,17,16,No,No,28.3,122.75,Leisure-Gaming/Equip,NA,0,137,Yes,3.79,2.1,No,33,20,20.6,4.8,0,135.93,127,89,29,6.24,Yes,8,0.62,-9.69,71,52,83,0.85,21411,2186.4,2.99,17922.5,16.5,-15.1,-6.7,3.4,NA,34.1,NA,88,89,D,6.1,26,4,-1.9,0.4,-2,45,545.1,18,4,9,NA,6.5,172,No,0.76,10,142,NA,No,408,NA,No,No,No,3.91,0,No,24,1.2,45,4,NASDAQ,No,78,Yes,3.81,-,99,12023.1,-8,15,34.2,5.7,Yes,Yes,13,6.8,LEISURE,2.7,NA,No,62,2121.7,Yes,No,No,19.2,-43.4,NA,19.2,22.8,2026-07-31,MCRI,10,8,0,0,0,10,7,35,68.66666666666667,50,FALSE,FALSE,Other,Value + Quality,52.1,Improving
4177,LMT,Lockheed Martin Corp.,NA,2.4,2.4,2.5,593.77,0,1,1,1,2405.6,3113955,09/01/2026,3.45,C-,No,No,No,No,No,6.6,15.4,2.4,1.19,15.9,0,0,63,82.1,18,7.9,2.71,3.1,NA,5.8,7.2,3,4,No,No,88.5,197.9,148.8,103.1,19,0,-11,48,38,No,No,20.5,582.74,Aerospace/Defense,NA,1,36,No,16.28,234.2,Yes,97,21,4,1.4,0,692,112,91,-14,27.13,Yes,17,1.5,-15.79,71,86,80,0.22,672206,132499.3,3.12,230790.8,5.5,6.2,14.4,12.5,NA,-8.1,NA,79,87,C,10.4,41,7,9,5.6,7.6,84,75048,-20,11,-4,NA,5.4,1290,Yes,8.63,9,1424,NA,No,1916,NA,No,No,No,1.75,0,No,444,0.9,-12,6,New York Stock Exchange,No,56,No,15.29,-,98,230567.4,161,2,216.1,6.7,Yes,Yes,1.1,-2.2,AEROSPACE/DEFENSE,0,NA,No,34,150016.2,No,No,No,38.4,10.4,NA,76.9,9.2,2026-07-31,LMT,30,15,0,0,0,10,5,60,81,35,TRUE,FALSE,CANSLIM Growth,CANSLIM Growth,39.2,Weak
4888,OPY,Oppenheimer Holdings Inc. Cl A,NA,0.9,1,0.9,113.27,-2.8,0,0,0,564.3,89307,05/15/2026,0,E,No,No,No,No,No,0.25,31.5,0.7,1.19,6.32,0,0,34,49.58,0,12.9,4.11,4.22,NA,19.4,21,6,13,No,Yes,91.9,147.5,107.5,107.3,10,0,59,16,13,No,No,47.5,106.64,Finance-Invest Bnk/Bkrs,NA,0,103,Yes,4.66,12.1,Yes,37,13,-9.4,1.5,0,123.24,129,59,39,8.84,Yes,70,-3.67,-13.47,71,42,77,0.84,12283,1174.3,4.23,10608.3,25.6,83.2,1,-6.8,NA,26.9,NA,82,64,E,0,0,0,5.4,0.5,-1.3,67,1638.2,146,22,105,NA,21.4,116,No,-4.06,0,212,NA,No,164,NA,No,No,No,0.66,0,No,25,1.4,-171,15,New York Stock Exchange,No,72,Yes,1.2,-,95,6095,589,-13,-73.2,23.4,No,No,17,5.8,FINANCE,-2.8,NA,No,49,2384.5,Yes,Yes,No,40.7,55.3,NA,16.2,6,2026-07-31,OPY,15,15,0,7,0,10,10,57,65.33333333333334,50,FALSE,FALSE,CANSLIM Growth,CANSLIM Growth,52.3,Improving
3678,ALGM,Allegro MicroSystems Inc.,NA,5.9,5.3,4,51.88,-9.8,0,0,0,8214,12560242,NA,0,D,No,No,No,No,Yes,0.83,45.7,0,3.7,47.09,0,0,91,2165.54,37,-1.7,8.54,9.01,NA,23.7,24.2,2,-8,No,No,106.6,151.1,128.9,143.1,21,-13,-38,129,-2,No,No,57.3,41.5,Elec-Semicondctor Fablss,NA,0,83,No,4.88,29.6,Yes,45,61,-24.1,10,0,71.77,29,36,2,0.68,No,64,0.12,-42.18,71,20,74,1.87,159005,7722.5,8.88,186309.1,9.4,27.8,-40.4,-14.4,NA,12.4,NA,85,43,D,9.5,91,46,-19.2,-11.6,-19.6,60,890.1,-82,27,125,NA,26.8,3007,No,0.05,88,3764,NA,No,593,NA,No,No,No,8.17,0,No,156,1,183,23,NASDAQ,No,52,Yes,8.05,-,87,124992.5,114,63,169.4,27.5,Yes,Yes,0.2,3.3,CHIPS,-9.8,NA,No,90,7853.1,No,No,No,32.1,7.9,NA,-1.6,6.1,2026-07-31,ALGM,32,15,0,5,0,10,5,67,55,35,TRUE,FALSE,CANSLIM Growth,CANSLIM Growth,32.9,Weak
3881,ASND,Ascendis Pharma A/S,NA,2.9,4,4.2,263.26,-3.9,0,0,2,1308.2,3104151,NA,0,E,No,No,No,No,No,16.87,299.2,0,1,243.03,1.41,1.41,74,107.29,33,-31.8,3.75,3.62,NA,177,218.3,210,105,No,Yes,152.3,257.3,206.8,170.8,3,20,53,209,0,No,No,14.4,243.91,Medical - Profitable Biotech,NA,3.8,40,No,9.16,79.1,Yes,52,28,5.7,5,0,282.15,102,79,5,8.67,Yes,0,-2.85,-13.55,71,52,59,0.74,168625,15661,3.03,62376.8,11.2,-22.2,-8.6,6.3,NA,7.9,NA,57,84,E,5900.7,461,-26,2.8,-1.4,-4.4,29,850.9,27,151,34,NA,106.7,699,No,-7.16,280,509,NA,No,563,NA,No,No,No,15.04,0,No,733,0.8,2,107,NASDAQ,No,47,Yes,26.95,-,94,61559,37,55,367.5,171.5,Yes,Yes,8,8.1,MEDICAL,-3.9,NA,No,52,15894.7,No,No,No,40.6,-39.6,NA,0,255.2,2026-07-31,ASND,35,15,0,0,0,10,7,67,62.666666666666664,0,TRUE,FALSE,CANSLIM Growth,CANSLIM Growth,50.1,Improving
4278,MASS,908 Devices Inc.,NA,12,10.1,10.7,8.01,12.2,5.4,2,1,595.4,3234821,NA,0,E,No,No,No,No,Yes,0.04,-14,0,3.58,-12.14,0,0,88,0,0,-59.3,5.93,5.87,NA,0,-4.5,14,8,Yes,Yes,23.7,89.3,67.7,57.2,27,-,-,-,-26,No,No,52.6,8.01,Medical - Research,NA,2.7,82,No,0.47,2.8,Yes,37,0,5.5,10.5,0,9.34,140,39,14,-0.47,Yes,0,4.84,-14.24,71,68,56,1.72,2461,313.4,5.98,41027.2,9.3,15.1,-7.9,17.3,NA,26.9,NA,51,41,E,41.8,-159,21,-5.1,5.5,-1.8,88,56.2,-88,13,93,NA,2.9,300,No,0.37,61,335,NA,No,139,NA,No,No,No,5.69,0,No,71,1.4,102,-6,NASDAQ,No,79,Yes,2.23,-,101,30789,95,3,86.4,-3.6,No,No,9,-2.8,MEDICAL,12.2,NA,No,35,205.1,No,No,No,22.3,7,NA,-25.8,-89.3,2026-07-31,MASS,25,15,0,0,0,10,5,55,70,25,FALSE,FALSE,CANSLIM Growth,CANSLIM Growth,50.1,Improving
3739,AMP,Ameriprise Financial Inc.,NA,6.2,5.3,4.8,553.46,3.2,0,0,0,564.3,3277937,08/03/2026,1.7,A,No,No,No,No,Yes,0.27,5.3,1.3,8.48,6.21,0.69,0.75,34,51.29,11,23.8,2.6,2.74,NA,8.9,11.5,8,8,Yes,Yes,16,17.9,19,16.6,26,17,17,18,51,Yes,No,11.3,545.84,Finance-Invest Bnk/Bkrs,NA,0,103,Yes,13.62,99.5,Yes,37,13,-9.9,3.7,0,553.46,129,59,-2,43.08,Yes,4,0.25,-1.38,70,90,96,1.17,324338,48945.4,2.86,89897.1,14.5,-27.2,19,15,NA,3.5,NA,89,64,A+,2.4,18,11,13.3,2.4,5.7,70,18293,21,16,10,NA,14.5,701,Yes,1.38,19,481,NA,No,2516,NA,No,No,No,2.51,0,No,22,1,19,5,New York Stock Exchange,No,84,Yes,7.58,Yes,99,0,14,22,20,12.8,Yes,Yes,14,-0.6,FINANCE,3.2,NA,No,50,44980.4,No,No,No,5.3,-19.7,NA,60.5,22.2,2026-07-31,AMP,15,8,0,0,0,10,7,40,90.33333333333333,45,FALSE,FALSE,Other,Momentum Leader,52.3,Improving
5157,UNTY,Unity Bancorp Inc.,NA,2.1,2.4,2,60.21,1.5,0.4,1,10,531.1,113989,06/04/2026,0,B+,No,No,No,No,Yes,-0.15,18.5,1.1,0.3,13.41,0.88,0.96,24,39.8,10,40.1,3.06,3.07,NA,14.3,12.7,14,4,No,Yes,23.7,22.4,22.8,24.1,207,11,15,23,16,No,No,13.9,58.89,Banks-Regional,NA,3.7,53,Yes,1.76,87.8,No,269,11,-17.9,1.7,0,60.86,56,30,4,5.56,Yes,6,0.38,-3.24,70,74,96,0.6,3624,589.1,3.27,10040.9,10.8,-15.8,0.3,12.6,NA,9.1,NA,88,20,B+,-0.8,16,9,4.1,1.3,2.1,82,131.8,6,0,25,NA,7.4,66,Yes,0.22,12,54,NA,No,238,NA,No,No,No,3.59,0,No,18,1.4,24,15,NASDAQ,No,73,Yes,1.59,-,98,6870.5,25,24,21.2,13,Yes,Yes,8.5,0.4,BANKS,1.5,NA,No,37,841.5,No,No,No,19.9,-21.1,NA,18.1,29.8,2026-07-31,UNTY,10,8,0,0,0,10,7,35,82,30,FALSE,FALSE,Other,Momentum Leader,65.9,Leading
4950,PAM,Pampa Energia S.A. ADR,NA,1.4,1.3,1.4,90.05,2.4,0,0,0,1972.1,297934,NA,0,B,No,No,No,No,Yes,1.42,-8.6,0,2.04,7.02,0.69,0.69,26,41.07,10,21.7,3.61,3.37,NA,13,15.4,7,6,Yes,Yes,9.7,4,-12.3,-18.4,75,16,-5,-16,12,No,No,-0.2,88.32,Utilities,NA,0,71,No,2.82,49,Yes,87,11,6.3,0.5,0,94.5,30,60,-6,8,Yes,39,-0.42,-6.54,70,72,88,0.89,16514,5058.3,3.37,54540.8,6.6,-22.2,7.5,6.6,NA,1.9,NA,84,83,B-,138.2,36,19,5.9,3.7,5.8,90,1998,910,38,-39,NA,27.5,196,Yes,-0.37,253,152,NA,No,66,NA,Yes,No,No,2.23,0,No,39,1.7,58,8,New York Stock Exchange,No,66,Yes,1.27,-,99,54385,-85,-61,48.6,21.5,Yes,Yes,6.2,6.5,UTILITY,2.4,NA,No,4,5463.8,No,No,No,16.1,-8.8,NA,11.5,36.3,2026-07-31,PAM,22,0,0,0,0,0,5,27,78.66666666666667,40,TRUE,TRUE,Other,Momentum Leader,43.4,Weak
4496,MTCH,Match Group Inc.,NA,3.1,3.5,3.4,40.27,4,3.1,2,0,5678.3,12361248,07/07/2026,0,B,No,No,No,No,No,13.02,10.5,2.1,1.57,9.57,0.63,0.68,44,58.12,14,21.4,2.93,3.16,NA,1,2,5,3,No,Yes,15.3,38.9,29.7,23.8,23,22,18,31,0,Yes,No,22.1,39.41,Internet-Content,NA,0,18,No,1.19,0,Yes,65,15,-2,5.3,0,41.03,28,133,20,2.62,Yes,66,0.25,-3.95,70,76,85,1.31,115302,9169.7,3.02,233266.5,16.6,-25.3,3.6,5.3,NA,26.5,NA,92,94,A,11.1,12,17,6.6,1.3,1.6,42,3487.2,-11,4,18,NA,3,3149,No,0.1,33,2272,NA,No,826,NA,No,No,No,2.61,0,No,55,1.3,41,0,NASDAQ,No,86,Yes,-42.26,Yes,98,231321.1,22,2,47.6,2.7,Yes,Yes,15.6,-2.8,INTERNET,4,NA,No,67,12250.4,No,No,No,15,-41.8,NA,0,19.3,2026-07-31,MTCH,20,12,0,0,0,10,7,49,79,35,TRUE,FALSE,Other,Momentum Leader,51,Improving
3562,ADI,Analog Devices Inc.,NA,2.9,2.5,2.1,388,-1.2,0,0,0,3498.2,10464738,06/02/2026,0,E,No,No,No,No,No,2.15,43.9,1.2,1.75,37.92,11.71,18.61,82,212.52,26,24.6,4.39,4.09,NA,28.1,29.5,8,-3,Yes,Yes,35,51.1,45.9,43.2,7,2,-8,46,4,Yes,No,35.5,367.41,Elec-Semiconductor Mfg,NA,0,14,No,16.12,21.4,Yes,33,37,-14.7,2.2,0,445.91,5,46,8,9.87,Yes,22,0.2,-17.6,70,28,80,1.42,2010494,178600.2,3.79,487087,11.2,-27.2,-7.5,-8.7,NA,18.2,NA,83,40,E,7,59,22,-8.2,-2,-3.9,50,11019.7,-37,37,22,NA,33.8,5113,No,0.74,62,3515,NA,No,4086,NA,No,No,Yes,14.05,0,No,67,1,51,17,NASDAQ,No,52,Yes,5.3,-,98,485743.1,35,30,59,31.2,Yes,Yes,2.8,3.8,CHIPS,-1.2,NA,No,52,183896.4,No,No,No,63.6,-10.3,NA,6.6,32.5,2026-07-31,ADI,27,15,0,0,0,10,7,59,59.333333333333336,30,TRUE,TRUE,CANSLIM Growth,CANSLIM Growth,32.9,Weak
4054,KRYAY,Kerry Group PLC ADR,NA,0,0,0,97.97,3.3,0,0,2,831,0,04/10/2026,0,B,No,No,No,No,-,0,0,1.7,0,18.53,0,0,62,102.98,0,11.2,1.39,1.47,NA,5.8,9.7,-4,-7,No,No,3.1,3.2,0.8,2.2,-,0,1,0,7,No,No,4.6,95.8,Food - Packaged,NA,4.2,97,Yes,1.36,0,No,48,21,0,0,0,97.97,83,102,5,4.76,No,9,-1.99,-2.21,70,81,68,0.21,1653,15430.1,1.56,158644.7,12,-67.5,4.3,13.1,NA,7.7,NA,42,97,A+,0,0,0,8.5,3.5,3.4,29,7626.5,-2,3,6,NA,2.9,18,No,-1.94,0,5,NA,No,5,NA,Yes,No,No,1.99,0,No,8,1.4,8,2,US OTC,No,77,No,NA,-,98,0,-6,-6,8.1,7.4,No,Yes,13.6,25,FOOD/BEV,3.3,NA,No,0,17857.1,No,No,No,3.1,83.1,NA,10.8,8.4,2026-07-31,KRYAY,0,0,0,0,0,0,7,7,75,25,FALSE,FALSE,Other,Momentum Leader,59.2,Strong
5070,TTE,TotalEnergies SE,NA,2.9,3.7,4,88.62,1.2,0,0,0,2294.2,5738075,NA,0,E,No,No,No,No,Yes,16.56,12.6,4.6,1.06,7.12,1.82,10.18,22,41.85,9,10.9,2.15,2.2,NA,2.4,5.3,-1,-8,Yes,Yes,10.4,31.9,24.3,15.3,12,1,-12,21,11,Yes,No,34.3,87.86,Oil&Gas-Integrated,NA,0,16,No,1.77,38.6,Yes,22,10,7.8,0.3,0,94.17,25,42,13,8.63,No,41,0.95,-6.7,70,59,63,0.38,135043,194048.4,2.29,2283837,13,-27.9,13,-5.2,NA,21.4,NA,54,42,E,-0.6,56,-12,3.5,3.9,7.6,83,182344,-17,28,-11,NA,15.6,1639,No,0.83,62,1119,NA,No,4069,NA,No,No,No,1.02,0,No,71,1.1,34,-7,New York Stock Exchange,No,65,Yes,1.52,-,101,2116701.2,-9,2,52.3,9.6,Yes,Yes,6.8,0.7,ENERGY,1.2,NA,No,42,224686.6,No,No,No,46.4,-26.2,NA,11.3,9.5,2026-07-31,TTE,27,12,0,0,0,10,7,56,66,25,TRUE,TRUE,CANSLIM Growth,CANSLIM Growth,47.5,Improving
4695,NPNYY,Nippon Yusen K.K. ADR,NA,0,0,0,8,6.8,0,0,0,160,0,03/31/2026,0,B,No,No,No,No,No,6.28,0,2.9,0.99,5.18,0,0,27,42.12,0,11.4,1.59,1.77,NA,-4.2,-5.2,-3,-4,Yes,No,10,-46.9,-46.8,-35,5,-8,-22,-54,5,No,No,19.8,7.76,Transportation-Logistics,NA,0,17,No,0.12,30.8,Yes,32,11,0,0,0,8,64,93,11,0.69,No,76,-0.89,-3,70,90,54,0.22,816,15284.2,2,2026608.5,15,-88.1,20.9,7.3,NA,18,NA,14,120,A,0,0,0,15.1,9.2,14.2,76,16083.7,117,-3,-52,NA,-4.3,122,Yes,-0.07,0,14,NA,No,1,NA,Yes,No,No,0.98,0,No,-15,0.9,-65,-5,US OTC,No,83,No,0.81,-,97,0,-60,-46,-40.4,-6.7,Yes,Yes,13.3,0,TRANSPORTATION,6.8,NA,No,0,21267.5,No,No,No,10.1,-69.6,NA,7.2,10.6,2026-07-31,NPNYY,0,0,0,0,0,0,7,7,76.33333333333333,10,FALSE,FALSE,Other,Momentum Leader,57.8,Strong
3656,AIRS,AirSculpt Technologies Inc.,NA,2.8,3.2,3.6,5.1,4.3,1.5,1,1,389,3089778,NA,0,D-,No,No,No,No,No,-6.6,36.4,0,0.75,93.92,0,0,65,0,0,-11.6,7.18,6.67,NA,-12.7,-11.5,0,-7,Yes,No,-186.6,8.3,-13.2,-43.9,6,-,-89,0,-14,No,No,142.9,4.81,Medical-Systems,NA,1.5,100,No,0.3,58.2,Yes,65,0,12.3,0,0,12,131,137,61,-0.05,No,0,-0.82,-59.92,70,87,34,2.07,2951,342.1,6.86,70545.7,19.2,-38.3,6.9,79.5,NA,62,NA,49,127,D+,50,20,50,0.9,5.3,8.8,65,151.8,-93,0,-350,NA,-7.3,585,No,-0.04,-25,358,NA,No,94,NA,No,No,No,2.23,0,No,50,1,75,-16,NASDAQ,No,93,No,3.38,Yes,98,0,-100,-78,62.5,-10.8,Yes,Yes,46.4,3.3,MEDICAL,4.3,NA,No,10,419.3,No,No,No,-27.2,-46.5,NA,-14,-6.1,2026-07-31,AIRS,15,0,0,0,0,7,7,29,80.66666666666666,5,TRUE,FALSE,Other,Momentum Leader,50.1,Improving
3728,AME,Ametek Inc.,NA,2.9,2.6,2.7,244.97,-0.1,3.5,2,2,892.1,3196479,06/15/2026,0,B-,No,No,No,No,No,2.77,30.1,0.6,1.14,31.02,2.52,2.63,78,142,29,24.3,2.24,2.36,NA,7.6,9.5,9,6,No,Yes,9.9,11.3,10.3,9.6,12,12,9,10,12,No,No,17.7,241.71,Electrical-Power/Equipmt,NA,3.5,25,No,5.58,11.7,No,57,32,2.5,1.4,0,244.97,19,78,-1,7.65,Yes,4,0.71,-1.33,69,67,90,0.85,266448,55011,2.27,229203,9.8,-9,-0.1,2.6,NA,7.9,NA,78,71,B,3.6,10,8,3.3,0.5,1.5,45,7401.1,7,11,9,NA,12.4,1153,Yes,1.7,12,1052,NA,No,2624,NA,No,No,No,7.29,0,No,13,1.3,7,7,New York Stock Exchange,No,64,Yes,5.07,-,99,228243.6,14,7,10,11.9,Yes,Yes,5.8,1.7,MACHINE,-0.1,NA,No,53,57124.6,No,No,No,30.8,11,NA,14.6,20.7,2026-07-31,AME,15,0,0,0,0,10,5,30,77.33333333333333,40,FALSE,FALSE,Other,Momentum Leader,47.4,Improving
4415,MMSI,Merit Medical Systems Inc.,NA,3.9,4,4.2,87.83,14.4,3.1,4,3,1077.5,3439660,NA,0,A+,No,No,No,No,Yes,0.99,20.2,0,5.08,17.28,1.48,1.48,62,134.61,20,11.3,3.18,3.39,NA,10.8,10.2,9,10,No,Yes,11.2,13,11.5,11.1,88,14,12,11,9,No,No,-3.6,85.01,Medical-Products,NA,2.4,109,No,2.44,49.8,Yes,127,21,6.3,5.9,0,94.75,142,103,-3,4.09,Yes,2,1.99,-10.28,69,99,88,0.83,55763,4972.2,3.28,59654.9,9.7,184.6,22.6,24.7,NA,4.8,NA,84,90,A+,24.1,12,7,21.1,10.5,13.6,45,1515.9,15,10,11,NA,8.5,802,Yes,1.66,13,2201,NA,No,568,NA,No,No,No,3.21,0,No,18,2.1,9,12,NASDAQ,No,91,No,3.12,Yes,101,58090.6,12,7,13.6,9.3,Yes,Yes,14.3,-2.1,MEDICAL,14.4,NA,Yes,66,5195.6,Yes,Yes,Yes,0.2,73,NA,8.7,9.3,2026-07-31,MMSI,10,0,0,10,0,10,5,35,95.33333333333333,30,FALSE,FALSE,Other,Momentum Leader,50.1,Improving
4702,NRDBY,Nordea Bank AB ADR,NA,0,0,0,20.15,2.3,0,0,3,2119.5,0,08/06/2026,0.39,C,No,No,No,No,Yes,31.91,36.5,6,28.11,6.01,0.71,1.11,32,85.86,12,24.7,1.16,1.34,NA,4.5,5.1,6,3,No,Yes,5.7,9.7,8.9,7.2,30,11,4,9,5,No,No,6.5,20.11,Banks-Foreign,NA,7.1,55,No,0.26,837.2,Yes,42,12,0,0,0,20.34,79,49,-5,1.65,Yes,7,1.98,-1.14,69,79,87,0.43,18107,67924.1,1.36,3402799,6.8,-79,6,7.2,NA,3.6,NA,67,35,B,2.9,0,8,3.5,0.4,1.6,58,14008.8,2,3,10,NA,1.9,966,Yes,0.39,2,203,NA,No,1,NA,Yes,No,No,4.98,0,No,2,1.1,6,-9,US OTC,No,68,Yes,1.92,-,100,0,22,6,3.8,5.9,No,No,4.6,0,BANKS,2.3,NA,No,0,323937.1,No,No,No,37.3,-81.1,NA,15.3,14.4,2026-07-31,NRDBY,0,0,0,0,0,0,5,5,80.33333333333333,35,FALSE,FALSE,Other,Momentum Leader,65.9,Leading
5086,TWFG,TWFG Inc.,NA,1.8,1.8,2,28.84,2,0,0,3,2447.1,450434,NA,0,A+,No,No,No,No,Yes,0.03,6.3,0,3.42,7.56,0,0,72,253.18,27,17.9,5.06,4.9,NA,23.1,24.7,0,0,Yes,No,-2.7,64.2,23.5,5.9,88,-,-,-87,10,Yes,No,-6.8,26.8,Insurance,NA,2.3,94,No,1.21,6.3,Yes,129,26,7.3,4,0,31.07,81,34,2,1.02,No,0,-0.41,-13.74,69,93,85,0.32,4125,1457.7,4.63,12997.1,16,-59.5,11.4,44.2,NA,7.2,NA,67,32,A,42.6,17,8,18.3,0.6,2.9,7,247.1,-67,35,49,NA,34.2,193,Yes,-0.11,28,76,NA,No,80,NA,No,No,No,1.31,0,No,81,1.9,58,22,NASDAQ,No,86,No,5.49,-,93,11270.7,53,-99,69.6,28.6,Yes,No,22.4,-14,INSURANCE,2,NA,No,40,210.2,No,No,No,-13.2,-20.6,NA,10.1,2.4,2026-07-31,TWFG,27,15,0,0,0,10,7,59,97.33333333333333,45,TRUE,TRUE,CANSLIM Growth,CANSLIM Growth,65,Strong
3486,A,Agilent Technologies Inc.,NA,2.5,2.2,3.1,142.42,-0.1,5.4,2,1,595.4,7538437,06/30/2026,0,A,No,No,No,No,No,1.33,31.5,0.7,2.1,25.3,3.53,3.97,68,106.77,22,20.7,3.36,3.02,NA,8.7,9.4,2,1,No,Yes,6.5,8.8,7.6,7.5,18,6,1,7,17,No,No,1.7,138.37,Medical - Research,NA,2.7,82,No,4.01,42.8,Yes,37,24,37.7,2.7,0,160.27,140,39,-3,5.81,Yes,7,-0.25,-13.66,69,84,85,1.02,322742,39176.1,2.98,282432,5.9,-15.4,4.2,19.7,NA,3.4,NA,60,41,A,5.8,8,9,6.2,1.9,3.3,65,6834,-3,10,6,NA,9.3,2502,Yes,-0.34,9,1721,NA,No,2566,NA,No,No,No,5.42,0,No,14,1.7,4,7,New York Stock Exchange,No,73,No,5.48,Yes,97,281489.8,9,4,8.8,9.1,Yes,Yes,9.8,1.5,MEDICAL,-0.1,NA,No,60,40930.1,No,No,No,20.5,-19.2,NA,20.6,18.5,2026-07-31,A,10,0,0,0,0,10,5,25,86.33333333333333,40,FALSE,FALSE,Other,Momentum Leader,50.1,Improving
4659,NMIH,NMI Holdings Inc.,NA,3.9,3.5,3.5,46.74,3.6,3.8,1,2,64.3,2079996,NA,0,A+,No,No,No,No,Yes,0.67,7.8,0,3.39,8.35,0.55,0.55,17,33.46,8,70.7,2.23,2.31,NA,5.3,5.3,8,8,No,Yes,8.4,8.4,7.6,6.4,21,16,12,7,16,No,No,8.6,44.3,Finance-Mrtg&Rel Svc,NA,7.7,108,No,0.95,15.5,Yes,26,9,-0.1,2.8,0,46.74,121,130,5,5.07,Yes,4,1.98,-5.22,69,86,85,0.79,22352,3300.2,2.25,75971.9,12.3,58.6,7.8,14.4,NA,14.4,NA,80,136,A,7.8,6,4,10.4,1.6,3.6,40,602.2,17,6,9,NA,4.7,572,Yes,0.86,6,859,NA,No,549,NA,No,No,No,5.46,0,No,13,1.2,0,9,NASDAQ,Yes,86,Yes,1.23,-,99,74253.6,12,5,6.6,5.2,Yes,Yes,11.1,-0.9,FINANCE,3.6,NA,No,63,3750.2,Yes,Yes,Yes,18.7,-23.2,NA,16.2,56.3,2026-07-31,NMIH,10,0,10,7,0,10,7,44,85,55,FALSE,FALSE,Value + Quality,Momentum Leader,52.3,Improving
3912,ATLCY,Atlas Copco AB Series B ADR,NA,0,0,0,18.66,-0.2,0,0,0,670.3,0,10/21/2025,0,C+,No,No,No,No,No,0.9,30.9,1.1,1.27,25.63,3.12,3.5,78,39.29,26,20,1.62,1.68,NA,6.7,8.2,9,5,No,Yes,2.5,4.2,4.5,2.3,2,9,4,4,18,No,No,14.5,18.51,Machinery-Constr/Mining/Farming,NA,0,12,No,0.29,25.2,Yes,22,31,0,0,0,18.83,20,21,-3,0.59,Yes,4,-0.7,-1.71,69,81,79,0.79,382,97875.5,1.73,1560876,11.2,-13.9,4.3,10.6,NA,2.3,NA,65,62,D,-1.5,4,19,7.3,3.3,5.6,21,19047.1,1,9,11,NA,3.9,22,Yes,-0.13,15,18,NA,No,3,NA,Yes,No,No,1.58,0,No,8,1.1,-2,3,US OTC,No,69,Yes,8.22,Yes,99,0,6,5,3.4,7.9,No,Yes,8.1,-25,MACHINE,-0.2,NA,No,0,30707.1,No,No,No,36.2,18.6,NA,24.2,15.7,2026-07-31,ATLCY,0,0,0,0,0,0,7,7,78.33333333333333,40,FALSE,FALSE,Other,Momentum Leader,47.4,Improving
3513,ABNB,Airbnb Inc. Cl A,NA,3.9,3.8,3.6,156.5,7.4,0,0,0,291.9,13994933,NA,0,D,No,No,No,No,Yes,0.14,14.8,0,1.44,20.32,0.69,0.69,82,145.14,29,25.5,3.22,3.08,NA,11.7,13.1,24,12,Yes,Yes,33.3,-3.7,2.1,-6.6,9,54,-8,1,30,No,No,11.6,151.52,Leisure-Travel Booking,NA,0,124,No,4.46,32.4,Yes,17,37,-6.3,3.5,0,156.5,120,86,9,4.06,Yes,85,-0.37,-3.18,69,79,78,1.55,515401,91659.4,2.95,417930.2,15,-31.8,5.9,8,NA,17.1,NA,28,56,A,-14.5,27,18,8.3,4.6,4,50,12241,-43,18,-2,NA,14.9,3758,No,-0.56,22,2462,NA,No,2750,NA,No,No,No,5.01,0,Yes,8,1.1,-23,11,NASDAQ,No,76,Yes,11.81,Yes,97,400866.3,4,20,-7.5,13.2,Yes,Yes,12.5,1,LEISURE,7.4,NA,No,53,81482.2,No,No,No,14.4,-9,NA,30.2,6,2026-07-31,ABNB,5,0,7,0,0,10,7,29,77.33333333333333,35,FALSE,FALSE,Other,Momentum Leader,52.1,Improving
3892,ASTH,Astrana Health Inc.,NA,4.9,4.7,4.4,45.8,-11.8,0,0,0,773.6,2679220,NA,0,B-,No,No,No,No,Yes,3.39,10.1,0,1.35,15.32,0,0,90,220.71,25,1.2,4.48,4.99,NA,57.3,58.2,38,45,No,No,-12.5,63.4,34.4,16.6,7,-22,-34,-16,3,No,No,43.3,35.56,Medical-Managed Care,NA,0,121,No,2.2,126.2,Yes,12,58,-6.8,6.8,0,51.6,38,16,57,0.61,No,43,-3.05,-31.09,69,20,72,1.18,26172,1818.7,5.44,49583.4,21,3.5,-23.4,4.2,NA,56.4,NA,65,26,C-,-2.9,176,48,-11.6,-11.8,-18,18,3181.8,-30,56,-49,NA,49.2,619,No,-1.12,77,632,NA,No,323,NA,No,No,No,0.5,0,No,107,1.5,180,56,NASDAQ,No,59,Yes,2.17,-,89,39239.8,-97,-52,143.6,66.1,Yes,Yes,16,1.6,MEDICAL,-11.8,NA,No,49,2467.3,No,No,No,49,-19.7,NA,3,1.5,2026-07-31,ASTH,35,15,0,0,0,10,10,70,53.666666666666664,15,TRUE,FALSE,CANSLIM Growth,CANSLIM Growth,50.1,Improving
3922,ATRC,AtriCure Inc.,NA,4.2,4.8,5.2,41.29,7.8,1.5,1,1,389,4864713,NA,0,A+,No,No,No,No,Yes,0.31,24,0,4.22,31.45,0,0,97,678.96,391,-1.9,4.79,5.03,NA,14.6,14,18,16,No,No,103.6,151.4,137.1,114.3,40,-16,18,155,-2,No,No,-4.6,37.76,Medical-Systems,NA,1.5,100,No,1.63,13.8,No,65,176,9.1,10,0,43.18,131,137,2,0.21,No,0,-5.95,-12.55,69,96,63,1.16,29334,2042.3,4.86,50866.3,21.3,41.3,35,34.3,NA,2.2,NA,50,127,A,10846.3,145,291,31.1,11.7,17.1,4,534.5,-44,13,75,NA,13.5,951,Yes,-2.39,-330,1312,NA,No,410,NA,No,No,No,3.37,0,No,238,1.4,103,15,NASDAQ,No,82,No,3.72,-,91,48764.1,112,94,171,13.4,Yes,Yes,25.4,-1.4,MEDICAL,7.8,NA,No,58,1951.4,No,No,No,7.6,11.9,NA,-2.4,5.8,2026-07-31,ATRC,30,15,0,5,0,10,10,70,91,25,TRUE,FALSE,CANSLIM Growth,CANSLIM Growth,50.1,Improving
4272,MANH,Manhattan Associates Inc.,NA,4.2,4.3,4.6,215,26.2,0.9,1,4,4899,2867109,NA,0,B,No,No,No,No,No,0.87,20.2,0,0.98,30,1.53,1.53,82,211.86,33,26.4,5.37,5.9,NA,5.7,6.5,13,9,Yes,Yes,6.8,4.6,3.6,5.1,23,24,17,4,72,Yes,No,10.4,191.36,Comp Sftwr - Enterprise,NA,3.5,134,No,9.05,34.2,Yes,114,37,6.5,4.9,0,220.72,109,117,16,5.2,Yes,7,0.2,-13.3,68,99,92,1.23,112592,11298.7,6.33,59164.6,22.6,10.7,37.4,38.8,NA,26.7,NA,79,39,A,5.5,9,11,29,17.1,20.8,23,1081.4,26,9,7,NA,8.4,728,Yes,0.39,8,799,NA,No,908,NA,No,No,No,10.05,0,No,6,1.6,4,4,NASDAQ,No,93,No,70.83,Yes,89,58295.2,3,1,5.2,7.5,Yes,No,29.7,-0.4,SOFTWARE,26.2,NA,No,69,11803.1,No,No,No,-12.9,100.5,NA,71.7,16.9,2026-07-31,MANH,0,0,0,0,0,10,10,20,101.33333333333333,40,FALSE,FALSE,Other,Momentum Leader,62.1,Strong
3994,BALL,Ball Corp.,NA,2.7,2.5,2.6,67.55,1.7,5,1,0,137.1,7705384,09/01/2026,0.2,C,No,No,No,No,No,15.92,39,1.3,1.12,14.19,7.65,17.21,53,72.56,16,8.6,2.54,2.66,NA,12.8,14.1,-2,-5,No,Yes,14.2,14.7,16.4,15.5,3,1,14,15,13,No,No,22.5,64.9,Containers/Packaging,NA,0,78,Yes,1.65,130.5,No,20,17,0.7,2.9,0,68.29,117,38,9,3.77,Yes,12,-0.63,-4.96,68,77,88,0.73,157773,17388.6,2.66,266246.5,14.5,-30.7,4,6.3,NA,14.1,NA,85,51,B,11.2,12,13,10.5,2.6,4.3,50,13161,9,16,13,NA,17,2734,Yes,-0.41,10,2169,NA,No,1890,NA,No,No,No,1.26,0,No,24,1.5,8,12,New York Stock Exchange,No,70,No,3.08,Yes,96,265497.8,12,22,16,14.5,Yes,Yes,9.1,0.9,MISC,1.7,NA,Yes,53,23683.7,No,No,No,13.3,-23.3,NA,16.2,5.6,2026-07-31,BALL,15,0,0,0,0,10,7,32,82.66666666666667,35,FALSE,FALSE,Other,Momentum Leader,56.9,Strong
5034,TRMK,Trustmark Corp.,NA,8.8,8.1,8,47.73,1.8,0.4,1,10,531.1,3264759,09/01/2026,0.25,E,No,No,No,No,Yes,-0.05,14.1,2.1,0.18,10.86,1.11,1.38,33,46.59,12,24.3,2.06,2.04,NA,8.5,7.2,4,2,Yes,Yes,16.6,6.3,7.7,14,164,9,14,7,8,No,No,21.8,47.45,Banks-Regional,NA,3.7,53,Yes,0.94,19.1,Yes,269,12,-0.4,6,0,48,56,30,6,3.83,Yes,14,-0.19,-1.15,68,66,86,0.81,21221,2786.1,2,58605.6,12.1,-21,3.1,6.9,NA,11.6,NA,71,20,D+,0.9,6,5,4.6,1.9,2.3,48,819.9,9,5,22,NA,4.6,465,Yes,-0.09,6,360,NA,No,390,NA,No,No,No,3.32,0,Yes,5,1.8,8,20,NASDAQ,No,71,Yes,1.29,-,100,54214.7,5,12,6.7,4.4,Yes,No,9,1,BANKS,1.8,NA,No,56,3162.2,No,No,No,27.4,25.3,NA,11,22.4,2026-07-31,TRMK,0,0,7,0,0,10,7,24,75.33333333333333,35,FALSE,FALSE,Other,Momentum Leader,65.9,Leading
4030,KOF,Coca-Cola Femsa S.A.B. de C.V. ADR,NA,1.5,1.5,1.6,111.38,5.4,0,0,0,673,222630,07/13/2026,0,E,No,No,No,No,No,11.92,21,3.7,1.04,15.51,0.68,0.8,48,66.47,16,12.7,2.48,2.59,NA,11.8,15,13,7,No,Yes,-2.9,5.1,0.4,-1.3,4,20,9,2,6,No,No,14.3,108.27,Beverages-Non-Alcoholic,NA,0,62,No,2.73,52.6,No,25,16,5.1,0.4,0,116.36,60,54,-2,6.76,Yes,10,-0.78,-6.95,68,65,82,0.49,14627,5731.1,2.51,52520.8,9.2,17.3,1.9,6.6,NA,3.8,NA,69,24,C-,-12,6,10,2.9,4.1,4,73,16919.5,2,13,19,NA,13.7,138,No,-0.85,10,165,NA,No,161,NA,Yes,No,No,0.34,0,No,-1,1.2,-5,0,New York Stock Exchange,No,57,Yes,2.79,-,97,49796.7,21,-14,-3.1,16.3,Yes,No,5.1,3.2,FOOD/BEV,5.4,NA,No,12,8631.2,No,No,No,30.4,64.7,NA,16.5,8.1,2026-07-31,KOF,5,0,0,0,0,7,5,17,73.66666666666667,35,FALSE,FALSE,Value + Quality,Value + Quality,59.2,Strong
3762,ANDE,Andersons Inc.,NA,2.7,3.2,3.1,81.49,-8.9,0,0,0,86.6,1083528,07/01/2026,0,B-,No,No,No,No,Yes,0.76,-35.5,1,1.37,13.73,3.74,4.71,57,72.97,13,1.3,3.2,3.33,NA,-1.6,-1.4,-2,-15,No,No,1573.4,3208,2386.5,1890.5,5,4,9,23,6,Yes,No,33.1,70.78,Food - Wholesale,NA,0,66,Yes,2.42,44.9,Yes,9,19,-2.1,3.3,0,82.11,80,40,8,3.76,Yes,26,-1.03,-13.8,68,38,73,0.65,22711,2435.5,3.48,34054.1,12.3,-41.7,3.5,-9.9,NA,14.2,NA,90,21,E,38.6,94,11,-0.9,-6.6,-2.7,50,11008.9,13,-1,-16,NA,-10,318,Yes,-0.74,545,177,NA,No,451,NA,No,No,No,0.22,0,No,9600,0.9,50,-2,NASDAQ,No,49,Yes,1.91,-,91,32721.3,-26,-78,4825.2,-5.9,Yes,Yes,4.4,-0.4,FOOD/BEV,-8.9,NA,No,67,3308.7,No,No,No,97,-20.1,NA,7.3,1.3,2026-07-31,ANDE,25,15,0,0,0,10,7,57,59.666666666666664,25,TRUE,FALSE,CANSLIM Growth,CANSLIM Growth,59.2,Strong
4363,MGRT,Mega Fortune Co. Ltd.,NA,1.3,3.1,3.5,102.5,-0.1,2.1,1,0,284.8,56384,NA,0,E,No,No,No,No,-,0,0,0,0,-847.56,0,0,100,22709.84,0,20.9,10.93,10.82,NA,193.8,244.3,0,0,No,No,352.8,420.9,540,427.7,-,-,-,324,21,No,No,1163.6,94.9,Comp Sftwr - Specialty Enterprise,NA,0,126,No,8.82,0,No,47,5687,11.7,2.8,0,170,101,136,1513,0.02,No,0,-0.85,-44.18,68,44,60,-0.95,1272,1316,10.53,13750,129,240.5,30.3,-28.6,NA,1508.5,NA,81,134,E,0,0,0,13.7,5.5,13.5,-,1.4,-25,309,346,NA,308.6,14,Yes,-0.81,0,46,NA,No,3,NA,No,No,No,917.61,0,No,183,0.6,183,234,NASDAQ,No,84,Yes,NA,-,93,2026.9,897,897,182.8,265.7,Yes,No,77.9,200,SOFTWARE,-0.1,NA,No,1,1333.6,No,No,No,3757.7,65.4,NA,21.1,15.3,2026-07-31,MGRT,35,15,0,10,0,0,10,70,62.333333333333336,45,FALSE,TRUE,CANSLIM Growth,CANSLIM Growth,62.1,Strong
4411,MMED,MiniMed Group Inc.,NA,5.5,7.1,6.6,18.67,7.2,3.1,4,3,1077.5,6345677,NA,0,C,No,No,No,No,No,0.12,0,0,1.92,-25.73,0,0,44,69.32,42,-6.1,6.28,5.81,NA,0,0,0,0,No,No,0,0,0,0,31,-,-,-,0,No,No,0,18.05,Medical-Products,NA,2.4,109,No,0.9,1.2,No,127,0,-7.4,24.4,0,20.48,142,103,1708,-0.34,No,0,-0.52,-11.88,68,98,35,0.84,16560,5095.9,5.32,280842.8,0,-44,20.7,46.3,NA,0,NA,4,90,C,-356.2,152,4,24.8,7,12.8,44,3102,0,0,-338,NA,0,1128,Yes,-0.1,0,613,NA,No,66,NA,No,No,No,1.67,0,No,0,2.2,0,14,NASDAQ,No,78,No,1.4,-,97,25961.1,0,0,0,0,Yes,No,0,73.7,MEDICAL,7.2,NA,Yes,99,4922.5,No,No,No,0,10.4,NA,-9.6,-21.9,2026-07-31,MMED,0,0,0,0,0,10,0,10,82,20,FALSE,FALSE,Other,Momentum Leader,50.1,Improving
4473,MSA,MSA Safety Inc.,NA,4.7,4.4,4.2,196,8.9,4.3,2,0,131.2,1398888,05/15/2026,0,C+,No,No,No,No,Yes,1.05,22.2,1.2,3.24,20.57,1.35,1.46,64,92.83,21,19.5,2.55,2.54,NA,5.8,6.7,8,4,No,Yes,9.2,16.2,13.6,10.1,29,15,8,13,17,Yes,No,18.8,190.27,Security/Sfty,NA,0,130,No,4.31,42.2,No,46,22,-3.5,3.9,0,208.92,118,50,-9,8.71,Yes,6,9.13,-8.93,67,92,91,0.8,51892,6730.6,2.49,38604.1,2,133.1,9,14.4,NA,7.4,NA,86,31,B,12.4,13,10,3.9,0.4,1.5,50,1875,10,6,3,NA,8.1,311,Yes,15.92,10,722,NA,No,626,NA,No,No,No,3.77,0,No,24,1.2,18,4,New York Stock Exchange,No,77,No,5,Yes,105,36123.3,6,6,21.4,6.2,Yes,Yes,0.2,-4.1,BUSINS SVC,8.9,NA,No,53,7261.3,Yes,Yes,Yes,7,10.5,NA,22.2,17.1,2026-07-31,MSA,10,8,0,10,0,10,5,43,85.33333333333333,45,FALSE,FALSE,Other,Momentum Leader,58.5,Strong
5449,WXXWY,Wuxi Biologics (Cayman) Inc. ADR,NA,0,0,0,10.19,-0.1,2.7,1,1,597.4,0,NA,0,B,No,No,No,No,-,0,0,0,0,22.61,2.77,2.77,76,261.69,0,33.3,5.25,4.75,NA,17.2,16.7,23,11,No,Yes,57.9,40.5,44.4,52.5,-,11,1,43,11,No,No,23.5,9.88,Medical - Research,NA,2.7,82,No,0.43,0,No,37,30,0,0,0,11.21,140,39,-5,0.32,Yes,24,1.86,-11.86,67,87,90,0.63,854,19968.3,4.5,2071781.3,8.3,-61.8,11.4,16.7,NA,5,NA,86,41,B-,0,11,26,10.4,-1.3,1,50,3159.2,-5,18,57,NA,18.1,98,Yes,0.18,0,30,NA,No,2,NA,Yes,No,No,6.72,0,No,33,2.1,33,17,US OTC,No,69,No,NA,-,98,0,56,56,32.6,17.2,No,Yes,7.2,0,MEDICAL,-0.1,NA,No,0,19117.2,No,No,No,20.9,-34,NA,10.9,21.7,2026-07-31,WXXWY,20,12,0,0,0,0,5,37,91.33333333333333,40,FALSE,FALSE,Other,Momentum Leader,50.1,Improving
3963,AWR,American States Water Co.,NA,2.7,2.5,3.1,90.11,-0.9,0,0,0,1972.1,1045354,08/17/2026,0.55,A-,No,No,No,No,Yes,15.48,101.9,2.5,1.22,14.42,2.37,3.12,70,98.05,23,25.8,2.15,2.17,NA,11.3,11.8,7,6,No,Yes,16.8,9.1,7.4,15.1,62,8,12,8,5,No,No,18.2,85.64,Utilities,NA,0,71,Yes,1.82,86.5,No,87,25,26.6,2.7,0,90.11,30,60,12,3.43,Yes,8,-0.37,-4.96,67,69,87,0.29,27958,3369,2.24,39082.5,12.9,-6.3,3.6,13.7,NA,17.4,NA,76,83,B,-1.2,8,5,6.1,-1.7,0.4,11,658.1,11,14,6,NA,14.6,346,Yes,-0.32,5,346,NA,No,522,NA,No,No,No,4.93,0,No,9,1.8,7,11,New York Stock Exchange,No,71,Yes,3.15,Yes,95,38784,12,2,7.9,14,Yes,No,11.8,0.8,UTILITY,-0.9,NA,No,56,4288.6,No,No,No,16.4,0.7,NA,13.2,17.6,2026-07-31,AWR,5,0,0,0,0,10,7,22,76.33333333333333,25,FALSE,FALSE,Other,Momentum Leader,43.4,Weak
3512,ABM,ABM Industries Inc.,NA,5.1,4.2,4.5,49.8,0.4,0,0,0,28.1,2659321,07/02/2026,0,A+,No,No,No,No,Yes,2.65,12.8,2.4,1.46,12.82,0,0,40,71.3,12,2.5,2.73,2.5,NA,6.2,6.5,8,4,Yes,No,-2.5,-0.7,-3.7,-3.2,3,0,-1,-4,6,No,No,13.3,47.91,Bldg-Maintenance & Svc,NA,0,63,No,1.15,108.7,Yes,7,14,6.6,4.6,0,50.12,104,141,-3,3.43,No,3,0.65,-4.41,67,84,57,0.77,26531,2788.5,2.41,58580.9,10.7,-11,8.3,17.4,NA,4.1,NA,47,142,A,2.3,16,9,8.3,-0.6,2.8,80,8745.9,2,8,-4,NA,7.3,605,Yes,0.31,24,550,NA,No,468,NA,No,No,No,0.31,0,No,5,1.5,-5,5,New York Stock Exchange,No,75,No,1.61,-,96,57650.6,-2,-13,0,6.6,No,Yes,11.5,-2.7,BUSINS SVC,0.4,NA,No,67,4377.8,No,No,No,3.9,-16.8,NA,9.1,1.9,2026-07-31,ABM,0,0,0,0,0,10,7,17,76.33333333333333,5,FALSE,FALSE,Other,Momentum Leader,58.5,Strong
4007,KLC,KinderCare Learning Cos. Inc.,NA,4.3,4.5,4.5,5.62,8.5,2.6,1,0,46.3,4304899,NA,0,B+,No,No,No,No,No,-17.58,74.4,0,0.73,2.66,0,0,24,0,29,-3.4,6.48,5.92,NA,2.3,2.3,13,6,No,No,328.1,36.9,23.9,403.1,7,-,-27,-9,-14,No,No,23.8,5.35,Consumer Svcs-Education,NA,0,79,No,0.28,503.4,No,38,10,1.2,3.9,0,9.92,89,98,8,0.51,No,0,-0.56,-46.07,67,96,48,1.33,3088,637.1,5.79,118428.3,28.6,-35.2,25.9,36.1,NA,14.6,NA,31,58,A+,608.1,-73,56,22.3,5,7,52,2733.3,-59,1,75,NA,3.5,717,Yes,-0.03,-56,461,NA,No,121,NA,No,No,No,0.23,0,No,-83,1.6,33,3,New York Stock Exchange,No,96,No,1.34,-,95,111367.5,160,-15,-24.6,2.6,No,No,36.8,-2.4,CONSUMER,8.5,NA,Yes,16,3037.7,No,No,No,-44.3,-27.9,NA,-13.9,-43.1,2026-07-31,KLC,0,12,0,0,0,7,10,29,85.33333333333333,0,FALSE,FALSE,Other,Momentum Leader,48.4,Improving
3630,AGYS,Agilysys Inc.,NA,3.5,4.1,4,115.9,6.7,0,0,0,763.1,1671504,NA,0,B-,No,No,No,No,No,0.29,35.6,0,1.74,42.65,2.71,2.71,90,271.5,40,15.2,5.93,5.24,NA,15.7,14.4,18,17,No,Yes,28.7,25.2,23.3,20.7,33,20,28,21,13,Yes,No,-11.5,105.16,Computer-Tech Services,NA,0,111,Yes,5.33,3.9,Yes,93,54,-2.7,6.5,0,145.25,141,134,20,1.94,Yes,9,-2.31,-27.6,66,89,83,0.92,40008,3036.4,5.19,28205.8,12.2,-47.7,0.6,64.2,NA,21.2,NA,95,125,A-,21.7,79,30,12.8,3.3,1.2,7,319.3,41,14,-12,NA,13,418,No,-2.49,38,217,NA,No,434,NA,No,No,No,8.98,0,No,48,2.6,17,16,NASDAQ,No,81,No,8.76,Yes,91,25776.5,11,18,32.6,13.9,Yes,Yes,23.5,-2.3,BUSINS SVC,6.7,NA,No,64,2938.5,No,No,No,-7.8,-18.4,NA,13.1,10.3,2026-07-31,AGYS,20,12,0,0,0,10,7,49,99.33333333333333,45,TRUE,FALSE,Other,Momentum Leader,58.5,Strong
3523,ACAD,ACADIA Pharmaceuticals Inc.,NA,7.5,6.8,6.6,26.58,4.1,0,0,2,1308.2,11029444,NA,0,B,No,No,No,No,Yes,0.06,26.8,0,3.59,40.02,0.17,0.17,29,45.16,58,13,3.31,3.61,NA,11.7,9.9,23,28,No,Yes,51.9,38.1,23.6,20.8,29,69,107,82,40,No,No,-3.1,25.87,Medical - Profitable Biotech,NA,3.8,40,No,0.89,3.1,Yes,52,12,-2.3,6.5,0,28.35,102,79,-3,2.2,Yes,34,-2.56,-8.75,66,83,73,0.99,36193,4546.3,3.02,171235.9,12.6,2.3,2.3,15.2,NA,2.9,NA,32,84,A,-60.4,-83,116,13.4,4.5,3.6,73,1071.5,468,10,69,NA,9.6,1529,No,-0.68,-64,1534,NA,No,516,NA,No,No,No,4.04,0,No,-82,1.6,86,12,NASDAQ,No,71,No,3.55,-,97,169049,110,-20,2.1,10.1,No,No,12.9,-3,MEDICAL,4.1,NA,No,72,3778.8,No,No,No,8.6,-20.8,NA,39.9,1.4,2026-07-31,ACAD,0,12,0,0,0,10,7,29,84,45,FALSE,FALSE,Value + Quality,Momentum Leader,50.1,Improving
4492,MTA,Metalla Royalty & Streaming Ltd.,NA,2.1,2.2,3.2,7.97,-2.3,0,0,0,670.1,1580867,04/30/2020,0,D,No,No,No,No,Yes,1.18,1112.3,0,3.45,523.75,0,0,11,0,81,-32.1,5.34,5.37,NA,102.4,118.3,0,63,No,Yes,52.2,53.7,48,50.7,41,-,-,-,-2,No,No,-5.4,7.36,Mining-Gold/Silver/Gems,NA,0,13,No,0.39,4.8,Yes,89,0,41.2,2.4,0,9.25,100,138,-13,-0.03,Yes,0,-3.41,-20.43,66,54,31,0.99,3494,702.7,5.16,93442.8,2.9,-51.7,-3.3,10.5,NA,-2,NA,25,141,E,-84.9,220,210,4.7,2.4,3.8,11,11.7,42,79,38,NA,63.7,486,Yes,-0.26,183,234,NA,No,64,NA,No,No,No,52.23,0,No,115,1.2,-106,100,NYSE American,No,40,No,2.72,-,94,66725.4,152,31,4.4,92.5,Yes,No,1.7,-3,MINING,-2.3,NA,No,27,693.5,No,No,No,85.9,-40.8,NA,-1.7,3.6,2026-07-31,MTA,35,15,0,0,0,10,5,65,52.333333333333336,25,TRUE,FALSE,CANSLIM Growth,CANSLIM Growth,19.1,Weak
3758,AMZN,Amazon.com Inc.,NA,2.2,1.9,2.2,273.23,17,3.3,2,0,3373,106566350,NA,0,E,No,No,No,No,No,12.2,-948.9,0,1.03,21.08,0.64,0.64,64,84.45,29,13.6,3.09,3.19,NA,15.3,15.8,11,12,Yes,Yes,75.6,107.3,89.6,78.3,20,34,84,78,22,Yes,No,17.7,271.58,Retail-Internet,NA,0,104,No,7.66,40.5,Yes,60,22,11.9,1.1,0,278.56,35,109,-9,12.43,Yes,41,15.32,-2.51,65,82,94,1.51,12089553,2533299.3,2.87,10757109,0.4,175.6,13.9,2.5,NA,13.5,NA,99,29,C-,215.4,62,-11,-4.6,-1.6,-2.9,42,716924,91,20,30,NA,18.1,50221,No,36.08,0,129055,NA,No,9339,NA,No,No,No,3.77,0,Yes,242,1.1,75,12,NASDAQ,No,85,Yes,5.31,Yes,113,9794049.1,5,36,158.6,16.6,Yes,Yes,-0.4,0.7,RETAIL,17,NA,No,41,2579902,Yes,Yes,Yes,16,27.7,NA,22.3,31.2,2026-07-31,AMZN,30,15,7,10,0,10,5,77,80.33333333333333,40,TRUE,FALSE,CANSLIM Growth,CANSLIM Growth,52.4,Improving
3965,AXAHY,AXA S.A. ADR,NA,0,0,0,52.48,1.6,0,0,3,2447.1,0,05/08/2026,0,B,No,No,No,No,-,0,0,4.4,0,4.54,0.5,0.67,17,207.91,0,8.9,1.4,1.2,NA,21.1,23,4,14,No,Yes,33,30.6,42.1,36.7,-,13,22,38,9,No,No,7.9,51.8,Insurance,NA,2.3,94,Yes,0.6,0,No,129,9,0,0,0,52.48,81,34,7,5.92,Yes,10,-0.59,-1.3,65,75,93,0.68,7123,107080.7,1.17,2090899.4,11.4,-71.4,3.1,7.8,NA,13.2,NA,86,32,A-,0,4,7,6.9,1.6,2.6,71,136301,4,3,22,NA,2.7,149,Yes,-0.31,0,42,NA,No,12,NA,Yes,No,No,0.68,0,No,7,1,7,6,US OTC,No,75,Yes,NA,-,99,0,77,77,7.4,16.3,Yes,No,10.2,0,INSURANCE,1.6,NA,No,0,152617,No,No,No,6.4,-63.4,NA,17,6.2,2026-07-31,AXAHY,0,12,0,0,0,0,7,19,79.66666666666667,45,FALSE,FALSE,Value + Quality,Momentum Leader,65,Strong
3669,AKZOY,Akzo Nobel N.V. ADR,NA,0,0,0,23.72,6.3,0,0,0,631.5,0,04/28/2026,0,D+,No,No,No,No,No,1.76,21.8,2.8,1.88,10.88,4.48,17.08,52,54.05,14,9.5,2.04,1.26,NA,-0.5,-1.1,1,1,No,No,0.3,1,-0.4,2.5,27,1,14,-2,6,No,No,0.6,23.32,Building - Construction Products,NA,0,81,Yes,0.28,113.3,Yes,64,17,0,0,0,25.79,50,51,-6,1.37,Yes,24,-1,-9.56,65,88,70,0.57,1943,12018,1.33,513130.1,7.9,-69.9,3.1,19.6,NA,-0.8,NA,59,79,A,-11.5,7,9,5.7,6.5,6.2,57,11978.3,22,-4,6,NA,-4.9,88,No,-0.23,16,25,NA,No,4,NA,Yes,No,No,1.04,0,No,-8,1.7,-2,-1,US OTC,No,74,No,2.16,Yes,98,0,13,-5,-5,-2.4,No,No,8.5,0,BUILDING,6.3,NA,No,0,15473.3,No,No,No,11,-5.6,NA,14.1,5.4,2026-07-31,AKZOY,0,0,0,0,0,0,5,5,81.33333333333333,15,FALSE,FALSE,Other,Momentum Leader,35,Weak
4337,MEOH,Methanex Corp.,NA,0.7,1.1,1.8,59.33,-0.6,2,1,0,590.7,1566219,09/16/2026,0.19,C,No,No,No,No,No,4.15,9.4,1.3,2.07,4.93,0,0,38,192.06,8,6.6,3.98,4.11,NA,14.3,21.2,-3,0,Yes,No,28.7,36.9,3.9,14.4,21,-10,5,-43,3,Yes,No,39.9,55.55,Chemicals-Specialty,NA,0,72,Yes,2.1,116.5,Yes,51,14,60.7,2,0,66.75,47,90,6,4.09,No,61,0.63,-16.78,65,44,56,1.02,48713,4264.4,4.12,77364.3,11.9,22.1,20.4,-15.2,NA,16.4,NA,57,102,D,-3.2,348,-38,0.8,0.3,7.2,74,3589.2,65,75,-45,NA,41.9,953,No,0.35,4620,1118,NA,No,441,NA,No,No,No,1.01,0,No,299,1.1,-77,-4,NASDAQ,No,51,Yes,1.68,Yes,100,76704.5,-111,-95,111,28.6,Yes,Yes,3,-2.2,CHEMICAL,-0.6,NA,No,56,7306.4,No,No,No,66.1,34.8,NA,3.5,14.2,2026-07-31,MEOH,35,12,0,0,0,10,7,64,57,10,TRUE,TRUE,CANSLIM Growth,CANSLIM Growth,45.5,Improving
3568,ADP,Automatic Data Processing Inc.,NA,5.6,4.9,5.2,280.59,6.5,0,0,0,293.8,14436618,06/12/2026,0,A,No,No,No,No,No,1.95,17.3,2.7,1.05,19.75,1.52,1.84,68,93.53,22,26.1,3.04,3.26,NA,6.9,6.7,8,7,No,Yes,9.9,12.8,11.3,10.7,2,13,10,11,29,No,No,3.6,266.46,Comml Svcs-Outsourcing,NA,0,125,No,7.87,87.4,No,22,24,5,3.6,0,310.08,115,27,1,11.12,Yes,2,0.98,-14.07,64,96,93,0.69,626778,105477.9,3.51,399734.3,11.8,-2.4,19,25.7,NA,8,NA,83,25,A+,1.7,10,9,12.9,3.8,6.6,50,21947.4,9,7,11,NA,6.9,2732,Yes,2.59,12,2495,NA,No,3268,NA,No,No,No,4.85,0,No,17,0.9,10,7,NASDAQ,No,85,No,17.57,Yes,95,399033.3,11,7,13.5,6.6,Yes,Yes,16.3,-0.6,BUSINS SVC,6.5,NA,No,50,110316,No,No,No,-13.9,1.3,NA,72.2,17.9,2026-07-31,ADP,10,0,0,0,0,10,7,27,94.33333333333333,40,FALSE,FALSE,Other,Momentum Leader,58.5,Strong
5441,WTW,Willis Towers Watson PLC,NA,4,5.4,5,343.33,13.8,0,0,3,2447.1,3699623,06/30/2026,0,A+,No,No,No,No,Yes,2.96,20.8,1.3,1.1,18.74,1.98,2.3,56,79.75,16,20.1,2.81,3.03,NA,2.8,3.6,2,3,Yes,Yes,8,12,10.2,10.6,55,8,10,7,16,No,No,2.2,335.92,Insurance,NA,2.3,94,Yes,8.62,81.1,Yes,129,18,-8,3.9,0,352.79,81,34,0,18.26,Yes,4,-0.04,-4.78,64,97,92,0.53,176670,31739.2,3.21,94448,12.6,34.1,28.5,31.1,NA,5.8,NA,79,32,A+,7.2,16,15,23.6,13,15.3,14,9708,17,9,1,NA,8.8,649,Yes,-0.13,18,855,NA,No,2076,NA,No,No,No,3.14,0,No,17,1,19,-2,NASDAQ,No,86,No,4.06,-,98,94000.9,0,5,18,4.8,Yes,Yes,15.9,-1.4,INSURANCE,13.8,NA,No,68,33549,No,No,No,6.4,11.5,NA,20.2,9.3,2026-07-31,WTW,10,0,0,5,0,10,7,32,99.33333333333333,30,FALSE,FALSE,Other,Momentum Leader,65,Strong
4709,NRIM,Northrim BanCorp Inc.,NA,6.1,3.4,3.6,28.12,-2.1,0.4,1,10,531.1,550905,06/11/2026,0,B+,No,No,No,No,Yes,-0.04,3.7,2.4,0.13,3.88,0.72,0.87,23,33.98,10,33.1,3.14,3.28,NA,27.1,24.6,11,24,No,Yes,36.1,14.5,31.7,31.2,131,12,34,23,12,No,No,-0.4,26.51,Banks-Regional,NA,3.7,53,Yes,0.89,26.8,No,269,10,7.1,2.6,0,30.82,56,30,8,2.55,Yes,20,0.68,-13.98,64,56,91,0.67,4435,585.7,3.25,22244.8,6,9.7,-4.4,8.1,NA,12.5,NA,91,20,C,11.5,6,7,0.9,-4,-3.7,84,212.8,47,7,44,NA,8.1,169,No,0.18,-7,177,NA,No,278,NA,No,No,No,2.66,0,No,30,1.4,3,31,NASDAQ,No,62,Yes,1.7,Yes,97,21593.8,11,83,16.3,11.3,Yes,No,4.2,0,BANKS,-2.1,NA,No,47,644.5,No,No,No,26.9,-9.2,NA,21.8,24.1,2026-07-31,NRIM,15,0,0,0,0,10,5,30,72.33333333333333,40,TRUE,FALSE,Value + Quality,Value + Quality,65.9,Leading
4893,ORI,Old Republic International Corp.,NA,6.2,6.3,6.1,44.65,2.2,0,0,3,2447.1,9165534,06/05/2026,0,A,No,No,No,No,No,-0.45,9.5,3,0.71,9.33,2.93,7.3,43,36.67,13,13,2.17,2.27,NA,13.5,12.4,0,10,No,Yes,-0.4,-14.1,-8.1,-4.6,36,2,6,-11,-4,Yes,No,-5.3,43.21,Insurance,NA,2.3,94,Yes,0.94,37.6,No,129,15,-2.8,4.1,0,46.76,81,34,4,2.96,No,6,-0.39,-7.59,64,75,81,0.55,60982,10565.4,2.38,243554,4.8,-5,5.6,8.2,NA,10.3,NA,42,32,A,-4.2,-5,10,8.2,2,3.5,28,9136.3,15,13,4,NA,13.4,1528,Yes,-0.17,2,1564,NA,No,701,NA,No,No,No,1.08,0,No,-8,1,-16,11,New York Stock Exchange,No,68,No,1.7,-,97,224295.9,-18,10,-12.2,15.4,No,No,6.2,-0.8,INSURANCE,2.2,NA,No,52,12379.3,No,No,No,19.5,-0.6,NA,16.2,12.9,2026-07-31,ORI,5,0,0,0,0,10,5,20,75.33333333333333,25,FALSE,FALSE,Other,Momentum Leader,65,Strong
3833,ARGX,argenx SE ADR,NA,4.5,4.1,4.4,935.88,-7,0,0,2,1308.2,1539375,NA,0,A,No,No,No,No,-,0,0,0,0,66.29,0.51,0.51,79,126.42,26,29.6,3.29,3.49,NA,77.8,72.8,87,85,No,Yes,254.9,59.2,112.6,236.3,-,64,109,24,20,No,No,1.5,853.82,Medical - Profitable Biotech,NA,3.8,40,No,30.95,0,No,52,33,5.1,2.5,0,953.58,102,79,-4,26.04,Yes,60,-2.15,-10.46,64,48,75,0.62,292830,53730.6,3.07,62561,5.2,-7.1,-8,9.2,NA,1.6,NA,61,84,D+,14.3,44,33,0.5,-0.6,-2,27,4248.1,348,59,53,NA,61,337,No,-18.76,46,295,NA,No,839,NA,Yes,No,No,10.02,0,No,96,0.9,114,91,NASDAQ,No,54,No,NA,-,93,62379.4,-32,273,104.8,65.2,Yes,No,6.8,-0.4,MEDICAL,-7,NA,Yes,27,50196.6,No,No,No,27.4,-30.6,NA,20.2,29.8,2026-07-31,ARGX,30,15,0,0,0,10,5,60,64.33333333333334,40,TRUE,FALSE,CANSLIM Growth,CANSLIM Growth,50.1,Improving
4503,MTN,Vail Resorts Inc.,NA,9.2,8.2,8.6,160.49,2.5,1.6,1,1,478.4,6786994,06/25/2026,0,B+,No,No,No,No,Yes,-5.5,44.8,6.1,0.91,10.02,2.25,3.77,80,133.73,23,13.6,3.91,4.17,NA,-0.9,-1.3,9,1,No,Yes,-4,-13.2,-12.1,-7.6,30,9,-3,-41,-50,No,No,12.5,149.38,Leisure-Services,NA,1.6,122,No,5.96,570.6,No,62,34,5.1,19.4,0,165.5,122,96,10,4.4,No,35,-2.25,-9.74,64,83,63,0.89,113659,5445.5,3.56,35633.5,10.5,-39.9,9.7,17.5,NA,12.3,NA,34,74,A,-1.4,-43,46,9.8,2.5,4.3,33,2964.3,-10,-7,24,NA,-5.8,815,Yes,-3.44,-3,500,NA,No,614,NA,No,No,No,1.88,0,No,-16,2,-11,3,New York Stock Exchange,No,71,No,9.65,-,93,35053.9,-13,-9,-13.5,-2.5,No,No,12.9,-5.2,LEISURE,2.5,NA,No,86,8689.5,No,No,No,-0.6,15.1,NA,48.8,26.1,2026-07-31,MTN,0,0,0,0,0,10,7,17,77,20,FALSE,FALSE,Other,Momentum Leader,52.1,Improving
3924,ATROB,Astronics Corp. Cl B,NA,0,0,0,72.9,-1.6,1,1,1,2405.6,0,NA,0,E,No,No,No,No,Yes,1.12,113.7,0,2.97,33.65,0.84,0.84,87,186.58,28,3.7,7.24,6.5,NA,9.1,8.6,18,14,No,Yes,276.2,469.5,352.1,359.5,55,55,116,259,15,No,No,27.3,69.02,Aerospace/Defense,NA,1,36,No,4.86,230.7,No,97,46,0,0,0,97,112,91,-18,1.49,Yes,0,1.43,-28.85,64,33,62,0.93,69,2933.6,5.55,10900,2.5,-89.2,-9.2,1.5,NA,-10.2,NA,80,87,E,5.4,56,19,-11.2,-0.4,-3.2,32,862.1,42,12,537,NA,13.6,66,No,0.97,1748,10,NA,No,141,NA,No,No,No,0.85,0,No,127,0.8,1038,8,US OTC,No,30,Yes,15.3,-,98,3561.6,244,0,582.2,10.3,No,Yes,-5.5,386.2,AEROSPACE/DEFENSE,-1.6,NA,No,59,3282.3,No,No,No,90.9,-72,NA,14.8,11.1,2026-07-31,ATROB,30,15,0,0,0,10,5,60,53,35,FALSE,FALSE,CANSLIM Growth,CANSLIM Growth,39.2,Weak
4238,LW,Lamb Weston Holdings Inc.,NA,4.5,4.8,4.6,55.69,6,0,0,2,831,6800411,08/07/2026,0.38,A+,No,No,No,No,Yes,5.93,18.4,3.1,1.42,7.75,1.15,1.45,53,99,17,6.2,3.58,3.95,NA,2.8,2.5,14,4,Yes,Yes,-4.2,-10,-7.2,-3.4,21,12,-20,-12,8,No,No,25.4,52.55,Food - Packaged,NA,4.2,97,No,1.86,202.2,Yes,48,17,-4.2,5,0,67.07,83,102,10,3.02,Yes,39,-1.87,-21.65,64,94,62,0.62,78606,7362.1,4.14,137481,10.7,-35.2,21.7,20.7,NA,14.4,NA,43,97,A+,38.9,1,12,18.3,8,12.6,44,6612.3,-34,6,-10,NA,4.3,1711,Yes,-1,-20,1137,NA,No,695,NA,No,No,No,1.09,0,No,0,1.5,-35,2,New York Stock Exchange,No,88,No,3.96,Yes,94,135509.1,5,1,-17.3,3.2,Yes,Yes,20.8,-6.8,FOOD/BEV,6,NA,No,57,11390.1,No,No,No,-7.9,36.4,NA,16.3,6.2,2026-07-31,LW,0,0,0,0,0,10,7,17,83.33333333333333,20,FALSE,FALSE,Other,Momentum Leader,59.2,Strong
5278,VOR,Vor Biopharma Inc.,NA,6.2,7,5.7,21.9,9.8,2.4,13,4,464.6,7289116,NA,0,A+,No,No,No,No,Yes,0.01,-1.9,0,31.15,-1.46,0,0,4,0,0,0,7.84,8.42,NA,0,0,0,0,No,No,-379.6,-371.6,-576.7,-453,474,-42,-76,-111,0,No,No,61.7,21.15,Medical - Development Biotech,NA,0.7,29,No,1.51,0,No,549,0,-18.5,25.3,0,50.2,53,29,49,-216.89,No,0,-2.98,-57.87,64,98,58,1.26,21249,1181.3,8.58,54185.9,39.5,-25.6,14.9,47.6,NA,62.7,NA,53,30,A+,-161.1,91,46,32.5,14.9,14.1,4,0,3,0,-107,NA,0,1264,Yes,-0.65,99,905,NA,No,94,NA,No,No,No,NA,0,No,61,1.2,245,0,NASDAQ,No,96,No,-7.62,-,97,28866.3,-1420,-1192,152.8,0,No,Yes,43.6,46.9,MEDICAL,9.8,NA,No,57,607.1,No,No,No,-48.9,-37.5,NA,0,0,2026-07-31,VOR,20,0,0,0,0,10,10,40,88.33333333333333,25,TRUE,FALSE,Other,Momentum Leader,50.1,Improving
4609,NEXA,Nexa Resources S.A.,NA,0.2,0.1,0.1,13.69,-0.2,0,0,0,670.1,145886,07/28/2026,0,E,No,No,No,No,No,-11.49,19.6,0,0.85,4.21,0,0,20,31.15,4,10.4,6.85,6.76,NA,14.6,15.9,3,3,Yes,Yes,-1856.3,120.5,83.5,98.8,6,-,-,-,13,Yes,No,45.2,12.85,Mining-Gold/Silver/Gems,NA,0,13,No,0.89,149.2,Yes,89,10,9.1,0.3,0,16.89,100,138,-12,1.35,No,0,-2.36,-23.92,64,39,45,1.05,10329,1742.9,6.95,132438.6,19.1,-52.2,5,-15,NA,1.9,NA,58,141,E,-23.9,177,1,-3.1,3.8,1,74,3002.1,-330,40,157,NA,30.7,762,No,-0.31,546,373,NA,No,92,NA,No,No,No,0.52,0,No,390,0.9,150,9,New York Stock Exchange,No,46,Yes,1.49,-,98,44427.2,-178,-27,269.8,22.5,Yes,No,4.3,3.4,MINING,-0.2,NA,No,19,2888.8,No,No,No,165.5,-32.9,NA,14.6,10.1,2026-07-31,NEXA,32,15,0,0,0,7,7,61,49.333333333333336,10,TRUE,TRUE,CANSLIM Growth,CANSLIM Growth,19.1,Weak
4258,MA,Mastercard Inc.,NA,1.8,2,2.4,582.62,6.2,2.4,1,0,1811.6,9060825,07/09/2026,0,A+,No,No,No,No,No,17.54,26.3,0.6,1.06,29.84,1.55,1.61,76,121.66,27,56.6,2.31,2.42,NA,16.1,15.9,15,14,No,Yes,18.4,23.1,20.5,19.5,11,19,18,21,173,No,No,0.4,573.1,Finance-CrdtCard/PmtPr,NA,0,127,No,12.68,395.4,No,41,31,19.5,1.1,0,601.77,113,62,-1,18.78,Yes,4,-0.74,-4.76,63,89,96,0.89,1846298,510137.1,2.42,877036.3,9.4,29.4,11.6,14,NA,6.4,NA,91,36,A+,5.7,17,16,12.9,5.7,7.5,24,32791,19,14,17,NA,14.6,3654,Yes,-4.25,17,4577,NA,No,6041,NA,No,No,Yes,14.33,0,No,21,1.5,23,17,New York Stock Exchange,No,79,No,89.68,Yes,98,814101.7,25,13,22.4,15.6,Yes,Yes,11.2,-1.3,FINANCE,6.2,NA,No,49,505957.3,No,No,No,1.2,8.8,NA,210.5,47.3,2026-07-31,MA,15,8,0,5,0,10,5,43,87.66666666666667,40,FALSE,FALSE,Other,Momentum Leader,52.3,Improving
3964,AX,Axos Financial Inc.,NA,8.2,8,7.6,105.2,5.8,0,0,2,25.9,3069400,NA,0,C-,No,No,No,No,Yes,-0.9,24.9,0,0.47,11.87,0.54,0.54,31,46.04,11,29.5,2.53,2.57,NA,16.3,17.8,19,17,No,Yes,9.4,18.2,13.8,12.4,16,22,13,15,17,No,No,17.7,101.41,Banks-Savings & Loan,NA,9.5,23,No,2.46,91.9,No,21,12,-4.6,5.6,0,105.2,63,28,-3,8.47,Yes,11,2.98,-3.6,63,80,95,1.29,35767,5602,2.51,56884.6,10.8,54.9,4.1,5.2,NA,2.4,NA,87,10,B+,0.2,14,11,6.5,0.8,0.7,72,1480.5,-3,18,14,NA,22.6,387,No,2.93,16,599,NA,No,518,NA,No,No,No,3.9,0,No,13,1.7,19,13,New York Stock Exchange,No,83,Yes,1.88,-,102,54332.6,23,1,15.6,23.4,No,No,7.7,-2.4,BANKS,5.8,NA,No,58,3979.8,Yes,Yes,No,17.4,13.7,NA,16.8,22.3,2026-07-31,AX,15,8,0,7,0,10,7,47,81.33333333333333,30,FALSE,FALSE,Other,Momentum Leader,65.9,Leading
3576,ADUS,Addus HomeCare Corp.,NA,3.7,4.1,4.8,120.63,0.8,0,0,0,32.7,1253032,NA,0,A+,No,No,No,No,Yes,1.49,12.9,0,1.83,19.05,1.12,1.12,55,82.78,16,9,2.91,2.93,NA,20.3,20.3,12,14,No,Yes,15.8,20.8,18.2,18,7,16,17,19,9,No,No,7.5,115.48,Medical - Home & Nursing Care,NA,0,19,Yes,3.12,11.3,No,9,18,17.7,6.9,0,124.44,72,9,8,6.44,Yes,3,-1.03,-7.2,63,88,93,0.67,24239,2177.8,3.1,18664.8,10.7,-33.2,14.9,19.2,NA,11.6,NA,90,16,A,4.9,12,7,16.1,1.9,5.8,71,1418.2,15,8,18,NA,17.2,240,Yes,-1.2,14,155,NA,No,468,NA,No,No,No,1.49,0,No,14,2.2,28,23,NASDAQ,No,76,No,1.93,Yes,96,18129.4,20,10,21.2,19.8,Yes,No,14.4,-1.5,MEDICAL,0.8,NA,No,63,2267.6,No,No,No,8.1,-20.4,NA,9.3,6.9,2026-07-31,ADUS,10,8,0,0,0,10,7,35,91.33333333333333,35,FALSE,FALSE,Other,Momentum Leader,50.1,Improving
4969,PAYX,Paychex Inc.,NA,6.5,6,5.7,124.74,2.9,0,0,0,293.8,19234786,07/28/2026,0,A+,No,No,No,No,No,2.43,16.4,4.2,1.26,16.45,1.4,1.93,63,91.87,20,35.5,3.31,3.49,NA,15.5,16.9,8,9,No,Yes,9.3,12.1,10.3,9.5,8,11,8,11,8,No,No,4.2,116.84,Comml Svcs-Outsourcing,NA,0,125,No,3.74,123.4,No,22,21,-4.8,6,0,143.58,115,27,7,5.51,Yes,3,0.44,-18.62,63,94,91,0.74,357285,41376.6,3.49,355682.9,12.2,-2.2,18.8,26.1,NA,13.3,NA,79,25,A+,1.1,22,7,12.7,1.4,5.3,61,6512,6,12,-2,NA,16.2,3462,Yes,0.51,8,3287,NA,No,2368,NA,No,No,No,6.38,0,No,11,1.3,15,17,NASDAQ,No,85,No,11.12,Yes,94,319210.2,11,5,12.8,16.9,Yes,Yes,16.9,-0.4,BUSINS SVC,2.9,NA,No,53,46892.6,No,No,No,-19,7.7,NA,44.8,26.2,2026-07-31,PAYX,15,0,0,0,0,10,7,32,92.66666666666667,35,FALSE,FALSE,Other,Momentum Leader,58.5,Strong
5294,VRSN,VeriSign Inc.,NA,2.9,2.2,2.2,295.36,3.6,2.6,1,0,722.8,1831555,08/19/2026,0.81,C,No,No,No,No,No,-2.55,22.7,1.1,0.59,24.93,2.22,2.42,78,121.53,28,64.5,3.16,3.38,NA,6.7,6.9,6,5,No,Yes,9.9,10.2,10.1,10,5,13,8,10,0,No,No,19.4,290.02,Computer Sftwr-Security,NA,0,131,No,8.97,0,No,39,31,1.6,2,0,312.48,74,7,11,9.22,Yes,5,1.2,-7.19,63,74,87,0.73,231253,25878.2,3.28,90300,11.7,36.2,15.3,8,NA,18.7,NA,76,2,B+,-1.6,11,13,3.5,4.3,6.4,50,1656.6,1,6,10,NA,6.3,851,No,3.44,8,1109,NA,No,2112,NA,No,No,No,15.33,0,No,8,1.1,11,6,NASDAQ,No,73,Yes,-11.63,Yes,98,89554.1,12,10,9.6,6.7,Yes,No,10.6,1.8,SOFTWARE,3.6,NA,No,51,27487.6,No,No,No,7.9,-11.7,NA,0,49.8,2026-07-31,VRSN,0,0,0,5,0,10,7,22,76.66666666666667,25,FALSE,FALSE,Other,Momentum Leader,62.1,Strong
4497,MTD,Mettler-Toledo International Inc.,NA,3.6,3.4,3.5,1465.01,6.7,1.5,1,1,708.7,786539,NA,0,A+,No,No,No,No,No,13.65,35,0,1.12,30.63,6.31,6.31,78,122.19,29,26.1,2.96,2.88,NA,6.3,6.9,2,2,No,Yes,6,10,9.8,8.8,9,5,4,9,0,Yes,No,1.6,1416.3,Machinery-Gen Industrial,NA,1.5,65,No,36.58,15945.4,No,66,32,3.7,3.9,0,1525.17,110,72,-8,44.88,Yes,5,2.59,-7.14,63,93,79,1.12,251765,27898.8,2.82,20207.6,4.8,24.4,10.9,10.9,NA,3.1,NA,63,73,A+,6.1,10,9,13.4,4,5.4,34,4026.4,8,4,4,NA,5.8,207,Yes,35.69,9,257,NA,No,2271,NA,No,No,No,6.92,0,No,14,1.6,9,4,New York Stock Exchange,No,79,No,-666.11,Yes,100,20060.2,8,9,11.2,6.6,Yes,Yes,7.2,-0.3,MACHINE,6.7,NA,No,63,30253.3,Yes,No,No,14.8,-6.4,NA,0,22.7,2026-07-31,MTD,10,0,0,5,0,10,5,30,83.33333333333333,15,FALSE,FALSE,Other,Momentum Leader,47.4,Improving
3725,AMCR,Amcor PLC,NA,6.8,7.3,7.8,46.95,0.8,5,1,0,137.1,29661088,05/28/2026,0,B+,No,No,No,No,No,8.85,45,5.8,1.44,10.29,0,0,30,119.85,10,4.3,2.95,2.96,NA,51.7,65.2,6,11,No,No,5.2,10.9,6.9,5.7,8,-2,0,7,4,No,No,7.6,44.88,Containers/Packaging,NA,0,78,Yes,1.28,137.8,Yes,20,12,8.1,6.4,0,50.94,117,38,-4,3.79,No,5,-0.6,-11.9,63,81,75,0.73,147498,20874.9,3.05,462345.7,7.6,110.8,3.5,18,NA,1.4,NA,54,51,B+,0.3,12,15,9.2,1.8,2.9,78,15009,-4,77,1,NA,72.8,3563,Yes,-0.27,19,8643,NA,No,1581,NA,No,No,No,0.94,0,No,7,1.2,7,10,New York Stock Exchange,No,66,No,1.78,-,96,461121.7,19,-5,6.7,72.3,Yes,Yes,7,0.8,MISC,0.8,NA,No,45,35295.9,Yes,Yes,Yes,-4,39.4,NA,6.5,4.7,2026-07-31,AMCR,10,0,0,10,0,10,5,35,80,5,FALSE,TRUE,Other,Momentum Leader,56.9,Strong
4952,PANL,Pangaea Logistics Solutions Ltd.,NA,1.8,2.1,2,7.78,-0.7,0,0,6,72.7,1264855,06/01/2026,0,C-,No,No,No,No,No,4.01,13,2.6,1.63,8.51,0,0,56,54.66,8,3.2,4.17,3.98,NA,22.1,23.3,-1,6,Yes,No,32.7,145.8,79.4,39.2,15,-24,-38,-16,2,Yes,No,10.6,7.61,Transportation-Ship,NA,12.2,10,No,0.28,70.3,Yes,49,18,-1.8,4,0,9.39,14,17,-18,0.42,No,56,0.93,-18.96,63,57,67,0.85,3843,493.2,3.68,65414.9,4.3,-42.4,17.1,-0.7,NA,-10.3,NA,50,18,C,153.8,355,-28,2.2,1.7,5.9,28,632.1,-6,39,-58,NA,31.9,527,No,0.07,1286,296,NA,No,202,NA,No,No,No,0.73,0,No,467,1,0,18,NASDAQ,No,44,No,1.13,-,99,31245.4,-29,-120,233.3,24.7,Yes,Yes,-1.1,12.2,TRANSPORTATION,-0.7,NA,Yes,47,753.2,No,No,No,56.3,-51.9,NA,4.5,7.8,2026-07-31,PANL,32,15,0,0,0,10,5,62,64.33333333333334,5,TRUE,TRUE,CANSLIM Growth,CANSLIM Growth,57.8,Strong
5291,VRNS,Varonis Systems Inc.,NA,3.8,3.1,3.5,48.43,-12.7,0,0,0,436,7963390,NA,0,A-,No,No,No,No,Yes,1.1,38.1,0,1.65,31,5.37,5.37,97,0,180,-18.7,5.7,6.21,NA,16.1,15.9,13,12,No,Yes,379.6,749.8,552.3,433.9,14,31,-13,-24,-25,No,No,21.8,39.95,Computer Sftwr-Database,NA,0,142,No,2.57,116.1,No,20,166,12.2,7.3,0,63.9,78,142,24,0.24,Yes,51,0.05,-37.48,63,78,59,1.3,86732,4586.4,5.44,114860.5,20.2,-20.4,-4.8,51.9,NA,33.9,NA,93,137,C,409.4,-18,179,3.8,-12.4,-11.8,-,623.5,-14,18,-42,NA,22.6,2230,No,0.02,-57,1751,NA,No,468,NA,No,No,No,6.67,0,No,33,1.6,2272,13,NASDAQ,No,85,No,10.32,-,85,109032.3,-56,-40,1152.4,18.2,Yes,Yes,29.8,-1.1,SOFTWARE,-12.7,NA,No,72,4268,No,No,No,-28.4,27.1,NA,-24.5,-25.9,2026-07-31,VRNS,20,15,0,0,0,10,10,55,83.66666666666667,20,FALSE,FALSE,CANSLIM Growth,CANSLIM Growth,62.1,Strong
3783,AON,Aon PLC,NA,2.5,2.3,2.9,382.34,-0.3,0,0,3,2447.1,4554648,08/03/2026,0.82,A,No,No,No,No,No,9.02,26.4,0.9,1.03,22.49,1.82,1.98,60,77.28,18,27.5,2.71,2.93,NA,6.1,4.9,9,13,No,Yes,10.8,11.1,11.3,12.9,46,10,10,12,40,No,No,2.2,360.55,Insurance,NA,2.3,94,Yes,10.2,142.5,No,129,20,26.2,2.2,0,382.34,81,34,0,18.19,Yes,3,-1.64,-5.7,62,72,91,0.55,533793,77758.8,2.85,212125.4,8.9,-15.4,8.7,15.7,NA,3.1,NA,76,32,A,0.2,12,12,8.1,0.3,1.9,12,17181,10,2,9,NA,4.3,1618,Yes,-6.02,12,1316,NA,No,2649,NA,No,No,No,4.35,0,No,9,0.9,14,10,New York Stock Exchange,No,63,No,7.96,Yes,94,209969,10,12,11.7,4.1,Yes,No,10,2,INSURANCE,-0.3,NA,No,56,91031.7,No,No,No,1.4,45,NA,47.8,13,2026-07-31,AON,0,0,0,0,0,10,5,15,82,35,FALSE,FALSE,Other,Momentum Leader,65,Strong
4970,PB,Prosperity Bancshares Inc.,NA,7.1,6.2,4,75.33,2.4,0.4,1,10,531.1,4647173,09/15/2026,0.6,A,No,No,No,No,No,0,14.4,3.3,0.06,12.93,0,0,35,50.28,12,39.9,1.99,1.99,NA,11.6,13.3,3,7,Yes,Yes,9.5,3.7,4.8,8.1,61,-1,7,3,4,No,No,8.3,74.87,Banks-Regional,NA,3.7,53,Yes,1.45,0.8,Yes,269,13,-35.7,4.1,0,77.2,56,30,3,5.77,Yes,9,0.07,-3.02,62,72,87,0.74,84898,8967.5,2.11,119854.7,7.7,-18.7,2.5,7.5,NA,8.5,NA,60,20,A+,11.2,0,27,4.9,2,3,38,1249.8,12,26,13,NA,22.9,1193,Yes,0.05,-4,989,NA,No,596,NA,No,No,No,6.45,0,No,18,1.5,-15,-3,New York Stock Exchange,No,66,Yes,0.91,Yes,100,114624.4,9,8,1.1,16.4,Yes,Yes,6.5,-1,BANKS,2.4,NA,No,48,9336.5,No,No,No,12.4,6.5,NA,7.2,32.4,2026-07-31,PB,17,0,0,0,0,10,5,32,75.66666666666667,25,FALSE,TRUE,Other,Momentum Leader,65.9,Leading
4371,MHK,Mohawk Industries Inc.,NA,5.6,4.9,5.3,125.54,8.7,0,0,0,631.5,4143387,NA,0,D+,No,No,No,No,Yes,0.59,10.8,0,1.92,7.27,0,0,31,62.74,14,4.3,4.02,4.07,NA,3.7,4.6,-1,-1,No,No,4.4,20,13,8.9,28,-11,2,12,5,Yes,No,12.6,123.1,Building - Construction Products,NA,0,81,Yes,4.59,17.3,No,64,12,8.4,8.3,0,143.13,50,51,-7,10.24,No,13,2.96,-13.99,62,92,74,1.26,82544,7287.6,3.84,60953.1,7,173.2,1.5,16.6,NA,4,NA,75,79,B+,42,1,9,9.1,6.5,6,91,10785.4,6,7,-8,NA,7.4,747,Yes,3.54,-8,2017,NA,No,655,NA,No,No,No,0.67,0,No,32,1.4,25,0,New York Stock Exchange,No,83,No,0.87,-,102,50059.3,3,-8,28.7,5.7,Yes,Yes,7.8,-3.4,BUILDING,8.7,NA,No,68,8515.8,No,No,No,7.5,97,NA,4.6,6.6,2026-07-31,MHK,15,8,0,10,0,10,5,48,83,30,TRUE,FALSE,Other,Momentum Leader,35,Weak
5030,TRIP,Tripadvisor Inc.,NA,9.1,8.4,8.2,15.04,3.4,0,0,0,291.9,32680502,NA,0,A-,No,No,No,No,Yes,2.85,7.5,0,1.25,7.57,0.28,0.28,38,574,10,2.4,5.15,4.75,NA,1.5,1.6,26,5,No,Yes,-36.9,-78.4,-54.3,-40.1,8,49,12,-21,5,No,No,-2.7,14.16,Leisure-Travel Booking,NA,0,124,No,0.65,140.8,No,17,14,-3.2,30.4,0,20.16,120,86,-1,1.04,Yes,45,-0.18,-29.74,62,91,57,1.42,46878,1651.2,4.66,116361.2,11,-48.2,3.3,27.3,NA,6.6,NA,36,56,A,-68.8,3,20,11.7,-0.4,0.9,83,1891.3,1,-4,-2,NA,-1.9,3751,Yes,-0.03,-18,1884,NA,No,411,NA,No,No,No,0.88,0,No,-179,1.8,-87,3,NASDAQ,No,86,No,2.64,Yes,94,107571.9,30,18,-132.6,0,No,No,18.7,-2.4,LEISURE,3.4,NA,No,78,1912.5,No,No,No,-19,-38.9,NA,5,-8.5,2026-07-31,TRIP,0,0,0,0,0,10,7,17,80,5,FALSE,FALSE,Other,Momentum Leader,52.1,Improving
5353,WEAV,Weave Communications Inc.,NA,4.2,4.1,4.4,7.22,6,0,0,0,50.4,5068300,NA,0,B,No,No,No,No,No,6.6,50.3,0,1.07,28.45,1.01,1.01,92,0,37,-12.1,5.63,5.6,NA,17.1,16.8,21,19,Yes,Yes,235.1,55.6,202.7,202.2,4,65,124,32,-38,Yes,No,-13.8,6.54,Computer Sftwr-Medical,NA,0,141,No,0.36,47.7,Yes,23,65,6.9,7.6,0,8.11,126,81,-5,0.1,Yes,64,-0.3,-19.36,62,81,52,1.47,6446,522,5.7,79565.6,8.7,-42.9,9.2,33.2,NA,0.6,NA,44,76,B,33.3,109,40,7.1,-2.5,-3.2,21,239,142,17,60,NA,17.2,1063,No,-0.02,75,602,NA,No,168,NA,No,No,No,2.09,0,No,200,1.2,0,17,New York Stock Exchange,No,68,No,6.23,-,93,66521.7,-33,644,100,17.1,Yes,Yes,11.9,-1.8,SOFTWARE,6,NA,No,49,523.4,No,No,No,-10.4,-14.1,NA,-37.6,-8.8,2026-07-31,WEAV,30,15,0,0,0,10,5,60,77,10,TRUE,FALSE,CANSLIM Growth,CANSLIM Growth,62.1,Strong
4500,MTG,MGIC Investment Corp.,NA,5,4.8,4.9,31.89,1.3,0,0,3,2447.1,9411269,08/05/2026,0.17,A+,No,No,No,No,Yes,0.65,9,2.3,3.02,8.28,0.7,0.85,19,36.55,9,76.5,2.1,2.19,NA,-1.6,-1.9,1,2,No,Yes,6.9,3.9,4.8,5.2,85,11,9,4,12,No,No,2.8,30.04,Insurance,NA,2.3,94,No,0.62,12.9,Yes,129,9,2.1,4.5,0,31.89,81,34,6,3.21,Yes,11,-1.35,-5.8,61,77,83,0.78,50370,6246.1,2.24,205124.9,11.4,-3.7,6.5,13.4,NA,11.6,NA,60,32,A,14,1,4,11.9,2.9,5.4,68,1213.6,15,-3,8,NA,-3,1861,Yes,-0.41,-6,1935,NA,No,722,NA,No,No,No,5.15,0,No,6,0.9,1,0,New York Stock Exchange,No,76,No,1.24,-,94,201931.8,4,8,3.7,-2.3,Yes,No,12.3,-5.4,INSURANCE,1.3,NA,No,61,6738,No,No,No,16,12,NA,14.3,61.7,2026-07-31,MTG,0,0,0,0,0,10,7,17,78.66666666666667,45,FALSE,FALSE,Other,Momentum Leader,65,Strong
4401,MLI,Mueller Industries Inc.,NA,2.9,1.5,2.8,68.49,3.9,0,0,1,135,4044056,06/05/2026,0,D,No,No,No,No,Yes,0.01,19.2,2.2,4.78,19.6,1.07,1.24,53,67.91,16,24.2,3.4,3.63,NA,14.2,14.2,3,10,Yes,Yes,28.4,23.7,24.6,31.1,24,14,14,23,18,No,No,15.7,66.41,Metal Products - Distributors/Fabrication,NA,3.4,11,Yes,2.25,0.5,Yes,29,17,90.9,1.9,0,70.95,34,43,-9,3.84,Yes,20,-0.67,-6.4,61,58,82,1.06,95742,14788.2,3.63,221181.4,11.4,-97.9,8,-1.9,NA,-2.4,NA,76,63,D+,3.9,21,6,4.7,7,11.8,52,4178.5,0,25,29,NA,22.4,1529,No,-0.45,12,1604,NA,No,883,NA,No,No,No,3.15,0,No,2,1.1,55,11,New York Stock Exchange,No,59,Yes,4.14,Yes,99,216602.3,14,27,28.6,16.3,Yes,No,7.5,-2.4,METALS,3.9,NA,No,58,13084.9,Yes,No,No,55.6,-3,NA,25.6,17.5,2026-07-31,MLI,5,8,0,0,0,10,7,30,69,55,FALSE,TRUE,Value + Quality,Value + Quality,52.3,Improving
4056,KSPI,Kaspi.kz JSC ADR,NA,3.7,2.9,2.9,89.84,3.5,2.4,1,0,1811.6,1254783,06/12/2026,0,D,No,No,No,No,No,-1.41,6.2,4.1,0.96,5.31,0.27,0.31,15,31.84,7,32.9,3.28,3.06,NA,46.3,50.5,38,47,No,Yes,-0.8,-6.5,-6.4,-4.8,7,27,13,-8,44,No,No,13.6,88.78,Finance-CrdtCard/PmtPr,NA,0,127,No,2.66,11.8,No,41,8,0.9,0.8,0,99.2,113,62,6,10.77,Yes,14,-0.29,-10.5,61,61,77,0.37,34722,16634.9,2.78,190015.7,11.9,-25.2,2.5,3.4,NA,16.6,NA,66,36,C,0.2,13,15,2.4,2.2,1.2,71,8105.8,20,46,-7,NA,51.5,401,No,-0.26,11,297,NA,No,329,NA,Yes,No,No,1.98,0,No,2,1.1,-14,44,NASDAQ,No,69,Yes,3,Yes,100,147641.1,-8,-6,-5.9,53.7,Yes,No,9.7,-3.2,FINANCE,3.5,NA,No,22,16316.4,No,No,No,12.5,-33.6,NA,52.8,23.1,2026-07-31,KSPI,7,0,0,0,0,10,7,24,68.33333333333333,45,FALSE,FALSE,Value + Quality,Value + Quality,52.3,Improving
4375,MIAX,Miami International Holdings Inc.,NA,3.4,3.9,3.6,47.32,10,0,0,0,564.3,7572771,NA,0,D-,No,No,No,No,Yes,0.08,18.8,0,2.77,19.57,0,0,74,263.25,28,-5,5,4.75,NA,-28,-39.9,0,-1,No,Yes,309.7,701.8,507.2,341.1,23,-,-,287,-11,No,No,6,47.04,Finance-Invest Bnk/Bkrs,NA,0,103,No,1.93,1.4,Yes,37,28,-8.4,8.8,0,57.14,129,59,4,1.68,No,0,2.26,-17.68,61,70,73,0.64,82519,4452.3,4.52,96788.6,5.8,-41.4,26.6,1.2,NA,12.7,NA,81,64,C-,14.6,-11,15,7.6,6.6,8.8,13,430.5,865,-61,38,NA,-61.1,2030,Yes,1.04,29,1351,NA,No,322,NA,No,No,No,6.6,0,No,259,0.9,705,20,New York Stock Exchange,No,72,No,4.16,-,100,86268.8,1141,-77,482.1,-60.9,No,No,6.8,10.3,FINANCE,10,NA,No,44,3978.6,No,No,No,0,-34.3,NA,-11.2,46,2026-07-31,MIAX,25,15,0,0,0,10,5,55,70,40,FALSE,FALSE,CANSLIM Growth,CANSLIM Growth,52.3,Improving
4509,MTUS,Metallus Inc.,NA,6.8,5.3,5.7,21.74,-4.1,0,0,0,63.2,1989374,NA,0,C,No,No,No,No,No,0.04,-7.9,0,1.73,52.69,0,0,86,1401.44,21,0.2,3.82,3.96,NA,9.3,14.8,0,-6,No,No,44.5,147.8,119.1,77.8,4,-,-52,931,0,No,No,17.2,20.12,Steel-Specialty Alloys,NA,0,30,No,0.77,1.3,No,10,42,6.5,5.6,0,21.74,10,10,-7,0.48,No,0,1.41,-7.44,61,68,52,1.38,7300,825.9,3.89,41627.8,8.6,27.9,7.7,4.6,NA,0.9,NA,47,49,E,20,124,61,1.8,-1.5,2.2,33,1158.3,-70,10,-35,NA,10.5,375,No,0.28,20,547,NA,No,330,NA,No,No,No,0.71,0,No,157,0.7,-125,7,New York Stock Exchange,No,66,Yes,1.23,-,93,35262.5,411,33,16.1,18.6,Yes,Yes,6.4,1.5,METALS,-4.1,NA,No,68,690.4,Yes,No,No,27.3,16.2,NA,-0.2,1.8,2026-07-31,MTUS,25,15,0,5,0,10,5,60,62.333333333333336,20,TRUE,FALSE,CANSLIM Growth,CANSLIM Growth,52.3,Improving
3531,ACGL,Arch Capital Group Ltd.,NA,3.8,3.4,3.8,107.08,-2.7,0,0,3,2447.1,8806401,NA,0,A-,No,No,No,No,No,-0.18,6.4,0,0.46,6.12,0.29,0.29,19,30.57,11,23,2.34,2.54,NA,-0.4,-4.3,16,9,No,Yes,16,31.1,33.2,26.6,24,32,12,31,20,No,No,4.8,100.53,Insurance,NA,2.3,94,No,2.53,18.5,No,129,9,10.6,2.6,0,107.08,81,34,-1,10.81,Yes,19,-0.6,-6.12,60,60,93,0.48,208815,35337.3,2.67,349389.6,6.8,-18.1,3.6,6.4,NA,4.7,NA,88,32,A,3.8,-5,5,5,-0.9,-0.3,69,16476,10,-7,6,NA,-5.3,2213,Yes,-0.61,-34,1744,NA,No,2227,NA,No,No,No,2.19,0,No,-1,1.1,62,15,NASDAQ,No,56,Yes,1.48,Yes,94,339912.8,32,39,30.8,-5,Yes,No,5.4,-0.5,INSURANCE,-2.7,NA,No,56,36155.3,No,No,No,16.8,-14.6,NA,19.5,23.6,2026-07-31,ACGL,0,12,0,0,0,10,5,27,73,45,FALSE,FALSE,Value + Quality,Value + Quality,65,Strong
4965,PAYC,Paycom Software Inc.,NA,4.2,3.9,3.6,172.54,12.8,0.9,1,4,4899,3602568,05/26/2026,0,A,No,No,No,No,No,0.84,15.3,1,1.02,13.55,0.78,0.81,52,72.5,14,30.2,4.76,4.86,NA,8.8,9.4,19,12,No,Yes,15,11.4,15.4,13.9,26,21,11,13,23,No,No,2.9,163.96,Comp Sftwr - Enterprise,NA,3.5,134,No,6.83,90.6,No,114,17,-7.6,8.9,0,248.95,109,117,14,9.6,Yes,8,1.51,-34.14,60,97,88,1.24,125946,7693.4,5.23,47631.4,11.1,-2.2,30.5,29.3,NA,21.7,NA,83,39,A+,5.5,18,13,16.8,7.8,11.9,47,2051.7,6,8,13,NA,9,919,Yes,2.44,15,867,NA,No,817,NA,No,No,No,3.73,0,No,13,1.4,6,9,New York Stock Exchange,No,88,No,9.41,Yes,95,40622.2,16,27,9.1,9.1,Yes,Yes,19.5,-3.2,SOFTWARE,12.8,NA,No,61,7766.2,No,No,No,-29.2,14.5,NA,27.4,27.2,2026-07-31,PAYC,10,0,0,0,0,10,7,27,91.66666666666667,40,FALSE,FALSE,Other,Momentum Leader,62.1,Strong
5035,TRN,Trinity Industries Inc.,NA,7.1,7.1,6.8,38.3,-16.5,0,0,0,57.6,5177931,07/15/2026,0,A,No,No,No,No,Yes,15.72,-17.7,3.3,2.09,7.2,0.14,0.15,12,30.87,18,17.4,3.42,3.57,NA,-21.2,-16.5,8,-12,No,Yes,160.9,353.5,262.2,195.5,7,48,40,276,17,No,No,18.2,31.24,Transportation-Equip Mfg,NA,0,37,No,1.28,457.2,Yes,9,7,-4,6.6,0,38.3,43,1,13,4.26,Yes,28,-8.97,-18.44,60,20,80,1,26657,2728.6,3.84,79505.5,10.1,110,-9.7,-4.2,NA,8.7,NA,98,17,E,-6.4,-29,0,-1.1,-7,-4.5,83,2156.9,32,-4,73,NA,-10.1,793,Yes,-3.08,-30,1915,NA,No,437,NA,No,No,No,1.22,0,No,558,1.1,10,-30,New York Stock Exchange,No,33,Yes,2.18,Yes,82,78298.8,492,-12,284.1,-7.7,Yes,Yes,5.5,1.6,TRANSPORTATION,-16.5,NA,No,64,8143.5,Yes,Yes,Yes,34.1,50.3,NA,24.4,21.1,2026-07-31,TRN,25,15,0,10,0,10,7,67,53.333333333333336,40,TRUE,FALSE,CANSLIM Growth,CANSLIM Growth,57.8,Strong
4731,NTES,NetEase Inc. ADR,NA,3.6,2.6,2.4,135.3,11.5,8.7,2,1,295,2556355,03/16/2026,0,D,No,No,No,No,Yes,0,6.8,2.5,3.28,12.15,0.68,0.77,49,69.06,14,36.3,2.99,3.02,NA,9.2,9.8,5,5,No,Yes,16.3,3.3,8.1,13.2,14,21,13,5,19,No,No,-3.2,133.27,Computer Sftwr-Gaming,NA,4.3,136,No,3.8,0,Yes,23,16,-7.4,0.4,0,159.55,139,118,-7,8.28,Yes,9,1.04,-16.47,60,85,79,0.74,133526,84078.4,2.93,643912.9,3.5,-36.3,4,13.4,NA,3.4,NA,73,103,A-,15.4,15,10,6.1,4.1,2.6,31,16232.9,3,13,17,NA,10.2,1087,No,1.38,12,677,NA,No,411,NA,Yes,No,No,5.25,0,No,6,1.3,-24,7,NASDAQ,No,75,No,3.54,Yes,101,638214.5,28,23,-9.1,10,No,No,7.4,-1,SOFTWARE,11.5,NA,No,4,59827.6,No,No,No,2.3,-43.2,NA,22.4,34.9,2026-07-31,NTES,5,0,0,0,0,0,5,10,76.66666666666667,50,FALSE,FALSE,Value + Quality,Momentum Leader,62.1,Strong
3979,AYI,Acuity Inc.,NA,3.9,3.4,3.6,346.11,-0.5,0,0,0,631.5,1456107,07/17/2026,0,D+,No,No,No,No,Yes,1.06,15.4,0.2,2.05,17.28,1.19,1.21,52,86.04,15,11.5,3.97,4.3,NA,13.1,11,4,6,No,Yes,14.6,10.9,13.4,15.4,31,14,12,13,15,No,No,-8.8,328.39,Building - Construction Products,NA,0,81,No,14.26,27.3,No,64,17,6.1,4.9,0,380.17,50,51,1,19.34,Yes,4,-2.8,-13.62,60,69,75,1.12,128300,10113.7,3.37,29935.5,5.1,48.4,-12.8,13.3,NA,6.2,NA,77,79,D+,2.6,10,10,5.8,1.5,-0.2,60,4345.6,11,2,16,NA,3.3,398,No,-9.46,9,569,NA,No,921,NA,No,No,No,2.13,0,No,4,1.7,11,13,New York Stock Exchange,No,65,No,3.47,-,95,29798.3,18,21,7.4,8.9,Yes,No,9.6,-3.7,BUILDING,-0.5,NA,No,67,10695.6,Yes,Yes,Yes,5.5,-7.6,NA,15.5,11.8,2026-07-31,AYI,0,0,0,5,0,10,5,20,70,45,FALSE,FALSE,Value + Quality,Value + Quality,35,Weak
5327,W,Wayfair Inc. Cl A,NA,3.8,3.5,3.9,97.96,0.9,3.3,2,0,3373,14747320,NA,0,E,No,No,No,No,No,-9.23,34.4,0,0.76,20.35,0,0,78,0,28,-2.4,6.33,5.81,NA,5.5,6.8,-3,1,No,Yes,151.2,272.7,225.8,206.9,8,-3,139,434,0,No,No,-15.4,84.9,Retail-Internet,NA,0,104,No,5.15,0,Yes,60,32,9.5,14.3,0,119.98,35,109,-23,2.68,Yes,99,-5.44,-29.24,60,69,60,2.69,291703,11850.6,5.56,111018.5,2.9,-8.1,-8.1,32.8,NA,-18,NA,80,29,E,-8.6,6,34,9.8,1.7,0.1,21,12457,112,7,1900,NA,7.1,3648,No,-4.88,4,3248,NA,No,642,NA,No,No,No,0.74,0,No,160,1.1,440,5,New York Stock Exchange,No,52,No,-3.93,-,87,102778.2,218,85,300,7.5,Yes,Yes,7,-9.8,RETAIL,0.9,NA,No,75,14506.7,No,No,No,29.3,5.8,NA,0,-3.6,2026-07-31,W,25,15,0,0,0,10,5,55,75,30,FALSE,FALSE,CANSLIM Growth,CANSLIM Growth,52.4,Improving
5008,TOWN,Towne Bank,NA,4.4,4.6,4.1,39.02,3.4,0.4,1,10,531.1,2540121,06/26/2026,0,A-,No,No,No,No,No,-0.04,27.6,3.1,0.12,11.13,0,0,33,41.37,11,18.8,2.04,2.04,NA,22.9,24,5,9,No,No,26.5,10.8,18.9,23.5,119,-1,13,16,3,No,No,13.6,37.91,Banks-Regional,NA,3.7,53,Yes,0.74,13.5,No,269,12,-10.1,2.8,0,39.02,56,30,1,3.05,Yes,15,-0.79,-2.86,59,72,90,0.74,23675,3522.4,2.08,92185.2,10.3,-2.2,4.6,6.6,NA,8.3,NA,66,20,A,-1.4,4,11,7.8,3.2,4.7,48,833.6,1,18,39,NA,24,670,Yes,-0.3,-1,631,NA,No,373,NA,No,No,No,3.77,0,No,-4,1.5,9,9,NASDAQ,No,68,Yes,1.15,-,97,90626.2,27,43,2.6,24.1,Yes,No,9.1,0,BANKS,3.4,NA,No,39,3864.3,No,No,No,8.2,-5.6,NA,7.4,37.2,2026-07-31,TOWN,5,0,0,0,0,10,7,22,75.66666666666667,25,FALSE,FALSE,Other,Momentum Leader,65.9,Leading
3610,AFRM,Affirm Holdings Inc. Cl A,NA,3.6,3.9,3.5,77.46,1.8,2.4,1,0,1811.6,16725898,NA,0,D+,No,No,No,No,Yes,3.03,27.8,0,15.31,30.72,1.97,1.97,92,252.14,44,2.1,5.39,4.84,NA,33,32.2,43,40,No,Yes,602.1,1040.1,840.8,693.1,39,33,102,220,2,No,No,-3.9,71.51,Finance-CrdtCard/PmtPr,NA,0,127,No,3.75,235.5,Yes,41,65,-10,5.9,0,100,113,62,10,1.1,Yes,0,-2.38,-28.49,59,57,73,3.19,319901,24531.3,4.47,294357.8,10.8,-41.2,-12.3,11.2,NA,18.6,NA,75,36,D,76.1,734,44,-0.7,-0.6,-6.9,5,3224.4,50,33,109,NA,31.1,4382,No,-1.74,74,2525,NA,No,1217,NA,No,No,No,5.3,0,No,2900,1,46,28,NASDAQ,No,66,No,6.33,-,97,281285.6,174,243,1473.1,32,Yes,Yes,13.5,5.4,FINANCE,1.8,NA,No,65,29764,No,No,No,4.3,-37.4,NA,1.8,10.6,2026-07-31,AFRM,32,15,0,0,0,10,7,64,63,20,TRUE,TRUE,CANSLIM Growth,CANSLIM Growth,52.3,Improving
3953,AVPT,AvePoint Inc. Cl A,NA,6.2,7.1,5,13.4,6.5,0,0,0,436,12448691,NA,0,B+,No,No,No,No,Yes,0.04,16.4,0,2.16,35.04,0,0,80,243.97,31,9.7,4.46,4.62,NA,26.8,27.2,0,23,No,Yes,187.8,172.1,299.1,256.8,16,-,82,407,9,No,No,-6.2,13.03,Computer Sftwr-Database,NA,0,142,No,0.55,3,No,20,34,-30,8.8,0,18.71,78,142,1,0.38,Yes,0,1.64,-30.36,59,94,65,1.21,26495,2718.1,4.44,212017.2,8.9,-20.8,16.2,33.6,NA,12,NA,72,137,A+,22.4,22,23,12.4,0.6,2.6,33,419.5,-30,26,447,NA,27.3,2362,Yes,0.21,35,1756,NA,No,341,NA,No,No,No,6.23,0,No,61,2.2,376,27,NASDAQ,No,85,No,6.29,-,98,141065.1,80,680,218.1,26,Yes,No,15,-0.9,SOFTWARE,6.5,NA,No,48,2296.9,No,No,No,-31.7,-11.5,NA,9.3,13,2026-07-31,AVPT,27,15,0,0,0,10,5,57,87.66666666666667,35,FALSE,FALSE,CANSLIM Growth,CANSLIM Growth,62.1,Strong
4404,MLP,Maui Land & Pineapple Co. Inc.,NA,14,12.2,12.7,18.01,1,0,0,1,229.9,214738,NA,0,A,No,No,No,No,No,3.5,-109.6,0,1.38,105.99,0,0,15,0,0,-54.4,3.91,3.72,NA,49.7,28.7,5,19,No,No,-116,67.6,62.4,-55.1,18,-,-,-,-32,No,No,2.4,17.34,Real Estate Dvlpmt/Ops,NA,1.7,57,No,0.66,22,No,60,0,4.3,3.1,0,20.34,92,115,-2,-0.22,No,0,-3.02,-14.75,59,66,58,0.58,319,355.2,3.11,19864.6,8.8,43,-2.5,11.7,NA,1.2,NA,51,106,A,0,0,0,3.4,4.8,5.1,15,19.5,-140,-41,-50,NA,-4.4,18,No,-0.54,0,25,NA,No,114,NA,No,No,No,20.19,0,No,76,1.3,16,68,New York Stock Exchange,No,55,Yes,10.71,Yes,96,6882.8,110,47,46.2,13.6,Yes,No,7.4,-4.2,REAL EST,1,NA,No,21,353.2,No,No,No,1.9,11.2,NA,-31.9,-60.5,2026-07-31,MLP,20,15,0,5,0,10,5,55,63,15,TRUE,FALSE,CANSLIM Growth,CANSLIM Growth,44.1,Weak
3906,ATHM,Autohome Inc. ADR,NA,4,3.7,4.4,23.38,10,3.1,2,0,5678.3,3290225,12/31/2025,0,A+,No,No,No,No,Yes,0,0,11.3,8.15,22.15,0,0,55,69.36,17,22.1,4.35,4.16,NA,-10.2,-10.3,-6,-5,No,No,-26.8,-33.9,-30.1,-25.9,49,-15,-16,-24,3,No,No,4.3,23.22,Internet-Content,NA,0,18,No,0.83,0.2,No,65,18,16.6,2.8,0,29.92,28,133,-7,1.31,No,20,1.53,-22.39,59,97,48,0.83,15668,2769.9,4.35,123743.3,9.2,2,22,24.6,NA,5.4,NA,17,94,A+,-75.4,-33,17,20.8,5.4,10.6,24,940.8,-15,-23,-7,NA,-18.1,821,Yes,0.35,-37,808,NA,No,292,NA,Yes,No,No,3.33,0,No,-86,1.3,-18,-8,New York Stock Exchange,No,88,No,0.83,-,99,115633.3,2,-19,-52,-12,No,No,16.3,-3,INTERNET,10,NA,Yes,29,-118.8,No,No,No,-14.3,32.6,NA,5.9,4.2,2026-07-31,ATHM,0,0,0,0,0,10,5,15,78,25,FALSE,FALSE,Other,Momentum Leader,51,Improving
4999,PCTY,Paylocity Holding Corp.,NA,3.8,3.5,3.7,149.04,10.1,0.9,1,4,4899,2974110,NA,0,A+,No,No,No,No,No,0.88,11.7,0,1.05,18.65,0.5,0.5,53,112.21,16,19.4,4.56,4.71,NA,11.8,11.4,24,16,No,Yes,10.6,15.4,12.9,12.3,31,34,17,13,20,No,No,-9.6,137.9,Comp Sftwr - Enterprise,NA,3.5,134,No,5.58,10.6,Yes,114,17,5.5,7,0,197.78,109,117,-3,8.05,Yes,13,0.87,-30.28,58,97,90,1.19,83205,7320,5.02,53544.1,9.4,-25.5,31.9,30.7,NA,2.2,NA,89,39,A+,12,13,7,19.1,6.4,11.8,45,1595.2,28,11,9,NA,10.4,738,Yes,1.19,4,526,NA,No,685,NA,No,No,No,4.27,0,No,19,1.1,22,14,NASDAQ,No,80,No,6.25,Yes,93,42711,5,5,20.3,11.1,Yes,Yes,16.4,0.1,SOFTWARE,10.1,NA,No,68,7572.5,No,No,No,-25.4,1.7,NA,20,22.1,2026-07-31,PCTY,15,8,0,0,0,10,5,38,96.66666666666667,50,FALSE,FALSE,Other,Momentum Leader,62.1,Strong
3809,APPN,Appian Corp. Cl A,NA,5.4,5.9,6.3,29.25,13.5,0.9,1,4,4899,5989933,NA,0,C+,No,No,No,No,No,9.89,29.3,0,1.04,32.01,1.03,1.03,82,9385,26,0.9,6.36,6.12,NA,18.4,20.3,18,15,No,Yes,557.7,1060.8,821,687.7,30,35,111,165,0,No,No,-23.9,26.96,Comp Sftwr - Enterprise,NA,3.5,134,No,1.47,0,No,114,36,7.1,16.3,0,46.06,109,117,-15,0.74,Yes,72,1.81,-41.47,58,94,76,1.61,21500,1944,6.25,42324.7,-5.5,-29.3,17.7,29.7,NA,-3.4,NA,80,39,A,47.2,62,27,11.9,4.4,5.9,24,726.9,57,21,274,NA,21.6,902,Yes,0.48,-37,622,NA,No,294,NA,No,No,No,1.5,0,No,108,1.2,2961,18,NASDAQ,No,67,No,-33.61,-,92,36741.3,113,102,1534.5,21.5,Yes,No,4.8,-6.1,SOFTWARE,13.5,NA,No,58,2056.4,No,No,No,-2.4,-10.6,NA,0,-0.8,2026-07-31,APPN,30,15,0,0,0,10,0,55,86,35,FALSE,FALSE,CANSLIM Growth,CANSLIM Growth,62.1,Strong
5295,VRT,Vertiv Holdings Co.,NA,2.6,2.2,1.8,313.61,-16.8,3.5,2,2,892.1,11209855,06/15/2026,0,E,No,No,No,No,No,1.18,44.9,0.1,1.38,44.64,0.72,0.72,87,210.9,31,17,6.63,7.25,NA,28.2,26.5,19,22,No,Yes,64.5,60.1,60.8,67.6,16,63,60,57,40,No,No,49.1,241.57,Electrical-Power/Equipmt,NA,3.5,25,No,22.09,68.4,No,57,46,-18.6,2.9,0,379.94,19,78,10,5.29,Yes,57,6.18,-36.42,58,8,76,2.14,1961525,87584.8,7,384988.2,-7.4,75.1,-27.9,-26.5,NA,29.8,NA,97,71,E,6.9,59,36,-26.5,-20.3,-24.2,5,10229.9,61,24,47,NA,27.1,6498,No,14.07,46,10847,NA,No,3268,NA,No,No,No,8.1,0,No,60,0.7,83,28,New York Stock Exchange,No,31,Yes,19.55,-,81,383535.8,37,63,71.4,25.7,Yes,Yes,-15.4,6.5,MACHINE,-16.8,NA,No,47,87010.3,No,No,No,65.9,109.9,NA,41.8,15.2,2026-07-31,VRT,25,15,0,7,0,10,0,57,47.333333333333336,40,FALSE,FALSE,CANSLIM Growth,CANSLIM Growth,47.4,Improving
3518,ABUS,Arbutus Biopharma Corp.,NA,10.6,8.5,9.6,4.61,-0.9,0,0,2,1308.2,19653287,NA,0,E,No,No,No,No,Yes,0.03,-21.1,0,54.26,-20.98,0.15,0.15,7,20.29,0,-237.9,4.43,4.67,NA,2099.6,2620.8,7,9,Yes,Yes,172.6,305,256,198.8,49,36,56,269,-39,Yes,No,-9.8,4.34,Medical - Profitable Biotech,NA,3.8,40,No,0.22,1.3,Yes,52,5,12.7,12.5,0,5.38,102,79,0,0.83,Yes,0,-1.59,-19.33,58,43,59,0.96,9986,871.1,4.77,197537.7,-0.8,-45.5,-9.6,3.3,NA,5.1,NA,78,84,E,3000,542,-112,-2.3,-0.9,-5.6,88,14.1,14,10055,55,NA,5010.7,2180,No,-0.07,-300,1168,NA,No,219,NA,No,No,No,4.48,0,No,769,1.4,86,128,NASDAQ,No,41,No,3.29,-,96,157120.9,60,109,427.5,3320.3,Yes,Yes,-0.6,3.8,MEDICAL,-0.9,NA,No,62,783.9,No,No,No,32.3,-55.4,NA,-38.5,94.7,2026-07-31,ABUS,35,15,0,0,0,10,0,60,53.333333333333336,35,TRUE,TRUE,CANSLIM Growth,CANSLIM Growth,50.1,Improving
3991,BAESY,BAE Systems PLC ADR,NA,0,0,0,113.9,8.1,1,1,1,2405.6,0,04/24/2026,0,C,No,No,No,No,-,0,0,1.7,0,19.8,2.23,2.57,74,260.53,48,8.2,1.52,1.58,NA,7.4,5.9,10,12,No,Yes,13,12,11.4,12.4,-,11,12,11,9,No,No,23.2,113.57,Aerospace/Defense,NA,1,36,Yes,1.61,0,No,97,28,0,0,0,124.4,112,91,-4,4.02,Yes,3,1.4,-8.7,57,83,84,0.14,31516,80660.9,1.82,751007.4,6.9,-53.8,16,2.3,NA,4.8,NA,91,87,B,0,9,15,9.8,8,9.3,64,41533.2,8,1,18,NA,1,313,Yes,1.57,0,145,NA,No,44,NA,Yes,No,No,2.16,0,No,13,1.2,13,11,US OTC,No,62,No,NA,-,101,732578.7,10,10,13.3,4.2,No,Yes,3.5,-2.2,AEROSPACE/DEFENSE,8.1,NA,No,1,85961.3,No,No,No,18.9,-35.7,NA,17.9,7,2026-07-31,BAESY,10,0,0,0,0,0,5,15,76.66666666666667,45,FALSE,FALSE,Other,Momentum Leader,39.2,Weak
4958,PATH,UiPath Inc.,NA,3.5,3.4,2.1,12.83,17.7,0.9,1,4,4899,112928353,NA,0,B-,No,No,No,No,Yes,0.06,11.2,0,2.2,18.73,0,0,51,80.03,15,6.2,6.48,6.24,NA,13.5,15.3,18,13,No,Yes,62.5,32.4,93.1,71.4,69,-,26,43,14,No,No,-22.1,12.76,Comp Sftwr - Enterprise,NA,3.5,134,No,0.71,3.8,Yes,114,17,-36.3,28.9,0,19.84,109,117,-13,0.76,Yes,0,3.15,-35.69,56,95,88,1.84,725805,6409.2,6.83,453429.6,-3.6,-37.5,17.4,23.9,NA,1.4,NA,93,39,A+,-5.9,9,15,10.2,6.2,6.1,48,1610.6,-2,17,36,NA,15.4,65106,No,0.39,-1,39871,NA,No,598,NA,No,No,No,3.46,0,No,36,1.8,15,13,New York Stock Exchange,No,70,No,3.49,-,99,390795.4,45,275,25.9,15.6,Yes,Yes,3.7,-0.8,SOFTWARE,17.7,NA,No,45,5131.5,No,No,No,8.6,-11.1,NA,14.4,5.4,2026-07-31,PATH,20,12,0,0,0,10,0,42,89.66666666666667,50,TRUE,FALSE,Other,Momentum Leader,62.1,Strong
5306,VTEX,VTEX,NA,2.2,1.4,1.4,4.6,10.5,2.1,1,0,284.8,2187413,NA,0,B+,No,No,No,No,Yes,0.01,12.3,0,3.1,23.91,0,0,59,162982.13,19,9.3,5,5.03,NA,7.2,8.2,0,13,Yes,Yes,248,393.7,310.8,276.3,28,-,121,187,8,No,No,14.6,4.31,Comp Sftwr - Specialty Enterprise,NA,0,126,No,0.2,0.4,Yes,47,19,4.3,3.6,0,6,101,136,28,0.22,Yes,0,-1.37,-28.17,56,82,65,1.4,5569,745,4.66,92576.8,14.6,-34.8,7.8,14.6,NA,37.3,NA,82,134,A+,48.4,-1,27,13.3,5.4,6.5,62,240.5,185,12,228,NA,11.2,1426,Yes,-0.06,9,942,NA,No,113,NA,No,No,No,1.62,0,No,813,1.4,134,6,New York Stock Exchange,No,79,No,3.16,-,94,60615.4,234,62,473.4,9.6,Yes,Yes,17.6,-15.7,SOFTWARE,10.5,NA,No,17,578,No,No,No,-27.8,-24.5,NA,8.2,6.7,2026-07-31,VTEX,30,15,0,0,0,7,7,59,72.66666666666667,40,TRUE,FALSE,CANSLIM Growth,CANSLIM Growth,62.1,Strong
5066,TTAN,ServiceTitan Inc. Cl A,NA,5.6,6.3,5.8,85.66,17.8,2.1,1,0,284.8,9621042,NA,0,B+,No,No,No,No,Yes,0.2,44.8,0,4.32,69.67,0,0,92,0,61,-16.3,6.59,6.7,NA,24.6,24.1,0,26,No,No,252,360.1,315.9,278.5,33,-,95,154,-11,No,No,-22,83.06,Comp Sftwr - Specialty Enterprise,NA,0,126,No,4.91,2.4,Yes,47,69,-7.4,16.9,0,119.99,101,136,-8,1.21,No,0,3.99,-30.78,56,98,63,0.81,125893,7619.4,6.89,82746.4,1.3,-18.4,17.5,39.7,NA,6,NA,78,134,A+,34.1,28,25,12,6.4,4.5,8,961,113,25,206,NA,23,1731,No,3.19,6,1358,NA,No,357,NA,No,No,No,6.78,0,No,106,1.7,141,24,NASDAQ,No,77,No,5.08,-,97,56956.3,834,183,123.3,23.7,Yes,Yes,9,8.8,SOFTWARE,17.8,NA,No,62,7656.8,No,No,No,-28.8,-10.9,NA,-10.7,-8.5,2026-07-31,TTAN,30,15,0,0,0,10,5,60,87.33333333333333,35,FALSE,TRUE,CANSLIM Growth,CANSLIM Growth,62.1,Strong
4354,MG,Mistras Group Inc.,NA,3.9,4.6,5.8,15.95,-1.6,0,0,0,28.1,1225327,NA,0,E,No,No,No,No,Yes,2.08,166.3,0,1.81,14.78,0,0,47,83.62,14,3.1,3.92,4.05,NA,0.4,3.6,3,1,No,Yes,175.1,344.7,256.2,182.1,5,-,77,62,8,No,No,20.2,15.21,Bldg-Maintenance & Svc,NA,0,63,No,0.68,79.8,No,7,16,27.6,6.3,0,19.64,104,141,1,0.98,Yes,0,0.26,-22.56,56,18,50,0.89,3398,482.7,3.97,31816.7,2.6,-10.1,-12.9,-19.4,NA,7.6,NA,98,142,E,1500,18,18,-11.9,-2.4,-5.6,60,724,243,5,22,NA,4.8,195,No,0.04,25,173,NA,No,194,NA,No,No,No,0.66,0,No,900,1,4,-1,New York Stock Exchange,No,37,Yes,2.07,-,95,19484.5,130,-10,452.1,5.6,Yes,Yes,-5,2.6,BUSINS SVC,-1.6,NA,No,54,691.9,No,No,No,91.6,-25.7,NA,7.8,1.4,2026-07-31,MG,25,15,0,0,0,10,5,55,41.333333333333336,20,TRUE,FALSE,CANSLIM Growth,CANSLIM Growth,58.5,Strong
5249,VISN,Vistance Networks Inc.,NA,2.3,2,2.6,12.5,-0.5,0,0,0,996.9,17143913,NA,0,E,No,No,Yes,No,Yes,2.2,7.3,0,6.67,8.36,0,0,13,7.54,11,2.8,3.38,3.21,NA,-13.5,-15.7,-16,-22,No,No,463.6,492.4,376.7,356.3,21,-18,4,177,0,No,No,-35.2,11.74,Telecom-Infrastructure,NA,0,47,Yes,0.4,1.1,No,23,7,29.5,8,0,20.55,3,126,-43,1.57,Yes,86,0.26,-42.87,56,53,31,2.01,68922,2641.4,3.37,225569.6,-27.4,26.1,-8.1,-8.2,NA,-34.8,NA,75,135,E,56.4,49,-8,-4.5,-2.1,-3.7,83,1931.6,-105,-58,2667,NA,-56.8,5653,No,0.03,-43,6907,NA,No,472,NA,No,No,No,0.66,0,No,143,1,-6,-54,NASDAQ,No,17,No,0.57,-,99,213925.2,1340,29,68.7,-21,Yes,Yes,-25.5,-3.1,TELECOM,-0.5,NA,No,58,9180.5,Yes,No,No,43.2,-15.1,NA,0,49.1,2026-07-31,VISN,25,15,0,5,0,10,0,55,46.666666666666664,35,FALSE,FALSE,CANSLIM Growth,CANSLIM Growth,41.8,Weak
4467,MRSH,Marsh,NA,2.6,2.3,2.5,198.49,5,0,0,3,2447.1,6737059,07/23/2026,0,A,No,No,No,No,Yes,8.01,21.2,2.2,1.14,17.71,1.31,1.55,57,90.03,17,20.5,2.62,2.89,NA,9.2,8.5,8,9,No,Yes,10.3,9.9,10.8,11.2,57,12,11,10,19,No,No,2.2,189.69,Insurance,NA,2.3,94,No,5.09,134.3,No,129,19,5.5,1.4,0,213.8,81,34,-5,10.22,Yes,2,-0.95,-11.28,55,84,87,0.55,465732,91390.7,2.93,477211.3,7.9,-6.5,13.8,13.1,NA,0.8,NA,77,32,A+,2.2,7,9,12.2,4.4,6.5,13,26981,10,6,11,NA,6.9,2781,Yes,-1.82,7,2546,NA,No,3063,NA,No,No,Yes,3.24,0,No,9,1.2,8,11,New York Stock Exchange,No,68,No,5.97,Yes,96,476708,13,13,8.2,7.5,Yes,No,9.4,-0.7,INSURANCE,5,NA,No,56,113054.1,No,No,No,-4.8,43.6,NA,29.3,17.1,2026-07-31,MRSH,0,0,0,0,0,10,5,15,80.33333333333333,35,FALSE,FALSE,Other,Momentum Leader,65,Strong
4189,LOAR,Loar Holdings Inc.,NA,7.9,6,7.2,74.73,-3.4,1,1,1,2405.6,6015081,NA,0,C,No,No,No,No,Yes,2.29,73.9,0,4.56,63.49,0,0,90,374.96,51,16.2,4.41,4.23,NA,25.9,26.2,0,27,No,No,691.2,113.2,104.2,426.2,66,-,-,105,6,No,No,0.7,68.45,Aerospace/Defense,NA,1,36,No,3.09,80.7,Yes,97,58,19.7,8,0,83.43,112,91,-9,1.18,No,0,0.31,-17.96,55,61,64,1.44,51440,6388.9,4.17,93624.5,0.1,-51.9,-15.1,22,NA,-0.2,NA,73,87,D,110.2,25,18,-1.7,-2.7,-6.6,16,496.3,3932,36,148,NA,27.7,730,No,0.21,35,356,NA,No,445,NA,No,No,No,11.92,0,No,70,1.6,136,23,New York Stock Exchange,No,50,No,5.43,Yes,92,75524.2,133,77,103.2,26,Yes,No,2.4,-1.5,AEROSPACE/DEFENSE,-3.4,NA,No,92,6867.4,No,No,No,-7.4,-14.6,NA,6.4,7.1,2026-07-31,LOAR,27,15,0,0,0,10,5,57,65,20,FALSE,TRUE,CANSLIM Growth,CANSLIM Growth,39.2,Weak
3660,AJG,Arthur J. Gallagher & Co.,NA,3.8,3.7,4.2,269.99,0.7,0,0,3,2447.1,7990928,09/08/2026,0.7,B+,No,No,No,No,No,5.68,36.6,1.1,1.05,33.61,1.15,1.22,62,162.72,18,13.4,3.08,3.25,NA,24.5,26.6,15,18,No,Yes,11.1,18.5,14.5,12.2,49,17,12,17,5,Yes,No,-3.6,249.42,Insurance,NA,2.3,94,No,7.85,52.5,No,129,21,13.8,3.2,0,313.55,81,34,-2,12.01,Yes,6,-2.75,-20.45,54,80,87,0.54,388690,65884.6,3.29,256900,8.9,1.9,8.6,20.8,NA,0,NA,89,32,A,0.9,24,13,12.2,1.3,1.9,10,13778,15,24,6,NA,26.2,1723,Yes,-7.04,33,1736,NA,No,2358,NA,No,No,No,4.11,0,No,22,1.2,22,21,New York Stock Exchange,No,66,No,2.7,Yes,92,251953.9,12,3,21.8,28.7,Yes,Yes,12.7,-0.9,INSURANCE,0.7,NA,No,59,77958.6,No,No,No,-13.2,-4.4,NA,6.9,8.1,2026-07-31,AJG,15,8,0,0,0,10,5,38,83.66666666666667,25,FALSE,FALSE,Other,Momentum Leader,65,Strong
4165,LKNCY,Luckin Coffee Inc. ADR,NA,0,0,0,35,7.3,0,0,2,560.9,0,NA,0,E,No,No,No,No,Yes,0.7,0,0,1.67,13.23,0,0,94,131.98,17,10.7,4.2,5,NA,44.8,45.9,0,47,No,Yes,232.3,137.3,114.6,244.2,36,-,58,130,26,No,No,4.5,35,Retail-Restaurants,NA,3.4,102,No,1.56,26.7,Yes,58,88,0,0,0,43.64,103,128,-5,0.4,Yes,0,5.11,-19.8,54,88,78,0.95,37745,9550.1,4.94,269267.2,-3.2,181.4,26.5,0,NA,4.9,NA,91,104,C,-78.8,25,30,5.8,4.2,5.3,6,7134.1,2,44,923,NA,42,1189,Yes,1.7,779,3257,NA,No,91,NA,Yes,No,No,1.26,0,No,7,0.9,409,43,US OTC,No,69,No,4.26,-,103,0,-4,46,207.9,44.7,No,No,0.1,3.4,RETAIL,7.3,NA,No,6,8632.5,Yes,Yes,Yes,-4.8,50.8,NA,23.6,4.2,2026-07-31,LKNCY,7,15,0,10,0,5,0,37,75.33333333333333,45,FALSE,FALSE,Other,Momentum Leader,52.4,Improving
5408,WPC,W. P. Carey Inc.,NA,7.6,6.5,5.6,77.22,-4,5.7,11,1,1674.3,8654313,06/30/2026,0,C,No,No,No,No,No,-20.02,24.8,4.9,0.3,12.69,0,0,40,98.1,14,29.4,1.87,2.03,NA,9.7,9.5,6,1,No,No,36.3,84.7,71.7,47,41,-5,-8,60,2,No,No,14.4,73.6,REITs,NA,0.5,98,No,1.49,99.1,No,194,14,-14.2,3.9,0,77.22,44,23,0,5.26,No,13,-0.65,-4.68,54,47,73,0.42,117940,16876.7,1.89,227816.9,5.3,-25.1,2.9,0.9,NA,5.5,NA,85,45,E,13.2,36,3,0.4,-1.9,1,45,1716.5,-17,7,-2,NA,9.3,1599,No,-0.48,22,1231,NA,No,1342,NA,No,No,Yes,9.36,0,No,165,1.1,36,8,New York Stock Exchange,No,47,Yes,1.93,Yes,95,225327,53,33,100.6,9.6,Yes,Yes,3.4,2.1,REAL EST,-4,NA,No,45,25456.5,No,No,No,14.7,6.9,NA,5.6,40.2,2026-07-31,WPC,25,15,0,0,0,10,5,55,60,15,TRUE,FALSE,CANSLIM Growth,CANSLIM Growth,44.1,Weak
3794,APEI,American Public Education Inc.,NA,8,7.7,6.8,52.35,1.7,2.6,1,0,46.3,1909105,NA,0,E,No,No,No,No,Yes,0.9,13.6,0,2.98,14.61,1.35,1.35,71,100.65,20,6.7,4.31,4.54,NA,4.5,3.9,13,4,No,No,272.3,261.9,213.1,327.1,23,19,120,81,9,No,No,28.3,48.51,Consumer Svcs-Education,NA,0,79,No,2.42,44.8,Yes,38,26,-11.5,11,0,61.59,89,98,11,1.89,Yes,99,-2.26,-21.24,54,18,54,0.78,14895,910.4,4.85,18343.5,6.8,-24.6,-9.7,-16.6,NA,16.1,NA,61,58,E,46.8,87,17,-6,0.5,-6.7,13,648.9,119,6,147,NA,1.3,282,No,-1.12,1892,204,NA,No,331,NA,No,No,Yes,1.35,0,No,129,1.1,6,4,NASDAQ,No,34,Yes,2.92,-,93,17365.4,650,67,67.8,3.1,Yes,Yes,-1.1,6.8,CONSUMER,1.7,NA,No,60,896.8,No,No,No,64.3,-11.7,NA,10.5,10.2,2026-07-31,APEI,25,15,0,0,0,10,5,55,42,35,FALSE,FALSE,CANSLIM Growth,CANSLIM Growth,48.4,Improving
4857,OMER,Omeros Corp.,NA,11.6,8,7.9,12.16,20.9,2.4,13,4,464.6,15092070,NA,0,D,No,No,No,No,No,5.6,-9.2,0,3.03,-6.14,0,0,52,53,35,870.1,7.41,7.51,NA,0,0,0,0,No,No,51.3,168.1,140,113.6,157,-,-,-,0,No,No,-31.1,11.84,Medical - Development Biotech,NA,0.7,29,No,0.75,0,No,549,17,-1.7,21.6,0,17.65,53,29,-7,0.7,No,0,-0.75,-32.92,53,55,65,1.54,19478,863.4,6.58,72375.4,9.5,-31.1,24.5,-18.9,NA,1.3,NA,71,30,A,260.8,19,285,15.4,16.7,17.7,25,0,-44,0,98,NA,0,1924,No,-0.09,38,1310,NA,No,186,NA,No,No,No,22.26,0,No,207,0.8,281,0,NASDAQ,No,56,No,-13.46,-,97,69801.2,16,56,244.2,0,Yes,No,1.7,14.1,MEDICAL,20.9,NA,No,21,1079.8,No,No,No,205.9,-7.8,NA,0,518,2026-07-31,OMER,25,15,0,0,0,10,5,55,62.666666666666664,35,TRUE,FALSE,CANSLIM Growth,CANSLIM Growth,50.1,Improving
3554,ACVA,ACV Auctions Inc.,NA,5,4.6,4.1,8.38,-3.1,0,0,0,133.6,14960181,NA,0,A+,No,No,No,No,Yes,0.77,7.6,0,1.47,16.33,0.67,0.67,85,0,38,-8.5,5.53,5.03,NA,17.9,16,23,24,No,Yes,279.6,46.2,89.3,321.5,11,60,121,79,-15,No,No,-6.6,7.49,Retail/Whlsle-Automobile,NA,0,110,No,0.36,46.4,No,21,40,-10,9.1,0,14.75,99,82,-5,0.19,Yes,51,-6.72,-49.22,53,86,48,1.65,19915,1401.9,4.88,174584.9,19,70.6,4.2,44.3,NA,-4.1,NA,45,80,A,48.1,21,60,19.5,3.3,7.9,7,759.6,170,12,147,NA,13.4,3095,Yes,-0.54,-32,5004,NA,No,314,NA,No,No,No,1.67,0,No,6,1.4,73,19,New York Stock Exchange,No,74,No,3.03,-,89,163782.9,59,219,39.7,14.5,Yes,No,25.8,0.3,RETAIL,-3.1,NA,No,58,1367.4,Yes,Yes,No,-47.3,-12.3,NA,-15.2,-5.3,2026-07-31,ACVA,5,12,0,7,0,10,7,41,77.33333333333334,10,FALSE,FALSE,Other,Momentum Leader,52.4,Improving
3498,AAP,Advance Auto Parts Inc.,NA,6.6,6,5.2,59.55,-0.5,8.3,1,0,158.5,10770232,07/10/2026,0,D,No,No,No,No,Yes,1.77,-33.2,1.8,1.78,-73.17,0,0,53,298.85,17,-1.1,5.32,5.21,NA,-10.9,-7.6,-5,-11,Yes,No,233.7,547.6,408.7,300.4,10,-51,-84,304,2,No,No,41.3,55.54,Retail/Whlsle-Auto Parts,NA,0,106,No,2.97,236.2,Yes,12,17,-14.4,18.2,0,65.21,97,123,10,3.24,No,0,-1.16,-14.83,52,36,47,0.95,116819,3388.3,5.17,60300,7.1,-48.8,-10.7,-6.7,NA,15.7,NA,79,133,D+,80.2,30,37,-1.8,1.5,-0.3,56,8601,-158,1,879,NA,0,2044,No,-0.65,16,1070,NA,No,503,NA,No,No,No,0.39,0,No,450,1.2,173,-5,New York Stock Exchange,No,52,Yes,1.51,-,93,59206.6,1020,-8,311.4,-1.7,Yes,Yes,5.7,-2.1,RETAIL,-0.5,NA,No,76,5924.3,No,No,No,4.7,-29.8,NA,3.1,0.9,2026-07-31,AAP,25,15,0,0,0,10,5,55,45,15,FALSE,FALSE,CANSLIM Growth,CANSLIM Growth,52.4,Improving
5222,VEEV,Veeva Systems Inc. Cl A,NA,2.3,2.2,2.4,209.33,9.4,0,0,0,50.4,7918041,NA,0,B+,No,No,No,No,Yes,0.01,11.4,0,4.74,24.05,1.11,1.11,69,139.97,22,37.4,4.52,4.28,NA,16.3,16.3,15,15,No,Yes,21.5,16.2,17.9,20.6,17,22,28,18,14,No,No,-8.7,203.78,Computer Sftwr-Medical,NA,0,141,Yes,7.78,1.2,Yes,23,24,9.2,5.4,0,310.5,126,81,-11,8.33,Yes,5,1.1,-34.37,51,96,85,1,413942,32742.1,4.24,162443.3,-1.5,-9.2,14.8,30.7,NA,-0.1,NA,91,76,A+,4.7,12,11,14.2,4.3,5.2,29,3195.3,36,16,23,NA,16.1,2363,Yes,2.22,12,1888,NA,No,2596,NA,No,No,Yes,9.97,0,No,14,1.2,18,16,New York Stock Exchange,No,71,No,4.55,Yes,97,147761.7,17,23,16,16.1,Yes,No,9.5,5,SOFTWARE,9.4,NA,No,59,27308.6,No,No,No,-28.3,-23.7,NA,13.9,29.6,2026-07-31,VEEV,15,8,0,0,0,10,0,33,92.33333333333333,50,FALSE,FALSE,Other,Momentum Leader,62.1,Strong
3691,ALLE,Allegion PLC,NA,3.9,4.1,4.2,164.25,2.6,4.3,2,0,131.2,4654321,06/15/2026,0,B,No,No,No,No,No,3.27,20.5,1.4,1.93,17.39,1.5,1.7,57,79.97,17,18.9,2.97,3.3,NA,9.6,10.6,9,6,Yes,Yes,8.2,6.2,6.3,5.9,16,11,8,5,27,No,No,-1.1,157.4,Security/Sfty,NA,0,130,No,4.63,102.6,Yes,46,19,1.8,5.4,0,183.11,118,50,-11,8.44,Yes,6,0.22,-14.04,51,91,82,0.87,170409,13355.9,3.27,85036.8,3.2,-23.3,12,14.5,NA,-4.8,NA,70,31,B+,8.3,10,9,15.3,6.3,10.2,62,4067.3,8,13,8,NA,11.2,1241,Yes,0.34,8,934,NA,No,1878,NA,No,No,No,3.12,0,No,18,1.3,-3,8,New York Stock Exchange,No,69,No,6.32,Yes,96,84756.4,4,6,7.2,10.6,Yes,Yes,6.4,-2.9,BUSINS SVC,2.6,NA,No,59,15150,No,No,No,-5.1,24.2,NA,36.1,16,2026-07-31,ALLE,15,0,0,0,0,10,5,30,79.66666666666667,35,FALSE,FALSE,Other,Momentum Leader,58.5,Strong
5319,VWDRY,Vestas Wind Systems A/S ADR,NA,0,0,0,9.25,2.1,0,0,0,684,0,04/10/2026,0,E,No,No,No,No,No,-2.77,21.4,0.2,0.98,10.33,1.06,1.07,73,25.91,20,5.5,3.16,3.12,NA,20.1,15.8,4,14,Yes,Yes,194.4,227.8,200.8,184.6,14,25,125,92,19,No,No,-0.5,8.92,Energy-Alternative/Other,NA,0,39,No,0.28,80.6,Yes,66,27,0,0,0,10.58,11,99,-16,0.33,Yes,99,-1.87,-15.69,51,33,64,0.84,2718,26992.4,2.73,2986714.4,3.3,91.6,-5.5,-12.8,NA,-10.6,NA,60,85,C+,143.8,46,27,0,3.2,1.1,55,22195.8,505,19,73,NA,17,286,No,-0.17,379,538,NA,No,8,NA,Yes,No,No,1.18,0,No,540,1.9,0,14,US OTC,No,41,No,5.87,Yes,98,0,143,120,270.1,14.2,Yes,Yes,-1.1,33.3,ENERGY,2.1,NA,No,0,23043.7,No,No,No,47.4,152.6,NA,21.4,2.1,2026-07-31,VWDRY,30,15,0,7,0,0,5,57,49.333333333333336,25,TRUE,FALSE,CANSLIM Growth,CANSLIM Growth,47.5,Improving
3598,AES,AES Corp.,NA,2.9,2,2.4,14.88,-1.1,0,0,0,1972.1,22913861,07/31/2026,0,B,No,No,No,No,No,-13.13,-31.5,4.7,0.73,2.43,0.31,0.43,7,29.55,8,0.6,0.42,0.42,NA,1.4,3.1,3,-2,Yes,Yes,34.4,81.4,69.6,46.5,28,12,16,46,18,Yes,No,2.4,14.68,Utilities,NA,0,71,Yes,0.06,628.9,Yes,87,5,16.3,3.2,0,17.65,30,60,-8,2.85,Yes,9,0.04,-16.83,51,49,58,0.98,121399,10590.4,0.42,713157.7,2.3,14.4,0.1,1.6,NA,0.2,NA,96,83,E,105,-1,7,1,0.2,0.7,98,12233,22,9,9,NA,6.7,8271,Yes,0.01,-12,10358,NA,No,933,NA,No,No,No,0.84,0,No,189,1.4,50,0,New York Stock Exchange,No,47,Yes,2.37,Yes,99,708911.9,6,34,119.3,5.1,Yes,Yes,1.1,-2,UTILITY,-1.1,NA,No,48,39286.4,Yes,Yes,No,11.6,-17.6,NA,16.4,15.5,2026-07-31,AES,25,15,0,5,0,10,5,60,54.666666666666664,30,TRUE,FALSE,CANSLIM Growth,CANSLIM Growth,43.4,Weak
3971,AXON,Axon Enterprise Inc.,NA,3.2,3.5,3,564.24,5.1,4.3,2,0,131.2,3714055,NA,0,B,No,No,No,No,No,0.79,1851,0,2.27,205.7,2.2,2.2,93,804.81,63,0.7,6.26,6.2,NA,33.3,33.9,33,33,No,Yes,30.5,-0.6,18.7,19.5,19,34,38,10,4,Yes,No,-7.1,527.76,Security/Sfty,NA,0,130,Yes,32.06,51.7,No,46,75,-12.2,4.9,0,885.91,118,50,-4,7.05,Yes,15,0.47,-40.43,50,83,82,1.19,517037,42340.3,5.6,80602.1,1.7,-52.9,-5.9,31.4,NA,9.1,NA,84,31,A,0.8,13,37,7.8,1.4,-4.7,-,2779.5,43,34,15,NA,36.1,1071,No,2.46,-13,491,NA,No,2423,NA,No,No,No,14.26,0,No,14,1.4,3,33,NASDAQ,No,61,No,12.03,Yes,94,75978.6,-19,77,8.8,34.3,Yes,No,8.3,-0.8,BUSINS SVC,5.1,NA,No,58,42979.5,No,No,No,-30.1,-39.1,NA,4.5,21,2026-07-31,AXON,17,0,0,0,0,10,5,32,83.66666666666667,30,FALSE,FALSE,Other,Momentum Leader,58.5,Strong
4253,LZ,LegalZoom.com Inc.,NA,5.9,5.7,4.6,8.48,9.6,3.1,2,0,5678.3,13916665,NA,0,A-,No,No,No,No,No,-0.14,5.7,0,0.7,8.2,0.09,0.09,35,482,10,4.3,5.34,5.58,NA,11.4,13,7,6,No,Yes,20.4,-6.1,7.9,15.2,7,148,31,1,12,No,No,-20.7,7.87,Internet-Content,NA,0,18,No,0.38,7.1,No,65,13,-19.8,12.4,0,12.4,28,133,-20,0.61,Yes,0,0.13,-36.53,50,94,66,1.32,17038,1349.2,5.63,171647.8,1,-24.4,28.4,22,NA,-11.5,NA,65,94,A+,-9.4,20,13,19.1,3.4,6.7,61,756,32,13,15,NA,15.3,2607,Yes,0.01,2,1865,NA,No,373,NA,No,No,No,1.73,0,No,-8,1.3,-11,11,NASDAQ,No,77,No,9.29,-,93,112668.9,0,50,-9.1,14.5,No,No,11,-2.4,INTERNET,9.6,NA,No,61,1256.5,No,No,No,-12.5,-34.5,NA,11.6,0.5,2026-07-31,LZ,5,0,0,0,0,10,5,20,80,35,FALSE,FALSE,Other,Momentum Leader,51,Improving
4015,KMT,Kennametal Inc.,NA,4,3.7,4.3,36.3,-3.6,0,0,0,670.3,5839160,05/12/2026,0,E,No,No,No,No,Yes,0.94,46.6,2.3,2.38,12.7,2.43,3.54,54,73.71,6,6.7,3.73,3.82,NA,4.9,7.5,2,-1,Yes,Yes,29.7,56.4,34.6,39,12,5,1,31,4,No,No,19.6,33.97,Machinery-Constr/Mining/Farming,NA,0,12,No,1.33,46.6,Yes,22,18,17.5,7.7,0,43.81,20,21,-11,1.92,Yes,23,1.95,-22.46,50,34,60,1.16,39407,2539.3,3.75,76210.1,0.2,-23.2,-3.1,-12.2,NA,-1.2,NA,86,62,E,14.6,191,-2,-3.4,-3.9,-2.7,58,1966.8,-1,22,-11,NA,15.8,1137,No,0.65,578,851,NA,No,594,NA,No,No,Yes,1.21,0,No,64,0.9,88,-4,New York Stock Exchange,No,33,No,1.91,Yes,94,75611.5,17,-31,75.9,11.7,Yes,Yes,-6.9,3.5,MACHINE,-3.6,NA,No,66,3059.7,No,No,No,37.2,-13,NA,7.4,9.8,2026-07-31,KMT,25,15,0,0,0,10,5,55,48,30,TRUE,TRUE,CANSLIM Growth,CANSLIM Growth,47.4,Improving
4246,LYB,LyondellBasell Industries N.V. Cl A,NA,2.3,2.3,2.3,64.98,2.9,11.1,1,0,46.8,12528631,06/01/2026,0,D,No,No,No,No,No,2.96,41.6,4.6,1.54,8.84,0,0,27,0,7,-2.4,3.6,3.62,NA,-12.9,-9.2,-8,-12,Yes,No,51.7,169.1,115.3,77.8,4,-34,-38,22,-2,Yes,No,43.4,62.08,Chemicals-Plastics,NA,0,54,No,2.1,125.1,Yes,9,11,-0.5,4.9,0,83.94,12,121,14,5.54,No,35,2.71,-26.04,50,45,40,0.78,305462,19509.1,3.61,322784.8,4.1,33.1,17.9,-16.8,NA,26.7,NA,67,115,D+,25.1,415,-24,-1.8,0.6,5,60,30153,-26,20,-73,NA,6.8,5162,No,1.64,181,6433,NA,No,1755,NA,No,No,Yes,0.64,0,No,594,0.4,48,-25,New York Stock Exchange,No,48,No,2,-,102,257287.4,-135,-46,321,-3.9,Yes,Yes,-3.1,4,CHEMICAL,2.9,NA,No,55,30711.3,Yes,Yes,No,7.2,0.7,NA,-7,6.2,2026-07-31,LYB,30,15,0,5,0,10,5,65,45,15,TRUE,FALSE,CANSLIM Growth,CANSLIM Growth,45.5,Improving
5347,WDAY,Workday Inc. Cl A,NA,5.5,5.5,5.3,170.4,18.5,0.9,1,4,4899,27369617,NA,0,A-,No,No,No,No,No,1.3,10.3,0,0.96,14.63,0.64,0.64,51,188.49,14,10.6,6.18,6.37,NA,13.2,13.3,17,15,No,Yes,24.6,23.6,24.2,25,21,26,30,24,8,No,No,-25.3,160.34,Comp Sftwr - Enterprise,NA,3.5,134,Yes,8.64,40,No,114,17,-4.3,13.8,0,249.85,109,117,-16,9.66,Yes,10,1.41,-35.83,49,98,86,1.14,717388,39053.2,6.67,201000,-4.9,-18.4,31,31,NA,-8.7,NA,94,39,A+,5.8,17,17,17.1,9.1,12.1,49,9552,25,13,26,NA,14,5344,Yes,2.23,18,4088,NA,No,2599,NA,No,No,No,3.27,0,No,19,1.1,29,13,NASDAQ,No,72,No,5.97,Yes,94,198909.2,23,26,24,13.5,Yes,No,8.3,0.7,SOFTWARE,18.5,NA,Yes,59,39868.5,No,No,No,-30.1,11.1,NA,8.2,8.7,2026-07-31,WDAY,15,8,0,0,0,10,0,33,92.66666666666667,20,FALSE,FALSE,Other,Momentum Leader,62.1,Strong
5187,USPH,U.S. Physical Therapy Inc.,NA,5.2,4.7,4.3,80.75,6,1.7,1,2,229.3,1015175,05/22/2026,0,A,No,No,No,No,No,16.02,26.3,2.5,1.19,15.69,0,0,76,612.83,27,10,3.9,4.1,NA,14.7,13.9,12,13,No,No,2.4,7.6,8.5,5.6,12,-5,0,8,1,No,No,1.2,79.06,Medical-Services,NA,3.4,88,Yes,2.92,65.9,No,59,30,-9.4,6.8,0,93.5,96,13,-9,2.6,No,7,-1.34,-15.44,49,90,76,0.79,15051,1219.5,4.2,15218.8,5,101,15.1,11,NA,-5.7,NA,55,8,A+,-11,6,22,18.1,6.2,9.2,44,781,-4,8,7,NA,10.1,219,Yes,-1.07,0,437,NA,No,348,NA,No,No,No,1.51,0,No,-4,1.7,31,16,New York Stock Exchange,No,63,No,2.57,Yes,98,14844.4,-4,11,13.6,12.5,No,No,6.9,-2.8,MEDICAL,6,NA,No,64,1494.8,Yes,Yes,Yes,8.1,50.1,NA,4.5,-0.9,2026-07-31,USPH,0,0,0,7,0,10,5,22,76.66666666666667,5,FALSE,FALSE,Other,Momentum Leader,50.1,Improving
4863,ONC,BeOne Medicines Ltd. ADR,NA,3.7,3.1,3.1,331.69,-3,0,0,2,1308.2,926986,NA,0,B,No,No,No,No,Yes,0.34,28.3,0,3.64,31.71,0,0,92,271.01,44,7.8,2.95,3.08,NA,39.9,37.7,51,52,No,Yes,6767.2,13421.5,10110.9,8108.8,30,-,-,-,7,No,No,4,316.01,Medical - Profitable Biotech,NA,3.8,40,No,9.18,38.7,Yes,52,65,2.9,0.9,0,385.22,102,79,-15,4.88,Yes,0,-1.88,-17.97,49,66,71,0.97,94720,37259.9,3.03,118570.7,2.6,-21.1,10.9,7,NA,-7.2,NA,76,84,B-,82.2,160,43,9.7,0.2,3.5,15,5343,28,35,143,NA,34.1,323,Yes,-6.07,82,250,NA,No,325,NA,Yes,No,No,6.53,0,No,39900,1.4,142,41,NASDAQ,No,50,No,7.38,-,95,101766.6,223,179,20021,36.4,Yes,No,4.1,-0.6,MEDICAL,-3,NA,No,26,30883.6,No,No,No,4.9,-34.4,NA,7.5,15,2026-07-31,ONC,32,15,0,0,0,10,5,62,64,30,TRUE,FALSE,CANSLIM Growth,CANSLIM Growth,50.1,Improving
3735,AMKR,Amkor Technology Inc.,NA,1.8,1.5,1.6,71.5,-23.2,0,0,0,3498.2,8672282,06/03/2026,0,E,No,No,No,No,No,0.79,-126.2,0.5,2.17,11.31,0,0,65,88.79,19,6.6,9.17,9.36,NA,15.8,18.9,2,2,No,No,78.1,181.8,137.3,106.2,10,-13,-2,84,7,No,No,26.3,49.87,Elec-Semiconductor Mfg,NA,0,14,Yes,6.62,52.9,No,33,22,2.4,14.3,0,96.68,5,46,-10,2.23,No,26,3.34,-48.42,49,6,64,1.96,431297,11990.3,9.63,248452.5,-9.9,16.6,-42.2,-28.5,NA,3.2,NA,91,40,E,46.6,65,8,-32.8,-19.8,-26.9,71,6708,-2,26,5,NA,26.5,6158,No,1.61,50,6950,NA,No,707,NA,No,No,No,1.66,0,No,218,0.8,267,6,NASDAQ,No,31,Yes,2.66,-,77,60246.4,60,4,242.4,23,Yes,Yes,-18.9,3.2,CHIPS,-23.2,NA,Yes,99,11664.9,No,No,No,121.1,91.3,NA,8.7,9.2,2026-07-31,AMKR,32,15,0,0,0,10,0,57,39.666666666666664,30,TRUE,TRUE,CANSLIM Growth,CANSLIM Growth,32.9,Weak
4203,LPLA,LPL Financial Holdings Inc.,NA,4,4.1,4.6,360.26,7.6,0,0,0,564.3,4852571,05/21/2026,0,A-,No,No,No,No,Yes,1.5,-25.2,0.4,2.34,-66.1,0.57,0.58,49,109.33,13,6.8,3.44,3.18,NA,37.5,39.2,22,29,No,Yes,20.8,20.4,21.6,20.5,21,28,12,20,20,No,No,-1,353.7,Finance-Invest Bnk/Bkrs,NA,0,103,No,9.67,129.6,Yes,37,16,12.9,6.1,0,400.16,129,59,-13,21.87,Yes,15,4.28,-11.61,48,91,89,0.99,294678,27127.8,2.84,79982.9,2.9,30.8,25.6,5.9,NA,-3,NA,90,64,A,8.3,18,26,13.4,2.7,6.5,40,16989.5,5,35,22,NA,34.9,1008,Yes,14.53,14,1232,NA,No,1514,NA,No,No,Yes,1.44,0,No,29,1.1,9,37,NASDAQ,No,79,No,4.86,Yes,103,79547.6,23,25,19.1,36.7,Yes,Yes,5.9,-4.5,FINANCE,7.6,NA,No,63,31899.2,Yes,Yes,Yes,-10.6,-22.7,NA,20.9,7.3,2026-07-31,LPLA,22,8,0,5,0,10,5,50,81,40,TRUE,FALSE,Other,Momentum Leader,52.3,Improving
3841,ARLO,Arlo Technologies Inc.,NA,8.8,9.1,9,14.91,14.4,4.3,2,0,131.2,12441709,NA,0,C+,No,No,No,No,No,0.1,20.7,0,1.52,20.6,0.25,0.25,55,204.34,19,3,4.52,4.92,NA,8.3,11.4,5,4,Yes,Yes,63.3,84,80.5,77.8,11,72,66,79,13,No,No,5.2,14.72,Security/Sfty,NA,0,130,No,0.65,3.9,Yes,46,18,-1.4,11.8,0,19.94,118,50,4,0.83,Yes,26,1.73,-26.18,48,86,74,1.55,16228,1571.6,4.79,108609.8,3.1,-6.1,9.2,4.8,NA,16,NA,72,31,A,45.7,20,17,10.6,8.2,9.2,71,529.3,43,26,75,NA,21.3,1209,Yes,0.25,15,1139,NA,No,384,NA,No,No,No,2.85,0,No,87,1.6,120,4,New York Stock Exchange,No,74,No,10.04,-,99,105369.1,45,70,103.3,14.6,Yes,Yes,7.6,1.6,BUSINS SVC,14.4,NA,No,63,1413.8,No,No,No,-9.1,8.6,NA,13.1,9.9,2026-07-31,ARLO,27,15,0,0,0,10,5,57,74.33333333333333,40,TRUE,TRUE,CANSLIM Growth,CANSLIM Growth,58.5,Strong
3516,ABT,Abbott Laboratories,NA,1.7,1.8,1.9,110.04,2.6,3.1,4,3,1077.5,24846147,07/15/2026,0,A-,No,No,No,No,No,2.43,23.7,2.5,1.38,19.31,0,0,60,131.39,18,19.1,2.81,3.19,NA,7.9,8,1,5,Yes,No,8.4,7.1,7.2,7.9,18,-1,8,8,7,No,No,-15.6,105.7,Medical-Products,NA,2.4,109,Yes,3.02,57.9,Yes,127,20,8.9,1.4,0,137.49,142,103,-7,5.26,No,9,0.09,-23.12,48,91,61,0.51,1200668,182745.8,3.31,1730383.3,-2.8,-14.1,16.5,16.4,NA,-3.3,NA,47,90,A,2.6,7,10,14,3,8.3,47,44328,5,13,10,NA,10.4,13091,Yes,0.09,9,9610,NA,No,3620,NA,No,No,No,3.93,0,No,4,1.3,6,6,New York Stock Exchange,No,64,No,3.58,Yes,96,1718635.9,12,7,4.7,8.4,Yes,No,3,-4.3,MEDICAL,2.6,NA,No,45,187942.4,No,No,No,-16.2,-15.1,NA,13,7.4,2026-07-31,ABT,5,0,0,0,0,10,0,15,76.66666666666667,20,FALSE,FALSE,Other,Momentum Leader,50.1,Improving
4482,MSFT,Microsoft Corp.,NA,2.7,2.2,2.3,466.84,21.8,0.9,1,4,4899,92373474,08/20/2026,0.91,C+,No,No,No,No,No,2.36,41.2,0.9,1.23,18.93,1.59,1.68,73,98.06,24,50,3.4,3.69,NA,17.9,17.8,14,16,No,Yes,24.7,27.1,26.6,26.1,42,16,19,26,27,No,No,-3.9,464.72,Comp Sftwr - Enterprise,NA,3.5,134,Yes,14.14,10.8,No,114,27,5.2,1.3,0,553.72,109,117,-3,17.28,Yes,4,3.02,-16.07,47,92,91,1.15,16288743,3349663.5,3.6,7425545.4,3.9,55.2,24.6,14,NA,8,NA,94,39,A,11.8,14,18,13.4,15,16,29,331839,16,18,27,NA,18,41465,No,13.62,14,60846,NA,No,10822,NA,No,No,No,10.4,0,No,30,1.3,23,18,NASDAQ,No,81,No,7.8,Yes,101,0,28,25,26.6,17.6,Yes,Yes,9.5,-1,SOFTWARE,21.8,NA,No,41,2881082.3,No,No,No,-12.9,22.9,NA,34,39.7,2026-07-31,MSFT,20,12,0,5,0,10,5,52,81.66666666666667,55,TRUE,FALSE,Other,Momentum Leader,62.1,Strong
4760,NVDA,NVIDIA Corp.,NA,1.9,1.9,2,214.39,-2.9,0,0,0,8214,324052767,06/04/2026,0,B,No,No,No,No,No,0.11,42.1,0.5,3.44,47.91,0.37,0.37,80,117.35,20,65.5,3.6,3.55,NA,69.1,69.1,72,108,Yes,Yes,72,91,81.8,71.9,19,92,138,82,97,Yes,No,7.6,200.75,Elec-Semicondctor Fablss,NA,0,83,Yes,7.2,5.8,Yes,45,34,7,1.4,0,236.54,29,36,-5,5.84,Yes,41,2.93,-15.13,47,37,82,2.17,31199722,4719968,3.7,24200000,1.1,-3.4,0.3,0.6,NA,5,NA,99,43,D-,6.5,89,42,-5.8,-4,-3.9,76,215938,131,85,60,NA,79.2,152485,No,5.71,98,139961,NA,No,9974,NA,No,No,No,19.16,0,No,130,0.7,82,65,NASDAQ,No,53,Yes,24.87,Yes,96,23269098.6,60,54,106.2,73.6,Yes,No,-0.2,0.7,CHIPS,-2.9,NA,No,42,4547098,No,No,No,12.9,-18.5,NA,101.5,71.5,2026-07-31,NVDA,35,15,0,0,0,10,5,65,55.333333333333336,60,TRUE,TRUE,CANSLIM Growth,CANSLIM Growth,32.9,Weak
4738,NTR,Nutrien Ltd.,NA,1.9,3.5,1.9,70.97,1.4,0,0,0,95.6,5567872,06/30/2026,0,C+,No,No,No,No,No,2.8,21.1,3.2,1.24,8.39,0,0,40,54.87,12,11.2,2.47,2.48,NA,7,10.1,-1,-8,No,No,100.2,226.7,173.3,123.5,2,-8,-21,61,5,Yes,No,11.9,69.07,Chemicals-Agricultural,NA,0,58,No,1.63,38.9,Yes,15,14,-46.1,1.2,0,85.36,32,87,-7,4.96,No,68,-2.33,-19.08,47,50,64,0.59,167452,33935.4,2.53,480023.6,5.8,-23.7,9.7,-9.1,NA,0.3,NA,87,110,B,-4.8,21,-7,6,3.9,5.8,36,25949,-22,19,31,NA,12.4,2706,Yes,-1.65,2,2089,NA,No,1869,NA,No,No,No,1.23,0,No,364,1.1,168,4,New York Stock Exchange,No,38,No,1.32,-,97,479674.1,149,13,265.7,12.5,Yes,Yes,1.4,1,AGRICULTURE,1.4,NA,No,44,45202.9,No,No,No,16.4,-9.1,NA,9.1,2.2,2026-07-31,NTR,30,15,0,0,0,10,5,60,55.666666666666664,30,TRUE,FALSE,CANSLIM Growth,CANSLIM Growth,35.5,Weak
5175,USAC,USA Compression Partners L.P.,NA,13.2,10,10.7,27.39,-0.8,0,0,0,137.4,2620975,07/27/2026,0,D-,No,No,No,No,No,36.35,22.7,8,1.55,8.05,0.35,0.39,73,104.11,20,11.6,3.23,3.21,NA,11.1,12.1,13,12,No,Yes,164.1,71.7,52.7,36.9,11,70,65,45,0,No,No,13.7,26.16,Oil&Gas-Field Services,NA,0,4,No,0.84,945.5,Yes,30,27,6.8,3.4,0,30.55,13,68,-5,0.97,Yes,20,0.15,-14.37,47,34,51,0.65,6304,3786.7,3.04,144972.4,0.6,28,-0.9,-4.8,NA,1.2,NA,64,108,E,-23.8,37,31,-3.6,-1,-1.2,32,998.1,260,35,18,NA,18.9,237,No,0.04,27,334,NA,No,23,NA,No,No,No,3.5,0,No,93,0.6,22,5,New York Stock Exchange,No,39,Yes,11.98,Yes,100,78227.9,100,-4,57.5,14,Yes,Yes,-2.4,4.5,ENERGY,-0.8,NA,No,51,6219.7,Yes,Yes,No,9.7,13.6,NA,0,11.6,2026-07-31,USAC,27,15,0,5,0,10,5,62,44,15,TRUE,TRUE,CANSLIM Growth,CANSLIM Growth,47.5,Improving
5503,YEXT,Yext Inc.,NA,3.3,3.1,3.8,5.8,9.2,0.9,1,4,4899,5284561,NA,0,B+,No,No,No,No,No,-9.48,10.9,0,0.72,12.96,0.17,0.17,22,278.62,7,9,5.67,5.09,NA,5.1,2.8,4,4,No,Yes,48,16.7,32,53.6,14,60,48,24,24,No,No,-32.3,5.46,Comp Sftwr - Enterprise,NA,3.5,134,No,0.25,840.8,No,114,10,24.2,6.3,0,9.2,109,117,-31,0.54,Yes,27,-0.91,-40.65,46,95,79,1.11,6128,552.4,4.96,100248.1,-7.6,-53,16.9,41.5,NA,-23.7,NA,90,39,A+,7.7,28,-3,23,3.6,6.2,71,446.6,6,-1,51,NA,-1.2,1389,Yes,-0.05,42,638,NA,No,241,NA,No,No,No,1.23,0,No,17,1.7,17,6,New York Stock Exchange,No,62,No,22.33,-,94,83819.2,17,78,16.7,-1.4,Yes,No,7.4,-13.3,SOFTWARE,9.2,NA,No,36,596.3,No,No,No,-32.8,-29.4,NA,24.2,2.4,2026-07-31,YEXT,10,8,0,0,0,10,0,28,88.33333333333333,30,FALSE,FALSE,Other,Momentum Leader,62.1,Strong
3826,ARCO,Arcos Dorados Holdings Inc. Cl A,NA,5.6,5.5,2.5,8.56,-0.6,0,0,2,560.9,3486026,12/23/2026,0.07,E,No,No,No,No,No,-20.74,64.7,3.4,0.8,5.81,0.21,0.23,12,28.4,11,7.3,3.17,2.92,NA,6.2,7.9,17,6,Yes,Yes,57.6,134.5,97,67.6,22,32,8,85,25,No,No,11.3,8.17,Retail-Restaurants,NA,3.4,102,No,0.24,260.9,Yes,58,7,-54.5,3,0,9.75,103,128,-6,1.11,Yes,35,-0.24,-16.21,46,32,51,0.79,11645,1706.4,2.72,128354,1.8,-10.3,1.4,-8.4,NA,-0.1,NA,81,104,E,53.4,-25,10,-2.6,-1.2,-0.8,88,4678.3,-17,13,42,NA,11.8,1400,No,-0.02,34,1233,NA,No,138,NA,No,No,No,0.22,0,No,143,1.1,-57,5,New York Stock Exchange,No,42,Yes,2.22,Yes,97,117914.5,318,-15,42.9,9.6,Yes,Yes,-1.5,3.8,RETAIL,-0.6,NA,Yes,38,3529.5,No,No,No,22.9,-29.2,NA,33.2,3,2026-07-31,ARCO,30,15,0,0,0,10,5,60,43,35,TRUE,FALSE,CANSLIM Growth,CANSLIM Growth,52.4,Improving
3573,ADT,ADT Inc.,NA,3,3.1,3.2,7.69,8.5,4.3,2,0,131.2,37041458,09/10/2026,0.05,B+,No,No,No,No,No,-27.89,8.9,3.1,0.69,3.63,0.17,0.18,15,40.72,8,16.3,2.53,2.78,NA,3.1,2.1,-3,-5,No,Yes,17.7,8.2,9.9,15,3,45,25,10,12,No,No,-5.3,7.64,Security/Sfty,NA,0,130,No,0.19,214.2,Yes,46,8,1.5,5.6,0,8.94,118,50,-14,0.92,Yes,77,1.73,-14.49,44,87,82,1.02,60427,5506.7,2.85,678502.8,0.6,-0.1,17.5,1.5,NA,-4.5,NA,76,31,A+,3.1,4,7,10.6,6.4,9,88,5129,47,2,19,NA,1.4,8891,Yes,0.13,0,9169,NA,No,637,NA,No,No,No,1,0,No,0,1.6,10,5,New York Stock Exchange,No,74,No,1.59,Yes,100,666388.3,15,15,4.8,1.4,Yes,No,4.5,-3.2,BUSINS SVC,8.5,NA,No,54,13185.9,No,No,No,-8.5,11.5,NA,15.8,11.8,2026-07-31,ADT,0,0,0,0,0,10,5,15,76,25,FALSE,FALSE,Other,Momentum Leader,58.5,Strong
3986,B,Barrick Mining Corp.,NA,1.4,1,1.4,37.91,-1,0,0,0,670.1,16615786,05/29/2026,0,D-,No,No,No,No,No,0.73,13.9,2.5,3.06,7.89,0.77,0.92,31,39.34,9,49.6,3.94,3.78,NA,37,42.7,6,18,Yes,Yes,100.1,133.1,111.6,106.1,36,13,68,119,14,Yes,No,-15.7,36.73,Mining-Gold/Silver/Gems,NA,0,13,Yes,1.42,17.1,Yes,89,12,39.9,1,0,54.69,100,138,-34,3.07,Yes,42,-2.57,-32.84,44,32,58,0.61,403223,63056.4,3.62,1675508.3,-8.7,-34.8,0,-6.6,NA,-19.8,NA,99,141,D,21.6,53,14,-2.6,3.8,3.2,55,16956,50,67,92,NA,65.6,10633,No,-0.97,77,6265,NA,No,1872,NA,No,No,No,3.23,0,No,180,0.8,126,30,New York Stock Exchange,No,21,No,2.25,Yes,97,1668042.3,93,47,153,51.5,Yes,Yes,-11.7,1.5,MINING,-1,NA,Yes,44,58918.5,No,No,No,73.9,-29.1,NA,19.6,30.5,2026-07-31,B,35,15,0,0,0,10,0,60,44.666666666666664,55,TRUE,TRUE,CANSLIM Growth,CANSLIM Growth,19.1,Weak
4686,NOW,ServiceNow Inc.,NA,1.9,2,2,118.36,12.6,0.9,1,4,4899,55711860,NA,0,B,No,No,No,No,No,-1.88,23.2,0,0.65,21.39,0.96,0.96,76,264.5,25,17,6.42,6.09,NA,22.2,22.1,23,22,Yes,Yes,22.4,18.5,21.2,23.1,8,31,27,21,15,No,No,-27.4,111.23,Comp Sftwr - Enterprise,NA,3.5,134,No,6.22,50,Yes,114,30,-1.2,5.5,0,194.73,109,117,-12,3.75,Yes,4,1.05,-42.88,43,91,84,1.46,2994593,113812.4,6.33,1034000,-12.4,-31.8,12,26,NA,-4.9,NA,91,39,A+,4.4,16,23,4.5,6.6,4.7,28,13278,29,24,26,NA,23,28458,No,1.16,6,20522,NA,No,4346,NA,No,No,No,7.81,0,No,10,1,20,21,New York Stock Exchange,No,53,No,9.19,Yes,94,1024624.7,25,30,15,22.3,Yes,No,0,-2.2,SOFTWARE,12.6,NA,No,44,115808.8,No,No,No,-41,15.6,NA,15.5,7.5,2026-07-31,NOW,5,8,0,0,0,10,0,23,79.66666666666667,35,FALSE,TRUE,Other,Momentum Leader,62.1,Strong
5507,YMM,Full Truck Alliance Co. Ltd. ADR,NA,2.9,2.4,2,9.73,3,3.1,2,0,5678.3,18850569,04/08/2026,0,A+,No,No,No,No,Yes,0,0,2.5,6.93,15.43,0.22,0.23,45,67.63,13,43.1,3.9,3.65,NA,12.7,15.8,28,21,Yes,Yes,43.1,68.1,66.2,53,46,67,53,49,10,Yes,No,-11.6,9.49,Internet-Content,NA,0,18,No,0.31,0,Yes,65,15,-19.1,2.1,0,14.07,28,133,-13,0.63,Yes,33,-0.73,-32.55,43,82,81,1.22,82055,9918.9,3.45,932510.2,-2.5,-29.5,16.9,9.7,NA,-4.1,NA,98,94,A+,19.2,7,21,11.2,3.5,7.6,36,1811,39,33,63,NA,22.3,9507,Yes,-0.07,3,6349,NA,No,526,NA,Yes,No,No,4.97,0,No,117,0.8,85,11,New York Stock Exchange,No,64,No,1.7,-,97,877255.3,2,60,101.4,15.4,No,Yes,5.2,16.9,INTERNET,3,NA,No,45,6535.3,No,No,No,-17.8,-14.8,NA,11.3,34.8,2026-07-31,YMM,32,15,0,0,0,10,0,57,73.66666666666667,50,TRUE,TRUE,CANSLIM Growth,CANSLIM Growth,51,Improving
3865,ASAN,Asana Inc. Cl A,NA,4.5,5.3,5.6,8.63,21.3,0.9,1,4,4899,35653631,NA,0,B,No,No,No,No,No,2,12.4,0,1.1,21.81,0.48,0.48,73,0,21,-23.3,7.58,7.28,NA,9.3,9.5,23,11,No,Yes,433,694.2,575.7,497.2,33,56,118,374,-99,No,No,-39.3,8.32,Comp Sftwr - Enterprise,NA,3.5,134,No,0.53,134.3,Yes,114,27,5.6,39.5,0,15.71,109,117,-30,0.31,Yes,0,4.65,-47.04,43,97,66,2.2,45996,1832.6,7.83,160969.5,-15.5,-7.4,18.9,31.6,NA,-18.8,NA,80,39,A+,33.2,38,26,9,5.9,7.1,31,790.8,35,10,308,NA,9.3,6234,Yes,0.37,46,5703,NA,No,293,NA,No,No,No,1.66,0,No,100,1.2,1533,9,New York Stock Exchange,No,69,No,14.21,-,96,90244.1,450,220,816.3,9.3,Yes,No,-0.6,-3.6,SOFTWARE,21.3,NA,No,67,1647.5,No,No,No,-43.3,31.9,NA,-99.1,-7,2026-07-31,ASAN,20,15,0,0,0,10,0,45,80.66666666666667,20,FALSE,FALSE,Other,Momentum Leader,62.1,Strong
4512,MTZ,MasTec Inc.,NA,3.6,3.8,3.6,366.3,-22.1,2.8,1,0,364.9,4236441,NA,0,E,No,No,No,No,No,2.27,109.9,0,1.32,37.94,4.61,4.61,78,163.31,24,3.6,5.48,6.19,NA,23.1,23.9,16,11,No,Yes,144.2,88.4,79.4,74.5,14,7,61,60,13,No,No,21,263.1,Bldg-Heavy Construction,NA,0,46,Yes,22.52,81.2,No,36,32,-4.6,6.9,0,441.43,7,73,26,8.16,Yes,50,-18.91,-40.4,43,2,63,1.36,459261,25636.8,6.5,79018.6,9.6,246,-36.8,-33.2,NA,9.4,NA,98,69,E,-0.5,40,35,-12.2,-3.1,-9.1,48,14299.2,101,23,66,NA,28.9,1246,No,-61.34,18,3950,NA,No,1261,NA,No,No,No,1.29,0,No,49,0.6,173,16,New York Stock Exchange,No,16,Yes,6.28,-,76,61651,44,52,110.8,24.5,Yes,No,-0.4,30.5,BUILDING,-22.1,NA,No,64,25114.7,Yes,No,No,39.1,81.8,NA,12.9,3,2026-07-31,MTZ,20,15,0,10,0,10,5,60,36,30,FALSE,FALSE,CANSLIM Growth,CANSLIM Growth,35,Weak
3689,ALKT,Alkami Technology Inc.,NA,5.7,4.7,4,18.6,8.2,2.4,1,0,221.4,7686611,NA,0,B-,No,No,No,No,Yes,4.59,35,0,1.92,46.03,0.39,0.39,75,0,20,-13.3,5.02,4.96,NA,29.5,27.8,30,29,No,Yes,156,297,233.9,176.1,28,73,100,146,-13,Yes,No,-21.2,18.17,Comp Sftwr - Financial,NA,0,139,No,0.85,98.2,No,41,29,-14.2,12.6,0,26.89,136,127,-23,0.63,Yes,14,2.02,-32.43,43,79,54,1.35,29205,1906,4.77,107019.2,-4.9,-18.1,0.3,15.1,NA,-14.3,NA,81,129,A+,7.4,56,38,5.4,1.6,0.1,32,443.6,591,16,142,NA,22.4,1741,No,0.36,44,1399,NA,No,292,NA,No,No,Yes,3.97,0,No,625,1.3,165,33,NASDAQ,No,57,No,5.36,-,98,60817.2,100,44,395.3,26.5,Yes,Yes,0.3,-6.1,SOFTWARE,8.2,NA,No,96,2175.5,No,No,No,-18.5,-16.7,NA,-13.3,-6.8,2026-07-31,ALKT,30,15,0,0,0,10,0,55,65.66666666666666,20,TRUE,FALSE,CANSLIM Growth,CANSLIM Growth,62.1,Strong
5392,WLKP,Westlake Chemical Partners LP,NA,4.6,4.7,5.2,22.37,-1.9,0,0,0,94.5,145067,05/14/2026,0,E,No,No,No,No,Yes,4.44,5.2,8.6,3.65,2.72,0,0,36,51.55,10,25.6,1.86,2.06,NA,7.9,14,-1,-6,No,No,16.9,54.5,40.9,19.3,10,-8,-4,5,-1,Yes,No,13.9,21.64,Chemicals-Basic,NA,0,76,Yes,0.46,80.1,Yes,12,13,10.1,0.7,0,23.88,17,108,-6,1.64,No,10,-0.41,-9.38,42,30,44,0.41,602,765.9,2.08,35245.9,2.2,97.7,-2.8,-6.1,NA,0.8,NA,68,111,E,-7,36,-9,-3.6,-1.1,-1.5,75,1166.7,15,29,-22,NA,20,27,No,-0.09,0,51,NA,No,14,NA,No,No,No,0.62,0,No,186,0.8,-5,3,New York Stock Exchange,No,37,Yes,1.53,Yes,97,20702.3,-18,0,90.5,17.2,Yes,Yes,-1.1,0,CHEMICAL,-1.9,NA,No,37,1127.3,Yes,Yes,No,-1.8,39.5,NA,9.6,4.6,2026-07-31,WLKP,32,15,0,7,0,10,5,69,38.666666666666664,20,TRUE,TRUE,CANSLIM Growth,CANSLIM Growth,45.5,Improving
3932,AUGO,Aura Minerals Inc.,NA,3.7,4.4,4.5,58.08,-0.4,0,0,0,670.1,4802738,05/19/2026,0,E,No,No,No,No,No,6.75,43,4.1,0.98,16.56,0,0,54,199.11,10,5.6,6.86,6.85,NA,69.4,81.1,18,43,Yes,Yes,1283.2,2513.8,1958.6,1543.1,8,-2,59,232,-9,No,No,8.2,54.57,Mining-Gold/Silver/Gems,NA,0,13,No,4.07,104.3,Yes,89,18,1.1,13.6,0,110.32,100,138,-30,3.1,Yes,0,-4.18,-50.54,41,14,43,0.81,64936,4771.8,6.95,83789.2,-9.3,-7.9,-13.3,-35.6,NA,-14.3,NA,84,141,D-,-29.3,269,0,-9.1,6.1,-0.8,32,921.7,-160,136,686,NA,112,1040,No,-2.38,179,888,NA,No,311,NA,No,No,No,4,0,No,6691,0.9,237,55,NASDAQ,No,12,No,15.15,Yes,94,35231.8,614,293,3463.9,94.3,Yes,Yes,-19.9,74.7,MINING,-0.4,NA,No,60,4712.7,Yes,Yes,No,123.9,-44.1,NA,-32.5,24.9,2026-07-31,AUGO,35,15,0,0,0,10,0,60,32.666666666666664,15,TRUE,TRUE,CANSLIM Growth,CANSLIM Growth,19.1,Weak
4746,NU,Nu Holdings Ltd. Cl A,NA,3,2.8,2.3,14.85,1.7,0,0,3,2119.5,154746079,NA,0,B-,No,No,No,No,Yes,-0.22,12.2,0,0.69,8.26,0,0,65,85.7,16,26.7,3.88,3.74,NA,41.5,47.1,85,44,No,Yes,47.9,52.5,47,47,17,-,-,49,30,No,No,-14.4,14.33,Banks-Foreign,NA,7.1,55,No,0.51,18.6,No,42,22,-17.6,4.2,0,18.98,79,49,-29,0.65,Yes,0,-1.1,-24.5,39,67,71,1.61,1019492,69993.7,3.75,3807883.8,-4.2,-38.5,7.3,-1,NA,-19.3,NA,61,35,B,-9.9,44,32,10.6,2.2,4.1,10,15774.7,90,53,45,NA,58.4,78591,Yes,-0.16,53,47606,NA,No,1760,NA,No,No,No,3.08,0,No,56,1.2,61,40,New York Stock Exchange,No,46,No,5.53,-,97,3626659,41,30,58.3,52.9,Yes,No,-2.1,-1.7,BANKS,1.7,NA,No,45,94845.1,No,No,No,17.3,-28.2,NA,30.3,18.9,2026-07-31,NU,30,15,0,0,0,10,0,55,64,45,TRUE,TRUE,CANSLIM Growth,CANSLIM Growth,65.9,Leading
4307,MCHP,Microchip Technology Inc.,NA,3.7,3.2,2.9,85.66,-5.8,0,0,0,3498.2,35231436,05/22/2026,0,E,No,No,No,No,No,4.08,46.8,2.3,2.09,42.1,0,0,87,1362.4,23,5.8,5.47,5.38,NA,1.7,8.8,-8,-26,Yes,No,50.5,171.4,116.3,76.9,8,-25,-51,26,0,Yes,No,16.6,74.29,Elec-Semiconductor Mfg,NA,0,14,No,4.7,87.1,Yes,33,46,-9.5,6.6,0,105.91,5,46,-12,1.63,No,59,-0.96,-29.86,39,13,49,1.82,1050200,40731.1,5.17,543008.4,-0.4,-0.6,-18.5,-20,NA,-2.1,NA,72,40,E,12.9,94,31,-16.3,-5.9,-10.1,33,4713.1,-73,35,25,NA,25.4,11938,No,-0.72,159,11293,NA,No,2402,NA,No,No,Yes,8.56,0,No,418,0.7,120,7,NASDAQ,No,32,Yes,6.26,-,92,533139.9,-24,-49,269.1,16.2,No,Yes,-6.5,4.9,CHIPS,-5.8,NA,No,61,44156.4,No,No,No,9.9,-0.5,NA,3.4,11,2026-07-31,MCHP,32,15,0,0,0,10,0,57,33.666666666666664,20,TRUE,TRUE,CANSLIM Growth,CANSLIM Growth,32.9,Weak
4389,MKL,Markel Group Inc.,NA,4.3,3.7,3.9,2054.37,-5.6,0,0,3,2447.1,296082,NA,0,A-,No,No,No,No,No,-0.83,13.3,0,0.71,8.62,0,0,16,40.04,16,16.5,2.04,2.12,NA,8,3.9,11,9,No,No,45.1,66,47,70.9,35,-,9,31,12,No,No,-12.4,1882.34,Insurance,NA,2.3,94,No,41.3,23,Yes,129,8,3.6,2.4,0,2207.59,81,34,-13,224.39,Yes,0,-0.2,-14.73,38,41,75,0.58,138780,23369.4,2.16,12390,-4.5,65.3,-3.6,6.2,NA,-7.8,NA,93,32,C,202.7,-39,11,-0.6,-5,-4.2,74,16589.3,36,13,-15,NA,-2.1,74,Yes,-3.82,-54,123,NA,No,1267,NA,No,No,No,1.41,0,No,87,0.9,93,0,New York Stock Exchange,No,35,No,1.23,Yes,92,12110.4,19,-10,89.7,7,Yes,Yes,-3.8,-0.3,INSURANCE,-5.6,NA,No,38,25625.7,No,No,No,-6.3,29,NA,12.2,22.5,2026-07-31,MKL,25,15,0,7,0,10,0,57,51.333333333333336,35,TRUE,FALSE,CANSLIM Growth,CANSLIM Growth,65,Strong
4420,MNDY,monday.com Ltd.,NA,3.5,4,4,91.97,12.6,0.9,1,4,4899,6898980,NA,0,A,No,No,No,No,Yes,0.12,7.3,0,1.72,13.87,0,0,59,146.06,18,4.8,6.4,6.24,NA,26.4,25.5,45,31,No,Yes,33.3,12.4,13.3,26.7,54,-,98,12,10,No,No,-40.9,87.15,Comp Sftwr - Enterprise,NA,3.5,134,No,4.85,19.6,No,114,20,0.8,20.2,0,264,109,117,-30,4.44,Yes,0,-1.15,-66.99,38,93,71,1.93,130331,3726.9,6.68,42906.9,-18,-39.7,20.4,32.3,NA,-24.1,NA,81,39,A+,23.4,4,21,11.3,11.6,10.1,41,1232,89,24,26,NA,24.5,1600,No,-1.01,2,910,NA,No,491,NA,No,No,No,2.87,0,No,5,0.9,-4,27,NASDAQ,No,59,No,5.88,-,95,34084,36,16,0.4,25.1,Yes,No,1.5,-25.2,SOFTWARE,12.6,NA,No,59,2318.5,No,No,No,-66.8,6.9,NA,10.4,8,2026-07-31,MNDY,5,0,0,0,0,10,0,15,82.33333333333333,45,FALSE,FALSE,Other,Momentum Leader,62.1,Strong
5384,WK,Workiva Inc. Cl A,NA,4.6,4.9,5.3,62.45,14.1,0,0,0,436,5961577,NA,0,B+,No,No,No,No,Yes,2.1,19.9,0,1.52,24.02,0.52,0.52,72,974.47,20,-2.5,5.11,5.17,NA,19.7,20.4,19,18,No,Yes,123.4,249.4,191.8,146.1,11,50,107,189,0,No,No,-30.7,59.8,Computer Sftwr-Database,NA,0,142,No,2.71,0,Yes,20,26,9.6,11.9,0,97.09,78,142,-30,2.29,Yes,95,2.15,-38.41,38,93,52,1.25,46886,3285.2,5.41,52549.8,-13.8,-30.7,23.3,11.8,NA,-22.4,NA,81,137,A+,17.6,63,20,14.8,5.1,8.6,40,884.6,324,20,89,NA,19.7,928,Yes,1.26,234,592,NA,No,439,NA,No,No,Yes,3.4,0,No,450,1,136,20,New York Stock Exchange,No,55,No,-267.2,Yes,96,49892.4,162,19,293.2,20.1,Yes,Yes,-3.9,-1.8,SOFTWARE,14.1,NA,No,61,3353.6,No,No,No,-6.3,-23.4,NA,0,7.7,2026-07-31,WK,30,15,0,0,0,10,0,55,66,35,TRUE,FALSE,CANSLIM Growth,CANSLIM Growth,62.1,Strong
4455,MQ,Marqeta Inc.,NA,4,7.7,3.5,18.48,1.7,2.4,1,0,1811.6,4267964,NA,0,A+,No,No,No,No,Yes,0.01,6.8,0,1.65,12.33,0,0,99,3101.03,103,-2.1,4.48,4.45,NA,22.3,23.4,4,-9,No,Yes,65.9,128.6,71.6,71.5,24,-,-,-,-2,Yes,No,-8.6,17.36,Finance-CrdtCard/PmtPr,NA,0,127,No,0.74,0.6,No,41,349,-54.8,5,0,28.16,113,62,-1,0.05,Yes,0,-1.64,-38.35,37,65,57,1.56,19347,1871,4.57,97805.5,2,-93.1,6.9,0,NA,5.1,NA,55,36,A,688.3,229,157,8.6,0.6,4.4,-,624.9,112,19,-160,NA,23,1206,Yes,-0.29,102,814,NA,No,308,NA,No,No,No,2.61,0,No,200,1.3,102,23,NASDAQ,No,53,No,2.49,-,94,85971.8,83,-99,151.2,24.5,Yes,No,5.4,-4.9,FINANCE,1.7,NA,Yes,54,883.1,No,No,No,-23.9,-37,NA,-1.5,4.7,2026-07-31,MQ,30,15,0,0,0,10,5,60,55,20,TRUE,FALSE,CANSLIM Growth,CANSLIM Growth,52.3,Improving
3692,ALLT,Allot Ltd.,NA,3.2,2.8,2.8,8.28,-0.5,5.9,1,0,674.6,1298519,NA,0,D+,No,No,No,No,Yes,0.07,9.5,0,2.39,19.76,1.76,1.76,74,241.98,25,4.8,5.02,5.16,NA,11.3,12.6,-10,-1,Yes,Yes,170.3,164.4,185.8,182,9,16,96,232,5,No,No,-22.6,7.61,Computer-Networking,NA,0,64,No,0.41,4.1,Yes,17,28,-1.4,2.8,0,11.92,16,4,-33,0.27,Yes,99,1.33,-36.16,37,42,56,1.21,2934,367.4,4.62,48923.1,-11.7,-56.6,-14,3.7,NA,-22.6,NA,76,7,D,36.5,30,23,-4,-3.9,-8.6,58,102,103,14,475,NA,14.1,383,No,0.1,91,163,NA,No,52,NA,No,No,No,3.54,0,No,200,1.6,60,11,NASDAQ,No,39,No,3.2,Yes,96,46520.5,233,250,130,14,Yes,Yes,-8.3,-10.3,COMPUTER,-0.5,NA,No,31,288.7,No,No,No,-1.7,-63,NA,4.5,7.3,2026-07-31,ALLT,30,15,0,0,0,10,0,55,45,35,TRUE,FALSE,CANSLIM Growth,CANSLIM Growth,61.2,Strong
3927,AU,AngloGold Ashanti PLC,NA,1.7,2,1.8,82.46,-0.4,0,0,0,670.1,5618260,05/29/2026,0,E,No,No,No,No,No,0.7,12.5,4.5,2.71,8.57,0.27,0.31,23,42.65,10,40.6,4.86,4.45,NA,61.9,57.2,22,42,No,Yes,123,118.9,123.1,120.1,30,33,235,123,14,No,No,-7,79.32,Mining-Gold/Silver/Gems,NA,0,13,Yes,3.65,25.5,No,89,10,-11,1.1,0,129.14,100,138,-30,7.7,Yes,0,-3.66,-38.58,37,24,50,0.68,258440,41577.3,4.1,505007.5,-9.6,208.1,-1.9,-15.4,NA,-14.6,NA,98,141,D-,-3.4,79,5,-3.1,5.1,3,64,9730,2109,27,143,NA,45.3,3061,No,-3.01,51,7345,NA,No,1934,NA,No,No,No,3.64,0,No,57,1,186,71,New York Stock Exchange,No,18,No,4.69,-,96,503892.4,113,136,121.6,55.6,Yes,No,-14,3.5,MINING,-0.4,NA,No,47,40930.3,Yes,Yes,Yes,71.5,10.2,NA,35.8,32.3,2026-07-31,AU,27,15,0,10,0,10,0,62,37,55,FALSE,FALSE,CANSLIM Growth,CANSLIM Growth,19.1,Weak
3836,ARIS,Aris Mining Corp.,NA,3.1,2.2,2.4,15.35,-8.9,0,0,0,670.1,3392018,08/30/2022,0,E,No,No,No,No,No,1.69,0,0,1.91,8.19,0,0,11,38.47,5,22.3,6.19,6.01,NA,92.8,97.2,23,47,No,Yes,244.2,192.5,231.9,233,20,-27,73,198,7,No,No,-17.7,13.36,Mining-Gold/Silver/Gems,NA,0,13,No,0.91,25.6,No,89,7,6.5,1.7,0,23.29,100,138,-37,1.89,Yes,78,-6.25,-42.64,37,8,49,0.91,20923,2939.2,5.98,206400,-13,-8.5,-10.4,-25.3,NA,-22.1,NA,99,141,E,9.9,71,45,-9.2,-0.7,-2.4,87,916.4,-8,60,266,NA,98.2,1442,No,-0.89,42,1968,NA,No,291,NA,No,No,Yes,2.21,0,No,74,0.6,275,82,New York Stock Exchange,No,6,No,1.56,Yes,89,199823.3,229,350,174.5,100.2,Yes,Yes,-20.1,4.3,MINING,-8.9,NA,No,49,3074.8,No,No,No,92.2,5.1,NA,7,28.5,2026-07-31,ARIS,30,15,0,5,0,10,0,60,31.333333333333332,30,FALSE,FALSE,CANSLIM Growth,CANSLIM Growth,19.1,Weak
4937,PAAS,Pan American Silver Corp.,NA,0.7,0.8,0.9,46.28,-2.1,0,0,0,670.1,4593785,05/19/2026,0,E,No,No,No,No,No,0.59,16.4,1.6,2.84,11.95,0.83,0.92,39,53.15,10,32.1,4.67,4.32,NA,32,32.9,23,33,Yes,Yes,965.4,142.2,179.4,963.5,32,15,367,159,13,No,No,-16.8,43.11,Mining-Gold/Silver/Gems,NA,0,13,Yes,1.95,10.7,Yes,89,14,14.7,1.1,0,69.99,100,138,-37,3.11,Yes,0,-2.09,-38.41,35,20,52,0.93,201826,18532.6,4.26,421350,-12.9,-25.7,-3.8,-17.6,NA,-21,NA,99,141,D-,2.6,53,23,-7.7,1.5,0.7,36,3619,558,49,222,NA,46.9,4408,No,-0.92,107,3663,NA,No,1421,NA,No,No,No,4.54,0,No,160,0.6,217,28,New York Stock Exchange,No,13,No,2.47,Yes,96,0,50,291,188.3,37.7,Yes,No,-18.3,3.9,MINING,-2.1,NA,No,45,17461.4,No,No,No,59.5,-25.4,NA,16.7,39.6,2026-07-31,PAAS,32,15,0,0,0,10,0,57,35.666666666666664,55,TRUE,TRUE,CANSLIM Growth,CANSLIM Growth,19.1,Weak
5542,ZVRA,Zevra Therapeutics Inc.,NA,4.1,3.7,4.1,12.95,-0.2,0,0,2,1308.2,7795667,NA,0,E,No,No,No,No,Yes,0.25,30.2,0,4.89,-340.78,0.16,0.16,6,17.1,14,81.4,5.86,5.51,NA,368.9,337.2,36,113,No,Yes,288.8,442.3,419.7,352.8,38,30,63,316,80,Yes,No,6.1,9.51,Medical - Profitable Biotech,NA,3.8,40,No,0.71,0.4,No,52,5,11.4,13.4,0,15.04,102,79,2,1.99,Yes,0,-1.35,-36.75,35,14,50,0.88,21954,569.9,6.11,59115.1,-4.8,-44.8,-33.7,-6.5,NA,5.7,NA,72,84,E,639.7,-21,-22,-21.1,-15,-23.7,90,106.5,-75,78,159,NA,130.9,1836,No,-0.13,-91,971,NA,No,206,NA,No,No,No,4.6,0,No,1100,1.2,128,351,NASDAQ,No,30,Yes,2.73,-,95,58316.4,99,352,614.2,289,Yes,Yes,-6.8,15.1,MEDICAL,-0.2,NA,No,50,450.3,No,No,No,-14.4,-32.2,NA,79.9,100.3,2026-07-31,ZVRA,35,15,0,0,0,10,0,60,33,55,TRUE,FALSE,CANSLIM Growth,CANSLIM Growth,50.1,Improving
4954,PAR,Par Technology Corp.,NA,7.1,7.8,7.4,18.15,9.8,0,0,0,763.1,10201538,NA,0,B,No,No,No,No,Yes,3.98,-30.2,0,2.04,-25.26,0,0,92,0,24,-17.9,6.37,5.86,NA,19.8,25.2,13,5,No,Yes,450.5,797.1,626,520.3,43,-,-,-,-10,No,No,-53.3,16.95,Computer-Tech Services,NA,0,111,No,0.97,51.9,Yes,93,68,-5,25.1,0,61.23,141,134,-46,0.25,Yes,0,0.59,-72.32,34,80,46,1.63,18356,695,5.93,41246.2,-28.4,-2.9,-2.7,26.1,NA,-35.3,NA,82,125,A,77.5,315,107,6.9,3.4,-0.3,4,455.5,52,19,121,NA,16.9,1152,No,0.1,306,1857,NA,No,285,NA,No,No,No,1.47,0,No,1100,1.3,1124,30,New York Stock Exchange,No,50,No,0.85,Yes,93,40586.9,167,113,1112.2,19,Yes,No,-13.6,-7.8,BUSINS SVC,9.8,NA,No,74,1038.2,Yes,Yes,Yes,-72.1,-24.4,NA,-10,-13,2026-07-31,PAR,30,15,0,7,0,10,0,62,60.333333333333336,30,TRUE,FALSE,CANSLIM Growth,CANSLIM Growth,58.5,Strong
5173,UROY,Uranium Royalty Corp.,NA,1.5,1.3,1.3,3.52,14.9,0,0,0,31.9,3443894,NA,0,D,No,No,No,No,Yes,0,18.9,0,325.28,2.66,3.7,3.7,97,573.36,241,29.2,6.52,6.53,NA,0,0,31,31,No,Yes,37.2,183.6,108.2,60.3,9,40,47,118,15,Yes,No,-4,3.4,Oil&Gas-Royalty Trust,NA,0,44,No,0.18,0,Yes,13,148,3,3,0,5.52,48,64,-38,0.02,Yes,0,-0.58,-38.41,33,63,53,1.62,8969,501,7.07,381067.3,-8,76.5,22.3,-12.8,NA,-26.4,NA,75,72,C-,200.6,-99,-919,12.7,19.1,22.2,-,187,-150,434741,1097,NA,217320.6,2957,No,-0.02,-16,5104,NA,No,46,NA,No,No,No,32.75,0,No,206,1,196,1570,NASDAQ,No,41,No,1.77,-,97,0,149,-118,200.9,0,No,Yes,-6.4,-6.1,ENERGY,14.9,NA,No,6,149.5,No,No,No,31.3,58.6,NA,15.3,11.8,2026-07-31,UROY,35,15,0,7,0,5,0,62,54.666666666666664,50,TRUE,TRUE,CANSLIM Growth,CANSLIM Growth,47.5,Improving
5021,TRC,Tejon Ranch Co.,NA,11.4,10.6,11.3,18.28,-3.9,0,0,1,229.9,1092693,NA,0,E,No,No,No,No,Yes,3.93,-15.4,0,2.76,74.41,0,0,98,1058.02,169,2.3,2.31,2.28,NA,20.1,22.4,-5,-7,No,No,17.9,80.3,-2.2,-15.1,35,-25,-87,-13,0,No,Yes,7.4,16.93,Real Estate Dvlpmt/Ops,NA,1.7,57,No,0.42,20.1,No,60,242,7,4.4,0,21.31,92,115,-2,0.07,No,0,-0.7,-20.55,33,17,23,0.61,1822,460.4,2.21,27004.2,-3.2,114,-9.5,-13.5,NA,5.2,NA,30,106,E,150,1000,0,-8.8,-4.2,-6.1,3,49.6,-17,16,-90,NA,16.7,98,No,-0.12,133,206,NA,No,189,NA,No,No,No,8.98,0,No,120,0.8,-65,18,New York Stock Exchange,No,28,Yes,0.96,-,95,24823.3,186,-250,27.6,14.6,Yes,Yes,-6.1,1.1,REAL EST,-3.9,NA,No,54,529.2,Yes,Yes,Yes,-5.7,36.3,NA,0,1.6,2026-07-31,TRC,30,15,0,10,0,10,0,65,24.333333333333332,20,TRUE,FALSE,CANSLIM Growth,CANSLIM Growth,44.1,Weak
3612,AG,First Majestic Silver Corp.,NA,1.5,1.4,1.4,17.75,-7.8,0,0,0,670.1,17288776,08/14/2026,0.02,E,No,No,No,No,No,0.34,19.2,0.4,2.57,13.09,0.69,0.7,52,83.37,17,31.4,6.15,5.95,NA,102.2,104.3,17,45,No,Yes,422.6,615,544.6,467.1,27,24,113,965,8,No,No,-9.8,15.03,Mining-Gold/Silver/Gems,NA,0,13,No,1,8.8,No,89,17,0.1,3.6,0,32.03,100,138,-44,0.89,Yes,0,-4.21,-53.08,32,8,38,1.22,194278,7713.8,6.11,493769.6,-16.6,7.3,-11.4,-23.7,NA,-27.9,NA,84,141,E,-14.8,79,17,-11.3,-2.9,-5.1,34,1257.2,-75,57,429,NA,76.4,11391,No,-0.66,171,12865,NA,No,417,NA,No,No,No,4.52,0,No,425,0.7,520,124,New York Stock Exchange,No,6,No,2.5,Yes,91,486252.8,900,333,472.5,107.3,Yes,Yes,-23.7,6.1,MINING,-7.8,NA,No,36,6838.8,No,No,No,89.1,28.5,NA,8,26.3,2026-07-31,AG,35,15,0,0,0,10,0,60,26,40,FALSE,FALSE,CANSLIM Growth,CANSLIM Growth,19.1,Weak
3487,AA,Alcoa Corp.,NA,1.7,1.7,1.6,47.03,2.3,4.3,3,0,896.2,8981785,05/19/2026,0,E,No,No,No,No,No,1.33,41.6,0.9,1.53,9.97,0,0,20,36.11,8,8.1,5.21,4.81,NA,6.4,7.1,2,9,No,No,139.3,143.3,81.6,94,16,-16,84,5,19,No,No,-14.8,45.26,Mining-Metal Ores,NA,0,6,No,2.42,30.2,Yes,69,10,-6.2,3.4,0,84.38,40,100,-33,4.76,No,99,0.64,-46.36,32,16,30,1.6,329222,11867.2,4.77,263892,-19.7,-4,-13.2,-29,NA,-20.3,NA,47,95,E,-5.9,74,-5,-23.3,0.9,-4.1,93,12831,159,31,179,NA,13.1,5811,No,0.29,7983,5334,NA,No,918,NA,No,No,No,0.88,0,No,444,0.7,-35,8,New York Stock Exchange,No,14,No,1.81,-,101,262454.8,21,-104,204.4,8.4,Yes,Yes,-26.7,3,MINING,2.3,NA,No,48,12873.2,No,No,No,51,-13.3,NA,20.5,10.8,2026-07-31,AA,32,15,0,0,0,10,0,57,26,30,TRUE,TRUE,CANSLIM Growth,CANSLIM Growth,19.1,Weak
3671,ALB,Albemarle Corp.,NA,5.1,4.8,4.6,123.31,2.4,2,1,0,590.7,10733519,09/11/2026,0.41,E,No,No,No,No,No,1.3,42.8,1.4,2.07,10.79,0,0,88,0,9,-10.7,4.57,4.53,NA,3.5,9.5,11,-23,Yes,No,287.5,626,513.3,376.8,20,-21,-113,244,-3,No,No,-16.8,117.64,Chemicals-Specialty,NA,0,72,No,6.03,25,Yes,51,50,-3.1,9.1,0,221,47,90,-42,2.34,No,0,-0.1,-46.77,31,10,32,1.57,326622,13888,4.12,117934.7,-22.7,36.8,-12.9,-40.2,NA,-31.1,NA,77,102,E,147,1686,-7,-19.3,0.7,-5,3,5142.7,-111,33,66,NA,24.3,2295,No,-0.12,2812,3649,NA,No,1426,NA,No,No,No,2.53,0,No,1739,0.7,51,-4,New York Stock Exchange,No,9,No,1.82,-,99,117601.2,88,175,895.1,15.1,Yes,Yes,-28.9,6.1,CHEMICAL,2.4,NA,No,61,15591.2,Yes,Yes,Yes,73.4,13.4,NA,-5.2,22.3,2026-07-31,ALB,32,15,0,7,0,10,0,64,24.333333333333332,30,TRUE,TRUE,CANSLIM Growth,CANSLIM Growth,45.5,Improving
5409,WPM,Wheaton Precious Metals Corp.,NA,1.3,1.5,1.5,114.1,-2.2,0,0,0,670.1,3147651,05/27/2026,0,E,No,No,No,No,Yes,0.01,57.3,0.7,4.53,26.02,1.74,1.82,75,107.98,22,73.4,4.28,3.96,NA,80,85.4,12,41,No,Yes,93.3,131.7,121.5,107.8,46,16,51,129,15,No,No,-7.2,109.03,Mining-Gold/Silver/Gems,NA,0,13,Yes,4.48,0.1,No,89,29,-0.2,0.7,0,165.76,100,138,-32,3.75,Yes,28,-3.84,-34.22,30,24,50,0.66,217164,51417.7,3.87,454125.1,-8.7,-13.6,-2.9,-13.8,NA,-17.3,NA,99,141,E,3.7,61,10,-3,4.4,3.3,13,2314.6,20,92,115,NA,109.4,1930,No,-4.35,82,1625,NA,No,2112,NA,No,No,No,18.03,0,No,132,0.8,179,80,New York Stock Exchange,No,16,No,5.36,Yes,96,453585,84,91,155.5,91.1,Yes,Yes,-13.2,0.7,MINING,-2.2,NA,Yes,55,48562.8,No,No,No,19.1,-15.5,NA,18.5,64.6,2026-07-31,WPM,35,15,0,0,0,10,0,60,34.666666666666664,55,TRUE,TRUE,CANSLIM Growth,CANSLIM Growth,19.1,Weak
5279,VOXR,Vox Royalty Corp.,NA,3.7,3.6,3.4,4.52,-0.5,0,0,0,670.1,1695644,06/30/2026,0,E,No,No,No,No,Yes,0.68,53.3,1.4,4.94,23.22,0.18,0.18,34,37.89,21,42.6,4.88,4.66,NA,140,176.7,58,19,Yes,Yes,541,1216.7,912.5,669.2,52,69,90,347,7,Yes,No,-8.2,4.35,Mining-Gold/Silver/Gems,NA,0,13,No,0.22,0,Yes,89,13,-5.1,2.8,0,6.7,100,138,-27,0.34,Yes,0,-1.14,-35.07,30,19,34,0.52,2460,303.2,4.38,68901.8,-13.4,-20.1,-8,-15.4,NA,-17.5,NA,66,141,E,827.3,2674,-24,-12.1,2.9,-0.6,53,16.6,-712,498,133,NA,326.2,486,No,-0.05,640,380,NA,No,100,NA,No,No,Yes,10,0,No,3500,0.9,150,50,NASDAQ,No,16,No,2.24,-,98,59962.6,0,0,1825,236.5,Yes,Yes,-16.6,1,MINING,-0.5,NA,No,25,290.1,No,No,No,37.2,-41,NA,7.8,152.7,2026-07-31,VOXR,35,15,0,0,0,10,0,60,27.666666666666668,35,TRUE,TRUE,CANSLIM Growth,CANSLIM Growth,19.1,Weak
3877,ASM,Avino Silver & Gold Mines Ltd.,NA,1.6,1.4,1.7,6.51,-5.3,0,0,0,670.1,7031814,NA,0,E,No,No,No,No,Yes,0.04,76.1,0,5.78,30.67,0.35,0.35,69,91.77,15,46.8,6.85,6.63,NA,55.6,56.5,27,39,No,Yes,351.3,191.7,168.8,278.3,55,69,189,124,15,No,No,-14.2,5.33,Mining-Gold/Silver/Gems,NA,0,13,No,0.4,1.8,Yes,89,24,18.6,4.4,0,11.99,100,138,-57,0.22,Yes,63,-3.62,-55.54,29,10,45,1.26,22239,938.6,6.71,170200.8,-16.9,-24.7,-15.9,-17.2,NA,-40.7,NA,99,141,E,-5.3,104,67,-11.6,-2.4,-6.5,17,92.2,1124,109,183,NA,67.3,3640,No,-0.2,375,2740,NA,No,150,NA,No,No,No,8.04,0,No,125,0.9,50,27,NYSE American,No,8,No,3.26,-,92,158675.3,400,100,87.5,59.5,Yes,No,-22.5,9.5,MINING,-5.3,NA,No,27,801.2,No,No,No,67.1,-18.3,NA,14.8,37.9,2026-07-31,ASM,35,15,0,0,0,10,0,60,28,50,FALSE,TRUE,CANSLIM Growth,CANSLIM Growth,19.1,Weak
4466,MRP,Millrose Properties Inc. Cl A,NA,4.4,4.5,4.4,29.52,-1.9,5.7,11,1,1674.3,7916362,07/06/2026,0,E,No,No,No,No,No,0.55,1.6,10.6,0.35,1.26,0,0,22,38.9,9,66.7,2.4,2.33,NA,0,0,0,0,No,No,0,213.6,232.4,228.6,46,-,-,-,-1,No,No,-6.3,27.98,REITs,NA,0.5,98,No,0.68,41.3,No,194,10,-2.6,5.2,0,36,44,23,-12,2.79,No,0,-0.85,-22.28,29,35,41,0.69,45376,4352.3,2.08,154228.1,-5.7,-35.9,-6.9,-8.8,NA,-6.1,NA,77,45,E,-3.5,27,5,-1.3,-1.5,-1.7,65,600.5,-142,136,265,NA,0,1580,No,-0.24,11,1072,NA,No,638,NA,No,No,No,6.05,0,No,90,1.5,287,0,New York Stock Exchange,No,34,No,0.79,-,97,152389.1,264,289,188.2,0,Yes,No,-4.1,7,REAL EST,-1.9,NA,No,61,6746,No,No,No,-6.7,-27.5,NA,7.4,63,2026-07-31,MRP,30,15,0,0,0,10,0,55,35,15,FALSE,TRUE,CANSLIM Growth,CANSLIM Growth,44.1,Weak
3900,ATEC,Alphatec Holdings Inc.,NA,3.6,3.8,3.7,9.79,15.3,3.1,4,3,1077.5,13748220,NA,0,D-,No,No,No,No,No,2.25,311.2,0,1.9,31.58,2.02,2.02,94,0,25,-18.8,5.2,5.61,NA,22.8,22.8,36,27,No,Yes,121.7,169.5,155.7,132.1,30,41,56,297,0,No,No,-54.8,9.52,Medical-Products,NA,2.4,109,No,0.5,0,No,127,83,-2.8,11.4,0,23.29,142,103,-42,0.11,Yes,0,-1.45,-59.12,28,83,33,1.17,22897,1485.6,5.01,153789.3,-29,-36.5,10.1,-2.5,NA,-35.8,NA,44,90,B+,122.3,536,83,13.2,11.6,8.1,12,764.2,24,14,113,NA,16.9,2672,No,-0.14,250,1669,NA,No,301,NA,No,No,No,1.86,0,No,104,2.1,277,25,NASDAQ,No,36,No,-270.61,-,97,121051.3,128,114,190.5,21.4,Yes,Yes,-18.5,-6.2,MEDICAL,15.3,NA,No,55,1920.9,No,No,No,-10,-36.8,NA,-630.7,-17.6,2026-07-31,ATEC,30,15,0,0,0,10,0,55,53,20,FALSE,FALSE,CANSLIM Growth,CANSLIM Growth,50.1,Improving
4855,OMCL,Omnicell Inc.,NA,5.5,4.6,5.6,45.97,-13.7,1.5,1,1,389,3587279,NA,0,E,No,No,No,No,No,0.86,12.9,0,1.64,12.88,0,0,43,168.35,18,1,4.63,5.01,NA,7.9,8.7,1,2,No,No,155.5,62.4,44.5,33.3,18,-16,2,24,0,No,No,-21.9,35.37,Medical-Systems,NA,1.5,100,Yes,2.12,14.6,No,65,15,21.7,8.2,0,55,131,137,-31,2.4,No,24,-4.69,-35.69,28,9,33,0.99,29671,1687.7,5.2,45478.9,-7.9,61,-14.8,-14.6,NA,-27.1,NA,84,127,E,101.1,40,-4,-12.5,-13.2,-15.2,74,1184.8,-10,7,-5,NA,11.2,720,No,-1.74,-16,1121,NA,No,507,NA,No,No,No,1.29,0,No,109,0.9,112,7,NASDAQ,No,13,Yes,1.34,Yes,80,43905,-33,-9,110.2,8.2,Yes,Yes,-11,3,MEDICAL,-13.7,NA,No,71,1836.1,No,No,No,14.1,60.6,NA,0.2,7.8,2026-07-31,OMCL,25,15,0,7,0,10,0,57,23.333333333333332,35,TRUE,FALSE,CANSLIM Growth,CANSLIM Growth,50.1,Improving
4521,MUX,McEwen Inc.,NA,9.6,9.8,9.8,18.7,0.7,0,0,0,670.1,12211831,NA,0,E,No,No,No,No,No,2.78,-64.7,0,1.14,124.41,0,0,36,60.26,19,3.5,5.61,5.33,NA,36.3,48.8,13,17,Yes,Yes,267.8,502.2,407.4,342.5,9,-,-,-,7,Yes,No,-6.6,17.29,Mining-Gold/Silver/Gems,NA,0,13,No,0.95,19.1,Yes,89,13,-0.6,23.9,0,29.7,100,138,-43,1.31,Yes,0,-2.26,-41.78,27,19,38,1.2,21495,1056.8,5.25,59740.1,-15.9,-49.2,-4.6,-20.2,NA,-28.4,NA,82,141,D,75.9,109,71,-6.4,3.3,0.5,43,197.6,-175,107,169,NA,100,1146,No,-0.4,363,561,NA,No,214,NA,No,No,No,4.38,0,No,900,1,531,13,New York Stock Exchange,No,14,No,1.57,-,96,51126.7,75,123,715.7,65.6,Yes,No,-19,10.9,MINING,0.7,NA,No,42,1057.4,No,No,No,70.2,-34.5,NA,6.6,45.1,2026-07-31,MUX,35,15,0,0,0,10,0,60,28,35,TRUE,TRUE,CANSLIM Growth,CANSLIM Growth,19.1,Weak
4891,ORC,Orchid Island Capital Inc.,NA,2.6,3,2.7,6.88,-0.8,5.7,11,1,1674.3,13458946,07/31/2026,0,E,No,No,No,No,No,0,58.1,18.4,0.09,6.91,0,0,13,16.87,6,39,2.04,2.07,NA,2392.1,2134.6,0,0,No,No,222.7,135,206.3,220.6,11,-,-,158,-9,No,Yes,-9.9,6.49,REITs,NA,0.5,98,No,0.14,0,No,194,7,-7.2,6.7,0,8.4,44,23,-27,0.87,No,0,-0.61,-22.74,26,28,45,0.82,34925,1323.4,2.11,199603.4,-7.8,7.4,-6.9,-7.7,NA,-16.8,NA,69,45,E,-7.1,65,-8,-1.7,-0.7,-2,82,108.3,82,159,478,NA,174.2,5187,No,-0.04,79,5461,NA,No,189,NA,No,No,No,7.1,0,No,63,1.1,63,72,New York Stock Exchange,No,24,No,0.9,-,97,199217.6,280,420,62.5,240.4,Yes,No,-7.4,3.3,REAL EST,-0.8,NA,No,30,10693.9,No,No,No,-6.8,38.6,NA,15.6,54,2026-07-31,ORC,30,15,0,0,0,10,0,55,33,40,FALSE,FALSE,CANSLIM Growth,CANSLIM Growth,44.1,Weak
4642,NIQ,NIQ Global Intelligence PLC,NA,4.7,5,5,12.13,3.9,0,0,0,189.7,7756464,NA,0,C-,No,No,No,No,Yes,164.67,61.5,0,1.07,11.03,0,0,76,46.99,10,-5,5.63,5.68,NA,6.7,8.3,0,0,Yes,No,110,174.1,155.3,138.5,10,-,-,-,-57,No,No,-32.3,11.17,Comml Svcs-Market Rsrch,NA,0,132,No,0.56,400.9,Yes,15,30,0,11.2,0,18.7,124,111,-40,0.38,No,0,-1.85,-40.27,26,73,32,0.73,14039,3358.7,5.4,295136.3,-7.9,-31.2,19.5,2.2,NA,-34.3,NA,67,113,C,50.9,325,23,21.2,3.4,5.6,-,4198.4,-61,11,113,NA,10.1,1479,Yes,-0.21,4286,1046,NA,No,188,NA,No,No,No,0.77,0,No,199,1.4,218,6,New York Stock Exchange,No,42,No,3.6,-,92,69224.8,105,99,208.4,9.2,Yes,No,-2.7,-0.5,BUSINS SVC,3.9,NA,No,50,6888.3,No,No,No,-39.4,18.5,NA,-57.1,-8.4,2026-07-31,NIQ,30,15,0,0,0,10,0,55,48.666666666666664,15,TRUE,FALSE,CANSLIM Growth,CANSLIM Growth,58.5,Strong
5087,TWI,Titan International Inc.,NA,3.4,4.2,4.1,8.35,-10,0,0,0,224.9,2289028,03/30/2020,0,B+,No,No,No,No,Yes,1.18,-33.1,0,2.19,15.32,0,0,28,0,49,-0.6,4.37,4.3,NA,1.2,4.8,0,-2,No,No,10.6,53,70.1,32,27,-20,-102,-177,-13,Yes,Yes,-7.8,7.22,Auto/Truck Equipment Parts & Tires,NA,0,107,No,0.33,139,Yes,55,0,-3,4.4,0,11.7,82,77,-28,-0.12,No,0,-1.9,-38.29,26,23,31,1.49,3755,473.8,4.49,64372,-9.4,57.8,-6.4,-5.2,NA,-24.3,NA,37,60,B-,317.9,57,408,-2.4,-6.4,-3.5,28,1828.4,-84,5,-196,NA,4.1,511,Yes,-0.14,-87,785,NA,No,230,NA,No,No,No,0.25,0,No,610,1,-51,-1,New York Stock Exchange,No,22,No,0.94,Yes,86,51609.8,-400,121,279.6,5,Yes,Yes,-10.5,-13.2,AUTO,-10,NA,No,47,1003.9,Yes,Yes,Yes,-14.7,11.9,NA,-12.6,-4.8,2026-07-31,TWI,25,15,0,7,0,10,0,57,26.666666666666668,10,TRUE,FALSE,CANSLIM Growth,CANSLIM Growth,44.8,Weak
5398,WMG,Warner Music Group Corp.,NA,4.2,4.3,4.3,29.87,-2.2,1.6,1,1,478.4,11068308,05/26/2026,0,E,No,No,No,No,No,-3.51,24.5,2.9,0.73,19.93,2.06,2.55,76,118.68,16,7.3,3.57,3.55,NA,10,12.6,6,5,No,No,-4.6,30.3,-4.9,-16.9,21,12,-2,-43,7,Yes,Yes,-15.4,25.96,Leisure-Services,NA,1.6,122,No,0.99,663,Yes,62,31,0.1,7.7,0,35.42,122,96,-14,0.85,No,38,-5.81,-26.71,25,17,38,0.79,66368,14375.7,3.74,146235.2,-5.9,52.5,-4.1,-8.2,NA,-13.4,NA,50,74,E,27.3,107,25,-6,-1.2,-1.8,37,6707,67,17,-50,NA,13.6,2257,No,-1.6,1245,3306,NA,No,480,NA,No,No,Yes,0.53,0,No,178,0.7,-36,4,NASDAQ,No,20,No,18.35,Yes,87,143096.5,-50,-110,70.6,13.9,Yes,Yes,-4.9,-0.6,LEISURE,-2.2,NA,No,64,19307.2,Yes,No,No,-11.3,0.7,NA,62,10.4,2026-07-31,WMG,30,12,0,5,0,10,0,57,26.666666666666668,20,TRUE,FALSE,CANSLIM Growth,CANSLIM Growth,52.1,Improving
5302,VST,Vistra Corp.,NA,3.3,3.3,2.6,169.76,-9.3,0,0,0,1972.1,12604861,09/21/2026,0.23,C+,No,No,No,No,No,-13.97,40.6,0.6,0.9,12.59,5.61,5.68,98,96.34,16,6.6,4.58,4.58,NA,15.1,11.6,11,9,Yes,Yes,1569.5,245.1,176.8,127.6,40,45,30,-188,-15,No,No,-8.1,148.19,Utilities,NA,0,71,No,7.25,553.2,Yes,87,256,-21.4,3.8,0,219.82,30,60,-15,0.58,No,0,-0.29,-32.59,25,35,34,1.26,693486,50112.1,4.63,337182.5,-9.6,-1.8,-6.6,-6.1,NA,-6.4,NA,44,83,E,26.1,312,21,-4.5,-5.7,-5.4,-,17738,266,43,-75,NA,28.5,4514,Yes,-0.43,124,4390,NA,No,2245,NA,No,No,No,2.57,0,No,882,1.1,-155,-12,New York Stock Exchange,No,32,No,16.05,-,89,333963.3,9,-28,363.2,12,No,Yes,-6.2,2,UTILITY,-9.3,NA,No,53,67732,No,No,No,-28.9,13.9,NA,17.7,22.1,2026-07-31,VST,32,15,0,0,0,10,0,57,31.333333333333332,15,TRUE,TRUE,CANSLIM Growth,CANSLIM Growth,43.4,Weak
3807,APP,AppLovin Corp.,NA,2.7,2.4,2.3,437.93,1,2.1,1,0,284.8,12561495,NA,0,E,No,No,No,No,Yes,1.31,30.6,0,3.24,34.09,0.44,0.44,80,130.65,23,72.1,6.33,6.12,NA,23.8,19.7,24,32,Yes,Yes,144.6,98.8,116.2,122.8,29,78,92,106,213,No,Yes,-41.2,395.9,Comp Sftwr - Specialty Enterprise,NA,0,126,No,29.04,148.7,Yes,47,34,-5.8,4.9,0,745.61,101,136,-36,11.64,Yes,65,-1.97,-46.9,23,12,39,2.22,2606178,135676.1,5.97,305732,-22.6,188,-23.2,-11.3,NA,-16.3,NA,76,134,D-,3.4,65,34,-18.2,-2.6,-12.7,38,5480.7,362,24,115,NA,22.5,5431,No,-7.97,57,15452,NA,No,3289,NA,No,No,No,19.64,0,No,113,0.8,87,16,NASDAQ,No,12,No,56.33,Yes,94,256073.8,96,169,100.2,20.7,Yes,Yes,-17.7,1.9,SOFTWARE,1,NA,No,57,136733.7,Yes,Yes,Yes,1.3,30,NA,212.9,65.4,2026-07-31,APP,30,15,0,10,0,10,0,65,24.666666666666668,40,TRUE,TRUE,CANSLIM Growth,CANSLIM Growth,62.1,Strong
5346,WD,Walker & Dunlop Inc.,NA,4.3,3.8,3.8,51.8,3.1,3.8,1,2,64.3,1272337,05/21/2026,0,D,No,No,No,No,No,-0.78,-3,5.6,0.32,-2.5,0,0,69,94.23,14,6.2,3.84,3.71,NA,12.8,15,-1,5,No,No,62,119.7,101.7,66,7,-27,-26,-43,-1,No,No,-17.4,49.69,Finance-Mrtg&Rel Svc,NA,7.7,108,Yes,1.89,48,Yes,26,25,-1.3,3.9,0,90,121,130,-31,2.02,No,17,1.26,-44.79,22,35,26,1.2,15963,1684.6,3.71,34331.2,-15,-10.6,-9.2,-1.3,NA,-21,NA,56,136,C-,666.7,118,29,-3.4,-0.1,-2.4,10,1234.3,0,27,-49,NA,13.3,314,No,0.62,-9,275,NA,No,397,NA,No,No,No,1.31,0,No,475,1.1,-131,10,New York Stock Exchange,No,36,No,0.96,-,96,32950.2,15,48,172,14,Yes,Yes,-8,-3.6,FINANCE,3.1,NA,No,57,3880.2,No,No,No,-33.8,-8.5,NA,3.2,5.5,2026-07-31,WD,32,15,0,0,0,10,0,57,27.666666666666668,5,TRUE,TRUE,CANSLIM Growth,CANSLIM Growth,52.3,Improving
5177,USAS,Americas Gold & Silver Corp.,NA,2.2,2.5,2.8,4.43,-3.8,0,0,0,670.1,12928593,NA,0,E,No,No,No,No,No,1.42,-29.1,0,1.69,-258.87,0,0,9,0,14,-70.5,7.38,7.36,NA,54.2,62.7,28,18,No,Yes,60.8,94.9,75,71.5,16,52,45,100,-64,No,No,-25.2,3.82,Mining-Gold/Silver/Gems,NA,0,13,No,0.33,19.5,Yes,89,0,13.7,4.9,0,10.5,100,138,-61,-0.07,Yes,0,-3.05,-63.62,22,6,20,1.22,19375,1280.5,7.33,326933.6,-31.3,2.9,-19.1,-33.2,NA,-48.5,NA,64,141,E,-14.5,148,132,-20,0.4,-6.1,9,117.9,-6,189,22,NA,109.8,4055,No,-0.12,151,3958,NA,No,178,NA,No,No,No,7.7,0,No,186,0.9,28,19,NYSE American,No,4,No,5.23,Yes,93,264087.8,72,15,106.6,88.4,Yes,Yes,-36.2,18.7,MINING,-3.8,NA,No,47,1217.5,No,No,No,71.6,2.2,NA,-63.6,14.7,2026-07-31,USAS,35,15,0,0,0,10,0,60,16,30,TRUE,TRUE,CANSLIM Growth,CANSLIM Growth,19.1,Weak
5047,TRUP,Trupanion Inc.,NA,9.9,9.2,9.6,27,2.1,0,0,3,2447.1,3707932,NA,0,B,No,No,No,No,Yes,0.38,16.4,0,1.73,11.92,1.12,1.12,85,158.38,43,1.5,4.3,4.47,NA,12,12.1,21,15,No,Yes,257.2,341.7,320.5,272.7,73,37,111,192,5,No,No,-34.5,24.49,Insurance,NA,2.3,94,No,1.13,25.2,Yes,129,42,3.8,12.2,0,57,81,34,-31,0.59,Yes,0,0.04,-57.04,21,41,56,1.72,8999,1067.8,4.45,43620.5,-19.2,-34.7,-1.1,2.1,NA,-23.4,NA,82,32,A-,37.5,21,26,1.6,-3.5,-5.2,4,1439.3,79,12,296,NA,12,374,No,0.01,-48,240,NA,No,327,NA,No,No,No,0.72,0,No,467,1.3,225,12,NASDAQ,No,30,No,2.71,Yes,94,30444.8,333,257,345.8,12,Yes,Yes,-10.7,0.3,INSURANCE,2.1,NA,No,71,1101.3,No,No,No,-48.3,-19.6,NA,5.5,1.3,2026-07-31,TRUP,30,15,0,0,0,10,0,55,41.333333333333336,30,TRUE,FALSE,CANSLIM Growth,CANSLIM Growth,65,Strong
4889,OR,OR Royalties Inc.,NA,2.5,2.3,2.3,30.73,1.9,0,0,0,670.1,2256307,06/30/2026,0,E,No,No,No,No,Yes,0.14,49.9,0.6,4.11,22.92,0.75,0.76,72,86.38,24,92.1,4.24,4.09,NA,54.3,62,8,19,No,Yes,77.1,117.8,97.7,85.5,45,35,31,102,12,No,No,-15.9,29.76,Mining-Gold/Silver/Gems,NA,0,13,No,1.27,0.2,Yes,89,27,3.3,1.2,0,48.06,100,138,-40,1.12,Yes,49,-3.03,-38.08,20,22,46,0.57,28187,5746.7,3.87,187495.9,-16.4,0.6,-5.9,-19.4,NA,-24.5,NA,98,141,D,15.8,45,5,-5.5,5.9,4,15,277.4,10,87,69,NA,73.3,994,No,-0.93,73,1306,NA,No,504,NA,No,No,No,17.15,0,No,150,0.8,100,45,New York Stock Exchange,No,15,No,3.79,Yes,97,186724.1,103,37,125,73.4,Yes,Yes,-18.4,-0.6,MINING,1.9,NA,No,73,5392.1,Yes,No,No,7.4,7,NA,15.7,71.6,2026-07-31,OR,35,15,0,5,0,10,0,65,29.333333333333332,55,TRUE,TRUE,CANSLIM Growth,CANSLIM Growth,19.1,Weak
4428,MNTN,MNTN Inc.,NA,2,3.8,3.1,9.81,7.5,0,0,0,102.6,3984847,NA,0,D,No,No,No,No,Yes,0,7.8,0,5.44,12.06,0,0,96,115.68,9,-5.5,6.86,7.16,NA,26.7,21.6,0,28,No,Yes,418.8,1052.9,592.6,480,31,-,-,-,-6,No,No,-22.8,9.22,Comml Svcs-Advertising,NA,0,129,No,0.67,0,No,50,0,-16.8,13.4,0,32,91,94,-10,-0.03,Yes,0,-0.11,-71.19,20,46,38,1.04,11288,682.3,7,61013.5,-14.9,-45.4,0.2,-2.2,NA,0.2,NA,79,96,C-,-0.6,815,23,-0.5,2.2,-6.4,96,290.1,65,14,48,NA,19.5,1208,No,-0.01,129,654,NA,No,92,NA,No,No,No,1.88,0,No,190,1.4,2448,29,New York Stock Exchange,No,40,No,2.14,-,94,35844.3,521,-788,1318.9,20.5,Yes,No,-4.8,24.3,BUSINS SVC,7.5,NA,No,43,496.6,No,No,No,-67.3,-26.5,NA,-3.5,11.9,2026-07-31,MNTN,30,15,0,0,0,10,0,55,34.666666666666664,35,FALSE,FALSE,CANSLIM Growth,CANSLIM Growth,58.5,Strong
3860,ARX,Accelerant Holdings,NA,3.9,4.1,3.7,15.17,-16.5,0,0,3,2447.1,6767480,NA,0,C,No,No,No,No,Yes,0.09,0,0,1.7,5.08,0,0,42,42.88,15,-255.8,6.51,7.13,NA,0,0,0,0,No,No,0,0,0,0,72,-,-,-,-460,No,No,-27.3,11.88,Insurance,NA,2.3,94,No,0.94,17.4,No,129,15,-8.4,12.1,0,30.48,81,34,-26,0.82,No,0,6.07,-61.02,20,19,21,0.03,28627,2443.9,7.31,112799.2,-17.3,221.3,1.4,-8.7,NA,-13,NA,31,32,D,7.9,-21,24,-20.5,-18.7,-16,29,912.9,169,159,586,NA,0,2048,No,0.68,340,6472,NA,No,159,NA,No,No,No,1.48,0,No,373,1.1,0,55,New York Stock Exchange,No,21,No,3.8,-,78,55950.2,0,0,0,0,No,No,-17.1,8.9,INSURANCE,-16.5,NA,No,61,765.9,No,No,No,-56.9,208.4,NA,-436.7,-2.7,2026-07-31,ARX,35,0,0,10,0,10,0,55,20,20,TRUE,TRUE,CANSLIM Growth,CANSLIM Growth,65,Strong
3683,ALHC,Alignment Healthcare Inc.,NA,4.3,3.9,3.9,21.8,-23.6,0,0,0,773.6,24812050,NA,0,D,No,No,No,No,Yes,0.8,18.1,0,1.58,21.01,3.72,3.72,93,318.56,48,0,5.79,5.54,NA,40.4,38.2,35,44,No,Yes,126.6,137.2,131.5,135.9,9,21,58,288,-1,No,No,-24.8,14.85,Medical-Managed Care,NA,0,121,No,1.19,159.5,No,12,78,-0.6,12.7,0,25.12,38,16,-24,0.19,Yes,0,-20.2,-40.88,17,3,45,0.84,102492,3847.3,5.92,206733.8,-3.7,238.8,-37.6,-34.1,NA,-34.1,NA,77,26,E,31.8,3754,131,-4.3,-6.4,-11.7,-,3948.7,15,32,101,NA,32.4,5332,No,-3.76,-51,17476,NA,No,536,NA,No,No,No,0.67,0,No,143,1.4,200,46,NASDAQ,No,7,No,14.83,-,76,195788.1,69,114,171.4,36.4,Yes,Yes,-6,11.4,MEDICAL,-23.6,NA,No,79,3607.5,Yes,Yes,Yes,7.8,15.3,NA,-0.5,2.7,2026-07-31,ALHC,32,15,0,10,0,10,0,67,21.666666666666668,15,TRUE,FALSE,CANSLIM Growth,CANSLIM Growth,50.1,Improving
3618,AGI,Alamos Gold Inc.,NA,2.3,1.5,1.8,31.07,-5.9,0,0,0,670.1,7452552,03/12/2026,0,E,No,No,No,No,No,0.53,52.9,0.5,1.78,15.17,0.35,0.36,38,38.47,10,60.2,4.92,4.76,NA,45.5,49,22,33,No,Yes,104.4,160.8,144.3,123.8,17,38,65,131,21,No,Yes,-27.9,27.83,Mining-Gold/Silver/Gems,NA,0,13,Yes,1.5,4.3,No,89,14,17.1,1.8,0,55.41,100,138,-39,2.05,Yes,33,-2.01,-49.77,17,8,38,0.66,137652,11907,4.13,419965.4,-27,17.8,-8.3,-30.3,NA,-24.6,NA,99,141,E,11.9,58,30,-15.3,-2.3,-4,38,1808.8,53,36,73,NA,57.4,4527,No,-0.57,47,6351,NA,No,1432,NA,No,No,No,5.24,0,No,74,0.6,293,34,New York Stock Exchange,No,5,No,2.42,Yes,92,418469.1,116,95,183.2,56,Yes,Yes,-29.8,4,MINING,-5.9,NA,No,55,11468,No,No,No,14.5,34.6,NA,22.1,45.5,2026-07-31,AGI,27,15,0,5,0,10,0,57,21,50,FALSE,FALSE,CANSLIM Growth,CANSLIM Growth,19.1,Weak
3574,ADTN,ADTRAN Holdings Inc.,NA,4.3,4.6,5.1,12.18,-13.6,0,0,0,147.5,12697742,08/18/2023,0,E,No,No,No,No,No,0.83,22.3,0,1.77,5.23,0,0,68,0,16,-2.9,7.26,6.74,NA,17,18.9,16,-6,No,No,697.4,1244,958.5,816.8,7,-35,31,309,-30,No,No,-2.1,8.51,Telecom - Equipment,NA,0,2,No,0.84,177,No,19,24,11.5,17.1,0,19.98,1,66,-17,0.35,No,0,1.07,-57.41,17,2,34,1.3,33163,682,6.87,80998.1,-27.1,44.3,-38.8,-51.9,NA,-7.7,NA,83,77,E,50,128,49,-39.7,-19.3,-28.4,60,1083.8,76,15,164,NA,17.8,2377,No,0.09,1873,3324,NA,No,343,NA,No,No,Yes,0.61,0,No,367,0.9,3165,17,NASDAQ,No,11,Yes,4.98,Yes,86,74333.6,200,102,1766,19.4,Yes,Yes,-32.8,4.9,TELECOM,-13.6,NA,No,68,803.3,No,No,No,-8.4,25.5,NA,-30.5,-0.4,2026-07-31,ADTN,30,15,0,5,0,10,0,60,17.666666666666668,20,FALSE,FALSE,CANSLIM Growth,CANSLIM Growth,41.8,Weak
3784,AORT,Artivion Inc.,NA,2.7,2.7,2.9,28.03,6.1,3.1,4,3,1077.5,2498637,NA,0,B,No,No,No,No,Yes,1.26,138.8,0,3.28,31.73,6.21,6.21,96,432.07,217,3.3,4.68,4.63,NA,14.4,17.6,11,12,No,Yes,106.2,290.9,258.2,185.5,64,18,67,262,3,No,No,-41.2,26.83,Medical-Products,NA,2.4,109,No,1.09,56.1,No,127,112,7.9,5.4,0,48.25,142,103,-38,0.24,Yes,0,-3.04,-44.39,12,66,40,1,16921,1343.2,4.17,48543.3,-23.2,-14.7,19.4,-25.1,NA,-34.2,NA,66,90,A-,14.3,-60,387,20.7,7.6,11.8,5,441.3,57,18,166,NA,18.4,729,Yes,-0.84,-92,615,NA,No,383,NA,No,No,No,2.84,0,No,400,1.5,113,14,New York Stock Exchange,No,32,No,2.89,-,96,46065.4,360,160,256.4,18.4,Yes,Yes,-16.4,-7.3,MEDICAL,6.1,NA,No,55,1536.8,No,No,No,-13.2,-13.8,NA,2.7,1.2,2026-07-31,AORT,30,15,0,0,0,10,0,55,44.333333333333336,25,TRUE,FALSE,CANSLIM Growth,CANSLIM Growth,50.1,Improving
4044,KRMN,Karman Holdings Inc.,NA,3.4,4.1,3.5,50.84,1.5,1,1,1,2405.6,11176889,NA,0,E,No,No,No,No,Yes,3.01,-367.9,0,3.53,-288.05,0,0,96,807.52,74,6.9,7.16,6.72,NA,39.2,43.9,0,0,Yes,No,136.4,204.3,194.5,170.2,60,-,-,173,6,No,No,-34.2,48.15,Aerospace/Defense,NA,1,36,No,3.29,210.6,Yes,97,115,-15.4,12.1,0,118.38,112,91,-64,0.42,No,0,1.97,-59.33,11,23,32,1.63,190243,6257.9,6.87,132322.4,-37,-45.9,-3.5,-29.2,NA,-53.6,NA,79,87,E,-9.4,56,60,-8.9,-0.7,-3.9,5,471.5,143,51,363,NA,49.2,3730,No,0.93,31,1950,NA,No,617,NA,No,No,No,12.19,0,No,120,0.7,359,37,New York Stock Exchange,No,12,No,15.73,Yes,95,92388.3,134,165,239.3,46.7,Yes,No,-38,4.2,AEROSPACE/DEFENSE,1.5,NA,Yes,75,6595.2,No,No,No,-6.9,-43.5,NA,6,5.2,2026-07-31,KRMN,35,15,0,0,0,10,0,60,22,20,FALSE,TRUE,CANSLIM Growth,CANSLIM Growth,39.2,Weak
3750,AMSC,American Superconductor Corp.,NA,2.5,2.4,2.9,34.99,-3.8,3.5,2,2,892.1,3403538,NA,0,E,No,No,No,No,Yes,0.02,79,0,2.39,55.7,0.12,0.12,15,38.79,29,5.6,7.35,6.93,NA,42,37.9,29,45,Yes,Yes,429.8,580.9,501.3,429.1,31,72,129,593,36,No,No,2,29.37,Electrical-Power/Equipmt,NA,3.5,25,No,2.51,0.5,Yes,57,8,21.6,7.3,0,70.49,19,78,-13,3.54,Yes,86,-0.27,-58.33,10,5,34,2.17,45308,1427.2,6.91,48462.3,-24.1,-37,-29.2,-45.1,NA,-1.8,NA,68,71,E,62.2,-73,38,-27.4,-6.8,-14.4,91,299.2,3100,30,463,NA,25.5,1083,No,-0.08,-30,661,NA,No,380,NA,No,No,No,4.76,0,No,150,0.6,1619,34,NASDAQ,No,19,No,2.52,-,94,46794,-26,262,884.4,24,No,Yes,-21.4,5.8,MACHINE,-3.8,NA,No,42,1287,No,No,No,-48.3,-17.8,NA,35.6,5.2,2026-07-31,AMSC,32,15,0,0,0,10,0,57,16.333333333333332,55,FALSE,TRUE,CANSLIM Growth,CANSLIM Growth,47.4,Improving
5523,ZG,Zillow Group Inc. Cl A,NA,3.4,2.6,2.7,35.07,13.1,0,0,1,229.9,3533411,NA,0,D-,No,No,No,No,Yes,0.06,28.9,0,2.29,23.95,0.35,0.35,60,524.69,14,1,4.91,5.08,NA,16.1,16.8,-22,10,Yes,Yes,340.8,629.2,471.1,404.7,32,56,78,213,0,Yes,No,-49.2,34.69,Real Estate Dvlpmt/Ops,NA,1.7,57,No,1.63,1.8,Yes,60,20,4.3,8.8,0,90.22,92,115,-55,1.76,Yes,92,1.88,-61.55,8,46,47,1.5,42384,7727.3,5.02,42360.3,-33.7,133.1,10.6,-22.2,NA,-44.3,NA,99,106,A-,16.2,39,32,1.6,5.1,4.9,29,2583,26,18,461,NA,18.2,1283,No,0.64,12,2937,NA,No,359,NA,No,No,No,0.55,0,No,1597,0.8,277,16,NASDAQ,No,25,No,1.8,Yes,99,40282.8,13,-3,937.3,17.6,Yes,Yes,-24.3,4.1,REAL EST,13.1,NA,No,45,7009.5,Yes,Yes,Yes,-54.8,25.2,NA,0.5,6.5,2026-07-31,ZG,30,15,0,10,0,10,0,65,35.666666666666664,40,TRUE,FALSE,CANSLIM Growth,CANSLIM Growth,44.1,Weak
5516,Z,Zillow Group Inc. Cl C,NA,3.8,3.3,2.7,34.8,10.7,0,0,1,229.9,12294790,NA,0,E,No,No,No,No,Yes,0.06,28.9,0,2.29,23.52,0.35,0.35,59,518.02,14,1,4.96,5.1,NA,16.1,16.8,-22,10,Yes,Yes,340.8,629.2,471.1,404.7,32,56,78,213,0,Yes,No,-50.1,34.06,Real Estate Dvlpmt/Ops,NA,1.7,57,No,1.64,1.8,Yes,60,19,-19.9,7.6,0,93.88,92,115,-56,1.76,Yes,92,1.04,-63.72,8,41,45,1.47,148394,7727.3,5.13,180224.1,-35.2,2.8,8.1,-23.3,NA,-46,NA,99,106,B,17.1,39,31,0.9,4,3.5,35,2583,26,18,461,NA,18.2,4450,No,0.35,11,4397,NA,No,805,NA,No,No,No,2.28,0,No,1597,0.9,277,16,NASDAQ,No,22,No,1.77,Yes,98,161422.1,13,-3,937.3,17.6,Yes,Yes,-25.2,-24.1,REAL EST,10.7,NA,No,48,6936.3,Yes,Yes,Yes,-57.2,-34.2,NA,0.5,6.5,2026-07-31,Z,30,15,0,0,0,10,0,55,33.33333333333333,40,TRUE,FALSE,CANSLIM Growth,CANSLIM Growth,44.1,Weak
5023,TREE,LendingTree Inc.,NA,4.5,5.7,6.6,46.59,-18.3,3.8,1,2,64.3,1725168,NA,0,D,No,No,No,No,Yes,4.09,12.7,0,1.85,6.13,0,0,22,9.76,12,1.9,5.57,6.29,NA,24.2,25.5,1,24,No,No,-155.1,63.4,76.8,63.8,18,-1,81,296,76,No,Yes,-40,31.86,Finance-Mrtg&Rel Svc,NA,7.7,108,No,2.6,133.5,No,26,10,16,14.7,0,77.34,121,130,-53,3.15,Yes,0,0.44,-58.81,8,5,20,1.88,10290,442.6,5.83,13953,-32.9,114.5,-28.1,-35.8,NA,-43.8,NA,60,136,E,-12.6,56,25,-20.8,-24.7,-27.5,30,1117.3,67,25,208,NA,30.9,263,No,0.14,73,555,NA,No,303,NA,No,No,No,0.35,0,No,90,1.1,271,24,NASDAQ,No,6,No,1.39,Yes,76,11722.3,-171,117,180.6,28,No,Yes,-28.7,1.3,FINANCE,-18.3,NA,Yes,47,909.1,No,No,No,-31.7,85.7,NA,76.5,3,2026-07-31,TREE,25,15,0,10,0,10,0,60,11,35,TRUE,FALSE,CANSLIM Growth,CANSLIM Growth,52.3,Improving
4444,MP,MP Materials Corp.,NA,4.6,4.2,4.8,47.62,0.2,4.3,3,0,896.2,28404013,NA,0,E,No,No,No,No,Yes,0.6,-26.5,0,7.18,-45.19,0,0,59,0,2826,-42.8,6.32,6.02,NA,25.8,26,-8,-14,Yes,No,-60,105.6,85,28,40,-,-,-,-6,No,No,-18.1,41.37,Mining-Metal Ores,NA,0,6,No,3.04,49.4,Yes,69,0,12.6,19.6,0,100.25,40,100,-40,-0.11,No,0,-0.7,-58.73,8,6,17,1.65,316603,7416.4,6.22,178022.2,-30.2,39.6,-26.1,-37.4,NA,-29.6,NA,51,95,E,206.5,147,723,-24.5,-4.6,-13.4,59,224.4,-213,49,45,NA,17.7,5692,No,-0.29,92,7838,NA,No,744,NA,No,No,No,28.96,0,No,125,0.7,175,35,New York Stock Exchange,No,7,No,3.74,Yes,96,144836.4,17,24,150,6.9,Yes,No,-28.5,-0.1,MINING,0.2,NA,No,49,5986.2,No,No,No,-32.7,34.2,NA,-5,-6,2026-07-31,MP,32,15,0,5,0,10,0,62,10.333333333333334,15,TRUE,TRUE,CANSLIM Growth,CANSLIM Growth,19.1,Weak
3699,ALNY,Alnylam Pharmaceuticals Inc.,NA,5,5,4.5,290.6,-24.4,0,0,2,1308.2,5773373,NA,0,E,No,No,No,No,No,0.98,71.3,0,3.05,52.82,0.89,0.89,83,133.92,24,8.7,4.55,5.34,NA,83,99.4,46,46,No,Yes,173.5,335.5,329.5,205.2,23,43,97,308,73,No,Yes,-48.3,205.52,Medical - Profitable Biotech,NA,3.8,40,No,15.68,198.1,No,52,38,-10.6,4.3,0,495.55,102,79,-47,5.38,Yes,0,0.02,-58.53,7,3,37,0.85,425164,27434.2,6.19,133512.6,-41.6,205.9,-31.7,-33.6,NA,-39.2,NA,81,84,E,-25.8,190,48,-29.5,-25.4,-29.1,19,3713.9,38,67,207,NA,81.6,1502,No,0.04,-4,4478,NA,No,2255,NA,No,No,No,5.71,0,No,337,0.6,443,65,NASDAQ,No,3,No,20.3,-,71,132940.2,226,311,390.2,82.7,Yes,Yes,-35.9,-0.5,MEDICAL,-24.4,NA,No,74,27494.6,No,No,No,-47.6,148.2,NA,73.3,12.7,2026-07-31,ALNY,35,15,0,10,0,10,0,70,15.666666666666666,45,TRUE,FALSE,CANSLIM Growth,CANSLIM Growth,50.1,Improving
