#,Symbol,Name,Company Description,Days Vol Short 2 Periods Ago,Days Vol Short 1 Period Ago,Days Vol Short Current,Pr Wk High($),Index % Chg 5 Days,% New Lows in Group,# New Lows in Group,# New Highs in Group,Ind Mkt Val (bil),Short Volume,Ex-Dividend Date,Expected X Dividend Amount,A/D Rating - Pr Wk,IBD Big Cap 20,IBD 85-85 Index,IBD New America,IBD 50,Liab to Assets Lss Ind Median,LT Debt to Working Cap,EV to FCF,Yield %,Current Ratio,Price to CF,Dividend-Adjusted PEG,PEG,P/E Percent Rank,P/E vs S&P 500 P/E (%),Forward P/E,Pre-tax Margins,50 Day ATR %,30 Day ATR %,Avg Sales % Chg 6Q,Avg Sales % Chg 5Q,Avg Sales % Chg 4Q,Sales Growth 5 Yr,Sales Growth 3 Yr,Sales Accel 3 Qtrs,EPS Lst Yr Gtr EPS 4 Yrs Ago,Avg EPS % Chg 6Q,Avg EPS % Chg 3Q,Avg EPS % Chg 4Q,Avg EPS % Chg 5Q,EPS % Growth 5 Yr Pct Rnk,EPS % Growth 5 Yr,EPS % Growth 3 Yr,EPS % Growth 1 Yr,Sustainable Growth %,EPS Accel 3 Qtrs,RS Line New Low,% Chg YTD,Current Price,Industry Name,State,% New Highs in Group,Ind Grp Rnk 6 Mo Ago,3-Yr EPS Growth Geq 5-Yr,Avg True Range,Debt %,Sales Accel 2 Qtrs,Number of Stocks,P/E,Shrt Int % Chg,Shrt Int % of Float,52-Wk Low,52-Wk High,Ind Grp Rnk 3 Mo Ago,Ind Grp Rnk Last Week,Trl 26 Wk % Perf vs S&P 500,EPS Trailing 4 Qtrs,EPS Trl 4Q Gtr EPS 4 Yrs Ago,Earnings Stability,Price % Chg,% Off High,RS Rating,RS 3-Month Rating,Comp Rating,Beta,50-Day Avg $ Vol (1000s),Market Cap (mil),21 Day ATR %,Shares (1000s),Price vs 200-Day,Vol % Chg vs 50-Day,% Chg 1 Month,% Chg 3 Months,Ind Group RS,% Chg 6 Months,SMR Rating,EPS Rating,Ind Group Rank,A/D Rating,EPS Surprise,EPS Est Cur Yr %,EPS Est Next Yr %,Price vs 50-Day,Price vs 10-Day,Price vs 21-Day,P/E Ratio Rank in Grp,Annual Sales (mil),EPS % Chg 1 Yr Ago,Sales % Chg Lst Qtr,EPS % Chg Lst Yr,EPS Lst Rptd,Avg Sales % Chg 2Q,50-Day Avg Vol (1000s),10 Day > 21 Day > 50 Day,Price $ Chg,EPS Est Cur Qtr %,Volume (1000s),IPO Date,ETF/Closed-End Fund,Number of Funds,Incorp Date,ADR,ETF,AT Margin Accel,Price to Sales,Daily Closing Range,RS Line Within 5% of New High,EPS % Chg Last Qtr,Up/Down Vol,EPS % Chg 1 Q Ago,Sales % Chg Lst Yr,Exchange,RS Line New High,RS 6-Month Rating,50-Day > 150-Day > 200-Day,Price to Book,P/E Lss 5-Yr Avg,Weekly Closing Range,Shares in Float (1000s),EPS % Chg 2 Q Ago,EPS % Chg 3 Q Ago,Avg EPS % Chg 2Q,Avg Sales % Chg 3Q,EPS Trl 4Q Geq EPS Lst Fiscal Yr,EPS % Chg Lst Q Gtr 3-Yr Growth,Price vs 150-Day,Funds % Increase,Sector,% Chg Cur Week,City,New CEO 12 Months,Funds %,Enterprise Val (mil),Current day's Volume greater than previous 5 days' Volume,Current day's Volume greater than previous 10 days' Volume,Current day's Volume greater than previous 20 days' Volume,% Chg 12 Months,Vol % Chg vs 10-Week,EPS Due Date,ROE,AT Margin,timestamp,symbol,C_Score,A_Score,N_Score,S_Score,L_Score,I_Score,M_Score,CANSLIM_Score,Momentum_Score,Quality_Score,EPS_Accel,Sales_Accel,Setup_Type,List,Sector_RS3M,Theme_Strength
3885,APPS,Digital Turbine Inc.,NA,2.1,1.6,1.6,15.34,77.9,0.9,1,8,5415.1,10676525,NA,0,D+,No,No,No,No,No,9.49,61.3,0,1.2,38.73,0,0,62,0,19,-5.5,12.01,10.65,NA,17.6,19.3,-10,-2,Yes,No,88.9,126.2,144.6,110,42,-26,-13,95,-22,Yes,No,186.8,14.34,Comp Sftwr - Enterprise,NA,7,137,Yes,1.08,186.8,Yes,114,21,1.2,10,2.74,15.34,108,39,224,0.68,No,38,0.49,-6.49,99,99,97,2.74,66875,1726.9,10.79,121016.3,144.6,-33,38.1,259.4,A+,245.5,NA,80,9,A,35.7,29,31,45.1,41,49.7,39,565.3,-40,27,60,NA,23.2,7036,No,0.07,20,4644,NA,No,239,NA,No,No,No,2.89,37,Yes,280,2.7,60,15,NASDAQ,Yes,99,Yes,9.1,-,86,107220.5,38,200,170,19.6,Yes,Yes,138.2,-1.6,SOFTWARE,77.9,NA,No,36,2057.8,No,No,No,205.1,15.5,NA,-21.8,-6.8,2026-08-07,APPS,32,15,10,0,15,10,10,92,118.33333333333333,20,TRUE,TRUE,Earnings Accelerator,CANSLIM Growth,58.7,Strong
5235,URGN,UroGen Pharma Ltd.,NA,7.9,7.7,7.1,48.19,22.8,1.8,1,2,246.6,5689384,NA,0,C-,No,No,No,Yes,Yes,1.03,-11.4,0,3.8,-13.91,0,0,40,0,31,-139.7,5.68,5.81,NA,84.9,103.5,28,26,Yes,Yes,19.8,51.6,32.3,22.8,32,13,15,12,0,Yes,No,100.5,46.96,Medical - Revenue Biotech,NA,3.6,86,No,2.28,0,Yes,55,0,-8.5,14,15.86,48.19,106,130,109,-1.98,Yes,0,2.98,-2.55,99,97,90,0.95,27519,2229,5.93,48880.6,82.4,38.6,24.4,76.6,B-,120,NA,62,75,A+,-5.7,93,1454,29.9,11.9,13.7,40,109.8,17,199,-8,NA,175.4,761,Yes,1.36,115,1026,NA,No,213,NA,No,No,Yes,12.16,50,Yes,73,2.3,49,21,NASDAQ,Yes,99,Yes,-17.33,-,89,40675,33,-25,61.1,134.9,Yes,Yes,76.1,6,MEDICAL,22.8,NA,No,53,2270.4,No,No,No,152.6,61,NA,0,-19.8,2026-08-07,URGN,30,15,10,5,15,10,10,95,115.33333333333333,35,TRUE,TRUE,Breakout,CANSLIM Growth,55.5,Strong
4385,FTK,Flotek Industries Inc.,NA,8.3,8,7.6,37.53,50.5,0,0,1,588.3,2508755,NA,0,D+,No,No,No,No,No,0.81,-232.2,0,1.78,190.46,0,0,87,137.1,43,8.3,7.66,8.11,NA,33.8,35.6,45,14,No,Yes,56.8,-3.3,67.4,60,19,-,-,22,27,Yes,No,105.6,35.42,Chemicals-Specialty,NA,2,91,No,2.05,40.2,Yes,51,46,-5,12.5,0,37.53,45,102,113,0.76,Yes,0,-2.77,-5.62,99,98,89,1.16,9752,1317.9,8.79,36177.5,88.9,38.9,58.1,118.6,C+,104.4,NA,32,86,A+,102.7,-19,54,43.5,26.7,31.2,3,237.3,11,70,165,NA,48.4,382,Yes,-1.01,-37,529,NA,No,183,NA,No,No,No,4.37,0,Yes,63,1.5,-29,27,New York Stock Exchange,Yes,98,Yes,9.93,-,94,20032.1,-43,280,16.5,43.3,No,No,79.9,8.9,CHEMICAL,50.5,NA,No,40,1349.2,No,No,No,178.9,182.7,NA,26.9,10,2026-08-07,FTK,30,0,10,5,15,10,10,80,115.33333333333333,30,TRUE,TRUE,Momentum Leader,CANSLIM Growth,44.6,Weak
4714,HPE,Hewlett Packard Enterprise Co.,NA,3,2.5,2.3,54.63,11.1,1.1,1,2,799.5,65104946,06/15/2026,0,D+,No,No,No,No,No,39.6,14.3,1.2,1.08,24.14,6.67,10.64,63,186.45,14,-0.8,6.98,6.17,NA,19.4,22.8,5,9,Yes,No,21.3,49.1,33.9,25.2,14,2,0,27,0,Yes,No,121.6,53.22,Computer-Tech Services,NA,2.2,118,No,2.89,77.6,Yes,93,21,-7.4,4.9,0,64.25,136,125,117,2.5,Yes,8,1.51,-17.17,99,93,89,1.3,1355635,69428,6.44,1324203.5,76.4,-48.4,22.4,79.2,D,125.4,NA,85,116,B+,47.8,76,18,11.9,7.6,10.3,19,34296,-7,40,-3,NA,29.2,28616,Yes,0.79,109,14041,NA,No,2497,NA,No,No,No,1.82,0,No,108,1.4,33,14,New York Stock Exchange,No,97,Yes,2.78,-,97,1318622.5,7,-12,70.3,24.3,Yes,Yes,63.9,8.9,BUSINS SVC,11.1,NA,No,54,88691.9,No,No,No,160.9,-34.8,NA,0.2,5.8,2026-08-07,HPE,32,12,5,0,15,10,10,84,113.66666666666667,20,TRUE,TRUE,Momentum Leader,CANSLIM Growth,59.6,Strong
5369,VSXY,Victoria's Secret & Co.,NA,4.9,4.6,4.5,99.33,11.1,2,1,1,910.6,10980127,NA,0,A-,No,No,No,No,No,7.8,22.8,0,1.26,16.39,0,0,75,152.07,21,3.2,6.17,4.91,NA,7,8.8,-1,2,No,No,96.2,206.4,150.4,115.3,4,-20,1,33,22,No,No,81.9,98.54,Apparel - Clothing & Shoes,NA,2,106,Yes,4.12,297.5,Yes,51,29,-0.8,15.7,0,99.33,124,122,45,3.43,No,33,5.37,-0.8,99,98,88,1.5,179619,7434.1,4.76,79491.7,70.9,-30.7,25.9,107.2,D-,57.8,NA,66,123,A,90.2,54,18,22,9.4,13.9,25,6553.4,19,15,12,NA,11.5,2292,Yes,5.02,129,1480,NA,No,589,NA,No,No,No,1.16,0,Yes,567,1.5,7,5,New York Stock Exchange,Yes,99,Yes,9.85,-,104,71205.4,46,-17,286.6,10.8,Yes,Yes,57.2,7.9,CONSUMER,11.1,NA,No,72,9471.1,No,No,No,354.5,-28.9,NA,21.5,3.1,2026-08-07,VSXY,30,15,10,0,15,10,10,90,115,30,TRUE,FALSE,Momentum Leader,CANSLIM Growth,55.4,Strong
4211,FBRX,Forte Biosciences Inc.,NA,4.7,6.3,4.1,77.2,0.2,0.9,5,16,484.8,2060636,NA,0,A+,No,No,No,No,No,0,-6.8,0,2.75,-22.21,0,0,71,0,0,0,10.31,11.86,NA,0,0,0,0,No,Yes,10611.4,-19,7.2,18.9,144,-,-,-,-122,No,No,181.6,76.79,Medical - Development Biotech,NA,2.9,46,No,4.18,0,No,553,0,-34.4,11.5,9.91,77.2,37,30,153,-4.58,Yes,0,-0.05,-0.53,99,97,77,0.83,70383,1574.2,12.77,20490,174.1,-3.6,245.1,193.4,A,178.3,NA,25,11,A,-6.9,19,-5,105.6,0.2,23.5,71,0,51,0,61,NA,0,1234,Yes,-0.04,8,1164,NA,No,93,NA,No,No,No,NA,33,No,9,2.9,-145,0,NASDAQ,No,98,Yes,25.37,-,82,17852.8,78,86,-67.5,0,Yes,No,146.4,34.8,MEDICAL,0.2,NA,No,62,1492.8,No,No,No,645.5,-12.9,NA,-122.3,0,2026-08-07,FBRX,0,0,5,0,15,10,10,40,111,25,FALSE,FALSE,Other,Momentum Leader,55.5,Strong
5161,TXG,10x Genomics Inc.,NA,7.6,5.1,5,52.22,10.1,1.6,2,5,1088.6,16252519,NA,0,A-,No,No,No,No,Yes,0.13,18.5,0,5.9,47.71,0,0,51,0,0,-6.2,7.26,6.48,NA,-0.7,-4.1,8,3,No,Yes,40,-6.1,2.1,39.2,100,32,42,166,-6,No,No,219,52.03,Medical-Products,NA,3.9,117,No,2.76,9.2,No,127,0,-2.2,14.4,11.16,52.22,142,90,144,-0.59,Yes,0,14.1,-0.36,99,98,75,2.09,119522,5789.2,6.5,116877.3,114.5,72.2,37.5,132.1,C,179.6,NA,31,98,A+,42.4,-106,4,33.6,9.3,12.4,51,642.8,30,-13,77,NA,-7.6,3209,Yes,6.43,-13,5434,NA,No,493,NA,No,No,No,9.86,98,Yes,-150,1.2,64,5,NASDAQ,Yes,99,Yes,8.24,-,98,113090.1,68,27,-42.9,-4.9,No,No,92.6,4.7,MEDICAL,10.1,NA,No,76,5350.1,Yes,Yes,Yes,306.5,-9.2,NA,-5.8,-11.9,2026-08-07,TXG,0,0,10,7,15,10,10,52,110.66666666666667,25,FALSE,FALSE,Breakout,Momentum Leader,55.5,Strong
3978,ATEX,Anterix Inc.,NA,4.4,3.7,4.3,107.31,6.7,0,0,2,869.2,2023406,NA,0,C,No,No,No,No,Yes,0.09,113.2,0,3.33,337.81,0.33,0.33,61,80.88,0,1472.2,8.03,7.85,NA,8.9,8.6,64,47,Yes,Yes,472.7,143,172.5,177.2,21,62,92,265,43,No,No,354.7,99.26,Telecom/Cable Services,NA,6.9,102,No,7.73,1.1,Yes,29,21,15.1,10.7,17.58,113,90,121,273,4.84,Yes,0,-1.06,-12.16,99,84,74,0.76,40755,1956.1,7.62,19498.5,113.3,-57.1,-1.6,86.5,E,249.6,NA,46,124,C,333.3,-126,-7,11.4,3.3,0.4,27,6.5,-24,41,892,NA,20.7,467,No,-1.06,-132,198,NA,No,222,NA,No,No,No,297.71,48,No,100,1.6,-185,8,NASDAQ,No,94,Yes,7.16,-,47,18899.5,514,261,-42.7,13.8,Yes,Yes,79.9,10.4,TELECOM,6.7,NA,No,74,1855.8,No,No,No,366.4,-49.6,NA,43.3,945.9,2026-08-07,ATEX,27,15,5,0,15,10,10,82,105.66666666666667,45,FALSE,TRUE,CANSLIM Growth,CANSLIM Growth,38.6,Weak
5159,TWST,Twist Bioscience Corp.,NA,11.3,7.7,7.7,118.32,26.3,1.8,1,2,246.6,14116574,NA,0,C-,No,No,No,No,No,0.37,-68.2,0,2.67,-145.25,0,0,45,0,0,-20.4,7.76,8.01,NA,18.9,19.1,27,23,Yes,Yes,-18.2,-90.5,-62,-25.1,23,11,33,93,-16,No,No,264.7,115.67,Medical - Revenue Biotech,NA,3.6,86,No,7.55,13.1,Yes,55,0,1,23.6,23.3,118.32,106,130,118,-2.22,Yes,0,6.04,-2.24,99,98,74,2.37,159941,6840.1,8.23,62707.4,112.2,-13,27.1,97.6,B-,134.9,NA,11,75,A+,-10.6,-66,35,31,17.6,21.7,45,376.6,0,23,64,NA,21.3,1832,Yes,6.59,12,1562,NA,No,541,NA,No,No,No,16.8,71,Yes,-270,1.6,-8,20,NASDAQ,Yes,99,Yes,16.26,-,93,60112.3,6,24,-138.6,19.8,No,No,85.8,18.9,MEDICAL,26.3,NA,No,83,7055.1,No,No,No,362.7,8,NA,-16.4,-29.6,2026-08-07,TWST,5,0,10,0,15,10,10,50,110.33333333333333,25,FALSE,TRUE,Other,Momentum Leader,55.5,Strong
4157,EVC,Entravision Communications Corp.,NA,2,1.9,1.6,12.17,6.7,3.7,2,0,573.2,5740724,06/15/2026,0,C,No,No,No,No,Yes,2.45,10.8,1.8,1.4,105.53,0,0,98,0,0,-21.5,6.89,6.62,NA,23.8,46.5,-7,-32,Yes,No,32.6,99.5,96.7,78.1,24,-,-,-,165,Yes,No,308.5,11.97,Media,NA,0,120,No,0.77,331.7,Yes,54,187,-16.4,9.6,0,13.74,100,99,280,0.06,No,0,4.91,-12.88,99,92,70,1.19,19972,1050.2,5.91,82686.5,123.4,-7.5,0.6,72.2,C-,307.1,NA,55,102,C-,0,0,0,11.2,5.4,7.5,-,447.6,-822,114,87,NA,70,1873,Yes,0.56,0,1739,NA,No,197,NA,No,No,No,1.79,0,No,126,1,101,23,New York Stock Exchange,No,97,Yes,16.96,-,99,59672.2,72,89,113.2,54.7,Yes,No,92,3.7,MEDIA,6.7,NA,No,46,1217.3,Yes,No,No,405.1,-25.4,NA,-77.8,6.3,2026-08-07,EVC,35,15,5,0,15,10,10,90,107,5,TRUE,TRUE,CANSLIM Growth,CANSLIM Growth,52.8,Improving
3872,APGE,Apogee Therapeutics Inc.,NA,12.9,1.9,1.4,134.88,0.6,0.9,5,16,484.8,4133296,NA,0,C+,No,No,No,No,Yes,0.01,-20.4,0,32.59,-35.98,0,0,3,0,0,0,3.22,0.25,NA,0,0,0,0,No,No,-41.5,-10.3,-30,-33.7,477,-,-46,-17,-32,No,No,78.6,134.84,Medical - Development Biotech,NA,2.9,46,No,0.34,0.6,No,553,0,-26.2,7.2,34.34,134.88,37,30,103,-4.33,No,0,0.26,-0.03,99,88,67,1.2,393111,10171.1,0.21,62140.2,58.8,-51.8,1,64.8,A,116.6,NA,19,11,C,2.4,-5,-25,14.2,0.4,0.5,3,0,-99,0,-28,NA,0,3181,Yes,0.35,5,1495,NA,No,484,NA,No,No,No,NA,90,No,-12,3,9,0,NASDAQ,No,94,Yes,8.04,-,95,57413.8,-28,-89,-1.3,0,No,Yes,48.4,-4.2,MEDICAL,0.6,NA,No,70,9449.7,No,No,No,274.6,-55.7,NA,-31.6,0,2026-08-07,APGE,0,0,5,0,15,10,10,40,104.66666666666667,25,FALSE,FALSE,Other,Momentum Leader,55.5,Strong
3698,AGL,agilon health inc.,NA,1.4,1.6,2.1,114.32,4.3,0,0,2,81.2,859438,NA,0,C,No,No,No,No,No,0.21,2.1,0,1.04,-14.95,0,0,51,0,0,-6.8,9.74,10.02,NA,-0.8,0.5,35,15,No,Yes,47.3,113.6,86.9,18.1,5,-4,-41,-37,-136,No,No,454.7,95.51,Comml Svcs-Consulting,NA,5.3,89,No,10.99,13.9,Yes,38,0,27.4,7.3,0,133.04,119,100,437,-14.27,No,0,10,-28.21,99,51,62,1.03,35982,1458,10.26,16791.2,115.8,-93.6,-11.1,57.5,C,489.6,NA,42,93,B-,622.4,90,128,-10.1,-0.3,-11,51,5932.6,-27,7,-61,NA,-0.1,341,No,8.68,82,540,NA,No,183,NA,No,No,No,0.27,0,No,117,1.1,301,-2,New York Stock Exchange,No,86,Yes,8.74,-,84,11788.9,-77,7,208.8,1,Yes,Yes,79.9,15.8,BUSINS SVC,4.3,NA,Yes,59,1209.7,No,No,No,336.6,137.5,NA,-135.6,1.2,2026-08-07,AGL,25,15,5,7,15,10,10,87,85.66666666666667,20,TRUE,FALSE,CANSLIM Growth,CANSLIM Growth,59.6,Strong
4218,FCEL,FuelCell Energy Inc.,NA,0.7,0.8,1.2,25.7,-5.5,1.5,1,0,702.8,15094881,NA,0,D,No,No,No,No,Yes,0.31,-4.4,0,8.59,-4.19,0,0,28,0,0,-120.9,15.94,15.73,NA,46.3,41.2,15,11,No,Yes,14.4,48.7,16.5,16.2,43,-,-,-,-29,No,No,179.5,20.43,Energy-Alternative/Other,NA,0,64,No,3.63,17.5,No,66,0,40.1,20,3.78,37.88,17,85,206,-6.57,Yes,0,0.54,-46.07,99,55,60,2.12,269105,1624.7,13.36,79954.2,66,-24.4,-21.3,66.4,C,184.1,NA,50,94,D,-179.1,64,55,-6.5,-2.8,-1.6,28,158.2,0,-5,5,NA,27.9,11934,No,0.11,89,8898,NA,No,170,NA,No,No,No,9.73,72,No,19,1,65,41,NASDAQ,No,83,Yes,1.8,-,37,75428.4,62,-80,42.2,22.5,Yes,No,47.7,44.1,ENERGY,-5.5,NA,No,26,1528.1,No,No,No,370.7,-46.9,NA,-26.1,-218.9,2026-08-07,FCEL,10,12,5,0,15,10,10,62,86.33333333333333,25,FALSE,FALSE,CANSLIM Growth,CANSLIM Growth,34,Weak
3594,ABSI,Absci Corp.,NA,6.8,5.8,5.8,8.97,14.8,2.9,2,2,4328.7,35750691,NA,0,D+,No,No,No,No,Yes,0.02,-3.4,0,6.59,-13.14,0,0,5,0,0,-4111.2,10.75,8.39,NA,-36.8,-53.8,-13,-32,No,Yes,6.9,15.4,9.3,8.3,50,23,12,12,-63,No,No,155.9,8.93,Medical - Pharmaceuticals,NA,2.9,45,No,0.79,1.4,No,70,0,0.3,24.3,2.24,12.05,101,61,215,-0.83,Yes,0,7.59,-25.92,99,90,59,2.23,48373,1406,7.92,169400.3,88.5,-60.6,-21.2,55.3,B,231.4,NA,34,62,C,4.5,11,7,5.8,13,6.1,5,2.8,22,-82,11,NA,-42,5610,No,0.63,20,2194,NA,No,202,NA,No,No,No,823.94,92,No,10,1.9,20,-38,NASDAQ,No,97,Yes,8.07,-,97,146892.7,17,-9,14.8,-53.9,Yes,No,73.8,5.2,MEDICAL,14.8,NA,No,57,1267,No,No,No,205.8,-68.9,NA,-62.5,-13767,2026-08-07,ABSI,0,8,5,0,15,10,10,48,99.66666666666667,25,FALSE,FALSE,Other,Momentum Leader,55.5,Strong
4111,ERAS,Erasca Inc.,NA,4.5,4.4,5.7,19.96,1.4,0.9,5,16,484.8,30766629,NA,0,E,No,No,No,No,Yes,0.16,-51.7,0,9.52,-54.68,0,0,33,0,0,0,7.54,6.84,NA,0,0,0,0,No,Yes,-46.8,-145.5,-94.4,-65.1,330,-,-,-,-33,No,No,394.9,18.41,Medical - Development Biotech,NA,2.9,46,No,1.25,12.9,No,553,0,30.4,14.7,1.33,24.28,37,30,40,-0.93,Yes,0,0.77,-24.18,99,85,45,1.39,87122,6342,6.57,347127.4,62.9,-59.4,0.3,77,A,49.8,NA,13,11,E,-475.3,-115,42,10.5,0.5,-2,33,0,17,0,36,NA,0,5357,No,0.14,7,2096,NA,No,363,NA,No,No,No,NA,60,No,-445,1.5,9,0,NASDAQ,No,89,Yes,14.54,-,69,222522.3,0,59,-218.2,0,No,No,30.6,9.7,MEDICAL,1.4,NA,No,56,6234.6,No,No,No,1161,-51.1,NA,-33.3,0,2026-08-07,ERAS,0,0,5,0,15,10,10,40,96.33333333333333,25,FALSE,FALSE,Other,Momentum Leader,55.5,Strong
4387,FTNT,Fortinet Inc.,NA,3,2.3,2.2,172.09,-1.4,0,0,1,787.5,14492724,NA,0,C+,Yes,Yes,No,No,No,0.66,35.3,0,1.28,47.12,1.28,1.28,88,219.19,46,33.6,4.45,4.5,NA,17.7,18.7,19,14,Yes,Yes,26,30.5,27.2,24.2,12,38,31,26,136,No,No,101,159.64,Computer Sftwr-Security,NA,2.6,131,No,7.07,42.5,Yes,39,49,-3.6,2.4,72.83,172.09,30,2,89,3.27,Yes,7,-0.29,-7.23,98,78,99,1.33,929286,117474.9,4.64,733713.6,55.7,-18.7,0.6,47.9,A+,92.9,NA,96,3,C,20.6,24,9,4.4,0.6,0.5,26,6799.6,45,26,16,NA,22.9,6237,No,-0.47,15,4827,NA,No,3221,NA,No,No,No,15.56,16,No,41,1.6,41,14,NASDAQ,No,90,Yes,75.5,Yes,10,607314.9,9,17,41,20.2,Yes,Yes,46.1,4.5,SOFTWARE,-1.4,NA,No,52,117903.8,No,No,No,112,-24.3,NA,135.7,29.6,2026-08-07,FTNT,22,12,5,0,15,10,10,74,103.66666666666667,45,TRUE,TRUE,Earnings Accelerator,CANSLIM Growth,58.7,Strong
3984,ATI,ATI Inc.,NA,2,2,2.1,236.98,21.6,2.1,2,0,2507.6,3736256,NA,0,E,No,Yes,No,Yes,No,1.03,38,0,2.33,52.59,1.42,1.42,90,251.28,46,11.4,4.5,4.79,NA,4.6,4.7,12,5,Yes,Yes,39.6,40.9,41.1,37.6,42,40,22,38,22,Yes,No,98.5,227.84,Aerospace/Defense,NA,0,66,No,9.21,100.1,Yes,97,57,3,2.8,0,236.98,104,87,60,4.01,Yes,24,1.97,-3.86,98,96,97,1.26,329967,30491.6,5.16,136470.4,55.5,2.6,24.3,40.1,C+,70.6,NA,96,84,C,18.9,47,24,18.9,15.3,17.3,20,4587.4,-4,11,32,NA,5.6,1732,Yes,4.41,47,1835,NA,No,926,NA,No,No,No,6.59,0,Yes,66,1.5,39,5,New York Stock Exchange,Yes,98,Yes,17.22,-,96,135094,18,42,52.6,3.9,Yes,Yes,41.2,5.2,AEROSPACE/DEFENSE,21.6,NA,No,63,31934.6,No,No,No,209,28.8,NA,22.1,12,2026-08-07,ATI,25,12,10,0,15,10,10,82,112,40,TRUE,FALSE,Momentum Leader,CANSLIM Growth,57.4,Strong
4144,ETON,Eton Pharmaceuticals Inc.,NA,3.6,3.5,2.9,50.18,-3.9,0.9,5,16,484.8,1226286,NA,0,A+,No,No,No,No,No,1.1,51.2,0,1.21,114.03,0,0,99,0,38,-5.7,5.47,5.49,NA,93.2,87.3,45,50,No,No,127.6,257.2,197,137.6,70,-,-,-,-18,No,No,163.7,44.6,Medical - Development Biotech,NA,2.9,46,No,2.24,85,No,553,349,-18.7,4.7,14.27,50.18,37,30,208,0.13,Yes,0,-3.42,-11.12,98,87,96,0.77,17767,1265,6.14,27392.4,83.3,-39.8,18.2,43.8,A,202.2,NA,80,11,A-,23.5,684,138,19.9,-3.1,3.6,-,80,-275,40,2,NA,61.6,470,Yes,-1.58,259,278,NA,No,158,NA,No,No,No,14.05,2,No,333,2.3,338,105,NASDAQ,No,94,Yes,39.86,-,23,25925.5,100,17,335.7,80.2,Yes,No,66.7,25.4,MEDICAL,-3.9,NA,No,40,1264.4,No,No,No,192.3,-24.2,NA,-18.2,6.4,2026-08-07,ETON,32,15,5,0,15,10,10,87,108.66666666666667,20,TRUE,FALSE,Momentum Leader,CANSLIM Growth,55.5,Strong
3774,ALNT,Allient Inc.,NA,3,2.3,2.1,117.48,29,1.8,1,2,959.4,629738,08/18/2026,0.04,E,No,Yes,No,No,Yes,1.05,28.3,0.2,3.73,33.3,3.8,3.85,87,304.53,38,5.2,6.78,6.92,NA,8.9,10.4,7,-2,No,Yes,48.8,42.2,54.2,62.7,37,12,-1,44,7,No,No,109.9,112.81,Electrical-Power/Equipmt,NA,3.5,36,No,6.26,65.3,Yes,57,46,-9.3,4.2,40.48,117.48,15,71,66,2.44,Yes,20,1.44,-3.98,98,98,94,1.26,26781,1890.8,6.61,17002.5,64.2,36,36.7,71.4,B,71.6,NA,85,68,B-,30.6,26,22,24.5,22,25,9,554.5,-35,10,46,NA,6.7,297,No,1.6,0,397,NA,No,370,NA,No,No,No,3.34,38,Yes,40,1.8,9,5,NASDAQ,Yes,98,Yes,6.28,-,86,15005.7,77,90,24.5,10.3,Yes,Yes,53.1,1.9,MACHINE,29,NA,No,53,2052.8,No,No,No,166.8,-0.5,NA,7.8,6.8,2026-08-07,ALNT,15,12,10,5,15,10,10,77,116.66666666666667,25,FALSE,FALSE,Breakout,CANSLIM Growth,43.1,Weak
3746,ALAB,Astera Labs Inc.,NA,1.9,2,1.6,367.85,7.4,0,0,0,9062.4,9525824,NA,0,D,No,No,No,No,Yes,0.02,315.7,0,10.05,187.91,0,0,97,638.1,60,25.6,10.76,11.36,NA,108.7,98.4,0,163,Yes,No,134.2,74.5,84.1,115,33,-,107,79,19,No,No,100.9,334.17,Elec-Semicondctor Fablss,NA,0,99,No,40.36,2,Yes,45,135,-22.1,6.8,97.89,499.48,10,43,119,2.48,No,0,0.81,-33.1,98,71,90,2.78,2041879,57510.3,11.05,173485.1,57.7,-34.5,-12.7,70.8,A,96.7,NA,71,13,D,15.8,112,61,-6.6,8.8,3.8,12,852.5,597,104,119,NA,98.9,5656,No,2.67,139,3547,NA,No,1580,NA,No,No,No,48.23,24,No,82,1,85,115,NASDAQ,No,89,Yes,33.59,-,59,140259.3,57,113,83.3,96.5,Yes,No,45.9,25.3,CHIPS,7.4,NA,No,64,55663.9,No,No,No,95.5,1.5,NA,18.8,39,2026-08-07,ALAB,30,15,5,0,15,10,10,85,101.33333333333333,50,TRUE,TRUE,CANSLIM Growth,CANSLIM Growth,38.7,Weak
5208,UMAC,Unusual Machines Inc.,NA,1,1.2,1.4,27.19,23.4,0,0,2,60.8,9025737,NA,0,D,No,No,No,No,Yes,0.01,-7.9,0,128.23,-32.07,0,0,6,0,0,-171.7,13.75,11.51,NA,243.8,292.1,0,303,Yes,No,57.1,113.7,114.4,71.5,31,-,-55,162,-20,No,No,104.9,26.11,Leisure-Products,NA,6.1,65,No,2.33,1.2,Yes,33,0,18.6,20.8,0,34.36,48,34,105,-0.19,No,0,7.76,-24.01,98,95,88,2.57,154065,1158,11.25,47793.9,64.2,-34.9,30.2,93.4,A-,104.5,NA,67,39,B-,0,55,-72,15.1,15.9,27.7,6,11.2,-433,687,81,NA,491.9,6251,No,1.88,-480,3976,NA,No,141,NA,No,No,No,39.18,0,No,50,1.7,200,101,NYSE American,No,96,Yes,3.76,-,96,43366.1,91,117,125,376.2,Yes,Yes,48.7,67.9,LEISURE,23.4,NA,No,44,1089.9,No,No,No,172.3,-28.8,NA,-20.2,-46.5,2026-08-07,UMAC,25,15,5,0,15,10,10,80,113.66666666666667,35,FALSE,TRUE,CANSLIM Growth,CANSLIM Growth,44.8,Weak
5068,TOP,TOP Financial Group Ltd.,NA,1.2,0.7,0.9,12.41,9.6,0,0,0,574.8,188393,NA,0,A,No,No,No,No,-,0,0,0,0,5.86,0,0,3,0,0,-24.9,13.91,14.96,NA,45.7,40.2,0,-32,No,No,41.2,101.5,111.7,69.4,-,-,-,-42,-3,No,No,124.7,11.29,Finance-Invest Bnk/Bkrs,NA,0,107,No,1.55,4.7,No,37,0,32.1,0.1,3.06,16.65,127,64,94,-0.02,No,0,5.86,-32.19,98,95,84,1.32,687,1319.3,16.21,121705.5,93.1,-61.2,14.6,191.4,B-,113,NA,69,72,A-,0,0,0,31.2,5.3,3.5,3,4.7,-580,25,86,NA,24.8,77,No,0.63,0,82,NA,No,2,NA,No,No,No,290.88,72,No,81,2,81,42,NASDAQ,No,98,Yes,NA,-,64,100638.6,142,142,81.1,35.1,Yes,No,89.7,0,FINANCE,9.6,NA,No,0,1263.2,No,No,No,98.1,61.3,NA,-3.4,-73.4,2026-08-07,TOP,25,15,5,0,15,0,10,70,112.33333333333333,25,FALSE,FALSE,CANSLIM Growth,CANSLIM Growth,50,Improving
4911,IOVA,Iovance Biotherapeutics Inc.,NA,6.9,7,6.5,6.92,55.8,1.8,1,2,246.6,99892938,NA,0,E,No,No,No,No,-,0.14,-3.9,0,0,-7.49,0,0,24,0,0,-149.2,9.3,9.49,NA,47.2,35.8,0,0,Yes,Yes,28.8,48.2,38.8,31.7,-,-,-,-,-55,Yes,No,132.2,6.34,Medical - Revenue Biotech,NA,3.6,86,No,0.42,6.4,Yes,55,0,-6.4,25.8,1.76,6.92,106,130,150,-0.73,Yes,0,2.09,-8.38,98,99,80,1.5,72188,2772.8,10.35,446502.4,88.1,95.9,45.7,78.6,B-,150.6,NA,61,75,B,17.6,55,46,44,30.8,32,24,263.5,32,66,15,NA,55.2,16093,Yes,0.13,63,30971,NA,No,304,NA,No,No,No,8.71,44,Yes,67,0.9,47,61,NASDAQ,Yes,99,Yes,3.77,-,80,387874.1,31,11,56.9,42.7,Yes,No,70.7,2,MEDICAL,55.8,NA,No,42,1690.3,No,No,No,140.2,69.5,NA,-55.5,-47.6,2026-08-07,IOVA,30,12,10,7,15,10,10,94,112.33333333333333,25,TRUE,TRUE,CANSLIM Growth,CANSLIM Growth,55.5,Strong
4059,ELVN,Enliven Therapeutics Inc.,NA,4.9,6.1,6,62.32,10.3,0.9,5,16,484.8,8651596,NA,0,C+,No,No,No,No,Yes,0,-36.8,0,64.07,-48.73,0,0,1,0,0,0,6.28,5.26,NA,0,0,0,0,No,Yes,6.2,9.7,15.6,8.6,491,-,-,-,-27,No,No,292.6,60.46,Medical - Development Biotech,NA,2.9,46,No,2.77,0,No,553,0,-2.8,14.7,14.79,62.32,37,30,110,-1.67,Yes,0,0.32,-2.98,98,95,77,1.11,75372,4416,5.35,73270.8,79.1,-54.9,18.7,50.1,A,105.5,NA,28,11,A,-26.6,3,-25,25.1,6.5,11,1,0,6,0,3,NA,0,1592,Yes,0.19,-35,696,NA,No,362,NA,No,No,No,NA,36,Yes,0,2.2,33,0,NASDAQ,Yes,97,Yes,4.95,-,81,60174.8,-4,33,16.7,0,Yes,No,57.2,20.7,MEDICAL,10.3,NA,Yes,66,3802.6,No,No,No,237.8,10.6,NA,-27,0,2026-08-07,ELVN,0,0,10,0,15,10,10,45,110,25,FALSE,FALSE,Other,Momentum Leader,55.5,Strong
4884,INNV,InnovAge Holding Corp.,NA,2.7,3.2,2.6,11.96,-1.6,3.4,2,3,224.8,1000508,NA,0,B-,No,No,No,No,No,4.32,25.2,0,1.03,46.05,0,0,70,641.34,31,-4,5.62,5.93,NA,13.9,14.1,8,12,No,Yes,-13.1,85,63.7,31,8,-,-,-,-12,No,No,115.4,11.18,Medical-Services,NA,5.1,104,No,0.68,37.8,Yes,59,0,-16.6,4.8,3.17,12.64,91,8,34,-0.09,No,0,1.82,-11.55,98,80,73,1.2,3715,1490.4,5.42,135736.4,45.7,-5.6,-4,38.4,A+,33.7,NA,29,6,C-,-497.1,149,289,9,-1.1,-2.1,70,853.7,47,15,-37,NA,15.1,368,No,0.2,813,336,NA,No,157,NA,No,No,No,1.6,91,No,-175,1.6,180,12,NASDAQ,No,90,Yes,6.62,Yes,48,20800.5,250,0,2.5,15.1,Yes,No,31.7,7.5,MEDICAL,-1.6,NA,No,55,1500.5,No,No,No,241.9,-39.4,NA,-12,-11.7,2026-08-07,INNV,5,15,5,0,15,10,10,60,95.66666666666667,15,FALSE,FALSE,CANSLIM Growth,CANSLIM Growth,55.5,Strong
4479,GH,Guardant Health Inc.,NA,5.8,4.6,4.1,176.58,4,3.4,2,3,224.8,11421015,NA,0,C,No,No,No,Yes,Yes,1.64,-90,0,4.03,-114.33,0,0,16,0,0,-42.5,5.42,5.54,NA,40.3,42.6,28,32,No,Yes,0.8,-11.3,-4.5,-2.7,41,-,-,-,0,No,No,65,168.48,Medical-Services,NA,5.1,104,No,8.52,0,No,59,0,-11.8,9,51.44,176.58,91,8,47,-3.49,Yes,0,6.92,-4.59,98,95,73,1.67,405693,21146.6,5.46,134196.2,53.6,-16.2,3.4,82.6,A+,65.4,NA,15,6,B,-18.1,4,39,15.2,8.3,8.7,16,982,17,44,7,NA,46.3,2766,Yes,10.9,-2,2194,NA,No,981,NA,No,No,No,19.11,92,Yes,-12,1.7,-10,33,NASDAQ,No,96,Yes,-101.01,-,95,128821,-11,16,-11.4,44,No,No,47.7,8.9,MEDICAL,4,NA,No,72,22406.6,No,No,No,234.4,-35,NA,0,-35.9,2026-08-07,GH,7,0,7,0,15,10,10,49,108.66666666666667,25,FALSE,FALSE,Other,Momentum Leader,55.5,Strong
5150,TVTX,Travere Therapeutics Inc.,NA,5.3,5.4,5.3,66.24,9.7,1.8,1,2,246.6,12015392,NA,0,C,No,No,Yes,No,Yes,1.27,58.5,0,4.05,144.78,0,0,55,0,31,-10,4.87,4.78,NA,92,96.2,17,48,No,Yes,42.1,-15.1,23.7,35.9,34,22,40,214,-58,No,No,60.5,61.32,Medical - Revenue Biotech,NA,3.6,86,No,2.72,281.2,Yes,55,0,-1.7,13.3,16.55,66.24,106,130,99,-0.46,Yes,0,-1.81,-7.43,98,88,68,1.17,108518,5886.6,5.24,94261.1,56.5,-36.7,6,43.7,B-,106.4,NA,16,75,B,-174.8,89,9889,12.4,5.9,7.3,55,490.7,-172,79,93,NA,73.2,1998,Yes,-1.13,-91,1227,NA,No,466,NA,No,No,No,9.77,21,Yes,-164,1.4,15,110,NASDAQ,Yes,95,Yes,235.49,-,62,91597.8,104,140,-74.7,74.3,No,No,50.4,1.3,MEDICAL,9.7,NA,No,71,5842.2,No,No,No,262.6,39.7,NA,-57.8,-20.5,2026-08-07,TVTX,10,0,10,0,15,10,10,55,99.66666666666667,10,FALSE,TRUE,CANSLIM Growth,CANSLIM Growth,55.5,Strong
5368,VSTS,Vestis Corp.,NA,5.2,4.8,4.4,15.85,-1.7,0,0,0,296.4,7230651,02/20/2025,0,C,No,No,No,No,Yes,3.12,24.3,0,2.13,29.15,0,0,89,0,28,-1.6,4.13,4.01,NA,-1.9,-1,0,0,No,No,6.3,106.2,53.1,14.8,13,-,-,-45,-5,Yes,No,113,14.21,Comml Svcs-Outsourcing,NA,0,125,No,0.59,157.5,Yes,22,51,-9,5.6,0,16.9,113,25,89,0.28,No,0,2.6,-15.92,98,74,62,1.17,19327,1829.7,3.77,132105.1,54.1,-3,0.7,53,A,97.9,NA,39,28,D,92.8,96,37,0.5,-2.1,-5.8,11,2734.8,-62,-1,-60,NA,-2,1360,No,0.36,0,1294,NA,No,360,NA,No,No,No,0.69,0,No,420,1.7,-29,-3,New York Stock Exchange,No,89,Yes,2.16,-,96,129690.9,-73,-106,195.7,-0.1,Yes,No,38.5,0.6,BUSINS SVC,-1.7,NA,No,62,3229.1,Yes,No,No,173.8,-12.3,NA,-4.5,0.4,2026-08-07,VSTS,25,15,5,0,15,10,10,80,95,10,TRUE,FALSE,CANSLIM Growth,CANSLIM Growth,59.6,Strong
4773,HYLN,Hyliion Holdings Corp.,NA,2.7,2.2,2.8,4.24,8.7,1.5,1,0,702.8,15120944,NA,0,E,No,No,No,No,Yes,0.02,-3.8,0,10.09,-14.58,0,0,13,0,0,-1645.7,11.91,10.3,NA,0,0,0,0,No,Yes,2.5,3.1,-6,-7.1,45,-,-,-,-26,Yes,No,110.3,3.87,Energy-Alternative/Other,NA,0,64,No,0.42,0.9,Yes,66,0,23.6,12.2,0,8.49,17,85,98,-0.3,Yes,0,-2.03,-54.42,98,46,44,2.08,28101,704.4,9.68,178327.2,32.6,-53.6,-4.4,56.7,C,92.5,NA,35,94,E,13.2,7,-20,-24.9,3.5,1.5,13,3.5,56,479,-10,NA,213.2,4555,No,-0.08,5,2045,NA,No,156,NA,No,No,No,118.62,0,No,30,1.2,12,130,NYSE American,No,75,Yes,3.8,Yes,91,123534.6,-33,-33,21.2,0,Yes,No,19.4,13.9,ENERGY,8.7,NA,No,25,614.6,No,No,No,159.7,-53.2,NA,-26.2,-414.4,2026-08-07,HYLN,25,0,5,0,15,10,10,65,77.66666666666666,25,TRUE,TRUE,CANSLIM Growth,CANSLIM Growth,34,Weak
4084,ENVA,Enova International Inc.,NA,8.5,7.3,6.5,265.54,-0.6,0,0,0,123.2,2159706,NA,0,A,No,Yes,No,Yes,Yes,0.79,5.6,0,20.2,3.72,1.3,1.3,51,72.1,13,12.7,3.9,4.05,NA,18.4,17.6,27,22,Yes,Yes,42.7,32,33.3,40.1,15,13,35,33,24,No,No,60.7,252.64,Finance-Consumer Loans,NA,0,101,Yes,9.56,338.6,Yes,21,17,-11.2,9.2,0,265.54,107,47,47,15,Yes,21,-1.3,-4.86,97,89,99,1.33,85372,6373,3.95,24898.4,52.9,-20.1,6.6,46.5,A-,56.8,NA,96,40,B+,8.8,34,24,16,-0.6,4.4,24,3151.7,34,22,42,NA,19.5,389,Yes,-3.32,34,307,NA,No,560,NA,No,No,No,1.83,0,Yes,33,1.8,30,19,New York Stock Exchange,No,93,Yes,4.2,-,95,23608.8,33,37,31.7,18,Yes,No,44.4,2,FINANCE,-0.6,NA,Yes,70,10710.8,No,No,No,146,-21.4,NA,24.3,11.3,2026-08-07,ENVA,20,12,7,0,15,10,10,74,110,40,TRUE,TRUE,Pullback to 10SMA,CANSLIM Growth,50,Improving
4625,HBB,Hamilton Beach Brands Holding Co. Cl A,NA,6.6,6.3,7.2,33.16,36.7,0,0,2,36.9,212819,05/31/2026,0,A,No,Yes,No,No,Yes,0.46,3.1,2.2,3.13,30.87,0.46,0.53,12,28.09,0,5.9,5.77,6.7,NA,-6.1,-3.1,-1,-1,No,Yes,139,220.2,145.9,114.1,9,14,46,34,13,Yes,No,91,31.42,Hsehold-Appliances/Wares,NA,15.4,61,Yes,1.5,47.3,Yes,13,7,15.1,3.7,0,33.16,125,6,26,4.26,Yes,44,16.37,-5.25,97,99,99,0.8,765,365.7,6.66,9960.3,68.2,573.3,47.2,52.5,A+,61.3,NA,98,2,A+,0,0,0,44.7,28.3,34.3,67,606.9,47,12,-26,NA,1.5,35,Yes,4.42,0,228,NA,No,163,NA,No,No,No,0.51,0,Yes,583,1.3,99,-7,New York Stock Exchange,Yes,99,Yes,1.95,-,112,5788.2,-21,-77,341,0.9,Yes,Yes,58.6,0,CONSUMER,36.7,NA,No,43,367.9,Yes,Yes,Yes,114.2,125.7,NA,15.2,23.6,2026-08-07,HBB,30,15,10,10,15,10,10,100,118.33333333333333,45,TRUE,FALSE,Momentum Leader,CANSLIM Growth,55.4,Strong
3804,AMD,Advanced Micro Devices Inc.,NA,1.2,1.1,1.2,530.13,1.5,0,0,0,9062.4,39768152,NA,0,D,No,No,No,No,No,0.18,101.9,0,2.61,102.58,8.39,8.39,94,476.26,43,12,7.39,7.83,NA,37.9,39.4,19,24,Yes,Yes,64,109.6,89.8,65.8,12,10,28,64,7,Yes,No,125.7,483.36,Elec-Semicondctor Fablss,NA,0,99,Yes,40.21,4.7,Yes,45,84,7.2,2.5,149.22,584.73,10,43,141,5.76,Yes,20,-1.21,-17.34,97,55,96,2.18,15549657,798737.4,7.82,1632475.1,51.9,-8.8,-6.3,18.3,A,131.9,NA,99,13,D,2.7,83,99,-6,0.7,-4.5,36,34639,25,50,26,NA,44,30478,No,-5.92,60,26619,NA,No,5721,NA,No,No,No,19.1,32,No,246,1,43,34,NASDAQ,No,81,Yes,11.73,-,38,1624660.4,40,30,144.3,40.7,Yes,Yes,38.7,12,CHIPS,1.5,NA,No,42,792017.8,No,No,No,180.4,2.3,NA,7.1,20,2026-08-07,AMD,32,15,5,0,15,10,10,87,87.66666666666667,40,TRUE,TRUE,Earnings Accelerator,CANSLIM Growth,38.7,Weak
4355,FROG,JFrog Ltd.,NA,1.6,3.6,3.5,96.25,12.2,0.9,1,8,5415.1,10930781,NA,0,C-,No,No,Yes,No,Yes,0.02,32.5,0,2.2,71.38,0,0,95,0,91,-12.4,6.26,6.42,NA,25.7,26.3,26,24,Yes,Yes,32.1,33.6,36.9,33.5,67,-,43,34,-9,Yes,No,43.3,89.52,Comp Sftwr - Enterprise,NA,7,137,No,5.53,0.8,Yes,114,91,-1.8,10.3,34.05,99.22,108,39,61,0.98,Yes,0,7.8,-9.78,97,85,96,1.34,241945,10057.8,6.41,121119.7,45.1,59.9,-6.9,57,A+,86.5,NA,95,9,C,12.3,19,17,5.7,9.9,6,11,531.8,27,29,26,NA,27.3,2851,No,6.48,5,4370,NA,No,565,NA,No,No,Yes,18.07,41,No,50,1.3,35,24,NASDAQ,No,94,Yes,11.74,Yes,60,106539.3,16,47,42.5,26.6,Yes,Yes,43.4,15.1,SOFTWARE,12.2,NA,No,74,9544.4,Yes,Yes,Yes,130.8,-18.3,NA,-8.6,-2.5,2026-08-07,FROG,22,12,5,7,15,10,10,81,109.66666666666667,40,TRUE,TRUE,Earnings Accelerator,CANSLIM Growth,58.7,Strong
4297,FLXS,Flexsteel Industries Inc.,NA,2.7,3.2,3.9,79.7,2.9,7.7,1,0,21.8,203632,06/23/2026,0,B,No,Yes,No,No,Yes,0.39,6.5,1.4,3.44,11.7,0.45,0.47,45,53.1,16,6.1,4.47,4.39,NA,5.2,4.9,-3,5,No,Yes,54,34,47.2,51.5,11,32,101,41,11,No,No,92.9,76.19,Hsehold/Office Furniture,NA,0,32,Yes,3.22,30.7,No,13,15,23.9,5.5,32.65,79.7,139,126,54,5.03,Yes,91,-0.91,-4.4,97,84,91,0.85,3594,411.8,3.8,5355.5,49.3,-47.9,9.5,38.1,E,32.4,NA,91,126,B+,32.6,14,6,10.4,-0.1,2,38,441.1,143,1,98,NA,5,53,Yes,-0.7,-22,27,NA,No,203,NA,No,No,No,0.89,48,No,1,2.4,24,7,NASDAQ,No,92,Yes,2.2,-,29,3717.2,77,87,12.5,5.4,Yes,No,37.6,5.2,CONSUMER,2.9,NA,No,46,433.6,No,No,No,128.4,-36.3,NA,12.7,5.6,2026-08-07,FLXS,0,12,5,0,15,10,10,52,105.66666666666667,45,FALSE,FALSE,Momentum Leader,Momentum Leader,55.4,Strong
5210,UMC,United Microelectronics Corp. ADR,NA,1.6,1.5,1.1,20.85,-1.6,0,0,0,3635.9,20511587,07/07/2026,0,D,No,No,No,No,No,0.44,32.6,1.6,2.17,14.72,0,0,54,67,20,19.9,7.34,7.2,NA,4.5,6.3,-1,1,No,No,71.5,159.1,121.3,91.1,9,-7,-9,99,7,Yes,No,138.2,18.72,Elec-Semiconductor Mfg,NA,0,13,No,1.61,13.4,No,32,18,-23.6,0.8,0,28.96,2,40,79,1.05,Yes,28,-2.5,-35.36,97,43,88,1.27,398102,47405.8,7.14,2515397,43,-22.2,-21.4,23.5,A,86.1,NA,85,30,D,165.1,105,0,-15.9,-0.5,-8.8,78,7596.2,-26,8,-8,NA,7.9,18091,No,-0.48,8,13371,NA,No,153,NA,Yes,No,No,5.93,0,No,339,0.8,114,5,New York Stock Exchange,No,74,Yes,3.38,-,90,2515347.2,25,8,226.2,7.7,Yes,Yes,25.6,14.2,CHIPS,-1.6,NA,Yes,3,46950,No,No,No,180.7,-16.9,NA,11.3,61.5,2026-08-07,UMC,25,15,5,0,15,0,10,70,81,50,TRUE,FALSE,CANSLIM Growth,CANSLIM Growth,38.7,Weak
3619,ACMR,ACM Research Inc. Cl A,NA,1.5,1.8,2.1,92.55,6.8,0,0,0,2265.3,3911207,NA,0,D-,No,No,No,No,Yes,0.11,-21.5,0,3.51,-546.32,1.49,1.49,90,238.34,36,15,10.2,9.89,NA,23.6,27.9,40,29,Yes,Yes,-20.8,-22.8,-27.8,-22.6,19,36,4,-31,8,Yes,No,112.4,83.8,Elec-Semiconductor Equip,NA,0,5,No,9.14,12.6,Yes,33,54,15.7,6.8,23.59,127.19,5,23,32,1.56,Yes,33,6.1,-34.11,97,66,86,2.21,142857,5458.3,9.73,64117.7,41.7,-4.8,-11.5,41.6,A,34.1,NA,65,20,D-,45.7,30,42,-8.4,7.7,-0.8,41,901.3,39,36,-29,NA,35.1,1536,No,4.82,67,1427,NA,No,455,NA,No,No,No,5.18,37,No,13,1.1,-26,15,NASDAQ,No,85,Yes,3.51,-,53,57640.5,-55,-43,-6.6,26.5,No,Yes,25.6,6.6,CHIPS,6.8,NA,No,57,4588.1,Yes,No,No,245.3,-48.8,NA,7.9,30.4,2026-08-07,ACMR,17,0,5,0,15,10,10,57,93,35,FALSE,TRUE,CANSLIM Growth,CANSLIM Growth,38.7,Weak
5534,XMTR,Xometry Inc. Cl A,NA,3.8,3.9,3.3,96.35,8.7,0,0,0,178.3,3155740,NA,0,D-,No,No,No,Yes,No,1.4,-204.4,0,1.78,777.67,2.69,2.69,97,0,99,-8.9,5.88,5.9,NA,31.3,33.5,31,23,Yes,Yes,385.2,248.1,298.6,438.9,6,63,120,190,-21,No,No,56.6,93.14,Elec-Contract Mfg,NA,0,35,No,5.47,122.4,Yes,15,169,-14.3,6.3,35.86,106.08,3,55,31,0.55,Yes,48,6.95,-12.19,97,70,86,1.73,80121,4992.3,6.05,55848.3,42.6,-7.5,0,18.7,B+,41.1,NA,77,48,D+,9.9,81,82,2.7,6.8,1.3,-,686.6,90,41,1050,NA,38.5,887,No,6.05,65,782,NA,No,395,NA,No,No,Yes,6.44,91,No,78,1.3,500,26,NASDAQ,No,89,Yes,17.25,-,71,51924.7,167,450,288.9,35.5,Yes,No,37.5,10,ELECTRNCS,8.7,NA,Yes,72,5221.7,No,No,No,116.2,4.6,NA,-20.9,-2.6,2026-08-07,XMTR,27,15,5,0,15,10,10,82,91.33333333333333,15,FALSE,TRUE,CANSLIM Growth,CANSLIM Growth,49.3,Improving
3797,AMAT,Applied Materials Inc.,NA,3,2.1,1.6,554.08,6.2,0,0,0,2265.3,16703697,08/19/2026,0.53,E,No,No,No,No,No,0.5,62.2,0.4,2.51,54.74,5.79,6.06,90,194.25,36,32.7,7.62,8.05,NA,4.1,3.4,6,3,Yes,Yes,9.4,4.4,7.5,8.9,8,9,8,5,28,Yes,No,109.8,539.14,Elec-Semiconductor Equip,NA,0,5,No,45.88,33.6,Yes,33,55,-23.5,2.1,154.47,739.67,5,23,60,9.89,Yes,6,2.21,-27.11,97,67,85,1.86,5579894,418797.7,7.39,793959.4,41.4,-52,-2.8,31.3,A,67.2,NA,66,20,E,6.7,31,39,-2.5,5.6,0.3,31,28368,7,11,9,NA,4.6,10006,No,11.66,37,4555,NA,No,5296,NA,No,No,Yes,14.75,62,No,20,1.3,0,4,NASDAQ,No,87,Yes,17.9,-,76,790012.2,-6,17,9.8,1.9,Yes,Yes,26.4,4.6,CHIPS,6.2,NA,No,51,417274.5,No,No,No,194.4,-51.8,NA,35.5,35.5,2026-08-07,AMAT,15,0,5,0,15,10,10,55,93,50,FALSE,FALSE,CANSLIM Growth,CANSLIM Growth,38.7,Weak
3813,AMN,AMN Healthcare Services Inc.,NA,3,2.9,3.1,36.85,7,0,0,4,139.2,3615167,NA,0,C+,No,No,No,No,No,17.2,1.3,0,1.09,5.15,0,0,23,0,42,-3.7,5.08,5.17,NA,17,24.1,-8,-10,No,No,48.9,150.9,104.2,69.4,5,-28,-42,80,-14,No,No,128.4,36,Comml Svcs-Staffing,NA,16.7,134,No,1.72,124.2,No,24,10,6.4,9.4,0,36.85,64,4,34,3.48,No,53,16.88,-2.32,97,94,85,0.75,28956,1194.6,5.15,38786.1,58.9,65.2,8.3,60.4,A+,77.3,NA,69,1,C,307.8,123,-69,11.3,6.8,7.1,79,2730.4,-60,2,-59,NA,51.1,928,Yes,5.2,-50,1517,NA,No,433,NA,No,No,No,0.41,0,Yes,157,1.5,367,-8,New York Stock Exchange,No,96,Yes,1.95,Yes,102,38406.3,-71,-36,261.7,34.7,Yes,Yes,47.3,8.3,BUSINS SVC,7,NA,No,74,1942.2,Yes,Yes,Yes,112.8,28.2,NA,-14.2,3.1,2026-08-07,AMN,25,15,7,7,15,10,10,89,112,15,TRUE,FALSE,Momentum Leader,CANSLIM Growth,59.6,Strong
5114,TRVG,trivago N.V. ADR,NA,0.2,0.3,0.2,5.91,6.4,5.9,1,3,299.6,24381,NA,0,B,No,No,No,No,Yes,0.31,5.7,0,1.65,46.07,8.19,8.19,96,103.84,125,1.5,7.52,6.57,NA,26.1,26.5,10,9,No,No,79.6,131.1,126.1,93.4,9,15,79,262,6,No,No,93.8,5.62,Leisure-Travel Booking,NA,17.6,129,No,0.35,15.9,Yes,17,123,-16.3,0.1,2.59,5.91,128,56,83,0.05,No,0,2.37,-4.91,97,92,85,0.85,504,2736.3,6.37,23124.3,63,40.6,6.8,57,A,88.6,NA,44,19,C+,-303.9,-22,197,12.9,4.3,3.9,27,657.2,83,22,149,NA,20.4,102,No,0.13,-75,142,NA,No,15,NA,Yes,No,No,0.19,36,Yes,29,1.4,3,24,NASDAQ,Yes,97,Yes,11.99,-,64,22871.1,361,111,16.2,28.8,Yes,No,56.3,7.1,LEISURE,6.4,NA,No,21,-5.7,No,No,No,58.8,5.9,NA,5.6,-3.1,2026-08-07,TRVG,20,15,10,5,15,10,10,85,111.33333333333333,20,FALSE,FALSE,Breakout,CANSLIM Growth,44.8,Weak
5535,XNCR,Xencor Inc.,NA,15.2,14,12.9,21.96,3,0.9,5,16,484.8,10842171,NA,0,A+,No,No,No,No,Yes,0.32,-3.4,0,6.39,-11.43,0,0,27,0,0,-71.4,6.69,7.43,NA,27.6,-4.8,-16,-7,No,No,24.4,-14.8,11.1,21.2,256,-39,2,50,-14,No,No,35.9,20.81,Medical - Development Biotech,NA,2.9,46,No,1.29,22.2,Yes,553,0,-8.1,15.5,6.92,21.96,37,30,71,-2.17,No,0,4.05,-5.24,97,96,79,1.19,15387,1487.1,7.93,74353.4,49.2,18.6,32.8,69,A,79.2,NA,31,11,A,63.8,-145,-7,33.2,3.5,11.5,27,125.6,-72,17,65,NA,-34.4,968,Yes,0.81,-294,1125,NA,No,346,NA,No,No,No,14.74,79,No,29,1.5,-159,14,NASDAQ,No,98,No,3.07,Yes,60,69975.1,85,89,-64.9,-38.4,No,Yes,54.8,-1.4,MEDICAL,3,NA,No,70,1111,No,No,No,184.3,-19.2,NA,-14,-42.4,2026-08-07,XNCR,20,0,5,0,15,10,10,60,110.66666666666667,20,TRUE,FALSE,CANSLIM Growth,CANSLIM Growth,55.5,Strong
5204,ULCC,Frontier Group Holdings Inc.,NA,4.1,4.3,4.8,8.32,9.3,0,0,0,245.4,23746229,NA,0,C,No,No,No,No,No,-3.76,-48.5,0,0.58,-3.2,0,0,10,0,109,-3.6,7.46,7.37,NA,8.8,12.2,17,4,Yes,Yes,-167.1,3.3,-142.5,-178.3,9,46,-117,-167,-25,No,No,56.7,7.38,Transportation-Airline,NA,0,22,No,0.51,892.7,Yes,20,0,13.5,24.3,3.02,8.4,93,28,21,-0.51,Yes,0,-2.64,-12.2,97,83,75,1.81,29047,1745,7.44,230215.8,46.5,-37.8,0.3,35.9,A,13.2,NA,34,29,A-,78.7,34,200,9.6,3.7,10.7,10,3724,83,38,-373,NA,27.2,4417,No,-0.2,83,2723,NA,No,220,NA,No,No,No,0.4,19,No,68,1.2,-58,-1,NASDAQ,No,92,Yes,12.49,-,29,97775.7,0,-580,4.9,18,Yes,Yes,41.2,-1.3,TRANSPORTATION,9.3,NA,Yes,42,6623.4,No,No,No,122.3,-18.3,NA,-25,-7,2026-08-07,ULCC,27,0,5,0,15,10,10,67,97,0,TRUE,TRUE,CANSLIM Growth,CANSLIM Growth,49.2,Improving
5265,VAC,Marriott Vacations Worldwide Corp.,NA,5,5.1,5,131.34,26.6,0,0,1,232.3,2520183,05/26/2026,0,C,No,No,No,No,Yes,13.4,-209.1,3.3,1.16,153.9,1.01,1.24,53,53.8,14,-5.9,4.61,4.67,NA,3.3,1.8,7,3,Yes,Yes,9.5,-2.5,-3.4,12.9,8,14,-7,-4,-8,No,No,114,123.47,Leisure-Lodging,NA,7.7,48,No,4.64,278.1,Yes,13,17,-2.7,8,0,131.34,59,81,114,7.1,No,45,-1.03,-5.99,97,98,74,1.33,48746,4284.3,4.84,34343.1,72.6,121.5,24.3,60,D,122.1,NA,38,117,A+,17.2,12,12,27.2,18.1,22.3,64,5032,-16,6,9,NA,5.3,503,Yes,-1.28,35,1107,NA,No,374,NA,No,No,No,0.82,0,Yes,18,1.6,-25,1,New York Stock Exchange,Yes,98,Yes,2.06,-,96,31360,0,-6,-3.7,3.5,No,Yes,61.7,-1.8,LEISURE,26.6,NA,Yes,70,8514.1,No,No,No,72.8,77.5,NA,-13.9,5.8,2026-08-07,VAC,10,0,10,10,15,10,10,65,109.66666666666667,5,FALSE,FALSE,CANSLIM Growth,CANSLIM Growth,44.8,Weak
4861,IMVT,Immunovant Inc.,NA,10,8.9,9.2,40.77,3.4,0.9,5,16,484.8,17758956,NA,0,B,No,No,No,No,Yes,0,-10.2,0,9.09,-17.89,0,0,35,0,0,0,4.1,3.7,NA,0,0,0,0,No,No,-5.1,3.2,2.7,-1.5,322,-,-,-,-65,No,No,57.2,39.95,Medical - Development Biotech,NA,2.9,46,No,1.45,0,No,553,0,3.3,21.7,14.32,41.23,37,30,52,-2.75,No,0,0.53,-3.1,97,84,74,1.12,49789,8202.4,3.8,206402.3,39.7,-30.8,-0.3,46.8,A,47.7,NA,22,11,A+,-8.6,-4,1,7.7,1.8,1.6,35,0,-45,0,-1,NA,0,1360,No,0.21,0,906,NA,No,340,NA,No,No,No,NA,72,No,4,1.4,-14,0,NASDAQ,No,92,Yes,9.56,-,89,84401.7,20,1,-5.1,0,Yes,No,32.2,2.1,MEDICAL,3.4,NA,No,84,7205.4,No,No,No,154,-36.1,NA,-64.8,0,2026-08-07,IMVT,0,0,5,0,15,10,10,40,97,25,FALSE,FALSE,Other,Momentum Leader,55.5,Strong
4483,GHRS,GH Research PLC,NA,8.2,6.8,8,31.44,7.8,0.9,5,16,484.8,1945918,NA,0,A,No,No,No,No,Yes,0,-12.8,0,23.04,-42.43,0,0,7,0,0,0,6.64,5.84,NA,0,0,0,0,No,No,-25.8,-51.1,-38.3,-25.7,457,-,-,-,-21,No,No,138.3,30.27,Medical - Development Biotech,NA,2.9,46,No,1.6,0.1,No,553,0,17.3,3.8,11.32,31.44,37,30,111,-1.02,No,0,-1.21,-3.72,97,93,70,1.03,7300,2100.6,5.68,62029.4,65.1,20.6,12.6,44.1,A,99.6,NA,8,11,A+,19.6,-35,-52,18,5.3,7.7,7,0,-24,0,-5,NA,0,283,Yes,-0.37,-35,337,NA,No,42,NA,No,No,No,NA,41,Yes,-53,2,-63,0,NASDAQ,Yes,96,Yes,7.13,-,71,50879.5,-37,0,-58.2,0,No,No,52.3,2.4,MEDICAL,7.8,NA,No,27,1716.9,No,No,No,150.2,24.8,NA,-21,0,2026-08-07,GHRS,0,0,10,0,15,10,10,45,101.66666666666667,25,FALSE,FALSE,Other,Momentum Leader,55.5,Strong
3680,AEVA,Aeva Technologies Inc.,NA,2.9,1.9,1.9,28.42,51.8,0,0,1,220.9,4779599,NA,0,E,No,No,No,No,Yes,0.71,-15.3,0,7.85,-13.19,0,0,9,0,0,-802.7,11.95,12.26,NA,87.7,66.2,30,100,No,Yes,15.5,11.4,12.6,14.6,45,-,18,19,-258,No,No,100.5,26.62,Auto/Truck Equipment Parts & Tires,NA,1.8,73,No,2.44,763.6,No,55,0,-1.7,10.5,8.83,31.3,57,60,109,-1.68,Yes,0,5.38,-14.95,97,97,67,2.43,51786,1705.9,11.4,67535.2,60.1,24.1,23.4,94.9,B+,114.7,NA,28,50,B-,4.7,11,-4,22.7,41.2,46.5,9,18.1,15,11,19,NA,48.6,2198,No,1.36,5,2688,NA,No,204,NA,No,No,No,83.24,57,No,7,1.1,9,99,NASDAQ,No,97,Yes,-128.21,-,84,45734.7,18,16,7.9,68.6,Yes,No,50.7,6.3,AUTO,51.8,NA,No,32,1686.4,No,No,No,114.4,25.3,NA,-258.4,-1297.7,2026-08-07,AEVA,5,0,5,5,15,10,10,50,107,10,FALSE,FALSE,Other,Momentum Leader,45.4,Improving
3800,AMBQ,Ambiq Micro Inc.,NA,2.5,2.3,2.2,71.64,6.1,0,0,0,9062.4,1766758,NA,0,E,No,No,No,No,Yes,0,-9.3,0,11.7,-62.78,0,0,23,0,0,-50.2,8.48,8.32,NA,8.5,9.8,0,0,Yes,No,0,48.7,46,39.6,37,-,-,61,0,No,No,136.8,67.49,Elec-Semicondctor Fablss,NA,0,99,No,6.3,0.2,Yes,45,0,-4.8,9.6,0,91.61,10,43,114,-1.22,No,0,3.45,-26.33,97,48,64,3.21,51135,1575.2,8.11,24145.4,51.9,-19.9,-10.6,77.6,A,125.4,NA,57,13,E,29.6,58,34,-13.1,5.3,-5.3,23,72.5,19,59,-10,NA,30.6,644,No,2.25,40,514,NA,No,176,NA,No,No,No,19.91,0,No,45,1,42,-5,New York Stock Exchange,No,80,Yes,6.13,-,97,18540.2,59,38,43.5,17,Yes,No,35.2,24.8,CHIPS,6.1,NA,No,47,1435.7,Yes,No,No,65.4,-39.1,NA,-29.4,-40.6,2026-08-07,AMBQ,25,12,5,0,15,10,10,77,84.66666666666667,25,FALSE,TRUE,CANSLIM Growth,CANSLIM Growth,38.7,Weak
4463,GEO,GEO Group Inc.,NA,5.5,4.5,4.9,32.11,-0.6,0,0,0,131.4,10387135,01/21/2021,0,B,No,Yes,No,No,No,5.55,-125.2,0,1.65,59.06,0,0,72,55.91,22,12.7,3.86,3.81,NA,13.2,15.3,3,4,No,No,43.4,89.2,71.7,56.5,15,-13,-3,70,18,No,No,90.4,30.69,Security/Sfty,NA,0,123,Yes,1.16,113.4,No,46,26,8.9,8.2,0,32.25,121,31,81,1.16,No,18,1.82,-4.84,96,78,97,0.95,55650,4027.3,3.4,133618.3,53.2,-23.1,5.7,44.6,A,93,NA,86,15,B-,28.7,47,34,5.8,-0.4,0.3,33,2631.5,-21,15,15,NA,15.9,1950,Yes,0.55,33,1578,NA,No,286,NA,No,No,No,1.45,0,No,68,1.7,107,9,New York Stock Exchange,No,91,Yes,2.69,-,96,127094.4,92,19,87.7,16.1,Yes,Yes,44.1,0.4,BUSINS SVC,-0.6,NA,Yes,60,5853,No,No,No,42.7,0.6,NA,17.9,6.5,2026-08-07,GEO,25,15,5,0,15,10,10,80,102.33333333333333,35,FALSE,FALSE,Momentum Leader,CANSLIM Growth,59.6,Strong
3919,ARM,Arm Holdings PLC ADR,NA,1.5,1.4,1.6,299.29,17.9,0,0,0,9062.4,17460573,NA,0,D,No,No,No,No,Yes,0.08,251.5,0,5.25,198.02,0,0,97,1113.87,118,23.5,9.9,9.08,NA,23.1,25.8,0,24,No,Yes,19.7,16,19.5,13.1,28,-,53,16,12,No,No,158.5,282.57,Elec-Semicondctor Fablss,NA,0,99,No,26.08,5.2,Yes,45,151,10.7,12.4,100.02,452.7,10,43,145,1.87,No,0,-1.43,-37.58,96,63,94,2.78,3151993,306174.2,9.18,1064055.3,46.8,-56.5,-5.9,32.5,A,128.4,NA,89,13,D+,11.9,163,36,-12.3,9.5,4.5,4,4920,28,22,-48,NA,21.2,9194,No,-4.11,22,3831,NA,No,974,NA,Yes,No,No,58.31,31,No,29,1,9,23,NASDAQ,No,85,Yes,34.97,-,79,140783.9,10,30,18.8,22.9,Yes,No,34.7,15,CHIPS,17.9,NA,No,48,303064.2,No,No,No,108.4,-46.6,NA,12,20.9,2026-08-07,ARM,20,8,5,0,15,10,10,68,94.33333333333333,50,TRUE,FALSE,CANSLIM Growth,CANSLIM Growth,38.7,Weak
4049,ELMD,Electromed Inc.,NA,3,2.6,2.1,43.48,3.6,4.6,3,2,401.8,194520,NA,0,D+,No,Yes,No,No,Yes,0,19.8,0,4.91,33.01,0.88,0.88,82,138.19,30,16.1,4.97,4.65,NA,16,16.8,16,16,Yes,Yes,38.8,56.1,48.3,43.4,44,41,57,49,17,No,No,44.9,42.19,Medical-Systems,NA,3.1,103,Yes,1.96,0,Yes,65,36,-19.6,2.8,0,47.4,126,127,32,1.17,Yes,23,0.36,-10.99,96,74,94,0.48,3921,348.1,4.68,8280.1,39.4,-19.4,-7.7,57.1,D,44.9,NA,99,109,C,40,43,22,4.4,2.8,1.7,27,64,61,18,47,NA,17.3,95,No,0.15,27,76,NA,No,168,NA,No,No,No,4.87,0,No,67,1.1,45,17,NYSE American,No,88,Yes,7.1,-,97,6854.8,56,25,56.1,16.6,Yes,Yes,34.1,0,MEDICAL,3.6,NA,No,30,331.6,No,No,No,126.2,-29.8,NA,17.2,16.2,2026-08-07,ELMD,25,15,5,0,15,10,10,80,105,55,TRUE,FALSE,CANSLIM Growth,CANSLIM Growth,55.5,Strong
4244,FET,Forum Energy Technologies Inc.,NA,3.6,4.3,4.6,77.51,18.4,13,3,0,126.1,778759,NA,0,E,No,No,No,No,No,0.9,14.8,0,2.19,12.53,0,0,78,0,19,2.1,5.37,5.56,NA,2.7,4.1,10,4,Yes,Yes,475.5,840.1,690.6,543.9,9,-,-,-,-3,Yes,No,100.9,74.23,Oil&Gas-Machinery/Equip,NA,0,11,No,3.06,75,Yes,23,32,6.5,7.6,0,77.51,31,65,52,2.31,Yes,0,-1.33,-4.23,96,94,91,0.84,10421,846.1,6.26,11246.3,53.2,31.5,56.3,36.4,C+,54.7,NA,83,82,B,105.3,386,24,37.4,15.3,26,24,791.5,48,13,173,NA,10.6,190,Yes,-1,226,243,NA,No,290,NA,No,No,Yes,1,0,Yes,1260,1.4,1075,-3,New York Stock Exchange,Yes,93,Yes,2.88,-,96,10147.3,185,242,1167.5,7.3,Yes,No,37.8,12.4,ENERGY,18.4,NA,No,55,1046.3,No,No,No,308.8,112.5,NA,-3.2,5.5,2026-08-07,FET,30,15,10,5,15,10,10,95,108.66666666666667,25,TRUE,FALSE,Breakout,CANSLIM Growth,34,Weak
5154,TWIN,Twin Disc Inc.,NA,1,2.9,3.4,24.6,5.8,0,0,0,57.5,454771,05/17/2026,0,E,No,No,No,No,Yes,0.43,349.7,0.7,2.09,13.95,0.25,0.26,36,48.96,38,0.5,5.69,5.41,NA,10.6,10.9,11,10,No,Yes,422,921.4,670.8,508.5,6,51,9,252,-1,No,No,44.7,24.14,Transportation-Equip Mfg,NA,0,24,No,1.23,29.3,Yes,9,13,15.7,3.6,8.03,24.6,36,17,29,1.84,Yes,0,3.38,-1.87,96,89,90,0.97,3005,336.8,5.06,14422.8,35.1,-24.6,10.3,31.1,A-,45.4,NA,81,32,E,-8,1521,-65,11.4,3.8,5.1,67,340.7,5,19,-118,NA,9.7,135,Yes,0.79,130,98,NA,No,134,NA,No,No,No,0.96,91,No,309,1.6,2375,15,NASDAQ,No,93,Yes,1.88,-,73,12698.8,80,-81,1341.9,9.7,Yes,Yes,30.1,19.6,TRANSPORTATION,5.8,NA,No,41,382.7,Yes,No,No,167.9,-43.7,NA,-1.2,3.4,2026-08-07,TWIN,30,15,5,0,15,10,10,85,106.66666666666667,35,FALSE,FALSE,Momentum Leader,CANSLIM Growth,49.2,Improving
4285,FLEX,Flex Ltd.,NA,1.2,1,1,129.38,6.7,0,0,0,178.3,7608388,NA,0,E,No,No,No,No,No,1.06,70.2,0,1.38,27.22,1.47,1.47,80,180.48,23,4.1,7.16,7.73,NA,10.8,12.4,0,-3,Yes,Yes,28.7,26.4,25.7,28.8,4,23,26,25,17,Yes,No,100.8,121.35,Elec-Contract Mfg,NA,0,35,Yes,10.13,83.9,Yes,15,34,1.8,2.1,47.83,166.86,3,55,91,3.59,Yes,4,-1.06,-27.27,96,41,89,1.53,979086,45307.3,7.35,369403,35.4,-46.6,-7.7,-8.8,B+,89.7,NA,96,48,E,11.2,42,52,-11.8,3.9,-0.3,45,27914,23,21,25,NA,18.7,7046,No,-1.3,34,3374,NA,No,1919,NA,No,No,No,1.53,25,No,39,1.3,27,8,NASDAQ,No,71,Yes,8.15,-,64,366988.6,13,23,33.1,15,Yes,Yes,22.9,22,ELECTRNCS,6.7,NA,No,64,47098.8,No,No,No,144.1,-52.9,NA,17.3,3.6,2026-08-07,FLEX,20,12,5,0,15,10,10,72,75.33333333333333,35,TRUE,TRUE,Earnings Accelerator,CANSLIM Growth,49.3,Improving
4495,GKOS,Glaukos Corp.,NA,4.2,4.2,4.6,184,8,1.6,2,5,1088.6,4703342,NA,0,A+,No,No,No,Yes,Yes,0.27,-279,0,5.04,-696.15,0,0,47,0,1177,-38,4.81,4.5,NA,38.8,41.1,15,27,Yes,No,42.5,29.9,33.2,37.3,91,-,-,-,-26,No,No,59.4,180.02,Medical-Products,NA,3.9,117,No,6.88,15.8,Yes,127,0,8.4,8.3,0,184,142,90,37,-0.76,Yes,0,5.28,-2.16,96,96,84,1.2,139595,10085.7,4.62,58983.9,50.7,-22.8,19.5,34.2,C,60,NA,48,98,A+,33.5,66,264,26,8.2,12.6,47,507.4,18,50,52,NA,45.4,1005,Yes,9.03,41,769,NA,No,630,NA,No,No,No,17.33,0,Yes,42,1.3,18,32,New York Stock Exchange,Yes,97,Yes,15.53,Yes,103,56623.7,30,43,29.9,42.1,Yes,No,42.4,5.4,MEDICAL,8,NA,No,76,9909.9,No,No,No,104.6,-20.6,NA,-26.4,-9.9,2026-08-07,GKOS,22,12,10,0,15,10,10,79,107,25,TRUE,TRUE,CANSLIM Growth,CANSLIM Growth,55.5,Strong
3695,AGEN,Agenus Inc.,NA,5.2,7.1,1.5,8.85,-7.2,0,0,3,1298.7,7057525,NA,0,B+,No,No,No,No,-,-1.15,-4.5,0,0,-2.68,0.13,0.13,2,10.61,0,-2.7,11.65,15.08,NA,26.3,30.5,-10,-2,No,Yes,116.8,137,143.5,126.9,-,17,62,286,0,No,No,121.7,6.96,Medical - Profitable Biotech,NA,5.7,40,No,0.7,0,No,53,2,-78.3,17.4,2.71,8.85,94,84,157,3.19,Yes,0,-7.08,-21.36,96,94,81,1.75,29405,335.2,18.21,44752.3,79.9,-75.7,98.9,85.6,C+,136.7,NA,68,83,B,-128.8,27,-114,55.2,-4.8,11.6,98,114.2,23,34,107,NA,37.1,4939,Yes,-0.53,-98,1191,NA,No,78,NA,No,No,No,2.35,6,No,99,5.3,202,10,NASDAQ,No,96,No,-1.3,-,2,39127.7,111,163,150.1,33.9,Yes,Yes,81.3,59.2,MEDICAL,-7.2,NA,No,16,667.1,No,No,No,46.2,-69.5,NA,0,-1.7,2026-08-07,AGEN,27,15,5,0,15,7,10,79,110.33333333333333,25,FALSE,TRUE,CANSLIM Growth,CANSLIM Growth,55.5,Strong
4698,HNGE,Hinge Health Inc. Cl A,NA,3.9,3.5,2.9,90.4,19.6,3.4,2,3,224.8,6234589,NA,0,D-,No,No,No,Yes,No,0.02,23,0,1.25,41.25,0,0,87,263.35,33,-89.7,5.53,5.42,NA,50.8,49.8,0,0,Yes,No,1930.9,12.4,2637,2201.9,13,-,-,-26,0,No,No,92.3,89.33,Medical-Services,NA,5.1,104,No,4.39,2.1,Yes,59,46,-15.4,19.1,0,91.5,91,8,138,1.95,No,0,11.55,-2.37,96,94,80,1.28,149761,6196.6,5.21,54655.9,70,22.2,0,62.4,A+,186.6,NA,39,6,D,-4.1,-13,34,18.5,14.3,9.7,20,587.9,94,53,3152,NA,50.1,2046,No,9.25,47,2563,NA,No,299,NA,No,No,Yes,6.78,0,Yes,69,2,-71,51,New York Stock Exchange,No,98,Yes,55.43,-,100,32593.9,39,10511,-1.1,48.6,No,No,64.7,27.2,MEDICAL,19.6,NA,No,75,5895.7,No,No,No,48,32.7,NA,-106.7,20.3,2026-08-07,HNGE,30,0,7,5,15,10,10,77,110,20,TRUE,TRUE,CANSLIM Growth,CANSLIM Growth,55.5,Strong
3812,AMLX,Amylyx Pharmaceuticals Inc.,NA,10.7,10.6,8.4,24.6,12.4,0.9,5,16,484.8,12265993,NA,0,A,No,No,No,No,Yes,0.02,-10.5,0,17.85,-17.5,0,0,14,0,0,0,6.56,6.75,NA,0,0,0,-71,No,Yes,45.2,24.2,34.5,39,424,-,-20,80,-62,No,No,88.9,22.82,Medical - Development Biotech,NA,2.9,46,No,1.26,1.5,No,553,0,-20.8,13.2,7.48,24.6,37,30,73,-1.43,Yes,0,-5.66,-7.24,96,97,79,1.21,30439,2689.6,6.98,111186.3,52,56.9,25.6,50.1,A,63.2,NA,38,11,A,-8.1,4,7,32.2,8.3,17.9,14,0,-733,0,65,NA,0,1771,Yes,-1.37,1,2678,NA,No,324,NA,No,No,No,NA,13,No,15,2,12,-100,NASDAQ,Yes,97,Yes,9.28,-,66,94845.3,45,65,13.6,0,Yes,Yes,46.8,0.9,MEDICAL,12.4,NA,No,71,2378.6,No,No,No,191.1,38.5,NA,-61.6,0,2026-08-07,AMLX,10,8,10,7,15,10,10,70,110.66666666666667,25,FALSE,FALSE,CANSLIM Growth,CANSLIM Growth,55.5,Strong
4331,FOSL,Fossil Group Inc.,NA,3.9,4.8,6.8,6.16,8.7,8.8,3,1,218.3,6350906,NA,0,B,No,No,No,No,Yes,1.53,-23,0,1.72,-5.03,0,0,19,0,0,-5,5.85,5.86,NA,-10.3,-10.8,-13,-16,No,No,43.4,-29.8,-2.3,10.7,18,-,-,-,-62,No,No,43.1,5.38,Retail - Specialty,NA,2.9,47,No,0.27,270.6,Yes,34,0,41,11.5,1.63,6.16,88,57,65,-0.91,No,0,-7.56,-12.66,96,91,66,1.79,4086,344,6.55,59101.6,36.2,72.7,30.6,19.8,B-,57.8,NA,28,74,A-,89.5,65,130,23.2,3.5,16.5,19,1004.4,58,-4,7,NA,-10.8,916,Yes,-0.44,-255,1486,NA,No,123,NA,No,No,No,0.32,26,No,75,1.9,-145,-12,NASDAQ,No,88,Yes,3.17,Yes,36,55032.7,-20,80,-34.8,-9.3,Yes,No,24.9,43,RETAIL,8.7,NA,No,50,587.2,No,No,No,214.6,44.2,NA,-62.3,-0.4,2026-08-07,FOSL,20,0,5,7,15,10,10,67,94.33333333333333,5,TRUE,FALSE,CANSLIM Growth,CANSLIM Growth,50.2,Improving
3627,ACRS,Aclaris Therapeutics Inc.,NA,6.9,7.2,8,6.51,13.7,2.9,2,2,4328.7,13357058,NA,0,A,No,No,No,No,Yes,0.02,-7.3,0,4.03,-15.37,0,0,11,0,0,-829.6,6.11,6.25,NA,-23.4,-20.3,8,-38,No,Yes,16.3,14.6,8.7,9.6,44,10,19,96,-50,No,No,96.3,5.91,Medical - Pharmaceuticals,NA,2.9,45,No,0.34,1.5,No,70,0,11.2,11.7,1.57,6.51,101,61,66,-0.58,Yes,0,-2.96,-9.29,96,85,65,1.02,9959,850.6,6.45,139663.7,54,34.9,5.2,21.6,B,65.5,NA,20,62,A+,6.3,-25,-17,15.6,5.1,6.1,11,7.8,-35,-8,69,NA,14.4,1921,Yes,-0.18,-35,2388,NA,No,179,NA,No,No,No,100.43,45,No,-15,2,-25,-58,NASDAQ,No,93,Yes,5.75,-,60,113999.8,84,-9,-20.2,-19,No,No,40.2,2.9,MEDICAL,13.7,NA,No,47,761.9,No,No,No,276.4,53.4,NA,-50.2,-1320.1,2026-08-07,ACRS,0,0,5,5,15,10,10,45,92,25,FALSE,FALSE,Other,Momentum Leader,55.5,Strong
4238,FEIM,Frequency Electronics Inc.,NA,4.6,4.2,4.5,76.2,28.4,0,0,0,169.1,907117,NA,0,E,No,No,No,No,Yes,0.2,-317.3,0,2.29,568,0,0,84,298.13,63,-4.6,9.36,9.82,NA,-1.1,-8.5,8,18,No,Yes,1848.6,-124,-111.1,-84.3,12,-,-,-,-2,No,No,38.2,74.43,Telecom - Equipment,NA,0,1,No,6.26,10,No,19,0,7.6,10.4,25.54,80.52,4,77,40,-0.09,Yes,0,0.04,-7.56,96,85,62,0.77,19984,815.2,10.39,10957,41.4,-35.4,19.6,35.8,A-,42.5,NA,6,34,D,-288.7,1270,48,10.6,12.2,13.3,84,63.2,318,-23,-104,NA,-16.9,309,No,0.03,243,196,NA,No,184,NA,No,No,No,12.9,55,No,-247,0.7,-90,-9,NASDAQ,No,91,Yes,13.1,Yes,91,9662.9,-35,-73,-168.5,-8.5,Yes,No,28.5,8.9,TELECOM,28.4,NA,No,33,784.3,No,No,No,164.3,-29.6,NA,-1.6,-31.9,2026-08-07,FEIM,0,0,5,0,15,10,10,40,96,25,FALSE,FALSE,Other,Momentum Leader,38.6,Weak
4929,IRDM,Iridium Communications Inc.,NA,3.7,1.5,1,50.28,5.5,0,0,2,869.2,2826191,06/14/2026,0,C-,No,No,No,No,Yes,9.1,26.1,1.3,2.78,13.46,0,0,90,217.35,42,16.6,5.95,4.73,NA,4.1,3.1,9,5,Yes,Yes,0.6,-35.3,-9.8,-13,18,-,-,-15,7,No,No,187.3,49.93,Telecom/Cable Services,NA,6.9,102,No,2.25,385.5,Yes,29,57,-32.8,3.1,15.64,57.18,90,121,139,0.88,Yes,0,3.35,-12.68,96,80,53,0.93,123432,5118.9,3.62,105960.4,61,-66.3,-2.3,24.2,E,149.7,NA,10,124,C,-68.1,-10,42,4,5.1,5,7,871.7,683,4,13,NA,2.9,2531,No,1.62,-7,831,NA,No,564,NA,No,No,No,5.98,81,No,-55,1.1,-26,5,NASDAQ,No,91,Yes,11.2,Yes,90,91571.9,-25,67,-40.5,1.9,No,No,40.3,5,TELECOM,5.5,NA,No,61,6819.7,No,No,No,110.3,-66.3,NA,22,4.3,2026-08-07,IRDM,0,0,5,0,15,10,10,40,83.33333333333333,25,FALSE,FALSE,Other,Momentum Leader,38.6,Weak
4195,FA,First Advantage Corp.,NA,10.1,10.5,8.5,25.15,21,0,0,4,139.2,14339527,NA,0,B+,No,Yes,No,No,Yes,6.28,23.5,0,2.53,21.31,1.17,1.17,60,664.61,18,-2.4,5.11,5.38,NA,55.5,41.4,19,37,No,Yes,32.2,49.7,41.2,38.6,14,17,3,40,-3,No,No,65.2,24.01,Comml Svcs-Staffing,NA,16.7,134,No,1.08,158.8,Yes,24,20,-18.3,18.5,8.82,25.15,64,4,85,1.21,Yes,52,-0.46,-4.53,95,98,99,1.03,35706,4137.5,5.65,171537,65.6,38.3,19.7,52.3,A+,101.1,NA,89,1,A+,20.1,22,18,27.9,13.2,14.3,43,1574.4,-18,15,27,NA,11.8,1919,Yes,-0.11,13,2578,NA,No,341,NA,No,No,No,2.48,2,Yes,30,1.9,53,83,NASDAQ,Yes,98,Yes,3.18,-,79,77617.2,67,15,41.3,20.1,Yes,Yes,63.4,10,BUSINS SVC,21,NA,No,99,5375.9,No,No,No,37.2,3.1,NA,-2.7,3.8,2026-08-07,FA,20,12,10,5,15,10,10,82,117.33333333333333,25,FALSE,FALSE,Breakout,CANSLIM Growth,59.6,Strong
4617,HALO,Halozyme Therapeutics Inc.,NA,7.9,7.3,7,103.3,24.9,0,0,3,1298.7,13295961,NA,0,A,No,Yes,No,Yes,No,2.89,14.6,0,2.76,19.61,0.77,0.77,58,136.59,11,33.4,3.15,3.11,NA,40.9,40.9,31,30,No,Yes,19.7,-9,2.1,15.6,16,25,35,-5,154,Yes,No,53.2,103.12,Medical - Profitable Biotech,NA,5.7,40,Yes,2.45,4437.1,Yes,53,19,-4.9,11.3,61.23,103.3,94,84,-4,5.36,Yes,30,20.24,-0.17,95,99,99,0.76,136032,10172.3,3,118613,46.5,344.6,26.4,58.2,C+,26.9,NA,94,83,A+,27.6,101,23,35.3,21,26.9,42,1396.6,53,48,-2,NA,45,1823,Yes,17.36,30,7692,NA,No,893,NA,No,No,No,7.35,99,Yes,48,1.3,44,38,NASDAQ,Yes,98,Yes,55.65,Yes,99,117365.7,-119,35,46.1,47.2,Yes,Yes,44.4,-0.2,MEDICAL,24.9,NA,No,56,11949.2,Yes,Yes,Yes,66.1,41,NA,153.6,47.8,2026-08-07,HALO,22,0,10,10,15,10,10,77,117.66666666666667,45,TRUE,TRUE,Breakout,CANSLIM Growth,55.5,Strong
5155,TWLO,Twilio Inc. Cl A,NA,1.9,1.6,1.6,254.5,22.3,0.9,1,8,5415.1,4212905,NA,0,C-,Yes,Yes,No,No,Yes,0.38,20.6,0,4.66,38.43,0.71,0.71,86,1458.38,39,1.1,5.47,4.92,NA,16.9,17.8,15,11,Yes,Yes,31.7,29.4,27.7,29.5,87,61,58,29,0,No,No,69.6,241.28,Comp Sftwr - Enterprise,NA,7,137,No,9.92,13.4,Yes,114,43,5.5,2.8,0,254.5,108,39,64,5.55,Yes,31,24.89,-5.19,95,93,99,1.66,459443,29322.7,4.92,151773.9,58.7,270.5,13.8,22.4,A+,109.8,NA,94,9,A-,11.1,21,15,18.7,21.6,20,22,5067.2,50,22,33,NA,21,2265,No,48.08,17,8126,NA,No,1913,NA,No,No,No,6.57,0,Yes,24,1,32,14,New York Stock Exchange,Yes,98,Yes,4.71,Yes,121,151228.4,33,23,27.6,18.8,Yes,No,50.9,9.8,SOFTWARE,22.3,NA,No,60,27936.8,Yes,Yes,Yes,97.1,92.7,NA,0.4,71.2,2026-08-07,TWLO,15,12,10,10,15,10,10,82,105.66666666666667,40,FALSE,TRUE,CANSLIM Growth,CANSLIM Growth,58.7,Strong
3574,AAMI,Acadian Asset Management Inc.,NA,2.7,2.7,1.9,93.61,3.9,0,0,4,1107.7,978433,09/10/2026,0.1,D,No,Yes,No,No,No,2.77,11.4,0.5,1.06,16.9,1.39,1.44,60,123.52,15,23.8,4.16,4.06,NA,22.6,24.4,2,17,Yes,Yes,50.6,41.2,38.1,38.9,32,14,44,25,185,Yes,No,91.2,89.85,Finance-Investment Mgmt,NA,3.5,121,Yes,3.24,415.3,Yes,113,20,-27.6,2.8,0,93.61,79,70,75,4.46,Yes,34,-1.87,-4.02,95,88,98,1.13,39272,3262.2,3.97,35629,48.9,-48.5,14.8,35.1,B,76.2,NA,97,52,C-,26.7,64,21,13.7,3.1,6.5,17,549.1,55,47,18,NA,42.1,511,Yes,-1.71,66,292,NA,No,447,NA,No,No,No,4.89,0,Yes,108,1,14,17,New York Stock Exchange,Yes,92,Yes,34.66,-,96,35420.3,2,29,61,28.7,Yes,Yes,38.1,11.5,FINANCE,3.9,NA,No,54,3399.2,No,No,No,102.8,-17.8,NA,198.5,14.1,2026-08-07,AAMI,32,12,10,0,15,10,10,89,108.66666666666667,40,TRUE,TRUE,Momentum Leader,CANSLIM Growth,50,Improving
3987,ATLC,Atlanticus Holdings Corp.,NA,4.2,2.9,3,114.34,-5.2,0,0,0,123.2,448662,NA,0,A,No,Yes,No,No,No,33.07,8.3,0,1.59,3.01,0,0,33,57.43,9,8.1,5.87,5.76,NA,72,83.8,26,31,No,No,40.7,46.2,38.8,41.5,4,-3,23,40,20,Yes,No,49.4,100.01,Finance-Consumer Loans,NA,0,101,Yes,5.85,1061.8,No,21,13,5.3,4.7,47.5,114.34,107,47,104,7.96,Yes,25,-10.54,-12.53,95,67,97,1.67,17307,1690,5.09,15118,41.3,106.5,2.7,27.7,A-,79.6,NA,96,40,C,3.2,59,37,2.5,-6.2,-2.2,47,1968.4,13,89,25,NA,93,177,Yes,-11.78,84,357,NA,No,227,NA,No,No,No,0.57,30,No,66,1.8,50,50,NASDAQ,No,86,Yes,2.33,-,25,9486.3,23,17,57.6,98,Yes,Yes,34.3,0.4,FINANCE,-5.2,NA,No,21,7465.2,Yes,Yes,Yes,101.6,-7.7,NA,20.7,6.7,2026-08-07,ATLC,30,12,5,10,15,10,10,92,93.33333333333333,35,TRUE,FALSE,Momentum Leader,CANSLIM Growth,50,Improving
3824,AMRX,Amneal Pharmaceuticals Inc.,NA,4.7,4,4.1,19.26,-1,2.9,2,2,4328.7,8118699,NA,0,A+,No,No,No,No,Yes,2.58,101.3,0,2.2,17.33,19.09,19.09,58,144.52,18,4.6,3.62,3.47,NA,8,9.2,10,11,No,No,39.3,41.2,32.5,37.2,30,1,11,31,0,No,No,44,18.14,Medical - Pharmaceuticals,NA,2.9,45,Yes,0.62,0,Yes,70,19,3.1,5,8.21,19.26,101,61,9,0.95,Yes,14,0.39,-5.82,95,82,93,1.04,33888,5770.3,3.6,319331.4,32.5,-45.8,6.4,32.2,B,24.9,NA,84,62,B+,34.8,21,20,9,-1.8,0.8,32,3018.8,-9,10,43,NA,6.9,2086,Yes,0.07,33,1090,NA,No,447,NA,No,No,No,1.86,74,No,20,1.3,29,8,NASDAQ,No,88,Yes,-129.95,-,17,163569.6,75,6,24.3,8.4,Yes,Yes,26.6,2.3,MEDICAL,-1,NA,No,62,8148.5,No,No,No,121,-24.1,NA,0,7.2,2026-08-07,AMRX,10,12,5,0,15,10,10,62,102,40,FALSE,FALSE,Momentum Leader,CANSLIM Growth,55.5,Strong
5190,UFCS,United Fire Group Inc.,NA,2.2,3,2,55.82,6.1,1.6,2,5,2437.5,311973,06/04/2026,0,D,No,No,No,No,No,-0.14,5.6,1.6,0.41,5.32,0.22,0.23,21,38.79,12,10.7,3.22,3.34,NA,10.7,10.9,8,11,Yes,Yes,271,43.4,53.8,320.2,18,43,99,46,12,No,No,49.8,54.47,Insurance,NA,3.9,105,No,1.73,16.9,Yes,129,10,-31.6,1.5,28.98,55.82,97,32,33,5.46,Yes,78,-0.84,-2.42,95,81,92,0.56,7824,1412,3.16,25705.4,33.4,-39.8,3.7,16.4,B,47,NA,55,60,B+,87.5,5,0,9,2.9,5.1,62,1292.7,310,12,80,NA,11.8,159,Yes,-0.46,-21,92,NA,No,362,NA,No,No,No,1.02,74,Yes,44,1.6,66,11,NASDAQ,No,89,Yes,1.43,Yes,70,21326.3,20,85,55.1,11.5,Yes,No,27.5,1.1,INSURANCE,6.1,NA,No,50,1405,No,No,No,87.6,0.1,NA,13.7,8.7,2026-08-07,UFCS,20,12,7,0,15,10,10,74,96.33333333333333,25,TRUE,FALSE,CANSLIM Growth,CANSLIM Growth,60.8,Strong
3999,ATRO,Astronics Corp.,NA,3.9,4.4,4.2,80.8,11.9,2.1,2,0,2507.6,3017432,NA,0,E,No,No,No,No,Yes,1.12,126.4,0,2.97,37.9,0.95,0.95,89,245.9,31,3.7,5.45,4.97,NA,9.1,8.6,18,14,No,Yes,276.2,469.5,352.1,359.5,54,55,116,259,15,No,No,79.6,77.75,Aerospace/Defense,NA,0,66,No,3.67,266,No,97,52,-5.7,9.6,23.71,88.72,104,87,16,1.49,Yes,0,2.25,-12.36,95,83,84,1.26,52098,3264.2,4.69,32040.3,34.3,-96.5,10.8,25,C+,27.2,NA,80,84,D,5.4,56,19,6.4,8.1,9.7,23,862.1,42,12,537,NA,13.6,672,No,1.71,1748,582,NA,No,421,NA,No,No,No,2.81,86,No,127,1.4,1038,8,NASDAQ,No,89,Yes,17.23,-,74,31324.6,244,0,582.2,10.3,No,Yes,22.3,1.2,AEROSPACE/DEFENSE,11.9,NA,No,61,3625.4,Yes,No,No,224.7,-33.8,NA,14.8,11.1,2026-08-07,ATRO,30,15,5,0,15,10,10,85,94.33333333333333,35,FALSE,FALSE,CANSLIM Growth,CANSLIM Growth,57.4,Strong
3613,ACHV,Achieve Life Sciences Inc.,NA,5.3,6.9,7.4,6.79,3.6,0.9,5,16,484.8,14730069,NA,0,A,No,No,No,No,No,0.27,-3.1,0,2.62,-5.86,0,0,72,0,0,0,7.25,6.47,NA,0,0,0,0,No,Yes,-5.9,31,11.3,0.6,138,34,36,18,-258,No,No,33.8,6.65,Medical - Development Biotech,NA,2.9,46,No,0.4,52,No,553,0,7.6,19.2,2.37,7.11,37,30,52,-1.12,Yes,0,1.53,-6.47,95,90,81,1.03,11039,672.4,5.86,53240,37.3,-60.7,2,38.8,A,56.5,NA,49,11,A,36.4,41,21,12.3,4.1,5.6,72,0,17,0,-1,NA,0,1902,Yes,0.1,55,713,NA,No,73,NA,No,No,No,NA,52,Yes,49,1.5,22,0,NASDAQ,No,93,Yes,33.16,-,76,76839.2,22,-48,35.4,0,Yes,Yes,35.3,102.8,MEDICAL,3.6,NA,Yes,44,651,No,No,No,151.9,-60.9,NA,-257.7,0,2026-08-07,ACHV,15,12,7,0,15,10,10,69,103.66666666666667,15,TRUE,FALSE,CANSLIM Growth,CANSLIM Growth,55.5,Strong
3647,ADPT,Adaptive Biotechnologies Corp.,NA,4,4.4,3.9,24.96,10.5,1.8,1,2,246.6,11396387,NA,0,A,No,No,No,Yes,Yes,1.05,-145.7,0,4.79,-82.25,0,0,58,0,0,-21.5,6.62,5.95,NA,49.3,52.5,14,22,No,Yes,43.4,16.3,44,44.2,40,14,36,110,-28,No,No,53.5,24.93,Medical - Revenue Biotech,NA,3.6,86,No,1.31,89.9,No,55,0,-10.2,7.4,11.85,24.96,106,130,30,-0.41,Yes,0,5.64,-0.12,95,97,79,2.07,63447,3766.5,6.21,159595.8,48.7,-21.5,19.7,69.7,B-,58.1,NA,27,75,A+,-87.1,-40,68,23.2,6,9.6,58,277,31,22,64,NA,28.4,3220,Yes,1.33,-262,2495,NA,No,451,NA,No,No,No,12.91,97,Yes,-47,1.2,35,55,NASDAQ,No,97,Yes,27.75,-,99,154764.9,61,127,-6,35.9,No,No,48,-2.2,MEDICAL,10.5,NA,No,49,3749.8,No,No,No,98.8,-26.9,NA,-28.2,-55.6,2026-08-07,ADPT,5,8,7,0,15,10,10,55,110.33333333333333,10,FALSE,FALSE,CANSLIM Growth,CANSLIM Growth,55.5,Strong
5008,TGTX,TG Therapeutics Inc.,NA,14.5,12.1,12.2,57.58,-4.4,0,0,3,1298.7,30686240,NA,0,C+,No,No,No,No,Yes,0.75,508.7,0,4.27,-324.23,0.25,0.25,55,69.7,26,17.4,4.96,4.61,NA,80.5,77.7,269,112,No,Yes,2123.4,74.2,3068.2,2519.5,32,74,128,402,103,No,No,66.9,49.76,Medical - Profitable Biotech,NA,5.7,40,No,2.49,39,Yes,53,18,0.6,21.7,25.28,59.3,94,84,65,2.74,Yes,37,0.42,-16.09,95,57,70,1.84,129366,7584.6,4.59,153069,34.4,-29.2,-14.3,15.7,C+,72.4,NA,26,83,D+,-83.6,-64,185,-2.2,-3.1,-6.6,48,616.3,67,70,1747,NA,69.9,2566,No,0.21,-85,1768,NA,No,454,NA,No,No,No,9.53,60,No,-71,1.2,300,87,NASDAQ,No,85,Yes,12.61,-,60,141631.4,-7,12050,114.7,72.6,No,No,28.4,4.1,MEDICAL,-4.4,NA,No,50,7747.6,No,No,No,78.4,9.9,NA,102.8,3.2,2026-08-07,TGTX,10,15,5,0,15,10,10,65,79,40,FALSE,FALSE,CANSLIM Growth,CANSLIM Growth,55.5,Strong
3764,ALKS,Alkermes PLC,NA,8.8,7.4,6.3,53.84,0.4,0,0,3,1298.7,15017743,NA,0,C+,No,No,No,No,No,0.75,45.1,0,2.3,15.93,2.36,2.36,94,489.33,0,19.7,4.08,3.87,NA,9.3,12.2,9,0,No,Yes,-78.4,-140.8,-106.9,-86.4,14,36,6,-79,15,No,No,75.7,49.17,Medical - Profitable Biotech,NA,5.7,40,No,2.01,3.5,No,53,85,-15.4,9.2,25.16,55.67,94,84,31,0.58,Yes,82,1.65,-11.68,95,71,69,0.61,109744,8114.7,3.63,167763.3,36.8,-49.4,-11,38.9,C+,40.8,NA,35,83,C,117.8,-133,242,0.5,-1.1,-3.7,10,1475.9,101,27,-51,NA,27.6,2266,No,0.8,-106,1111,NA,No,714,NA,No,No,No,4.95,41,No,-99,1.6,-251,-5,NASDAQ,No,86,Yes,4.55,-,37,164056.3,-72,-5,-175.1,14.9,No,No,29.2,-1.7,MEDICAL,0.4,NA,Yes,79,6865.3,No,No,No,84.9,-40.9,NA,14.7,0.1,2026-08-07,ALKS,7,0,5,0,15,10,10,47,90.33333333333333,35,FALSE,TRUE,Other,Momentum Leader,55.5,Strong
4702,HNST,Honest Co. Inc.,NA,6.4,6.2,6.1,5.84,49.6,2,1,1,977,9513713,NA,0,B,No,No,No,No,Yes,0.03,6,0,3.94,40.16,0,0,94,159.27,62,-4.2,5.41,5.54,NA,-9.7,-12.3,4,3,No,Yes,131.6,36.9,53.7,77.9,35,-,-,12,-9,No,No,111.6,5.46,Cosmetics/Personal Care,NA,2,90,No,0.21,2.9,Yes,50,83,-2.1,10.2,2.07,5.84,105,93,130,0.07,Yes,0,0.74,-6.51,95,99,66,1.58,7032,581.5,6.19,107284.4,77,303.9,38.6,46.4,D,138.4,NA,33,113,A+,335.8,67,-8,45,33,36.8,4,371.3,86,-11,225,NA,-15.3,1724,Yes,0.04,-50,6787,NA,No,171,NA,No,No,No,1.71,41,Yes,35,2.1,-62,-2,NASDAQ,Yes,99,Yes,3.57,-,83,91104.7,138,104,-13.7,-14.1,No,No,73.1,-1.2,CONSUMER,49.6,NA,No,40,348.2,No,No,No,46,301.6,NA,-9.1,12.8,2026-08-07,HNST,15,12,10,10,15,10,10,82,101.66666666666667,25,FALSE,FALSE,CANSLIM Growth,CANSLIM Growth,55.4,Strong
5117,TSAT,Telesat Corp. Cl A,NA,4.2,4,5,59.03,58.1,0,0,0,169.1,1343714,NA,0,E,No,No,No,No,No,-2.29,-7,0,0.25,18.07,0,0,5,0,0,-143,9.1,8.37,NA,-26,-26.4,0,-22,No,No,-294.1,-158.8,-130.1,-103.9,1,-,-69,-70,-25,No,No,102.5,58.92,Telecom - Equipment,NA,0,1,No,3.5,224.2,No,19,0,26.2,9,19.59,59.12,4,77,109,-9.1,No,0,8.95,-0.34,95,95,65,1.47,13010,823.4,8.53,15106.5,57,33.5,34.1,12.6,A-,121.9,NA,9,34,B,-228.7,35,-8,32.5,33,43,5,304.9,-153,-24,-76,NA,-23.9,288,No,4.84,-172,376,NA,No,77,NA,No,No,No,3.16,98,Yes,-185,0.8,1,-28,NASDAQ,No,96,Yes,2.41,-,100,14855.7,-293,-44,-91.9,-25,No,No,45,16.7,TELECOM,58.1,NA,No,30,2986.5,No,No,No,166.5,59.5,NA,-25.2,-52.3,2026-08-07,TSAT,0,0,7,5,15,10,10,47,90,0,FALSE,FALSE,Other,Momentum Leader,38.6,Weak
5115,TRVI,Trevi Therapeutics Inc.,NA,9.9,7.7,6.4,19.3,1.4,0.9,5,16,484.8,12653483,NA,0,D,No,No,No,No,Yes,0,-8.6,0,24.75,-59.26,0,0,6,0,0,0,5.8,6.28,NA,0,0,0,0,No,Yes,17.5,7.7,15.4,17.3,462,41,-5,38,-30,No,No,47.8,18.51,Medical - Development Biotech,NA,2.9,46,No,1.13,0.2,No,553,0,-16.8,13.7,6.55,20.22,37,30,56,-0.34,Yes,0,0.05,-8.46,95,77,60,0.77,38121,2626.6,6.41,141979.7,38.6,2.3,-5.1,31.7,A,61.5,NA,21,11,C-,-0.5,-49,-25,9.9,0.8,3,6,0,-62,0,32,NA,0,2253,Yes,0.01,-64,2195,NA,No,279,NA,No,No,No,NA,45,No,-22,1.9,0,0,NASDAQ,No,91,Yes,13.81,-,57,99641.6,45,38,-11.1,0,No,No,34,8.6,MEDICAL,1.4,NA,No,59,2460.4,No,No,No,153.6,-26.5,NA,-30.2,0,2026-08-07,TRVI,0,0,5,0,15,10,10,40,89.33333333333333,25,FALSE,FALSE,Pullback to 10SMA,Momentum Leader,55.5,Strong
5362,VSAT,ViaSat Inc.,NA,5.1,4.6,4.4,88.4,4.5,0,0,0,1036.8,12255507,NA,0,E,No,No,No,No,No,4.64,19.8,0,1.68,6.81,0,0,67,0,0,2.3,8.94,9.01,NA,1.9,1.4,17,13,No,No,-74.5,82.7,76.5,48.1,9,-62,-78,130,-1,No,No,133.3,80.38,Telecom-Infrastructure,NA,0,27,No,6.7,146.4,No,22,0,-5.3,9.5,24.95,93.03,11,135,106,-0.24,No,0,-1.96,-13.6,95,83,59,1.64,216480,11294.6,7.92,137755.5,50.6,-34.5,4.8,21.2,B-,92.8,NA,36,78,E,-19.8,-471,-2,10.6,2.5,7.4,67,4640.3,-458,-1,94,NA,0.4,2937,Yes,-1.61,-5,1875,NA,No,598,NA,No,No,No,2.39,22,No,12,0.8,122,3,NASDAQ,No,89,Yes,2.4,Yes,39,130759.9,115,58,66.7,1.3,Yes,Yes,35.6,11.2,TELECOM,4.5,NA,No,66,16355.1,No,No,No,206.6,-3.3,NA,-0.7,-4.5,2026-08-07,VSAT,10,15,5,0,15,10,10,65,89,5,FALSE,FALSE,CANSLIM Growth,CANSLIM Growth,38.6,Weak
3803,AMCX,AMC Global Media Inc. Cl A,NA,14.2,12.8,12.6,12.52,5.9,3.7,2,0,573.2,6847847,NA,0,B,No,No,No,No,Yes,3.01,9.4,0,1.76,2.22,0,0,58,61.27,3,6.4,5.42,5.81,NA,-4.5,-4.5,-7,-9,No,No,-67.5,-75.1,-76.4,-70,29,-36,-53,-73,10,No,No,24.6,11.86,Media,NA,0,120,No,0.6,185.7,No,54,19,-1.6,21.9,6.28,12.52,100,99,38,0.62,No,37,-0.08,-5.23,95,94,58,1.14,6530,489.6,6.39,29765.6,36.4,4.2,18.7,38.6,C-,55.4,NA,12,102,A,-140.6,25,-14,16.6,8.2,12.2,52,2311.8,-46,-9,-47,NA,-5.6,660,Yes,-0.01,558,638,NA,No,246,NA,No,No,No,0.16,33,Yes,-141,1.2,-85,-5,NASDAQ,Yes,95,Yes,0.54,-,67,28645,0,-80,-112.6,-4,No,No,36.1,-3.9,MEDIA,5.9,NA,No,67,1839.5,No,No,No,97.7,64.4,NA,9.7,-4,2026-08-07,AMCX,0,0,10,0,15,10,10,45,97.33333333333333,5,FALSE,FALSE,Other,Momentum Leader,52.8,Improving
4436,GCBC,Greene County Bancorp Inc.,NA,4.2,4.5,4.7,35.43,3.3,0,0,0,26.1,188320,08/13/2026,0.11,B+,No,Yes,No,No,Yes,-0.02,13.2,1.3,0.63,0,1.96,2.39,41,55.52,0,32.1,4.06,3.82,NA,10,9.7,18,14,No,Yes,34.5,29.8,32.8,34,15,6,15,32,13,No,No,55.5,34.57,Banks-Savings & Loan,NA,0,29,Yes,1.26,13,Yes,21,14,3.5,2.7,21.25,36.02,52,10,27,2.41,Yes,13,0.2,-4.03,94,88,99,0.67,1513,587.4,3.04,17025.5,37.6,-10.9,0.9,44.1,B+,41,NA,87,43,A,0,0,0,10.4,1.4,3.5,50,145.8,26,8,32,NA,7.9,49,Yes,0.07,0,42,NA,No,142,NA,No,No,Yes,4.04,80,Yes,21,2,31,10,NASDAQ,No,92,Yes,2.12,Yes,50,6915.7,37,42,26.1,8.6,No,Yes,33.6,0,BANKS,3.3,NA,No,22,737,No,No,No,51.8,-27.2,NA,15.9,30.4,2026-08-07,GCBC,10,12,7,0,12,10,10,61,108.66666666666667,45,FALSE,FALSE,Pullback to 10SMA,CANSLIM Growth,57.9,Strong
5277,VCTR,Victory Capital Holdings Inc. Cl A,NA,5.9,5.2,4.9,109.93,9.2,0,0,4,1107.7,2588705,09/09/2026,0.5,A,No,Yes,No,Yes,Yes,5.49,12.2,2,1.63,18.62,1.45,1.82,42,76.86,13,33.1,3.28,3.49,NA,56.3,55.4,9,25,No,Yes,24.5,32.4,29.5,27.6,52,8,19,29,11,Yes,No,71.4,108.16,Finance-Investment Mgmt,NA,3.5,121,Yes,3.28,41.6,No,113,15,-4.9,4.8,57.03,109.93,79,70,40,7.44,Yes,9,1.28,-1.61,94,94,99,1.22,48074,6677.7,3.64,62531.1,44.2,10.8,20.9,29.2,B,51.8,NA,95,52,A+,23.1,25,8,17.9,6.4,9.1,31,1306.1,19,24,19,NA,50.3,526,Yes,1.37,20,565,NA,No,479,NA,No,No,No,4.34,44,Yes,41,1.3,34,45,NASDAQ,Yes,96,Yes,2.8,-,85,53862.4,23,21,37.3,53.9,Yes,Yes,36.9,5.7,FINANCE,9.2,NA,No,51,7103.2,No,No,No,61.1,61.2,NA,18.6,31.4,2026-08-07,VCTR,20,12,10,0,12,10,10,74,105.66666666666667,40,TRUE,FALSE,Momentum Leader,CANSLIM Growth,50,Improving
4842,ILMN,Illumina Inc.,NA,5.3,4.1,4.5,207,-8.4,2.7,1,1,599.6,8752414,NA,0,A+,Yes,Yes,No,No,No,1.49,30.5,0,1.8,27.17,0,0,82,135.08,33,25,4.24,4.07,NA,3,4.9,0,-1,No,No,221.3,23.6,22.1,63.8,15,-1,118,22,33,No,No,43.3,187.96,Medical - Research,NA,2.7,108,Yes,7.75,72.6,Yes,37,36,10.1,5.8,88,207,137,41,32,5.15,Yes,0,-2.97,-9.2,94,73,99,1.25,375358,29251.7,4.09,151000,32.2,-11.2,-2,35.5,A,57,NA,90,21,A,6.8,10,13,4.1,-4.6,-2.9,38,4343,398,9,16,NA,7.1,2091,Yes,-5.76,1,1825,NA,No,1822,NA,No,No,No,6.32,6,No,10,1.4,19,0,NASDAQ,No,82,Yes,10,Yes,5,150587.5,42,18,14.3,6.4,Yes,No,26.5,3.4,MEDICAL,-8.4,NA,No,65,31100.4,No,No,No,96.8,25,NA,33.4,17.8,2026-08-07,ILMN,0,8,5,0,12,10,10,45,100.66666666666667,40,FALSE,FALSE,Momentum Leader,Momentum Leader,55.5,Strong
4440,GCT,GigaCloud Technology Inc.,NA,5.1,5,6.3,56.27,21.7,1.1,1,2,799.5,4839415,NA,0,A-,No,Yes,No,No,Yes,1.1,11.7,0,2.07,10.68,0,0,33,51.4,12,12.5,5.05,5.26,NA,19.2,23,0,37,No,Yes,26.9,39.1,29.6,31.7,45,-,39,30,31,No,No,35.6,53.25,Computer-Tech Services,NA,2.2,118,No,2.01,76,No,93,13,25.2,17.2,24.86,56.27,136,125,22,4.23,Yes,0,1.62,-5.37,94,98,98,1.3,26246,1927.7,5.56,29630.8,38.1,54.4,58.1,24.3,D,32.3,NA,95,116,A+,28.9,22,10,45.9,18.3,30.8,50,1289.9,33,28,18,NA,29.9,715,Yes,0.85,8,1079,NA,No,405,NA,No,No,No,1.08,58,No,27,1.7,53,11,NASDAQ,No,94,No,3.82,-,77,28061.6,37,1,40.2,27.5,Yes,No,33.5,3.3,BUSINS SVC,21.7,NA,No,50,1753.9,No,No,No,140.4,47.2,NA,30.8,10.6,2026-08-07,GCT,22,12,5,7,12,10,10,78,106.66666666666667,45,FALSE,TRUE,CANSLIM Growth,CANSLIM Growth,59.6,Strong
4977,JAZZ,Jazz Pharmaceuticals PLC,NA,4.1,3.8,4.1,265.05,1.5,2.9,2,2,4328.7,3801863,NA,0,A-,No,No,No,No,No,2.21,11.9,0,1.78,11.54,0,0,20,68,10,-14.7,2.98,3.01,NA,10.7,12.9,9,6,No,No,29.5,149.1,117.5,42.9,27,-4,-7,266,-8,No,No,50.9,256.56,Medical - Pharmaceuticals,NA,2.9,45,No,7.4,101.5,No,70,10,9.3,6.3,109.87,265.05,101,61,44,26.82,Yes,38,-0.04,-3.2,94,69,96,0.7,207680,16660.3,2.98,64914.6,32,15.9,3.6,13,B,55,NA,77,62,A,-7.5,199,4,6.3,-0.1,2.2,73,4267.6,14,16,-60,NA,17.3,867,Yes,-0.09,-20,971,NA,No,1057,NA,No,No,No,3.62,51,No,169,1.2,277,5,NASDAQ,No,83,Yes,3.46,-,52,61978.8,1,23,223.3,14.9,Yes,Yes,24.2,9.4,MEDICAL,1.5,NA,Yes,71,19965.1,No,No,No,128.9,25.3,NA,-8.5,16,2026-08-07,JAZZ,30,15,5,0,12,10,10,82,88.33333333333333,15,TRUE,FALSE,Pullback to 10SMA,CANSLIM Growth,55.5,Strong
3728,AIR,AAR Corp.,NA,3.4,3.6,3.3,154,2.2,2.1,2,0,2507.6,1416560,03/26/2020,0,C-,No,No,No,No,Yes,0.94,90,0,2.84,57.1,1.18,1.18,74,114.32,25,7.4,4.42,4.8,NA,18,18.8,15,18,No,Yes,27.4,29.8,29.1,29.6,51,24,19,29,13,No,No,72.8,143.06,Aerospace/Defense,NA,0,66,No,6.62,58.4,No,97,28,-8.6,3.6,0,154,104,87,24,5.04,Yes,9,-2.28,-7.1,94,78,95,1.12,62450,5893.9,4.99,40258.8,31.6,-50.4,4.7,21.4,C+,26.5,NA,93,84,B,10.5,14,14,8.1,0.6,3.9,70,3308,17,23,29,NA,23.8,470,Yes,-3.34,23,226,NA,No,497,NA,No,No,No,1.74,0,No,32,1.7,26,19,New York Stock Exchange,No,84,Yes,3.35,-,93,39253,31,27,29.1,21.2,No,Yes,21.9,3.1,AEROSPACE/DEFENSE,2.2,NA,No,65,6798.1,No,No,No,98.5,-21.3,NA,12.9,5.5,2026-08-07,AIR,20,12,5,0,12,10,10,69,96,40,TRUE,TRUE,Pullback to 10SMA,CANSLIM Growth,57.4,Strong
4845,IMAX,Imax Corp.,NA,5.4,5,6,51.6,1.4,0,0,1,336.9,6532276,NA,0,B,No,Yes,No,No,Yes,1.66,19.6,0,2.09,21.2,0,0,75,261.34,26,15.4,4.17,4.59,NA,12.2,14.4,13,4,No,Yes,46.1,70.3,61.3,57.9,14,-,28,65,11,No,No,31.2,48.49,Leisure-Movies & Related,NA,5.3,132,No,1.93,74.5,Yes,19,29,20.3,14.7,0,51.6,112,139,23,1.65,Yes,0,-2.49,-6.03,94,89,93,0.81,54828,2727.3,4.6,54842.1,28,-33.6,29.4,36.1,E,30.1,NA,97,139,A-,41.1,22,14,14.9,-0.6,10.3,67,410.2,1,12,53,NA,3,1285,Yes,-1.24,10,861,NA,No,378,NA,No,No,No,6.39,0,No,65,1.6,31,16,New York Stock Exchange,No,87,Yes,7.47,-,94,44341.1,115,34,48.1,13.7,Yes,Yes,25.5,-1.3,LEISURE,1.4,NA,Yes,64,2915.2,No,No,No,96.7,25.8,NA,10.9,15,2026-08-07,IMAX,25,15,5,0,12,10,10,77,107,35,FALSE,FALSE,Pullback to 10SMA,CANSLIM Growth,44.8,Weak
5425,WEYS,Weyco Group Inc.,NA,4,3.8,5.1,46.5,18.4,2,1,1,910.6,96291,08/17/2026,0.28,A,No,No,No,No,Yes,0.04,6.4,2.9,7.55,11.85,0.71,0.85,34,46.21,0,11.6,3.57,3.36,NA,-1.7,0.2,0,-7,Yes,Yes,65.8,163.3,118,82.4,36,15,-7,27,1,Yes,No,50.9,46.17,Apparel - Clothing & Shoes,NA,2,106,No,1.32,2.7,Yes,51,13,33.7,1.7,27.25,46.5,124,122,21,3.64,Yes,46,5.15,-0.71,94,97,93,0.73,779,418.6,3.44,9532.2,37.4,99.1,22.4,34.8,D-,40.6,NA,88,123,A+,0,0,0,20.9,12.2,15.8,78,276.2,0,7,-24,NA,3.4,20,Yes,2.26,0,39,NA,No,158,NA,No,No,No,1.57,90,Yes,489,1.2,12,-5,NASDAQ,Yes,96,Yes,1.72,-,95,5756.4,-12,-18,250.7,0.8,Yes,Yes,33.9,1.3,CONSUMER,18.4,NA,No,29,331.8,No,No,No,57.3,60.1,NA,9.5,21.4,2026-08-07,WEYS,25,15,10,7,12,10,10,89,109.66666666666667,40,TRUE,FALSE,Breakout,CANSLIM Growth,55.4,Strong
4613,HAE,Haemonetics Corp.,NA,3.4,3.1,2.8,88.58,2.7,4.6,3,2,401.8,2701605,NA,0,A+,No,No,No,No,Yes,2.3,13.5,0,2.95,14.19,0.97,0.97,53,161.72,16,9.6,3.81,3.66,NA,-0.4,0.6,9,3,Yes,Yes,12.8,5.9,7.8,7.8,31,18,13,8,12,No,No,9.6,87.84,Medical-Systems,NA,3.1,103,No,2.87,158.3,Yes,65,18,-7,6.1,0,88.58,126,127,17,5.01,Yes,5,3.32,-0.84,94,95,92,0.73,66554,3863.8,3.55,45446,28.2,-25.1,17.3,61.6,D,48,NA,75,109,A+,5.9,7,9,14.6,3.7,8.6,68,1334,15,6,9,NA,5.2,870,Yes,2.82,2,657,NA,No,565,NA,No,No,No,2.95,0,No,4,1.3,4,-2,New York Stock Exchange,No,94,No,4.99,Yes,99,44590.4,10,13,3.8,2.5,Yes,No,30.4,-0.4,MEDICAL,2.7,NA,No,66,4828.6,No,No,No,57.9,35.4,NA,12,9.7,2026-08-07,HAE,0,0,5,0,12,10,10,37,113.66666666666667,30,FALSE,FALSE,Other,Momentum Leader,55.5,Strong
5305,VIK,Viking Holdings Ltd.,NA,2.3,2.8,2.4,110.09,1.4,3.2,2,1,479.9,7459416,NA,0,B,No,No,No,No,No,-3.05,30.9,0,0.78,20.27,0,0,83,150.77,31,18,3.29,3.01,NA,21.5,20.7,0,0,No,Yes,97.8,46,76.4,77.1,22,-,-,81,263,Yes,No,48.1,105.79,Leisure-Services,NA,1.6,112,No,3.06,488.2,No,62,38,-15.7,3.6,0,110.09,116,74,34,2.75,No,0,-0.38,-3.91,94,80,88,1.6,246454,47377.4,2.94,318386,33.9,-55.8,5.8,26,B,37.4,NA,58,63,B,1.9,28,32,7.3,0.4,3.9,22,6501.4,291,17,40,NA,22.6,2493,Yes,-0.4,27,1131,NA,No,792,NA,No,No,No,5.06,0,Yes,54,1,49,22,New York Stock Exchange,No,88,Yes,43.69,-,96,206737.9,35,168,51.5,21.4,Yes,No,26.3,10.5,LEISURE,1.4,NA,Yes,63,50237.9,No,No,No,85.7,-14.7,NA,263.5,-5.2,2026-08-07,VIK,25,12,7,0,12,10,10,76,94.33333333333333,20,TRUE,FALSE,Pullback to 10SMA,CANSLIM Growth,44.8,Weak
4001,ECPG,Encore Capital Group Inc.,NA,3.8,4.3,3.5,101.8,6.5,0,0,0,786.3,1209090,NA,0,B,No,No,No,No,Yes,198.67,48.9,0,1.29,15.39,0,0,13,28.78,7,19.1,3.55,3.84,NA,32.1,34,1,18,No,No,98.2,82.9,100.1,97.2,27,-,-,-,29,No,No,84.4,100.2,Financial Svcs-Specialty,NA,0,116,No,3.5,416.3,No,48,8,-18,5.9,38.68,101.8,87,88,60,13.21,No,0,2.37,-1.57,94,88,85,0.82,29742,2076,4.02,21209.4,45.4,15.6,11.1,21.9,D+,73.5,NA,48,108,B,5.2,23,9,13.8,4.9,8.3,72,1768.8,33,11,287,NA,16.1,341,Yes,2.32,8,377,NA,No,461,NA,No,No,No,1.12,73,Yes,13,1.4,100,35,NASDAQ,Yes,94,Yes,1.97,-,84,20284.7,136,152,56.4,36.9,Yes,No,33.2,12.7,FINANCE,6.5,NA,No,74,5897.3,No,No,No,154.1,5.4,NA,29.5,13.1,2026-08-07,ECPG,15,15,10,0,12,10,10,72,99,25,FALSE,FALSE,Momentum Leader,CANSLIM Growth,50,Improving
4455,GEF.B,Greif Inc. Cl B,NA,6.5,4.4,4.3,113.89,2.3,0,0,1,137.8,315984,06/16/2026,0,A+,No,No,No,No,No,2.83,-28.3,3.4,1.29,109.96,0,0,80,111.71,24,2.6,3.51,3.5,NA,0,0,0,0,No,No,0,0,0,0,5,-,-,-,0,No,No,48.6,111,Containers/Packaging,NA,5,57,No,3.4,37.3,No,20,35,-3.6,0,0,113.89,96,51,15,3.2,No,0,0,-2.54,94,93,85,0.76,8227,4583.4,3.52,21359.7,35.2,-55,21.8,30.8,A-,26.5,NA,41,38,A+,45.3,116,11,21,2.2,11.2,-,5448.1,0,0,0,NA,0,90,Yes,0,11250,40,NA,No,203,NA,No,No,No,0.54,0,Yes,0,1.9,0,-21,New York Stock Exchange,No,91,Yes,2.1,-,97,0,0,0,0,0,Yes,No,27.8,6.8,MISC,2.3,NA,No,7,7512.7,No,No,No,61.4,5.3,NA,0.7,6.8,2026-08-07,GEF.B,0,0,7,0,12,5,10,34,105.66666666666667,15,FALSE,FALSE,Momentum Leader,Momentum Leader,68.5,Leading
3974,ATAI,AtaiBeckley Inc.,NA,4,4,5.1,7.25,1,0.9,5,16,484.8,37787570,NA,0,A,No,No,No,No,Yes,0.01,-9.4,0,10.02,-16,0,0,6,0,0,-16137.2,6.55,6.14,NA,0,5829.3,0,183,No,No,-112.7,-216.4,-147,-115.3,345,-,-46,-122,-390,No,No,77.3,7.25,Medical - Development Biotech,NA,2.9,46,No,0.32,0.8,No,553,0,27.1,12.8,3.27,7.25,37,30,97,-2.23,No,0,0.97,0,94,94,76,1.41,81508,2656.3,4.25,369954.4,63.2,-51,39.7,80.8,A,92.3,NA,23,11,B+,25.1,85,-1,32.4,0.8,6.2,6,4.1,-272,-39,-213,NA,10690.7,13464,Yes,0.07,22,6409,NA,No,170,NA,No,No,No,768.97,100,Yes,47,2.7,-621,1228,NASDAQ,No,97,No,13.34,-,100,295578.4,-75,61,-287.1,7718,Yes,Yes,63.6,53.2,MEDICAL,1,NA,No,29,2402.3,No,No,No,74.7,-46.2,NA,-390.4,-3121.8,2026-08-07,ATAI,15,0,7,0,12,10,10,54,108,25,TRUE,FALSE,Other,Momentum Leader,55.5,Strong
4757,HUM,Humana Inc.,NA,3.7,2.6,2.8,395.3,5.8,0,0,1,746.9,4251822,06/25/2026,0,C-,No,No,No,No,Yes,0.75,32,1,1.74,50.51,0,0,65,139.44,31,1.2,3.82,4.03,NA,16.3,18,12,12,Yes,No,-7.5,-24.3,-23.8,-21,11,-4,-16,-17,6,Yes,No,50.3,385,Medical-Managed Care,NA,8.3,115,No,15.66,72.4,Yes,12,22,7.6,3.5,0,428.88,19,26,76,17.2,No,19,4.84,-10.23,94,78,74,0.42,548936,44098.3,4.08,120080.3,43.8,-4.1,-2.4,55.8,A-,98.5,NA,37,31,C-,4.7,-47,83,2.9,3.5,-0.2,42,129664,-38,26,6,NA,24.8,1488,No,17.76,-129,1405,NA,No,2214,NA,No,No,No,0.32,0,No,21,1.5,-11,10,New York Stock Exchange,No,93,Yes,2.41,-,103,119888.6,-83,-22,5.2,20.3,Yes,Yes,42.1,2.4,MEDICAL,5.8,NA,No,63,52424.5,No,No,No,50.3,0.4,NA,7,1.7,2026-08-07,HUM,17,0,5,0,12,10,10,54,99,5,FALSE,TRUE,Other,Momentum Leader,55.5,Strong
3667,AEHR,Aehr Test Systems,NA,1.2,1.7,2,111,28.9,0,0,0,2265.3,4811203,NA,0,E,No,No,No,No,Yes,0.09,-549.9,0,10.33,-955,190.87,190.87,100,0,137,-23.5,13.77,14.52,NA,-13.6,-13.3,15,-14,No,No,145.8,242.9,160.7,108.3,31,18,-41,-337,-4,Yes,No,410.5,103.07,Elec-Semiconductor Equip,NA,0,5,No,11.81,4.2,Yes,33,3436,14.8,15.7,16.38,126.62,5,23,320,0.03,No,0,3.34,-18.6,94,78,66,2.69,222324,3253.6,15.66,32620.5,87.7,-34.1,54,12.9,A,290.6,NA,37,20,D,1566.7,2000,120,12.6,18.1,22.1,-,50,-87,33,-80,NA,-5.2,2482,No,3.33,925,1578,NA,No,286,NA,No,No,No,67.24,72,No,1200,1.1,-171,-15,NASDAQ,No,92,Yes,15.25,-,78,30821.6,-300,-86,514.3,-12.3,Yes,Yes,57.3,26.5,CHIPS,28.9,NA,No,35,3147.1,No,No,No,448,-22.6,NA,-4.2,7.4,2026-08-07,AEHR,32,15,5,0,12,10,10,84,84.33333333333333,25,TRUE,TRUE,CANSLIM Growth,CANSLIM Growth,38.7,Weak
5193,UFPT,UFP Technologies Inc.,NA,5.6,6.1,5.5,338.71,23.2,0,0,1,137.8,1243417,NA,0,A,No,No,No,No,Yes,0.99,23.7,0,3,26.66,0.87,0.87,80,131.52,32,13.7,4.72,5.05,NA,13.2,7.2,28,21,Yes,Yes,10.1,-3.5,-5.6,2.4,16,39,21,-6,18,No,No,41.4,314.01,Containers/Packaging,NA,5,57,No,13.08,32.3,Yes,20,34,-9.9,16.7,173.86,338.71,96,51,8,9.28,Yes,23,0.69,-7.29,93,96,97,0.97,54446,2412.9,5.23,7736.9,37.7,-37.7,18.9,41.9,A-,17.5,NA,71,38,A,16.3,11,11,26.1,11.3,20.5,6,602.8,40,15,1,NA,9.6,217,Yes,2.14,18,133,NA,No,394,NA,No,No,No,3.85,35,No,7,1.2,-9,20,NASDAQ,No,93,Yes,4.72,-,70,7428.5,-9,-12,-1.1,7.5,Yes,No,36,-2.2,MISC,23.2,NA,Yes,71,2625.9,No,No,No,52.3,30.8,NA,17.8,12,2026-08-07,UFPT,5,0,5,0,12,10,10,42,110.33333333333333,45,FALSE,FALSE,Momentum Leader,Momentum Leader,68.5,Leading
4818,IESC,IES Holdings Inc.,NA,2.8,1.9,2.3,811.85,2.4,2.8,1,1,368.9,593954,NA,0,D-,No,Yes,No,No,Yes,0.14,34.9,0,1.63,44.21,0.69,0.69,85,131.48,32,11.7,7.5,8.15,NA,20.8,22.1,20,19,Yes,Yes,42.3,44.8,48.8,45.1,22,60,65,45,41,No,No,96.1,762.71,Bldg-Heavy Construction,NA,2.8,34,Yes,52.36,7.4,Yes,36,42,21.6,3,309.51,811.85,14,69,74,18.34,Yes,38,-0.74,-6.05,93,82,96,1.53,184836,15310.5,8.42,19924.4,44.1,-52.8,25.1,14.6,B-,67.3,NA,98,73,D,38.7,69,8,11.8,12.8,17,39,3371.5,117,40,39,NA,28.2,269,No,-5.72,49,121,NA,No,494,NA,No,No,No,3.81,12,No,70,1.2,25,17,NASDAQ,No,91,Yes,12.36,-,62,19516.9,40,61,47.4,24.2,Yes,Yes,33.7,4.7,BUILDING,2.4,NA,No,83,15485.3,No,No,No,127.2,-44.7,NA,40.5,12.3,2026-08-07,IESC,27,12,5,0,12,10,10,76,95.33333333333333,55,TRUE,TRUE,Earnings Accelerator,CANSLIM Growth,53.7,Improving
4379,FTDR,Frontdoor inc.,NA,5.1,4.5,5.1,93.43,25.1,0,0,0,28.4,3088700,NA,0,D,No,Yes,No,No,Yes,4.71,11.4,0,1.59,16.27,0.73,0.73,61,93.44,19,16.1,3.51,3.77,NA,10.3,9.5,6,8,No,Yes,17.7,5.9,8,12.1,4,28,33,12,106,Yes,No,57.4,90.83,Bldg-Maintenance & Svc,NA,0,80,Yes,2.84,480.2,No,7,20,12.2,4.4,48.47,93.43,118,142,44,4.47,Yes,19,1.01,-2.78,93,97,95,0.84,44146,6315.5,3.76,70234.9,45.3,40.9,15.8,33.7,E,58.4,NA,88,142,A+,9.7,15,11,25.3,16.8,19.9,40,2093,46,5,22,NA,5.2,610,Yes,0.91,12,847,NA,No,648,NA,No,No,No,2.97,50,Yes,18,2,14,14,NASDAQ,Yes,97,Yes,22.16,-,87,69687.1,-15,14,16.2,7.8,Yes,No,41,1.3,BUSINS SVC,25.1,NA,No,72,5992.5,No,No,No,61.3,-2.2,NA,106,19.4,2026-08-07,FTDR,10,0,10,5,12,10,10,57,110,40,FALSE,FALSE,Breakout,CANSLIM Growth,59.6,Strong
5321,VLO,Valero Energy Corp.,NA,3.7,3.3,3.5,315,-4.7,0,0,0,362.7,10973199,07/30/2026,0,A,No,Yes,No,No,Yes,1.02,8.2,1.5,1.64,15.82,1.29,1.54,32,46.93,8,2.4,3.81,3.91,NA,7.8,13.1,2,-6,Yes,Yes,241.6,440.3,385.5,305.2,16,8,-27,358,8,No,No,83.2,298.31,Oil&Gas-Refining/Mktg,NA,0,31,No,11.27,43.6,Yes,27,12,5,3.7,0,320.24,22,1,43,24.24,Yes,77,-1.54,-6.85,93,70,94,0.64,802284,87239.1,3.78,287927.5,34.3,-11.5,12.1,26.2,A,47.2,NA,85,25,B-,24.1,281,-31,8,-2.2,-1.8,47,122687,-66,49,25,NA,27.9,2996,Yes,-4.68,308,3628,NA,No,2689,NA,No,No,Yes,0.62,0,No,450,1,374,-5,New York Stock Exchange,No,82,Yes,3.44,Yes,95,286770.1,497,221,412.1,18.2,Yes,Yes,24.8,5.2,ENERGY,-4.7,NA,No,49,94054.3,No,No,No,125,9.5,NA,9.7,8.3,2026-08-07,VLO,32,15,5,5,12,10,10,89,92.66666666666667,25,TRUE,TRUE,Momentum Leader,CANSLIM Growth,34,Weak
5120,TSEM,Tower Semiconductor Ltd.,NA,1.1,1.1,1.3,255.67,14.9,0,0,0,3635.9,2715406,NA,0,E,No,No,No,No,-,0.09,58.7,0,0,72.52,11.04,11.04,94,369.8,50,15.3,9.64,10.27,NA,13.1,14.9,0,4,Yes,Yes,23.6,50.9,37.3,28.7,-,8,2,37,8,Yes,No,115,252.49,Elec-Semiconductor Mfg,NA,0,13,No,23.93,4.6,Yes,32,88,14.6,2.6,45.51,319.94,2,40,61,2.86,Yes,19,12.37,-21.08,93,62,92,1.2,489955,25351.8,11.02,112824.9,46.9,8.5,19.1,20.2,A,81.6,NA,89,30,D,16.1,68,72,2.9,14.3,9.1,9,1566.1,-3,24,7,NA,19.6,2013,No,27.79,92,2157,NA,No,974,NA,No,No,No,16.66,88,No,76,1,44,9,NASDAQ,No,89,Yes,9.19,-,94,104788.8,32,-4,60.2,17.6,Yes,Yes,29.5,21.6,CHIPS,14.9,NA,No,40,22831.5,No,No,No,417,66.8,NA,7.9,15.7,2026-08-07,TSEM,25,15,5,0,12,10,10,77,89.33333333333333,30,TRUE,TRUE,Earnings Accelerator,CANSLIM Growth,38.7,Weak
4240,FENC,Fennec Pharmaceuticals Inc.,NA,1.8,1.7,2,11.66,21,0.9,5,16,484.8,609189,NA,0,C,No,No,No,No,Yes,0.2,-23,0,6.98,-22.94,0,0,85,0,31,-21.6,5.54,5.49,NA,38.4,64.3,139,98,No,Yes,1.2,10.7,19.3,-6.5,271,-,-,-,-66,No,No,50.3,11.57,Medical - Development Biotech,NA,2.9,46,No,0.57,0,No,553,0,18,2.1,5.65,11.66,37,30,28,-0.29,Yes,0,6.78,-0.73,93,95,83,0.7,2336,376.5,5.79,34737,39.8,0.3,10.2,67.8,A,47.6,NA,30,11,A+,122.8,171,260,15.7,13.6,12.2,85,44.6,101,73,-7243,NA,73.2,234,No,0.73,118,227,NA,No,90,NA,No,No,No,7.89,87,Yes,125,1.6,-183,-6,NASDAQ,Yes,96,Yes,10.61,-,96,29683.9,90,45,-29.2,75,Yes,No,38.2,-4.3,MEDICAL,21,NA,No,50,328.6,Yes,Yes,No,43.4,-42.1,NA,-65.8,1.3,2026-08-07,FENC,35,0,10,0,12,10,10,77,110.33333333333333,25,TRUE,FALSE,CANSLIM Growth,CANSLIM Growth,55.5,Strong
5592,ZGN,Ermenegildo Zegna N.V.,NA,4.7,3.9,4.5,15.95,1.4,2,1,1,910.6,5515801,07/05/2026,0,B-,No,No,No,No,-,0,-265.9,0.9,0,10.29,0,0,76,133.69,0,7.3,4.09,4.29,NA,8.8,8.6,0,21,No,Yes,33.5,45,58.7,43.6,-,-,10,41,7,No,No,45.5,14.91,Apparel - Clothing & Shoes,NA,2,106,No,0.59,73,No,51,30,16.6,7.6,0,15.95,124,122,34,0.45,Yes,0,0.74,-6.52,93,78,80,0.75,19140,6264.7,4.18,268312,28.2,-72.7,9.5,14.3,D-,43.5,NA,78,123,C-,0,11,32,5.5,-0.3,4,22,2205.7,-37,5,35,NA,6,1361,Yes,0.11,0,383,NA,No,156,NA,No,No,No,1.78,0,No,18,1,18,3,New York Stock Exchange,No,87,Yes,NA,-,93,72914.3,100,100,17.6,6.6,Yes,Yes,23.5,19.1,CONSUMER,1.4,NA,Yes,35,4882,No,No,No,91.6,-40.7,NA,10.3,5.6,2026-08-07,ZGN,10,12,5,0,12,10,10,59,85.66666666666667,20,FALSE,FALSE,Pullback to 10SMA,CANSLIM Growth,55.4,Strong
5031,TKNO,Alpha Teknova Inc.,NA,7.2,7.4,8.4,6.64,29.2,2.7,1,1,599.6,1575772,NA,0,C+,No,No,No,No,Yes,1,-42.8,0,4.49,-39.5,0,0,26,0,0,-42.5,8.97,8,NA,11.1,12.1,1,5,Yes,Yes,31.9,14.5,22.6,27.3,27,8,61,43,-23,No,No,70,6.46,Medical - Research,NA,2.7,108,No,0.43,38.4,Yes,37,0,13.8,14.5,1.91,6.68,137,41,171,-0.31,Yes,0,-1.07,-3.29,93,98,77,1.35,960,350.1,7.88,53614,61.7,-18.7,19,61.5,A,187.1,NA,34,21,A+,28.8,4,15,24,18.8,20.4,26,40.5,51,18,44,NA,15.8,187,Yes,-0.07,4,151,NA,No,95,NA,No,No,No,7.93,56,No,14,1.3,11,7,NASDAQ,No,99,No,5.39,Yes,89,10851.4,18,47,12.7,13.1,Yes,No,71.9,2.2,MEDICAL,29.2,NA,No,58,357,No,No,No,48.8,-9.6,NA,-22.8,-26,2026-08-07,TKNO,15,0,5,0,12,10,10,52,109.33333333333333,20,FALSE,FALSE,Other,Momentum Leader,55.5,Strong
5502,WTTR,Select Water Solutions Inc.,NA,2.2,2.9,3.1,22.55,9.2,0,0,0,1910.2,5803084,08/06/2026,0,E,No,No,No,No,Yes,1.63,-34.8,1.5,1.58,9.78,0.93,0.96,87,294.05,32,1.8,4.62,5.2,NA,-1.6,-1.9,15,-4,No,Yes,97.4,195.8,126.8,96.8,65,46,-29,68,1,No,No,92.3,20.23,Utilities,NA,0,92,No,1.01,38.3,Yes,86,44,7.6,5.1,0,22.55,83,83,58,0.46,Yes,85,-1.94,-10.29,93,69,71,0.93,36121,3004.9,5.4,128942.9,37.2,-0.1,8.5,20.3,D-,56.9,NA,80,120,D-,78.2,41,22,6,5.7,2.6,4,1407.3,-58,9,45,NA,3.2,1875,No,-0.4,465,1759,NA,No,394,NA,No,No,No,1.82,0,No,136,1.5,67,-3,New York Stock Exchange,No,85,Yes,2.45,-,90,117635.9,384,-80,101.5,1.9,Yes,Yes,26,7.9,UTILITY,9.2,NA,No,70,3104.6,No,No,No,138.6,90.6,NA,2.7,5.3,2026-08-07,WTTR,25,15,5,0,12,10,10,77,84.66666666666667,30,FALSE,FALSE,CANSLIM Growth,CANSLIM Growth,35.8,Weak
3587,ABCL,AbCellera Biologics Inc.,NA,6.1,5.7,5.5,6.99,21.4,0.9,5,16,484.8,45110268,NA,0,D,No,No,No,No,Yes,0.21,-16.6,0,12.77,-15.77,0,0,52,0,0,-236.4,8.99,8.62,NA,194.3,209.5,-46,0,No,No,3.4,10.6,5,5.5,382,-61,-17,19,-14,No,No,102.6,6.93,Medical - Development Biotech,NA,2.9,46,No,0.57,14.2,No,553,0,-3.5,19.2,2.75,8.44,37,30,121,-0.54,No,0,6.13,-17.89,93,93,70,1.44,41450,2002.2,7.73,306611.5,54.2,7.2,-9.9,43.8,A,119.3,NA,21,11,B+,-9.8,-36,-7,12,18.2,15,52,75.1,-8,-76,11,NA,10,6650,No,0.4,8,6823,NA,No,80,NA,No,No,No,32.09,91,No,-50,1.5,7,161,NASDAQ,No,97,Yes,2.37,-,96,235970.3,75,-12,-21.7,266.8,No,No,49.6,14.3,MEDICAL,21.4,NA,No,35,1585.1,No,No,No,63.4,-29.3,NA,-14.5,-1368.6,2026-08-07,ABCL,0,0,5,0,12,10,10,37,100.33333333333333,25,FALSE,FALSE,Other,Momentum Leader,55.5,Strong
3843,ANGO,AngioDynamics Inc.,NA,5,4.1,3.4,15.73,6.1,4.6,3,2,401.8,1315694,NA,0,A+,No,No,No,No,No,0.1,-152.4,0,2.18,210.92,0,0,52,0,0,-11.3,4.02,4.26,NA,10.1,9.5,-1,-2,No,No,35.5,34.6,28.3,32.6,24,-48,-16,77,-21,No,No,22.2,15.69,Medical-Systems,NA,3.1,103,No,0.58,5.4,No,65,0,-18.5,3.6,8.36,15.73,126,127,37,-0.15,No,0,3.84,-0.25,93,95,66,1.01,6104,624.5,4.52,41332.4,32.2,-10.5,20,39.2,D,48.6,NA,19,109,A+,22,-78,83,19.6,5.7,10.6,52,320.2,61,8,0,NA,8.5,460,Yes,0.58,-13,406,NA,No,218,NA,No,No,No,2.03,93,Yes,-133,1.5,125,9,NASDAQ,Yes,96,No,3.83,Yes,96,36561.8,112,9,-4.2,8.6,Yes,No,35.1,1.4,MEDICAL,6.1,NA,No,55,581.6,No,No,No,83.9,6.6,NA,-20.8,-13.2,2026-08-07,ANGO,0,12,10,0,12,10,10,54,99.66666666666667,25,FALSE,FALSE,Other,Momentum Leader,55.5,Strong
4176,EWTX,Edgewise Therapeutics Inc.,NA,7.8,6.8,6.4,45.93,13.2,0.9,5,16,484.8,10074332,NA,0,D,No,No,No,No,Yes,0.01,-19.3,0,22.61,-31.15,0,0,8,0,0,0,6.81,6.35,NA,0,0,0,0,No,No,-18.9,-24.9,-20.8,-16.6,455,-,-,-,-34,No,No,75.4,43.52,Medical - Development Biotech,NA,2.9,46,No,2.62,0.6,No,553,0,-5.2,12.7,12.3,48.4,37,30,50,-1.85,No,0,-2.03,-10.08,93,76,66,1.4,57807,4779.3,6.42,107593,43.1,1.8,0.9,22.3,A,49.6,NA,12,11,A,-13.3,-26,23,10.8,4.3,6.4,8,0,8,0,-12,NA,0,1501,Yes,-0.9,-37,1478,NA,No,382,NA,No,No,No,NA,61,No,-56,1,-7,0,NASDAQ,No,90,Yes,9.48,-,73,79587,-12,-8,-31.4,0,No,No,30.2,5.2,MEDICAL,13.2,NA,No,77,4314.5,No,No,No,236.1,17.5,NA,-34.2,0,2026-08-07,EWTX,0,0,5,0,12,10,10,37,88.33333333333333,25,FALSE,FALSE,Other,Momentum Leader,55.5,Strong
3852,ANRO,Alto Neuroscience Inc.,NA,4.9,5.8,6,29.49,5.9,0.9,5,16,484.8,3096805,NA,0,E,No,No,No,No,Yes,0.14,-7.9,0,20.52,-15.98,0,0,10,0,0,0,7.75,7.57,NA,0,0,0,0,No,No,-3.4,-5.1,-5.9,0.6,445,-,-,-2,-42,No,No,61.1,28.67,Medical - Development Biotech,NA,2.9,46,No,2.03,14.7,No,553,0,4.7,8.8,0,29.49,37,30,88,-2.43,No,0,0.7,-2.78,93,83,64,1.21,12602,1106.6,7.21,38870.4,42.8,-36.7,11.6,19.1,A,88.4,NA,20,11,C,-49.2,-39,-8,16,3,4.3,10,0,74,0,12,NA,0,536,Yes,0.2,-13,336,NA,No,102,NA,No,No,No,NA,0,Yes,-43,1.9,12,0,New York Stock Exchange,No,90,Yes,4.13,-,97,35137.2,16,-8,-15.7,0,No,No,30.4,43.7,MEDICAL,5.9,NA,No,41,954.1,No,No,No,836.9,-23.2,NA,-41.8,0,2026-08-07,ANRO,0,0,7,0,12,10,10,39,90,25,FALSE,FALSE,Other,Momentum Leader,55.5,Strong
5061,TNGX,Tango Therapeutics Inc.,NA,9.1,9.4,9.7,30.25,-0.4,0.9,5,16,484.8,42720390,NA,0,E,No,No,No,No,Yes,0.12,-18.6,0,27.38,-22.64,0,0,93,0,0,-162.8,7.89,6.41,NA,12.6,19.9,40,23,No,Yes,20.3,60,33.6,26.3,466,-15,8,49,-37,No,No,205.5,27.07,Medical - Development Biotech,NA,2.9,46,No,1.86,8.9,No,553,0,3.3,40.2,6.25,34.39,37,30,129,-0.82,Yes,0,-6.66,-21.29,93,49,58,1.32,119412,4721.6,6.4,162814.6,50.9,-19.1,-10.1,15.3,A,116.4,NA,37,11,E,-2,-48,-16,-3.9,-1.7,-3.6,93,62.4,-10,-100,27,NA,-100,4180,No,-1.93,9,3231,NA,No,344,NA,No,No,No,77.33,13,No,11,1.6,17,48,NASDAQ,No,77,Yes,9.97,-,26,106263.2,152,-46,14.1,54.5,Yes,Yes,28.9,30.8,MEDICAL,-0.4,NA,Yes,99,4377.4,Yes,No,No,309.5,-58.1,NA,-37.2,0,2026-08-07,TNGX,10,15,5,0,12,10,10,62,71.66666666666667,25,FALSE,FALSE,CANSLIM Growth,CANSLIM Growth,55.5,Strong
3611,ACHC,Acadia Healthcare Co. Inc.,NA,7.2,7.3,7.4,34.25,6.4,3.4,2,3,224.8,21795658,NA,0,C,No,No,No,No,No,8.61,-39.6,0,1.57,21.68,0,0,61,65.39,19,-32.2,5.41,5.81,NA,5.4,4.4,9,6,No,No,-38.8,-50.3,-42.9,-36.1,22,-7,-21,-44,-44,No,No,122.2,31.53,Medical-Services,NA,5.1,104,No,1.8,133.6,No,59,20,1.2,25.3,11.43,35.83,91,8,115,1.54,No,19,2.64,-12,93,77,58,0.82,87613,2860,5.89,93100.3,42.8,-56.9,-1.2,28.9,A+,135.8,NA,18,6,C,9.7,-24,19,9.4,2.7,-1.8,56,3312.8,-4,0,-39,NA,3.6,3111,No,0.81,-34,1246,NA,No,473,NA,No,No,No,0.87,93,No,-54,2.1,-8,5,NASDAQ,No,89,Yes,1.45,-,59,87120.1,-89,-21,-30.9,4.4,No,No,32.9,5.8,MEDICAL,6.4,NA,Yes,99,5381.7,No,No,No,73.2,-39.4,NA,-43.9,1.3,2026-08-07,ACHC,0,0,5,0,12,10,10,37,83,5,FALSE,FALSE,Other,Momentum Leader,55.5,Strong
4631,HBT,HBT Financial Inc.,NA,2.7,3.8,3.6,36.83,1.4,0,0,4,534.9,567453,08/10/2026,0.25,A+,No,No,No,No,No,-0.03,14.6,2.8,0.05,13.8,1.35,1.89,36,59.75,12,35.6,2.62,2.7,NA,13.2,15.5,11,6,Yes,Yes,10.4,12.8,11.3,11.1,44,7,3,11,9,Yes,No,40.6,36.35,Banks-Regional,NA,1.5,42,No,0.9,10.6,Yes,270,13,-4,3.3,22.36,36.83,62,20,10,2.75,Yes,5,0.28,-1.3,92,89,98,0.64,5475,1318.8,2.62,36381.1,29.9,-35.6,12.8,28,B+,23.2,NA,72,46,A+,6.3,21,4,13.5,1.1,6.3,34,237.1,-4,38,6,NA,26.8,173,Yes,0.1,22,108,NA,No,235,NA,No,No,No,4.93,96,No,24,2.8,11,2,NASDAQ,No,90,Yes,1.73,-,88,16988.6,3,7,17.6,18.7,Yes,Yes,25.2,-3.3,BANKS,1.4,NA,No,31,1354.5,No,No,No,51.8,-49.2,NA,13.3,27.8,2026-08-07,HBT,17,0,5,0,12,10,10,54,103,35,FALSE,TRUE,Pullback to 10SMA,Momentum Leader,57.9,Strong
5140,TTNDY,Techtronic Industries Co. Ltd. ADR,NA,0,0,0,94.6,12.9,0,0,2,89.1,0,05/14/2026,0,E,No,No,No,No,-,0,0,1.8,0,16.89,5.46,8.76,72,101.31,0,8.5,2.25,2.05,NA,4.5,3.9,4,6,No,Yes,11,12,9.1,10.2,-,3,11,10,10,No,No,63.5,94.14,Building - Tools,NA,40,30,Yes,1.69,18.1,No,5,26,0,0,0,94.6,40,38,15,3.58,Yes,7,2.26,-0.49,92,94,97,0.69,3943,33793.7,1.85,365544.1,33.3,-14.4,13.4,18.9,A+,28.2,NA,80,10,B,0,21,16,17.1,9,12.2,-,15259.5,15,6,7,NA,5.9,51,Yes,2.08,0,40,NA,No,13,NA,Yes,No,No,2.19,0,Yes,18,1.4,18,4,US OTC,Yes,93,Yes,NA,-,101,0,0,0,17.8,4.5,Yes,Yes,26.4,0,BUILDING,12.9,NA,No,0,33072.7,No,No,No,56.6,-32.3,NA,18,8.9,2026-08-07,TTNDY,10,0,10,0,12,0,10,42,104.33333333333333,45,FALSE,FALSE,Other,Momentum Leader,53.7,Improving
4279,FIVN,Five9 Inc.,NA,2.3,2.4,2.5,34.1,23.6,0.9,1,8,5415.1,7819611,NA,0,A+,No,No,No,No,Yes,1.18,6.4,0,4.11,13.22,0.41,0.41,27,194.48,9,3.9,6.59,6.44,NA,9.6,8.9,17,13,Yes,Yes,17.9,5.3,8.1,15.7,84,27,20,8,6,No,No,69.5,33.99,Comp Sftwr - Enterprise,NA,7,137,No,1.57,99.7,Yes,114,11,1.6,10.7,13.29,34.1,108,39,64,3.04,Yes,6,19.81,-0.32,92,99,95,1.48,73035,2172.1,6.55,76564,68.5,171.9,36,53.1,A+,99,NA,80,9,A+,2.8,10,18,41.5,19,28.2,72,1149.1,20,10,20,NA,9.7,3027,Yes,5.62,2,7892,NA,No,436,NA,No,No,No,2.16,98,Yes,-8,1.1,23,10,NASDAQ,Yes,99,No,3.14,Yes,98,73177.1,1,16,7.3,9.1,Yes,No,70.7,2.1,SOFTWARE,23.6,NA,Yes,75,2374.5,No,No,No,34.4,20.4,NA,5.6,1.1,2026-08-07,FIVN,0,0,10,10,12,10,10,52,115.33333333333333,25,FALSE,FALSE,Breakout,Momentum Leader,58.7,Strong
3972,ASX,ASE Technology Holding Co. Ltd. ADR,NA,1.1,1.7,0.8,38.87,6.3,0,0,0,3635.9,9531995,07/05/2026,0,E,No,No,No,No,No,5.17,-88.8,0.9,1.07,19.2,0,0,87,166.04,27,7.8,6.92,7.01,NA,15.4,14.7,0,5,No,No,57.6,94.6,74.9,61.3,3,-11,9,72,6,Yes,No,132.2,37.39,Elec-Semiconductor Mfg,NA,0,13,Yes,2.74,64,No,32,44,-51.4,0.4,0,45.52,2,40,70,0.84,No,34,0.38,-17.85,92,51,91,1.53,439265,81173.6,6.87,2235286.1,45,-49.8,-5.7,12.1,A,79,NA,94,30,E,18.7,101,50,-3.7,4.3,-1.1,30,20373.4,0,16,23,NA,17.6,11379,No,0.14,96,5581,NA,No,187,NA,Yes,No,No,3.72,0,No,149,1,78,12,New York Stock Exchange,No,82,Yes,6.84,-,96,2198704.6,56,16,113.8,16.3,Yes,Yes,27.2,14,CHIPS,6.3,NA,No,2,87107.5,No,No,No,277.3,-26,NA,12.5,11,2026-08-07,ASX,30,15,5,0,12,0,10,72,78,30,TRUE,FALSE,CANSLIM Growth,CANSLIM Growth,38.7,Weak
4951,ITGR,Integer Holdings Corp.,NA,8.7,8,8.6,126.14,3.3,1.6,2,5,1088.6,4352974,NA,0,A+,No,No,No,No,Yes,2.35,41,0,3.73,22.73,1.41,1.41,60,131.64,19,6.8,3.14,3.42,NA,4.1,2.9,11,7,No,Yes,12.9,6,10.8,12.5,74,14,16,10,6,No,No,59.7,125.27,Medical-Products,NA,3.9,117,Yes,3.35,74.2,No,127,20,8.5,13,0,126.14,142,90,35,6.35,Yes,5,-0.63,-0.69,92,96,90,0.9,94702,4285.4,3.58,33992,46.5,25.4,36.3,42.5,C,44.9,NA,74,98,A+,16,-4,12,28.7,9.2,19.2,49,1853.6,13,-2,21,NA,-1,870,Yes,-0.8,-6,1056,NA,No,445,NA,No,No,No,2.31,0,No,3,3.4,-8,7,New York Stock Exchange,No,95,Yes,2.48,Yes,99,33553.5,23,25,-2.6,1,No,No,39.6,1.8,MEDICAL,3.3,NA,Yes,72,5544.9,No,No,No,18.5,758.6,NA,6.1,5.1,2026-08-07,ITGR,0,0,5,5,12,10,10,42,107.66666666666667,20,FALSE,FALSE,Momentum Leader,Momentum Leader,55.5,Strong
5590,ZETA,Zeta Global Holdings Corp.,NA,3.4,3.9,3.4,28.5,23.3,0.9,1,8,5415.1,31820346,NA,0,B,No,No,No,Yes,Yes,0.57,22.1,0,2.38,29.56,1.4,1.4,91,0,24,-2.5,7.07,6.82,NA,36,36.1,30,34,No,Yes,60.4,95.4,42,43.9,72,42,101,-12,-4,No,No,30.9,26.64,Comp Sftwr - Enterprise,NA,7,137,No,1.46,26,No,114,59,-12.9,14.4,0,28.5,108,39,46,0.45,Yes,70,4.23,-6.53,92,97,89,1.89,208909,6371,7.11,225619.2,40.1,7,21.8,54.2,A+,57.7,NA,47,9,A+,10.9,33,24,24.5,14,20,18,1304.7,149,44,25,NA,46.7,9734,Yes,1.08,974,9231,NA,No,426,NA,No,No,No,3.83,0,Yes,386,1.4,-117,30,New York Stock Exchange,No,96,Yes,7.2,-,93,221495.4,18,-118,134.4,39.6,No,Yes,39,2.7,SOFTWARE,23.3,NA,No,50,6645.4,No,No,No,36.1,110.5,NA,-4.3,1.9,2026-08-07,ZETA,32,15,7,0,12,10,10,86,112.66666666666667,20,TRUE,TRUE,Momentum Leader,CANSLIM Growth,58.7,Strong
4628,HBM,Hudbay Minerals Inc.,NA,2.5,1.7,1.8,27.63,21.4,0,0,0,934.2,10294518,09/07/2026,0.01,D-,No,No,No,No,No,2.44,44.2,0.1,2.24,16.56,0,0,76,61.49,15,42.2,6.17,5.8,NA,13.5,10.4,13,19,No,Yes,647.8,45.4,14.8,767.4,23,-,-,34,19,No,No,39.1,27.61,Mining-Metal Ores,NA,0,15,No,1.3,17.5,No,69,30,3.1,2.4,0,32.15,18,95,-1,0.93,Yes,0,4.94,-14.12,92,87,87,1.6,126755,11697.3,5.9,396834.2,23.9,-5.3,28.1,15.8,B,11.6,NA,57,56,C,8.1,125,29,11.9,15.2,20.7,38,2211,109,18,40,NA,22.5,5510,No,1.3,1119,4890,NA,No,749,NA,No,No,No,4.44,0,No,47,1.5,67,9,New York Stock Exchange,No,82,Yes,2.56,-,103,427461.5,22,-77,57,23.4,Yes,No,14.8,6.5,MINING,21.4,NA,No,52,11998.2,No,No,No,194.3,-20.2,NA,19.7,20.6,2026-08-07,HBM,20,12,5,0,12,10,10,69,98.66666666666667,40,TRUE,FALSE,CANSLIM Growth,CANSLIM Growth,52.3,Improving
3829,AMTB,Amerant Bancorp Inc.,NA,5.5,4.9,5.3,30.6,-2.3,0,0,4,534.9,1456368,08/13/2026,0.09,A,No,No,No,No,No,-0.15,18,1.2,0.04,8.81,0,0,45,79.48,11,10.1,3.09,3.25,NA,1.2,-1.4,12,2,No,No,34.2,27.4,31.7,46.1,30,-2,-3,21,5,No,No,48.2,28.91,Banks-Regional,NA,1.5,42,No,0.87,96.6,No,270,15,8.2,4.2,0,30.6,62,20,14,1.89,No,20,-0.96,-5.52,92,85,85,0.89,9718,1144,3.28,39189.9,30.8,-2.4,13.2,23.7,B+,24.5,NA,48,46,B+,35,26,27,13.2,-2.3,4.3,17,439.3,-27,-9,23,NA,-8,373,Yes,-0.28,46,350,NA,No,254,NA,No,No,No,2.68,0,No,-7,2.2,83,13,New York Stock Exchange,No,86,Yes,1.24,-,96,35190.2,6,44,38.2,-5.1,Yes,No,24.3,-2.3,BANKS,-2.3,NA,Yes,36,2013.9,No,No,No,55.8,9.5,NA,5.7,13.9,2026-08-07,AMTB,0,12,5,0,12,10,10,49,97.33333333333333,0,FALSE,FALSE,Pullback to 10SMA,Momentum Leader,57.9,Strong
4803,ICUI,ICU Medical Inc.,NA,6.3,5.5,5.9,192.85,9.5,1.6,2,5,1088.6,1832002,NA,0,A+,No,No,No,No,No,1.91,52.1,0,2.3,25.56,22.29,22.29,65,390.01,21,0.2,3.45,3.37,NA,-8,-8.3,11,-1,Yes,Yes,26.6,6,11.4,16,44,1,9,8,0,No,No,29.4,184.56,Medical-Products,NA,3.9,117,Yes,5.29,61.9,Yes,127,22,7.4,7.5,107,192.85,142,90,-2,8.28,Yes,11,10.93,-4.3,92,97,84,1.03,47339,4158.2,3.2,24993.6,31.3,209.3,18.8,50,C,19.7,NA,65,98,A+,23.8,12,11,22.1,9,13.3,38,2212.3,-8,1,25,NA,-5.8,310,Yes,18.19,5,931,NA,No,486,NA,No,No,No,2.15,31,Yes,13,1.3,15,-6,NASDAQ,Yes,95,Yes,2.18,Yes,71,24513.2,-9,28,13.7,-8.4,Yes,Yes,30.6,-0.2,MEDICAL,9.5,NA,No,74,5199.2,Yes,Yes,Yes,42.1,46.1,NA,0,3.5,2026-08-07,ICUI,10,0,10,10,12,10,10,62,106,20,FALSE,FALSE,Breakout,CANSLIM Growth,55.5,Strong
5422,WEST,Westrock Coffee Co.,NA,6.2,5.3,5.2,8.45,1.4,0,0,0,655.9,4737199,NA,0,B,No,No,No,No,No,-66.41,-19.4,0,0.97,-41.27,0,0,12,0,0,-8.2,6.18,6.03,NA,39.4,40.5,0,15,No,No,-212.7,44.7,31.1,-239.6,3,-,11,-1,-188,No,No,102.2,8.23,Beverages-Non-Alcoholic,NA,0,62,No,0.48,0,No,25,0,-1.8,9.8,3.59,10.19,58,24,53,-0.42,No,0,1.73,-19.23,92,70,80,0.59,5331,789.2,5.47,97558,44.6,49.7,14.1,39.5,B,64.6,NA,55,69,A,-46,69,78,1.7,1.2,5.5,12,1189,-81,9,-62,NA,26.6,636,No,0.14,38,944,NA,No,121,NA,No,No,No,0.61,100,No,47,1.2,78,40,NASDAQ,No,85,Yes,-39.68,-,93,48473.3,9,-9,62.7,33.8,Yes,Yes,33.6,7.1,FOOD/BEV,1.4,NA,No,26,1314.5,Yes,Yes,Yes,23.6,-34.6,NA,-28.1,-4.5,2026-08-07,WEST,15,12,5,5,12,10,10,69,92.66666666666667,15,TRUE,FALSE,CANSLIM Growth,CANSLIM Growth,51.9,Improving
4765,HVT.A,Haverty Furniture Cos. Inc. Cl A,NA,4.1,9.3,8.6,32.5,7.6,0,0,3,56.8,10858,05/31/2026,0,E,No,No,No,No,-,1.62,21.1,4.1,0,10.24,0,0,68,97.39,15,3.5,4.22,2.58,NA,6.6,8,-8,-7,No,No,22.9,34.6,28.5,14.7,-,-31,-36,21,1,Yes,No,40.4,32.5,Retail - Home Furnishings/Electronics,NA,17.6,50,No,0.75,58.6,Yes,17,23,-7.9,3.5,0,44.99,110,9,9,1.41,No,27,4.84,-27.76,92,90,75,0.58,19,456.1,2.93,1210,29.9,-98.8,13.6,41,A+,26.6,NA,59,7,C,8.7,42,56,17.9,6.5,9.7,25,759,-65,8,0,NA,5.9,1,Yes,1.5,31,0,NA,No,17,NA,No,No,No,0.05,0,No,56,5.6,43,5,New York Stock Exchange,No,92,Yes,1.72,-,100,314.3,4,10,49.9,7.1,Yes,Yes,26.5,6.3,RETAIL,7.6,NA,No,13,607.6,No,No,No,44.8,-77.1,NA,6.4,2.3,2026-08-07,HVT.A,20,12,5,0,12,7,10,66,100.66666666666667,5,TRUE,FALSE,CANSLIM Growth,CANSLIM Growth,50.2,Improving
3948,ASH,Ashland Inc.,NA,5.7,5,5.3,78.25,5.3,0,0,1,588.3,5694731,05/31/2026,0,A+,No,No,No,No,Yes,1.8,16.2,2.3,3.05,26.24,0,0,67,248.15,18,-44.4,3.51,3.29,NA,-4,-1.3,-6,-8,Yes,No,-13.9,-5.7,-7.9,-12.3,38,-9,-8,-8,-17,No,No,30.3,76.45,Chemicals-Specialty,NA,2,91,Yes,2.22,77.2,Yes,51,23,5.5,12.6,0,78.25,45,102,1,3.27,No,15,5.51,-2.3,92,94,71,0.93,62392,3318.2,3.35,45793.4,29.9,81.4,16.3,40.4,C+,19.2,NA,30,86,A+,3.6,5,22,16.3,6.6,10,30,1824,10,7,-24,NA,4,964,Yes,3.99,19,1763,NA,No,449,NA,No,No,No,1.9,0,Yes,-2,1.1,-8,-14,New York Stock Exchange,No,93,Yes,1.87,-,103,45211.3,-7,-14,-5,1.1,No,Yes,26.5,-6.1,CHEMICAL,5.3,NA,No,62,4543.2,Yes,No,No,44.9,-15.5,NA,-34.5,8.3,2026-08-07,ASH,0,0,7,7,12,10,10,46,100.66666666666667,10,FALSE,FALSE,Other,Momentum Leader,44.6,Weak
5586,ZBIO,Zenas BioPharma Inc.,NA,20.6,17.6,15.5,33.42,3.1,0.9,5,16,484.8,12169907,NA,0,A,No,No,No,No,Yes,0.3,-3.4,0,11.94,-8.42,0,0,24,0,0,-3778.2,7.04,6.84,NA,0,0,0,0,No,No,-67.3,-89.2,-73.5,-61.2,375,-,-,-2,-136,No,No,-10.7,32.43,Medical - Development Biotech,NA,2.9,46,No,1.96,32.6,No,553,0,-12.1,35.1,13.5,44.6,37,30,40,-8.47,No,0,0.81,-27.29,92,92,60,1.28,21324,2031,6.32,63133.4,25.2,-67.8,17.2,68.3,A,48.8,NA,11,11,A,1,43,1,27.5,1.7,5.2,24,10,-379,-100,-126,NA,-100,855,Yes,0.26,10,264,NA,No,264,NA,No,No,No,114.32,55,No,-82,1.5,-261,100,NASDAQ,No,95,No,6.02,-,76,34676.5,76,-26,-171.6,0,No,No,42.4,13.3,MEDICAL,3.1,NA,No,88,1748.2,No,No,No,119.1,-56.4,NA,-136.2,0,2026-08-07,ZBIO,0,0,5,0,12,10,10,37,101.33333333333333,20,FALSE,FALSE,Other,Momentum Leader,55.5,Strong
4596,GTX,Garrett Motion Inc.,NA,2.4,2.2,1.8,32.47,-4.2,0,0,1,220.9,5450139,08/31/2026,0.08,E,No,No,No,No,No,-113.63,22.4,1,1,14.72,0,0,46,63.36,15,10.9,4.12,4.35,NA,7.3,8.5,0,-2,No,Yes,21.3,21.7,29.8,25.1,2,-,-,23,0,No,No,71.3,29.85,Auto/Truck Equipment Parts & Tires,NA,1.8,73,No,1.4,0,No,55,15,-16.7,3.1,12.26,36.25,57,60,54,1.94,Yes,0,-2.03,-17.66,92,33,58,0.8,85342,5682.5,4.04,186493.4,31.2,13.4,-7.4,10.4,B+,55.4,NA,42,50,E,14.3,19,14,-7.9,-2.3,-4.2,30,3584,839,7,17,NA,9.5,2653,No,-0.62,11,2872,NA,No,647,NA,No,No,Yes,1.48,16,No,23,1,54,3,NASDAQ,No,68,Yes,-8.26,-,6,176041.7,-12,54,38.5,8.2,Yes,No,20.6,14.9,AUTO,-4.2,NA,No,57,7147.7,Yes,No,No,136.3,-42,NA,0,10.3,2026-08-07,GTX,10,8,5,0,12,10,10,55,61,15,FALSE,FALSE,CANSLIM Growth,CANSLIM Growth,45.4,Improving
3934,ARWR,Arrowhead Pharmaceuticals Corp.,NA,7,4.1,4.5,90.81,3.5,1.8,1,2,246.6,9635297,NA,0,D,No,No,No,No,Yes,0.88,-152.6,0,5.9,65.3,0,0,16,181.11,0,6.2,5.33,5.49,NA,0,0,15,135,No,Yes,74,-8.6,16.5,14.9,41,-5,26,46,-1,No,No,32,87.65,Medical - Revenue Biotech,NA,3.6,86,No,4.41,147.3,Yes,55,0,10.6,7.3,15.01,95.49,106,130,19,-2.18,No,0,2.12,-8.21,92,78,57,1.67,184175,12123.9,5.71,141254.5,32,-55.9,0.8,12.4,B-,35.8,NA,18,75,C-,-6.5,-35033,-34,9.9,1.3,7.5,16,829.4,-160,171,100,NA,42.3,2301,Yes,1.82,-1286,948,NA,No,727,NA,No,No,No,18.49,53,Yes,-8,0.8,-134,23258,NASDAQ,No,86,Yes,26.57,Yes,66,132844.6,116,92,-70.9,3515.3,No,No,23.3,7.7,MEDICAL,3.5,NA,No,54,11938.1,No,No,No,445.8,-47.2,NA,-0.5,-258.2,2026-08-07,ARWR,10,0,7,0,12,10,10,49,77.66666666666667,10,FALSE,FALSE,Pullback to 10SMA,Momentum Leader,55.5,Strong
3897,ARCB,ArcBest Corp.,NA,3.7,3.2,3.1,154.06,-4.6,0,0,0,142,1265410,08/06/2026,0,D-,No,No,No,No,No,-11.59,20.4,0.3,0.97,13.8,0,0,77,749.46,17,2.1,4.75,4.58,NA,1.9,3.7,-1,-5,Yes,No,-23.2,-11.7,-11.5,-15.5,2,-16,-27,-16,4,Yes,No,85.7,137.76,Transportation-Truck,NA,0,7,No,6.75,26.3,Yes,20,30,-1.6,5.8,59.43,176.69,16,53,10,4.52,No,35,1.95,-22.03,92,46,56,1.54,65304,3023,4.73,22351.4,28.9,-42.1,-5.1,13.1,B,23,NA,39,57,E,5.3,84,40,-7.8,-3.2,-7.4,64,4010.2,-20,16,-41,NA,9.6,436,No,2.63,60,248,NA,No,510,NA,No,No,No,0.73,69,No,75,1,-37,-4,NASDAQ,No,73,Yes,2.43,-,27,21909.8,-73,-11,18.9,5.4,Yes,Yes,15.8,3.9,TRANSPORTATION,-4.6,NA,Yes,76,3363.4,No,No,No,92.3,-28.9,NA,4.6,-1.2,2026-08-07,ARCB,25,0,5,0,12,10,10,62,64.66666666666667,10,TRUE,FALSE,CANSLIM Growth,CANSLIM Growth,49.2,Improving
5018,TIGO,Millicom International Cellular S.A.,NA,3,2.5,2.6,107.13,1.7,2.6,1,2,911.6,4835346,04/07/2027,0.75,E,No,No,No,No,No,-7.41,16.1,3.1,0.61,8.9,0.19,0.2,38,52.35,26,26.8,4.18,3.99,NA,22.5,29.6,7,5,Yes,Yes,332.3,269,275,376.1,6,69,113,-23,8,No,No,75.1,97.1,Telecom Svcs- Foreign,NA,5.3,93,No,3.74,243.1,Yes,38,14,4.5,5.6,42,107.13,44,116,47,3.88,Yes,85,-6.91,-9.36,92,74,51,0.67,171913,17476.2,4.02,167540.8,35.2,-0.9,4.5,20.6,D+,45,NA,14,107,E,8.4,-53,54,5.6,1.5,0.9,41,5819,390,59,474,NA,51.6,1902,No,-7.21,-26,1868,NA,No,830,NA,No,No,No,2.53,13,No,-81,1.9,-61,0,NASDAQ,No,86,Yes,5.19,Yes,42,86072.5,949,293,-70.9,39.7,No,No,23.4,49.5,TELECOM,1.7,NA,No,55,23247.6,No,No,No,126,-16.4,NA,36.2,5,2026-08-07,TIGO,10,15,5,0,12,10,10,62,79.33333333333333,20,FALSE,TRUE,CANSLIM Growth,CANSLIM Growth,38.6,Weak
3782,ALRS,Alerus Financial Corp.,NA,4.4,5.3,5.4,34.4,-0.1,0,0,4,534.9,1225141,06/25/2026,0,A+,No,Yes,No,No,No,-0.02,12.3,2.6,0.03,12.64,0,0,23,119.82,12,6.8,2.72,3,NA,22.6,16.9,5,20,No,No,78.9,54.4,61.6,69.1,9,-3,26,57,2,No,No,47.6,33.23,Banks-Regional,NA,1.5,42,Yes,0.97,16.3,No,270,10,2.7,5.4,20.31,34.4,62,20,19,3.2,Yes,32,-1.07,-3.4,91,77,98,0.81,7755,836.5,3.28,24903.2,29.1,-41.9,7.1,23.5,B+,29.2,NA,91,46,A,4.4,8,-6,6.9,-0.7,1.7,85,293.8,3,7,93,NA,8.5,250,Yes,-0.36,0,144,NA,No,216,NA,No,No,No,2.7,21,No,11,2.7,59,-1,NASDAQ,No,84,Yes,1.42,Yes,62,22449.4,93,83,35,8.3,Yes,No,22.9,1.4,BANKS,-0.1,NA,No,34,1173.6,No,No,No,62.2,-25.5,NA,3.3,19.9,2026-08-07,ALRS,10,15,5,0,12,10,10,62,95.66666666666667,30,FALSE,FALSE,Momentum Leader,CANSLIM Growth,57.9,Strong
5501,WTS,Watts Water Technologies Inc. Cl A,NA,4.7,1.9,2,393.57,13.4,1.6,1,5,661.9,838518,08/31/2026,0.63,E,No,Yes,No,No,Yes,0.23,29.7,0.7,2.66,32.69,1.87,1.95,79,127.93,30,18.3,3.06,3.27,NA,15.2,17,8,9,No,Yes,20.8,24.8,24.4,24.7,42,17,14,24,15,No,No,42.1,392.23,Building - Construction Products,NA,7.8,63,No,11.64,13.7,No,64,33,2.8,3.1,0,394.54,55,79,9,11.82,Yes,5,4.01,-0.59,91,93,97,1.03,131183,12592.4,2.79,27474.6,28.1,-35.6,9.8,33.3,B,22.9,NA,90,51,C,9.8,21,10,14,10.2,11.8,17,2438.5,7,19,19,NA,20,382,Yes,15.11,25,230,NA,No,834,NA,No,No,No,4.03,0,Yes,18,1,28,8,New York Stock Exchange,No,92,Yes,5.98,-,101,27125.7,28,23,23.4,18.5,Yes,Yes,23.9,-1,BUILDING,13.4,NA,No,63,12035.3,No,No,No,50.5,-28.8,NA,18.2,15.5,2026-08-07,WTS,15,8,7,0,12,10,10,62,108.66666666666667,55,FALSE,FALSE,Momentum Leader,CANSLIM Growth,53.7,Improving
3795,AMAL,Amalgamated Financial Corp.,NA,7.5,6.4,6.7,50.92,0.9,0,0,4,534.9,973412,08/03/2026,0,B+,No,No,No,No,No,-0.01,8.2,1.4,0.04,11.14,0.68,0.73,36,51.26,12,30.8,2.58,2.57,NA,10.1,11.2,12,7,Yes,Yes,5.9,8.6,6.5,5.9,16,18,8,5,12,No,No,55.5,49.8,Banks-Regional,NA,1.5,42,No,1.22,9.1,Yes,270,13,3.7,5.5,25.13,50.92,62,20,11,3.8,Yes,12,-0.7,-2.2,91,79,97,0.74,7327,1499.5,2.48,29900.1,29.2,-25.4,8.7,18.8,B+,20.7,NA,77,46,B,10,10,15,8.2,0.3,2.6,36,336.2,18,17,5,NA,15.8,161,Yes,-0.35,21,116,NA,No,353,NA,No,No,No,4.12,31,Yes,25,1.7,-9,5,NASDAQ,No,83,Yes,1.78,-,37,17727.1,10,0,8,12.7,Yes,Yes,20,0.6,BANKS,0.9,NA,No,63,1576.8,No,No,No,81,-18.7,NA,13.9,26.9,2026-08-07,AMAL,15,0,7,0,12,10,10,54,96,35,FALSE,FALSE,Pullback to 10SMA,Momentum Leader,57.9,Strong
5010,THC,Tenet Healthcare Corp.,NA,2.7,2.4,2.1,265.31,2.9,0,0,1,128.1,2978330,NA,0,A,No,Yes,No,No,No,4.82,10.2,0,1.41,6.73,0.65,0.65,38,38.82,13,13.1,4.53,4.71,NA,5,5.4,3,2,No,Yes,39.2,33.1,31.4,39.9,5,21,49,30,34,No,No,31.9,262.13,Medical-Hospitals,NA,10,77,Yes,9.97,335,Yes,10,14,-13,3.5,0,265.31,131,112,18,19.34,Yes,24,2.14,-1.2,91,95,96,1.13,277167,20664.4,5.34,80519,29.9,-55.5,25.5,35,D,30.2,NA,96,114,A,43.6,25,-1,31.3,2.6,16.1,44,21310,70,7,41,NA,4.8,1407,Yes,5.49,25,626,NA,No,1097,NA,No,No,Yes,0.97,0,No,52,1.7,11,3,New York Stock Exchange,No,92,No,4.53,-,99,79660.7,37,26,31.4,6.2,Yes,Yes,30.1,-0.4,MEDICAL,2.9,NA,No,66,32620,No,No,No,60.4,-30.5,NA,33.5,14.7,2026-08-07,THC,20,12,5,0,12,10,10,69,109,40,TRUE,FALSE,CANSLIM Growth,CANSLIM Growth,55.5,Strong
5434,WHD,Cactus Inc. Cl A,NA,4.7,4.6,4.5,68.91,4.4,13,3,0,126.1,3586247,08/30/2026,0.15,C,No,No,No,No,Yes,0.04,11.7,0.9,2.59,18.3,0.58,0.59,67,225.02,21,24.2,4,4.29,NA,16.6,22.2,28,7,Yes,Yes,-1.3,9.4,3.3,-1.1,13,39,-1,0,12,Yes,No,48.6,67.9,Oil&Gas-Machinery/Equip,NA,0,11,No,2.35,2.1,Yes,23,23,-1.6,5.2,0,68.91,31,65,8,2.95,Yes,41,-0.93,-1.46,91,89,95,1.14,46021,5495.5,4.21,69733.2,31.2,-20.7,30.7,21,C+,17.1,NA,84,82,B+,45.9,9,21,20.4,9.6,17.2,41,1079.1,-4,64,-12,NA,51.4,821,Yes,-0.64,12,656,NA,No,545,NA,No,No,No,3.47,0,Yes,41,0.8,-4,-4,New York Stock Exchange,No,89,Yes,3.81,Yes,99,69204.3,-8,-15,18.4,32.9,Yes,Yes,24.5,-2.9,ENERGY,4.4,NA,No,78,4322.7,No,No,No,74,23.6,NA,14.5,10.9,2026-08-07,WHD,25,0,7,0,12,10,10,64,101.66666666666667,50,TRUE,TRUE,Momentum Leader,CANSLIM Growth,34,Weak
3955,ASML,ASML Holding N.V.,NA,0.9,0.6,0.6,1761.31,6.9,0,0,0,2265.3,1284921,07/27/2026,0,E,No,Yes,No,No,No,0.38,60.4,0.5,1.33,47.39,3.09,3.17,90,208.57,32,34.9,5,4.89,NA,19,16.1,16,15,No,Yes,41.1,24.5,21.1,28.1,2,17,19,22,36,Yes,No,62.7,1740.99,Elec-Semiconductor Equip,NA,0,5,Yes,85.96,14.8,Yes,33,54,6.4,0.3,710.45,1999.96,5,23,13,32.28,Yes,10,2.15,-12.95,91,64,93,1.78,3565392,658285.5,4.61,388147.7,23.6,-46.5,-0.4,14.8,A,23.2,NA,89,20,E,9.6,48,38,-1.1,5.2,1.3,38,39017.5,-8,20,47,NA,18.5,2031,No,36.62,84,1065,NA,No,1322,NA,Yes,No,No,16.34,51,No,27,1,24,21,NASDAQ,No,75,Yes,26.89,-,89,385254.6,23,11,25.2,19.1,Yes,Yes,14,4.8,CHIPS,6.9,NA,No,9,646701.1,No,No,No,144.1,-46.2,NA,51.4,31.3,2026-08-07,ASML,20,8,5,0,12,5,10,60,82.66666666666667,55,TRUE,FALSE,CANSLIM Growth,CANSLIM Growth,38.7,Weak
3699,AGM,Federal Agricultural Mortgage Corp. Cl C,NA,3,3,2.8,248.28,3.5,0,0,0,64.3,380310,06/14/2026,0,A+,No,No,No,No,No,-1.94,117.5,2.8,0.11,32.31,0.76,0.92,35,50.83,11,23.2,3.08,3.08,NA,16.5,17.5,14,10,No,Yes,10.9,10.1,10.1,11.9,3,14,7,9,11,Yes,No,34.2,235.54,Finance-Mrtg&Rel Svc,NA,0,114,No,6.45,1614.5,Yes,26,13,-6.6,4.2,0,248.28,98,136,25,18.32,Yes,6,-0.58,-5.13,91,92,93,0.84,26957,2498.3,3.37,9322.1,34.3,-37.6,17.6,29,E,37.1,NA,81,130,A+,11,25,11,18.3,3.6,9.4,15,410.3,0,25,7,NA,19.1,141,Yes,-1.38,17,88,NA,No,354,NA,No,No,No,4.9,0,No,25,1.9,13,22,New York Stock Exchange,No,93,Yes,2.04,-,95,9122.1,-8,10,19.1,18.4,Yes,Yes,33,0.6,FINANCE,3.5,NA,Yes,47,32467.2,No,No,No,36.9,-12.2,NA,12.9,15.4,2026-08-07,AGM,15,0,5,0,12,10,10,52,102,25,FALSE,TRUE,Momentum Leader,Momentum Leader,50,Improving
5447,WKC,World Kinect Corp.,NA,7.5,6.9,6.9,40.85,-8.6,0,0,0,362.7,6500204,06/29/2026,0,A+,No,Yes,No,No,No,2.84,-515.4,2.3,1.06,8.21,0.73,0.84,34,0,13,-2,3.03,3.25,NA,3.4,8.7,3,-10,Yes,Yes,22.6,41.1,27.6,26.7,8,15,7,18,-27,Yes,No,55.5,36.43,Oil&Gas-Refining/Mktg,NA,0,31,No,1.17,63,Yes,27,13,0.7,13.2,0,41.2,22,1,23,2.88,Yes,13,-2.15,-11.58,91,77,92,0.76,41987,1904.4,3.48,51151.6,32.8,-13.4,10,35.4,A,30.2,NA,93,25,B,72,88,-29,6.9,-6.6,-3.3,42,36916.6,12,50,-12,NA,26.4,1210,Yes,-0.8,77,1059,NA,No,427,NA,No,No,No,0.04,0,No,119,1.6,56,-13,New York Stock Exchange,No,86,Yes,1.48,Yes,91,49088.5,-52,-13,87.4,15.1,Yes,Yes,28.1,-5.7,ENERGY,-8.6,NA,Yes,72,2631.8,No,No,No,44.7,17.2,NA,-37.8,0.4,2026-08-07,WKC,32,12,5,0,12,10,10,81,98.66666666666667,20,TRUE,TRUE,Momentum Leader,CANSLIM Growth,34,Weak
5065,TOELY,Tokyo Electron Ltd. ADR,NA,0,0,0,191.78,0.5,0,0,0,2265.3,0,03/30/2026,0,E,No,No,No,No,No,0.04,84.1,0.9,2.63,44.93,10.42,13.55,85,153.81,44,30.6,4.19,4.07,NA,2.2,1.3,0,9,No,Yes,10.7,13,9.9,8,11,3,18,8,17,No,No,60,175.21,Elec-Semiconductor Equip,NA,0,5,Yes,8.2,1.4,Yes,33,41,0,0,0,242.6,5,23,23,4.31,Yes,17,0.38,-27.78,91,43,87,0.37,90737,158949.4,4.19,936065.5,21,-69.3,-18.3,5.9,A,34,NA,83,20,D-,4.1,28,37,-13.3,0.4,-9.3,72,15597.7,62,20,-2,NA,4.9,435,No,0.67,52,118,NA,No,31,NA,Yes,No,No,9.94,0,No,33,1.9,3,2,US OTC,No,67,Yes,12.08,-,94,0,3,0,17.9,-0.3,Yes,Yes,10.7,-3.1,CHIPS,0.5,NA,No,0,166079.2,No,No,No,145.9,-67.6,NA,30,22.4,2026-08-07,TOELY,20,0,5,0,12,0,10,47,73.66666666666667,60,TRUE,FALSE,Other,Earnings Accelerator,38.7,Weak
5280,VCYT,Veracyte Inc.,NA,8.2,5.4,5.1,59.96,1.9,3.4,2,3,224.8,6674331,NA,0,C+,No,No,No,No,Yes,0.08,26.4,0,9.16,27.91,0.36,0.36,65,128.51,26,13.2,5.54,5.75,NA,16.6,17.3,25,20,No,Yes,536.8,291.3,260.6,314.2,50,62,110,114,5,No,No,12.2,47.22,Medical-Services,NA,5.1,104,No,3.25,2.7,No,59,22,-6,8.6,26.61,60.91,91,8,19,2.1,Yes,59,2.32,-22.48,91,52,85,1.89,72515,3710,6.01,80390.7,12,-39.2,-15.9,15.8,A+,30.5,NA,56,6,C,31.6,7,2,-11.7,-6.3,-13.2,44,517.1,130,15,474,NA,18.5,1385,No,1.07,-20,821,NA,No,578,NA,No,No,No,6.76,64,No,23,1,68,16,NASDAQ,No,73,Yes,2.73,-,85,78224,783,168,45.2,18.5,Yes,No,11.6,3.4,MEDICAL,1.9,NA,No,78,3336.8,No,No,No,70.6,-9.1,NA,5.3,17,2026-08-07,VCYT,15,15,5,0,12,10,7,64,81,25,FALSE,FALSE,CANSLIM Growth,CANSLIM Growth,55.5,Strong
5457,WLY,John Wiley & Sons Inc. Cl A,NA,9.7,8.5,7.2,57.45,0.2,3.7,2,0,573.2,3782633,07/06/2026,0,A,No,No,No,No,No,-3.35,13.5,2.7,0.54,10.7,2.61,6.19,32,49.28,11,12.8,4.09,4.23,NA,-1.2,-0.1,-5,-7,No,No,18.4,16.9,13.8,13.7,6,2,6,16,18,Yes,No,70.8,52.33,Media,NA,0,120,Yes,2.13,87.3,No,54,12,-15.4,9.7,0,57.45,100,99,71,4.23,Yes,11,-2.46,-8.91,91,76,85,0.74,26287,2728.9,3.88,42001,35.9,-14.1,0.1,28.6,C-,79,NA,70,102,B+,1.2,15,10,8.1,-2,1.5,68,1676.5,31,1,14,NA,1.3,548,Yes,-1.32,-18,460,NA,No,454,NA,No,No,No,1.31,0,No,22,1.5,15,0,New York Stock Exchange,No,87,Yes,3.14,-,95,39129.2,13,4,18.7,0.4,Yes,Yes,31.3,0.2,MEDIA,0.2,NA,No,68,3457.6,Yes,No,No,36.6,-31.1,NA,27.7,30.2,2026-08-07,WLY,10,8,5,0,12,10,10,55,91,30,FALSE,FALSE,Momentum Leader,CANSLIM Growth,52.8,Improving
5458,WLYB,John Wiley & Sons Inc. Cl B,NA,4.3,3.9,4.2,55.51,0.8,3.7,2,0,573.2,1252,07/06/2026,0,A+,No,No,No,No,No,-3.35,13.6,2.7,0.54,10.99,2.72,6.36,34,49,11,12.8,1.85,1.63,NA,-1.2,-0.1,-5,-7,No,No,18.4,16.9,13.8,13.7,6,2,6,16,18,Yes,No,74.2,53.78,Media,NA,0,120,Yes,0.82,87.3,No,54,13,7,0.2,0,55.51,100,99,59,4.23,Yes,11,-0.92,-3.12,91,84,85,0.56,24,2728.9,1.3,8759.3,38.7,-88.2,2.3,28.5,C-,80.5,NA,67,102,B+,1.2,15,10,11.4,1.1,4.2,65,1676.5,31,1,14,NA,1.3,2,Yes,-0.5,-18,0,NA,No,6,NA,No,No,No,0.28,0,Yes,22,0.2,15,0,New York Stock Exchange,No,91,Yes,3.22,-,97,543.4,13,4,18.7,0.4,Yes,Yes,34,0,MEDIA,0.8,NA,No,6,3448.5,No,No,No,41.9,3998.4,NA,27.7,30.2,2026-08-07,WLYB,10,8,7,0,12,5,10,52,96.66666666666667,30,FALSE,FALSE,Pullback to 10SMA,Momentum Leader,52.8,Improving
4482,GHM,Graham Corp.,NA,2.1,2.2,2.1,112.19,16.5,0,0,1,743.3,564129,11/07/2021,0,E,No,No,No,No,No,0.61,-7439,0,1,78.07,0,0,96,357.31,62,6,6.5,5.93,NA,19.3,21.4,19,15,No,Yes,47.4,0.7,-1.1,10.2,6,-,89,-17,10,No,No,73.9,111.68,Machinery-Gen Industrial,NA,1.5,41,No,6.34,13.1,Yes,66,107,-4.1,5.1,0,125.82,86,73,29,1.04,Yes,0,6.4,-11.24,91,76,83,1.05,29760,1227.1,6.19,11691.1,32.7,-8.5,5.2,15,B,34.2,NA,69,54,D-,22.2,42,40,4.5,10.9,7.6,2,245.3,164,29,1,NA,20.8,281,No,6.72,50,255,NA,No,252,NA,No,No,No,5,0,No,-21,0.9,-55,17,New York Stock Exchange,No,89,Yes,8.81,-,103,11098.9,79,-7,-38.2,20.7,No,No,21.5,13,MACHINE,16.5,NA,No,48,1235,Yes,No,No,126.8,-30.3,NA,9.6,5.5,2026-08-07,GHM,7,0,5,0,12,10,10,44,85.33333333333333,25,FALSE,TRUE,Other,Momentum Leader,43.1,Weak
4558,GRDN,Guardian Pharmacy Services Inc. Cl A,NA,8.1,7.2,6.3,47.02,10.9,3.4,2,3,224.8,2791798,NA,0,E,No,No,No,No,No,0.44,34,0,1.46,27.67,0,0,82,205.16,33,5.1,4.29,4.47,NA,11.3,10.5,0,0,No,Yes,533.9,71.4,51.3,48.4,18,-,-,51,28,No,No,45.7,43.83,Medical-Services,NA,5.1,104,No,1.81,16.4,No,59,37,-12.7,9,0,47.02,91,8,7,1.2,No,0,11.05,-6.78,91,81,80,0.77,16078,2499.3,3.89,49781.2,25.9,169.5,9.7,20.8,A+,29.4,NA,58,6,E,10.8,21,10,7.4,6.9,8,28,1448.7,-560,2,160,NA,2.2,392,No,4.36,26,1045,NA,No,320,NA,No,No,No,1.49,0,No,26,1,93,18,New York Stock Exchange,Yes,88,Yes,12.56,-,105,31130.7,95,-9,59.7,7.3,Yes,No,19.7,5.3,MEDICAL,10.9,NA,No,57,2543.6,Yes,Yes,Yes,114,1,NA,28.3,6.2,2026-08-07,GRDN,15,15,10,10,12,10,10,82,91,40,FALSE,FALSE,CANSLIM Growth,CANSLIM Growth,55.5,Strong
5533,XMAX,XMAX Inc.,NA,4.2,3.8,6.6,9.31,5.5,0.9,1,8,5415.1,10076566,NA,0,E,No,No,No,No,Yes,0.28,-410.7,0,12.96,-407.11,0,0,17,0,0,-23.9,3.56,3.36,NA,47,56,-1,12,No,Yes,83.6,73.4,77.7,81.6,94,55,95,213,-22,No,No,51.5,9.09,Comp Sftwr - Enterprise,NA,7,137,No,0.29,18.6,No,114,0,73.1,15.8,1.41,9.31,108,39,37,-0.13,Yes,0,-0.87,-2.36,91,70,77,0.57,10025,583.2,2.88,63602.3,30.2,-69.5,4.2,10.2,A+,47.3,NA,66,9,E,0,0,0,5.6,3.5,4.9,17,16.7,70,-32,89,NA,-22.1,1167,Yes,-0.08,0,342,NA,No,49,NA,No,No,No,36.43,17,Yes,57,1.4,72,73,NASDAQ,No,84,Yes,12.06,-,69,63602.3,91,90,64.5,76.3,Yes,No,22.6,145,SOFTWARE,5.5,NA,No,11,580.2,No,No,No,356.8,-56.2,NA,-22,10.8,2026-08-07,XMAX,20,15,7,0,12,7,10,71,81.33333333333333,35,FALSE,FALSE,CANSLIM Growth,CANSLIM Growth,58.7,Strong
5034,TKR,Timken Co.,NA,3.3,3.2,3,143.17,-5.2,3.4,1,2,140.5,3261632,08/17/2026,0.36,E,No,No,No,No,Yes,1.19,23.6,1.1,2.88,16.51,7.11,10.84,64,113.9,20,9.1,3.54,3.71,NA,4.2,5.4,3,-1,No,Yes,4,15.5,14.5,9,19,2,-9,14,7,Yes,No,54.9,130.33,Metal Products - Distributors/Fabrication,NA,6.9,17,No,5.15,62.3,No,29,22,-6.2,5.2,0,146.37,20,63,13,6.01,Yes,13,1.31,-10.96,91,51,76,1.18,135879,8915,3.81,69296.8,22.5,-21.9,-5.6,12,A-,22.9,NA,63,35,E,12.9,18,17,-5,-3.5,-4.9,48,4581.8,-18,7,-8,NA,7.7,997,No,1.68,9,779,NA,No,718,NA,No,No,No,1.9,0,No,29,0.9,19,0,New York Stock Exchange,No,70,Yes,2.82,-,92,63089,-2,11,24.1,6.3,Yes,Yes,13.4,3.5,METALS,-5.2,NA,Yes,65,10795.4,No,No,No,76.3,59,NA,9.6,8,2026-08-07,TKR,15,8,5,0,12,10,10,60,72.66666666666667,20,TRUE,FALSE,CANSLIM Growth,CANSLIM Growth,58.9,Strong
4389,FTRE,Fortrea Holdings Inc.,NA,7.4,6.4,7.2,21.39,-3.9,2.7,1,1,599.6,10256753,NA,0,A,No,No,No,No,No,-44.09,13.3,0,0.96,14.81,0,0,77,0,19,-36.1,6.35,5.95,NA,-0.2,-2,0,-5,No,No,251.1,223.7,155.8,271.3,8,-,-30,1,-102,No,No,6.8,18.43,Medical - Research,NA,2.7,108,No,1.09,195.6,No,37,31,11.8,10.9,6.07,21.39,137,41,15,0.6,No,0,4.18,-13.84,91,82,71,1.68,27016,1682.3,6.06,95100,33,-34.6,5.4,18.4,A,25.8,NA,48,21,B,27.5,95,27,5.7,-3.3,-1,52,2723.4,-76,-5,30,NA,-3.4,1542,Yes,0.74,78,990,NA,No,406,NA,No,No,No,0.65,85,No,21,1.2,700,1,NASDAQ,No,84,Yes,3.34,-,40,94349.7,-50,-48,360.5,-4,Yes,Yes,30.6,8.8,MEDICAL,-3.9,NA,Yes,69,2753.1,No,No,No,154.6,15.1,NA,-102.4,-1.9,2026-08-07,FTRE,10,15,5,0,12,10,10,62,88.33333333333333,0,FALSE,FALSE,CANSLIM Growth,CANSLIM Growth,55.5,Strong
3838,ANDG,Andersen Group Inc.,NA,8.6,10,8.5,50.48,5,0,0,2,81.2,2764220,NA,0,C,No,No,No,No,Yes,1.15,0,0,2.36,3.4,0,0,73,184.54,26,-15.2,6.12,5.96,NA,15,15.3,0,0,No,No,-275,12.2,-420,-331.3,18,-,-,-72,-8,No,No,91.6,49.68,Comml Svcs-Consulting,NA,5.3,89,No,2.48,0,No,38,27,-15.1,20.6,0,50.48,119,100,130,1.82,No,0,1.39,-1.58,91,94,60,0.78,14926,5533.7,5.52,13472.2,0,-27.3,22.6,38.1,C,131.9,NA,17,93,C,25.1,-10,24,21.7,4,10.1,33,838.7,14,16,-84,NA,17.7,369,Yes,0.68,101,259,NA,No,77,NA,No,No,No,0.77,0,Yes,-86,0.9,109,15,New York Stock Exchange,Yes,97,No,-0.81,-,98,13397.6,14,-1716,11.4,16.7,No,No,55.4,8.5,BUSINS SVC,5,NA,No,88,862.2,No,No,No,0,-18.6,NA,-7.6,0.2,2026-08-07,ANDG,5,0,10,0,12,10,0,37,96.66666666666667,25,FALSE,FALSE,Other,Momentum Leader,59.6,Strong
5466,WNC,Wabash National Corp.,NA,4.9,3.8,3.9,13.57,2.9,0,0,0,57.5,3792053,07/01/2026,0,B,No,No,No,No,No,3.88,-64.1,2.5,1.31,46.27,0,0,22,5.44,0,18.4,6.45,5.57,NA,-17.4,-17.5,-5,-20,Yes,No,-940.9,-1635,-1318.4,-1079.4,3,-18,-96,-217,76,No,No,49.5,12.93,Transportation-Equip Mfg,NA,0,24,No,0.73,126.9,Yes,9,0,1.4,9.9,0,14.32,36,17,1,-3.14,No,0,2.95,-9.71,91,87,53,1.1,14311,511.7,5.8,40737.2,33.5,-26.1,5.2,65.8,A-,17.2,NA,4,32,B,5.4,-2,156,11.5,1.8,-0.3,22,1542.8,-75,-9,-276,NA,-14.7,1208,No,0.37,11,847,NA,No,241,NA,No,No,No,0.37,0,No,-253,1.1,-102,-21,New York Stock Exchange,No,90,Yes,1.8,Yes,100,38513.1,-4550,-368,-177.5,-17.4,No,No,28.8,-6.2,TRANSPORTATION,2.9,NA,No,62,965.2,No,No,No,27.4,-15.6,NA,76,-5.5,2026-08-07,WNC,0,0,5,0,12,10,10,37,97,25,FALSE,FALSE,Other,Momentum Leader,49.2,Improving
4654,HELE,Helen of Troy Ltd.,NA,3.8,3.5,4.3,29.94,7.7,2,1,1,977,2698887,NA,0,C-,No,No,No,No,No,2.15,17.3,0,1.78,4,0,0,18,0,8,-46.8,5.94,5.91,NA,-3.6,-1.8,-5,-4,Yes,No,-45.6,-53,-52.5,-53.7,17,-20,-27,-54,-72,No,No,40.1,29.77,Cosmetics/Personal Care,NA,2,90,No,1.64,101.3,Yes,50,9,23.2,11.9,13.85,30.68,105,93,45,3.3,No,14,3.3,-2.97,91,86,41,1.07,14828,671.3,5.76,23292.1,39.2,-63.4,6.2,15.3,D,58.7,NA,14,113,B,817.4,1,11,7.7,4,5.8,86,1786.3,0,8,-50,NA,2.5,543,Yes,0.95,-14,196,NA,No,261,NA,No,No,Yes,0.38,89,No,-59,1.1,-64,-6,NASDAQ,No,93,Yes,0.82,Yes,92,22723.5,-36,-51,-61.5,0.5,No,No,35.7,2,CONSUMER,7.7,NA,Yes,52,1507.8,No,No,No,35.4,-38.3,NA,-72.5,8.9,2026-08-07,HELE,0,0,5,0,12,10,10,37,79.66666666666667,5,FALSE,FALSE,Other,Momentum Leader,55.4,Strong
4118,ERO,Ero Copper Corp.,NA,2.7,2.7,3.5,34.34,27.5,0,0,0,934.2,4590304,NA,0,D,No,Yes,No,Yes,No,17.75,21,0,1.37,10.14,0,0,31,41.59,7,42.1,5.79,5.28,NA,85.4,96.9,13,34,No,No,160.6,229.8,172.3,169,13,-2,52,152,35,No,No,21.3,34.31,Mining-Metal Ores,NA,0,15,Yes,1.38,59.9,No,69,12,27.2,4.5,0,39.8,18,95,-15,2.83,Yes,58,10.32,-13.79,90,96,99,1.42,30218,3244.8,5.34,104302.6,25.1,152.9,37.8,26.6,B,12.1,NA,99,56,B+,12.7,83,21,24.7,21.1,27.6,88,785.8,-10,74,172,NA,92.1,1127,No,3.21,341,2753,NA,No,440,NA,No,No,No,3.43,0,No,80,1.2,97,67,New York Stock Exchange,No,84,No,2.95,Yes,109,101780.5,512,0,88.8,115.2,Yes,Yes,19.5,0,MINING,27.5,NA,No,62,3700.1,Yes,Yes,Yes,149.2,27.8,NA,34.6,31.5,2026-08-07,ERO,30,15,5,10,12,10,10,92,105,45,FALSE,FALSE,CANSLIM Growth,CANSLIM Growth,52.3,Improving
4123,ESCA,Escalade Inc.,NA,5.2,5,5.5,23.07,13.8,0,0,2,60.8,215950,10/05/2026,0.15,A+,No,Yes,No,No,Yes,0.07,10.1,3.1,3.21,10.1,0,0,38,52.55,40,7.5,4.26,4.75,NA,-1.7,1.2,-7,-4,Yes,No,90.8,177.9,133.4,99.7,24,-11,24,77,5,Yes,No,67.5,22.6,Leisure-Products,NA,6.1,65,Yes,0.92,7,Yes,33,14,10.1,2.6,11.41,23.07,48,34,39,1.67,No,37,1.62,-2.06,90,89,99,0.82,729,306.2,4.94,13766.1,40.1,-1.8,23.4,14.1,A-,57.9,NA,98,39,A+,325,58,0,18.5,7.7,13.7,95,240.2,31,6,6,NA,3.4,38,Yes,0.36,-17,36,NA,No,152,NA,No,No,No,1.28,43,Yes,423,1.3,68,-5,NASDAQ,Yes,93,Yes,1.7,-,83,8188,42,0,245.7,1.5,Yes,Yes,30.5,0,LEISURE,13.8,NA,Yes,28,315.3,No,No,No,85.7,90.2,NA,8,16.3,2026-08-07,ESCA,25,15,10,0,12,10,10,82,97.66666666666667,40,TRUE,FALSE,CANSLIM Growth,CANSLIM Growth,44.8,Weak
4302,FMAO,Farmers & Merchants Bancorp Inc.,NA,1.8,2.1,2,35.94,4.7,0,0,4,534.9,204521,07/09/2026,0,A+,No,Yes,No,No,No,-0.17,13.2,2.8,0.12,13.01,3.19,12,30,45.39,11,22.5,3.56,4.21,NA,18.6,18.7,7,10,No,Yes,34.1,35.7,35.1,34.8,124,1,15,33,6,Yes,No,41.3,34.92,Banks-Regional,NA,1.5,42,Yes,1.33,72,Yes,270,12,-2.6,1.6,22.77,35.94,62,20,9,2.91,Yes,19,1.87,-2.84,90,90,99,0.77,2836,472.1,4.7,13773.2,29,271.3,15.2,26.2,B+,23.4,NA,91,46,A+,27.7,31,3,15.1,3,8.7,57,121.4,13,16,28,NA,15.7,94,Yes,0.64,26,341,NA,No,184,NA,No,No,No,3.69,81,No,54,2.5,37,6,NASDAQ,No,91,Yes,1.18,Yes,81,12741.1,16,33,45.4,17.5,Yes,Yes,25.9,14.3,BANKS,4.7,NA,No,23,679,Yes,Yes,Yes,47.5,31.6,NA,9.3,22.9,2026-08-07,FMAO,25,12,5,10,12,10,10,84,103,15,TRUE,FALSE,Momentum Leader,CANSLIM Growth,57.9,Strong
5113,TRV,Travelers Cos. Inc.,NA,4.2,4.6,3.8,398.69,2.7,1.6,2,5,2437.5,6552038,09/09/2026,1.25,A-,Yes,Yes,No,No,No,-0.23,7.2,1.3,0.34,8.25,0.49,0.52,23,39.75,13,16,2.45,2.61,NA,0.9,0.2,9,5,No,Yes,89.2,126.5,108.7,118.8,9,20,55,64,18,No,No,32.5,384.31,Insurance,NA,3.9,105,Yes,9.22,28.4,Yes,129,10,-16.9,3.2,0,398.69,97,32,15,37.02,Yes,26,-0.44,-3.61,90,86,99,0.42,672180,80510,2.72,208575,26.8,-37.4,11.8,28.6,B,27.5,NA,99,60,A,85.7,24,-11,14.1,0.3,4,58,44387,64,0,28,NA,-0.9,2053,Yes,-1.69,-17,1235,NA,No,2863,NA,No,No,No,1.81,0,No,54,1.9,304,5,New York Stock Exchange,No,88,Yes,2.42,Yes,99,207506.7,22,55,178.9,-0.2,Yes,No,24.1,1.1,INSURANCE,2.7,NA,No,50,88439.5,No,No,No,44.8,-12,NA,20.7,18.2,2026-08-07,TRV,20,15,5,0,12,10,10,72,101.66666666666667,40,FALSE,FALSE,Pullback to 10SMA,CANSLIM Growth,60.8,Strong
5022,TILE,Interface Inc.,NA,7.5,7.5,7.5,40.5,11.8,1.6,1,5,661.9,4506742,06/04/2026,0,B+,No,Yes,No,No,Yes,0.77,14.3,0.3,2.43,13.49,1.12,1.14,48,72.17,35,9.9,3.28,3.22,NA,6.1,5.6,4,4,No,Yes,39.3,51.6,45.5,46.4,40,14,37,42,20,No,No,37.1,38.29,Building - Construction Products,NA,7.8,63,Yes,1.09,38.5,No,64,16,-0.1,8,24.4,40.5,55,79,-10,2.39,Yes,19,9.09,-5.46,90,96,98,1.19,16894,2037.8,3.08,58056.2,29.5,137.8,13.8,39,B,10.6,NA,98,51,A,37.6,13,7,16.4,10.1,13.3,72,1386.9,46,5,33,NA,6.1,519,Yes,3.19,2,1184,NA,No,495,NA,No,No,No,1.56,45,Yes,47,1.6,64,5,NASDAQ,Yes,93,Yes,3.5,-,65,56483.2,44,27,55.3,5.5,Yes,Yes,26.2,0,BUILDING,11.8,NA,No,71,2246.2,Yes,Yes,Yes,53.9,-0.6,NA,20.6,13,2026-08-07,TILE,15,15,10,10,12,10,10,82,109.66666666666667,50,FALSE,FALSE,Momentum Leader,CANSLIM Growth,53.7,Improving
3592,ABNB,Airbnb Inc. Cl A,NA,3.9,3.8,3.6,178.48,17.5,5.9,1,3,299.6,13994933,NA,0,A,No,No,No,No,Yes,0.21,14.8,0,1.44,23.88,0.75,0.75,84,166.71,32,25.5,3.08,2.97,NA,13.8,14,20,12,No,Yes,0,6,5.5,8.3,7,54,-14,4,30,Yes,No,31.2,178.07,Leisure-Travel Booking,NA,17.6,129,No,4.36,2.5,No,17,40,-6.3,3.5,110.81,178.48,128,56,12,4.4,Yes,85,17.43,-0.23,90,96,94,1.54,514288,91394.2,2.89,417930.2,33.5,349.2,19.7,26.8,A,45.7,NA,42,19,A+,8.7,30,18,24.1,15.7,19.4,45,12241,-43,17,-2,NA,17.2,3735,Yes,26.43,29,15915,NA,No,2745,NA,No,No,No,5.66,97,Yes,33,1,8,11,NASDAQ,Yes,96,Yes,13.88,-,99,402963.9,-23,4,20.7,15.5,Yes,Yes,30.9,0.8,LEISURE,17.5,NA,No,53,80375.7,Yes,Yes,Yes,48.4,60.2,NA,30.2,22.6,2026-08-07,ABNB,20,0,10,10,12,10,10,72,103.33333333333333,40,TRUE,FALSE,Breakout,CANSLIM Growth,44.8,Weak
4823,IFS,Intercorp Financial Services Inc.,NA,1.3,1.3,1.5,60.8,1.1,2.4,1,4,2115.7,459604,04/23/2026,0,D+,No,Yes,No,No,No,-0.35,4.4,3.1,0.38,6.44,1.06,1.53,25,42.08,10,24.4,3.42,3.02,NA,9.6,9,7,-1,No,Yes,86.5,27.9,51,86.5,12,7,24,38,11,No,No,39.1,58.94,Banks-Foreign,NA,9.5,78,Yes,1.76,51.8,Yes,42,11,15.3,1.6,0,61.38,89,35,5,5.52,Yes,31,-0.05,-3.98,90,73,93,0.56,17047,6909.5,3.03,115447.7,22.4,-54.1,1.2,31.3,B,15.9,NA,90,61,D,10.7,16,11,4.6,0.4,-0.5,68,2829.1,-1,15,104,NA,4.5,302,No,-0.03,0,136,NA,No,200,NA,No,No,No,2.63,0,No,46,1.4,15,9,New York Stock Exchange,No,76,Yes,1.85,-,97,29532.4,22,120,30.6,6.2,Yes,Yes,16.9,-3.4,BANKS,1.1,NA,No,41,6964.4,No,No,No,58.4,-28.8,NA,16.5,19.6,2026-08-07,IFS,20,12,5,0,12,10,10,69,97.33333333333333,35,TRUE,FALSE,CANSLIM Growth,CANSLIM Growth,57.9,Strong
4964,IX,Orix Corp. ADR,NA,2.2,2.7,2.1,42.39,-0.5,0,0,0,123.2,613730,03/30/2026,0,E,No,Yes,No,No,No,8.66,7,2,2.75,4.92,0.98,1.18,30,57.78,11,21.8,2.18,2.17,NA,11.4,11.5,-1,5,No,Yes,29.4,36.7,40.2,42.2,7,10,21,37,8,No,No,37.2,40.09,Finance-Consumer Loans,NA,0,101,Yes,0.86,137.9,No,21,12,-24.5,0.1,0,42.39,107,47,19,3.42,Yes,13,-2.91,-5.43,90,56,90,0.74,10771,42907.4,2.31,1124106.6,22.2,-24.1,1.9,20.8,A-,24.1,NA,92,40,E,39.7,62,-29,1.7,-0.3,0.2,53,21129.4,8,9,27,NA,11,279,Yes,-1.2,98,204,NA,No,20,NA,Yes,No,No,2.07,0,Yes,108,1.7,1,12,New York Stock Exchange,No,73,Yes,1.56,Yes,95,1095013.8,1,51,54.5,11.5,Yes,Yes,15.2,-13,FINANCE,-0.5,NA,Yes,0,74147.4,No,No,No,60.9,-25.8,NA,10.7,31.5,2026-08-07,IX,25,12,7,0,12,0,10,66,85.66666666666667,35,TRUE,FALSE,Momentum Leader,CANSLIM Growth,50,Improving
5002,TGB,Trekor Metals Ltd.,NA,1.7,1.5,1.8,8.88,22.9,0,0,0,934.2,8951587,NA,0,E,No,No,No,No,No,12.89,-24.7,0,1.24,25.74,2.76,2.76,81,1501.73,12,-7.4,6.91,7.09,NA,59.5,78.2,13,20,Yes,No,135.6,384.7,280,196,12,13,4,70,-5,No,No,47,8.32,Mining-Metal Ores,NA,0,15,No,0.5,105.2,Yes,69,36,17.2,2.5,0,9.25,18,95,-5,0.23,Yes,0,0.97,-10.05,90,91,90,1.71,38908,3019.7,7.59,365633.2,25.8,-29.8,27.4,14.8,B,6,NA,82,56,C,-5.8,696,75,16.1,12.3,13.4,19,491.8,20,179,-62,NA,125.8,5657,Yes,0.08,746,4054,NA,No,277,NA,No,No,No,4.27,0,No,370,0.9,504,9,NYSE American,No,80,No,5.04,-,94,359363.9,280,-34,436.9,100.7,Yes,Yes,15.4,-1.1,MINING,22.9,NA,No,28,3480.4,No,No,No,167.5,34.7,NA,-4.7,6.8,2026-08-07,TGB,35,15,5,0,12,10,10,87,95.33333333333333,20,FALSE,TRUE,CANSLIM Growth,CANSLIM Growth,52.3,Improving
5160,TX,TERNIUM S.A. ADR,NA,1.1,1.2,1.2,54.38,9.5,0,0,0,228.5,613626,05/13/2026,0,B-,No,No,No,No,Yes,0.33,-342.2,4.5,2.63,4.5,0,0,47,71.75,8,3.6,3.28,3.16,NA,-3.4,-1.1,2,-3,Yes,No,48.5,60.1,59.5,74.5,6,-42,-52,1,2,No,No,41.1,53.9,Steel-Producers,NA,0,9,No,1.45,16.3,Yes,16,16,1.1,0.3,0,54.38,13,33,7,3.42,No,0,3.87,-0.88,90,91,86,0.92,28704,10186.4,3.13,196307.7,28,58.3,26.1,16.6,A,24,NA,49,22,A,46.7,154,18,14.8,7.1,13.1,89,15609.1,-103,10,915,NA,5,600,Yes,2.01,505,941,NA,No,172,NA,Yes,No,No,0.66,0,Yes,37,2.6,221,-11,New York Stock Exchange,Yes,91,Yes,0.87,-,100,196281.8,-77,58,128.7,2.5,Yes,Yes,22.9,6.2,METALS,9.5,NA,No,9,10017.9,No,No,No,72.4,94.6,NA,3.6,5.4,2026-08-07,TX,15,15,10,7,12,5,10,74,99,25,FALSE,FALSE,Breakout,CANSLIM Growth,58.9,Strong
4683,HLIO,Helios Technologies Inc.,NA,2.5,2.5,2.4,84.76,7,0,0,1,743.3,936440,07/09/2026,0,E,No,No,No,No,Yes,1.43,23.6,0.6,2.86,21.81,0,0,75,174.09,28,7.4,3.69,3.66,NA,7.3,11,1,-1,No,No,35.2,83.1,60.4,44.9,39,-13,-9,51,5,No,No,55.9,83.39,Machinery-Gen Industrial,NA,1.5,41,Yes,3.02,40.5,No,66,29,-5.8,2.8,0,95.05,86,73,4,2.92,No,23,1.3,-12.27,90,65,80,1.24,28894,2720.4,3.37,33046.4,21.3,-14.4,4.2,22.7,B,15,NA,81,54,E,16.1,15,14,0.4,4.7,4,52,839,-10,17,22,NA,17.1,348,No,1.07,36,295,NA,No,423,NA,No,No,No,3.16,0,No,82,1,145,4,New York Stock Exchange,No,75,Yes,2.95,-,98,32898.9,22,-8,113.6,15.8,Yes,Yes,13.5,5,MACHINE,7,NA,No,58,3035.9,No,No,No,72.3,-12.8,NA,5.4,8.6,2026-08-07,HLIO,25,15,5,0,12,10,10,77,85.33333333333333,30,FALSE,FALSE,CANSLIM Growth,CANSLIM Growth,43.1,Weak
5364,VSH,Vishay Intertechnology Inc.,NA,2.8,2.2,1.9,39.41,3.5,0,0,1,544.3,15437522,06/17/2026,0,D-,No,No,No,No,No,0.73,-946.4,1.2,1.8,26.08,0,0,96,672.43,26,0.8,10.38,9.82,NA,11.3,13.4,-1,-4,No,No,72.9,247.4,173,110.2,4,-32,-100,-226,0,Yes,No,144.4,35.41,Electronic-Parts,NA,4.3,53,No,4.15,50.1,No,23,122,-12.6,11,0,69.47,23,14,53,0.29,No,0,8.02,-49.03,90,31,77,1.58,391530,5027.7,9.57,139030.8,30.1,-39.6,-16.1,8.7,A,77.5,NA,80,14,D-,30.8,1797,110,-26.4,3.1,-5,-,3069,-80,17,-110,NA,17,7795,No,2.63,615,4707,NA,No,501,NA,No,No,Yes,1.48,0,No,371,0.9,267,4,New York Stock Exchange,No,74,Yes,1.86,-,90,139867.1,104,-50,319,15.3,Yes,Yes,13,18.7,ELECTRNCS,3.5,NA,No,65,5647.1,No,No,No,147.6,-3.6,NA,-0.4,3.2,2026-08-07,VSH,30,15,5,0,12,10,10,82,66,25,TRUE,FALSE,CANSLIM Growth,CANSLIM Growth,49.3,Improving
3993,ATNI,ATN International Inc.,NA,2.5,2.7,2.9,32.27,34.3,2.6,1,2,911.6,227552,06/29/2026,0,E,No,No,No,No,Yes,6.51,23.4,4.9,1.63,3.63,0,0,3,11.54,38,-3.8,4.83,5,NA,1.4,2,5,-2,No,Yes,320.2,692.4,546.3,398,25,-8,-17,96,-4,Yes,No,40.2,31.97,Telecom Svcs- Foreign,NA,5.3,93,No,1.23,147.5,Yes,38,3,10,2.3,13.86,32.27,44,116,5,11.64,Yes,0,4.37,-0.94,90,92,75,0.52,1968,471.1,5.18,15380.9,31,103.5,31.8,24.3,D+,24,NA,61,107,C,9954.8,991,-91,24.8,25.3,30.6,97,728,-39,2,20,NA,1.7,78,No,1.34,6,152,NA,No,215,NA,No,No,No,0.67,84,No,2255,1.5,58,0,NASDAQ,No,90,No,1.09,Yes,97,9953.4,-236,108,1156.3,1.8,Yes,Yes,23,3.9,TELECOM,34.3,NA,Yes,54,1047.5,No,No,No,92.5,42.6,NA,-3.2,90.7,2026-08-07,ATNI,25,15,5,7,12,10,10,84,95.66666666666667,15,TRUE,FALSE,CANSLIM Growth,CANSLIM Growth,38.6,Weak
5197,UHAL,U-Haul Holding Co.,NA,8.2,7.1,7.1,76.45,6.1,5.6,1,0,185.8,1782320,NA,0,A,No,No,No,No,Yes,9.75,-16.1,0,1.74,8.22,0,0,99,1992.8,60,1.9,2.97,2.62,NA,3.4,3,2,2,Yes,No,-189.7,-81.2,-72.4,-63.6,12,-50,-71,-91,1,Yes,No,49.3,75.27,Comml Svcs-Leasing,NA,0,68,No,1.83,106.6,Yes,18,538,-0.8,23,0,76.45,46,48,36,0.14,No,0,0.23,-1.54,90,92,74,0.93,15873,12991.9,2.69,19435.6,36.2,-10.6,13,44.4,A,50.8,NA,11,24,A+,-12.6,374,90,13.7,3.2,5.2,-,6037.8,-44,3,-86,NA,3.1,248,Yes,0.17,63,222,NA,No,293,NA,No,No,No,0.24,0,Yes,-15,1.9,-52,4,New York Stock Exchange,No,93,Yes,1.92,-,98,7739.4,-177,-46,-33.4,2.7,No,Yes,33.9,2.8,FINANCE,6.1,NA,No,76,21516.9,No,No,No,28.8,-11.7,NA,0.6,6.8,2026-08-07,UHAL,0,0,7,0,12,10,10,39,100.33333333333333,5,FALSE,FALSE,Other,Momentum Leader,50,Improving
3986,ATKR,Atkore Inc.,NA,2.6,2.8,2.9,93.83,28.4,1.6,1,5,661.9,1245091,08/17/2026,0.33,D,No,No,No,No,Yes,0.85,61.4,1.8,2.73,8.06,0,0,60,0,15,-0.7,4.24,4.5,NA,-0.8,1.7,-3,-8,Yes,No,-41.6,-23.7,-35.6,-39.9,43,-22,-44,-41,-1,Yes,No,48.2,93.71,Building - Construction Products,NA,7.8,63,No,3.32,64.4,Yes,64,20,3.7,3.8,0,93.83,55,79,29,4.67,No,45,0.05,-0.13,90,91,67,1.52,58700,3163.1,4.68,33772.6,34.1,101.2,35.3,26.7,B,38.4,NA,24,51,A,25.5,-8,13,20,12.1,19.7,49,2850.4,-25,8,-58,NA,6.2,691,Yes,0.05,148,1398,NA,No,492,NA,No,No,No,1.08,0,Yes,18,1.5,-40,-11,New York Stock Exchange,No,93,Yes,2.48,-,100,33103.9,-49,-72,-11,3.8,No,Yes,31.3,1.7,BUILDING,28.4,NA,No,65,3588.3,No,No,No,70.4,916.9,NA,-1,0.1,2026-08-07,ATKR,10,0,7,10,12,10,10,59,92.66666666666667,10,FALSE,FALSE,CANSLIM Growth,CANSLIM Growth,53.7,Improving
3730,AIRJ,AirJoule Technologies Corp.,NA,3.7,3.5,3.2,6.3,40,1.6,1,5,661.9,4890726,NA,0,A,No,No,No,No,Yes,0,-17,0,23.23,-62.14,0,0,-,0,0,0,11.29,10.51,NA,0,0,0,0,No,No,-825.8,-253.6,-187.3,-96.2,53,-,-66,-330,-3,No,No,50.3,5.92,Building - Construction Products,NA,7.8,63,No,0.47,0,No,64,0,-7.1,13.4,2.22,6.75,55,79,80,-1.15,No,0,5.9,-12.3,90,98,52,0.56,8887,404.7,10.49,72400.6,53.7,40.4,30.8,70.1,B,83.3,NA,4,51,A+,-1084,-423,63,27.5,19.2,32.1,-,0,8296,0,-104,NA,0,1851,No,0.33,-287,2561,NA,No,101,NA,No,No,No,NA,39,No,-385,1.1,-236,0,NASDAQ,No,98,No,1.68,-,81,36386.9,-140,12,-310.3,0,No,No,56.2,18.8,BUILDING,40,NA,No,20,383,No,No,No,31.3,39.7,NA,-3.5,0,2026-08-07,AIRJ,0,0,5,5,12,10,10,42,100,25,FALSE,FALSE,Other,Momentum Leader,53.7,Improving
4205,FBIZ,First Business Financial Services Inc.,NA,2,3.3,3.5,73.48,1.3,0,0,4,534.9,154110,08/11/2026,0.34,A+,No,Yes,No,No,No,-0.05,8.5,1.9,0.06,8.9,0.84,0.99,25,41.82,11,21.7,2.66,2.75,NA,9.9,10.3,10,9,Yes,Yes,18.6,12.6,18.7,16.9,67,11,16,13,11,Yes,No,31,71.12,Banks-Regional,NA,1.5,42,Yes,1.82,36.9,Yes,270,11,7.3,2,46.07,73.48,62,20,8,6.56,Yes,7,-1.24,-3.21,89,86,99,0.63,3785,602.6,2.86,8368.3,24.4,-12.7,12.3,25.4,B+,18.8,NA,87,46,A+,18.1,10,6,12,1.6,5.3,79,168.4,20,14,14,NA,11.1,60,Yes,-0.89,-2,51,NA,No,221,NA,No,No,No,3.35,61,Yes,36,2.3,9,7,NASDAQ,No,85,Yes,1.55,-,28,7690.3,-8,37,22.7,8.3,Yes,Yes,21.5,-1.8,BANKS,1.3,NA,Yes,40,822.2,No,No,No,52.3,6.6,NA,14.1,20.9,2026-08-07,FBIZ,20,0,7,0,10,10,10,57,101.33333333333333,35,TRUE,FALSE,Pullback to 10SMA,CANSLIM Growth,57.9,Strong
4561,GRMN,Garmin Ltd.,NA,5.6,4.9,4.8,312.7,5.8,0,0,1,62.7,3921882,03/11/2027,1.05,B+,Yes,Yes,No,Yes,Yes,0.04,26.6,1.4,3.02,36.85,2.59,2.92,78,122.21,31,27.8,3.1,3.4,NA,14.9,13.5,10,17,No,Yes,20.9,24.8,18.6,22.4,8,11,24,19,11,Yes,No,53.3,310.89,Consumer Prod-Electronic,NA,5.6,119,Yes,8.68,1.8,No,18,32,-1.8,2.4,0,312.7,61,5,39,9.67,Yes,13,2.99,-0.58,89,96,99,0.99,239260,58216.4,3.67,192852.5,34.7,-4.9,25,28.5,A+,53.7,NA,94,5,A,22.3,18,11,24.5,6.8,16.9,33,7245.5,32,11,16,NA,12.8,963,Yes,9.02,20,900,NA,No,2188,NA,No,No,No,7.82,0,Yes,29,1.2,29,15,New York Stock Exchange,No,94,Yes,6.64,-,100,164216.3,16,0,29.3,14.1,Yes,Yes,30.3,4.5,CONSUMER,5.8,NA,No,39,55805.8,No,No,No,35.8,6.2,NA,19.8,26.8,2026-08-07,GRMN,20,8,7,0,10,10,10,65,104.66666666666667,55,TRUE,FALSE,Momentum Leader,CANSLIM Growth,55.4,Strong
5587,ZBRA,Zebra Technologies Corp. Cl A,NA,4.6,3.4,3.1,383.63,28.1,0,0,1,22.4,3139345,NA,0,A+,Yes,Yes,No,No,-,9.39,15.3,0,0,21.03,0,0,59,133.32,18,10.3,4.59,4.75,NA,11.3,12.6,-1,6,Yes,No,28.1,34.1,28.4,25.4,-,-4,18,25,12,Yes,No,55,376.49,Business Equip & Supplies,NA,10,51,Yes,13.06,70.2,Yes,10,19,-9.4,6.7,199.05,383.63,95,3,38,19.31,Yes,26,3.36,-1.86,89,98,99,1.57,252783,17232.4,5.04,47310.7,51.9,-20.5,42.3,64.7,A+,49.8,NA,91,4,A+,45.5,32,5,42.2,18.2,30.1,22,5396,38,20,17,NA,17.4,959,Yes,12.25,25,734,NA,No,1362,NA,No,No,No,3.05,61,No,76,1.1,18,9,NASDAQ,No,98,No,5.19,Yes,92,46813.6,8,11,47,15.1,Yes,Yes,54.3,-18.1,BUSINS SVC,28.1,NA,No,60,20148.2,No,No,No,19.1,31.3,NA,11.7,9,2026-08-07,ZBRA,25,12,0,0,10,10,10,67,115.33333333333333,25,TRUE,FALSE,CANSLIM Growth,CANSLIM Growth,59.6,Strong
5493,WT,WisdomTree Inc.,NA,5.1,4.9,4.9,23.14,9.7,0,0,4,1107.7,15295886,08/11/2026,0.03,E,No,Yes,No,Yes,Yes,2.44,17.5,0.6,3,20.82,0.65,0.67,58,160.33,18,28.8,4.51,4.54,NA,30.9,37.3,15,22,Yes,Yes,47.5,70.5,59.8,50.4,69,29,57,62,24,No,No,74.3,21.25,Finance-Investment Mgmt,NA,3.5,121,Yes,0.88,194.7,Yes,113,19,-0.1,11.5,0,23.14,79,70,25,1.1,Yes,26,-1.07,-8.19,89,76,97,1.07,58555,3254.5,4.76,151512.1,34.5,-44,14.9,13.5,B,35,NA,99,52,C-,17.3,37,10,12.2,4.3,5.8,18,493.8,70,57,37,NA,52.5,3099,Yes,-0.23,30,1729,NA,No,506,NA,No,No,No,5.28,0,No,72,1.2,69,15,New York Stock Exchange,No,86,Yes,7.7,Yes,92,132072.6,71,28,70.5,46.1,Yes,Yes,23.9,2.2,FINANCE,9.7,NA,No,85,4014.1,No,No,No,63.1,49,NA,26.6,25,2026-08-07,WT,30,15,0,0,10,10,10,75,92.33333333333333,45,TRUE,TRUE,Earnings Accelerator,CANSLIM Growth,50,Improving
5177,UAL,United Airlines Holdings Inc.,NA,2.3,3.4,3.9,135.37,6.8,0,0,0,245.4,21814905,NA,0,D+,No,No,No,No,Yes,-3.38,24.2,0,0.78,5.05,0.22,0.22,41,46.22,10,7.3,4.29,3.85,NA,7.1,8.5,25,6,Yes,Yes,110.2,-7.6,-9.8,-9.2,14,66,2,-16,24,No,No,15.9,129.56,Transportation-Airline,NA,0,22,No,4.82,170,Yes,20,14,15,6.8,84.64,138.77,93,28,8,9.06,Yes,58,0.34,-6.64,89,84,87,1.63,616793,41910.3,3.85,324583.8,21.9,-57,1,29.9,A,11.8,NA,42,29,A-,6.1,-2,48,7,2.7,5.9,36,59070,6,16,0,NA,13.3,5150,Yes,0.44,14,2170,NA,No,1967,NA,No,No,No,0.67,71,No,-49,1.3,31,4,NASDAQ,No,86,Yes,2.52,-,42,322476.8,-5,-17,-8.9,10.4,No,No,20.2,4.7,TRANSPORTATION,6.8,NA,No,59,61887.8,No,No,No,47.3,-46.1,NA,24,4.6,2026-08-07,UAL,5,0,0,0,10,10,10,35,93.66666666666667,15,FALSE,FALSE,Momentum Leader,Momentum Leader,49.2,Improving
5567,YETI,YETI Holdings Inc.,NA,5,5.3,5.7,53.99,6.7,0,0,2,60.8,8178011,NA,0,C,No,No,No,No,Yes,0.5,11.2,0,2.1,16.72,10.65,10.65,63,102.88,18,11.8,3.82,3.54,NA,3.2,3.3,9,5,Yes,No,-6.9,-12.7,-11,-10.6,18,2,7,-11,24,No,No,18.2,52.2,Leisure-Products,NA,6.1,65,Yes,1.77,32,Yes,33,21,8.1,10.9,0,53.99,48,34,-1,2.45,No,7,0.62,-3.32,89,80,87,1.57,61048,3930.3,3.57,75758.3,19.8,-11.1,7.2,25.2,A-,10.7,NA,41,39,A,46.8,16,15,5.6,2,3.4,53,1868.5,21,8,-9,NA,7.6,1238,Yes,0.32,-18,1116,NA,No,607,NA,No,No,No,2.08,0,No,-16,1.2,-8,2,New York Stock Exchange,No,81,Yes,5.99,-,97,74747.3,-14,-6,-12.1,5.7,No,No,16.4,1.3,LEISURE,6.7,NA,No,71,4018.2,No,No,No,59.8,-3.1,NA,23.8,2.6,2026-08-07,YETI,0,0,0,0,10,10,7,27,92.33333333333333,35,FALSE,FALSE,Pullback to 10SMA,Momentum Leader,44.8,Weak
3921,ARMK,Aramark,NA,3.5,3.6,3.5,58.47,-1.8,0,0,0,296.4,10297923,08/18/2026,0.12,C-,No,No,No,No,No,11.33,43.9,0.8,1.21,16.24,0.73,0.75,75,161.11,23,2.3,1.98,1.9,NA,7.3,9.2,10,1,No,Yes,19.6,15.6,18.9,18.6,6,38,7,13,8,No,No,51.8,55.95,Comml Svcs-Outsourcing,NA,0,125,No,1.08,178.8,Yes,22,29,-2.8,3.9,0,58.68,113,25,32,1.96,Yes,38,-0.64,-4.65,89,58,85,0.94,138015,14806.9,1.85,262953.5,25.6,25,-0.4,24.2,A,44.5,NA,75,28,D,1.2,22,20,0.6,-1.6,-1.8,33,18506.3,-9,12,19,NA,9.2,2502,No,-0.36,21,2876,NA,No,766,NA,No,No,Yes,0.76,0,No,41,1.1,0,6,New York Stock Exchange,No,76,Yes,4.48,-,97,260707.6,6,29,20.6,10.3,Yes,Yes,19.6,3.4,BUSINS SVC,-1.8,NA,No,67,19821.8,Yes,No,No,43,-4.2,NA,10.6,2.1,2026-08-07,ARMK,20,8,0,0,10,10,10,58,84.33333333333333,25,TRUE,FALSE,CANSLIM Growth,CANSLIM Growth,59.6,Strong
4843,ILPT,Industrial Logistics Properties Trust,NA,2.5,2.6,2.1,9.37,2,0.5,1,4,1651.4,1146084,07/19/2026,0,D-,No,No,No,No,Yes,-92.57,91.5,4.7,33.54,9.55,0,0,12,0,6,-27.3,4.19,4.33,NA,2.4,2.7,16,2,No,No,74.2,78.6,88.1,80.5,170,-15,36,81,-10,No,No,58.5,8.78,REITs,NA,2.1,94,Yes,0.38,569.6,No,194,7,-19.7,2.1,4.92,9.43,41,45,46,1.19,No,52,1.97,-6.89,89,59,84,1.17,5062,574.7,4.38,66745.9,29.9,-57.5,1.9,11,B,57.1,NA,98,67,D-,-2.4,40,10,-0.3,0.4,-0.9,83,448.8,13,2,78,NA,2.9,579,No,0.17,32,235,NA,No,250,NA,No,No,No,1.29,100,No,48,1.4,65,1,NASDAQ,No,80,Yes,1.27,Yes,78,55097.5,123,117,56.3,3,Yes,Yes,22.6,8.7,REAL EST,2,NA,Yes,44,4609.7,No,No,No,54,-42.7,NA,-12.6,-12.7,2026-08-07,ILPT,15,15,0,0,10,10,10,60,77.33333333333333,25,FALSE,FALSE,CANSLIM Growth,CANSLIM Growth,39.8,Weak
5214,UNF,UniFirst Corp.,NA,2.3,3.6,4.1,306.67,-0.9,0,0,0,296.4,876952,06/04/2026,0,A-,No,No,No,No,Yes,0.1,54.6,0.5,3.04,18.25,15.12,18.9,83,176.02,37,8,2.12,2.01,NA,1.4,1.5,7,4,Yes,Yes,-3.6,-9.4,-8.9,-7.3,15,2,5,-10,6,Yes,No,50.5,290.37,Comml Svcs-Outsourcing,NA,0,125,Yes,5.67,2.5,Yes,22,38,11.2,6.1,0,306.67,113,25,29,7.68,Yes,6,0.51,-5.32,89,67,77,0.66,53068,5019.3,1.98,14532.9,25,-53.3,6,13.2,A,44.2,NA,42,28,C+,13.7,-10,9,5.1,-1.1,0.4,28,2432.4,18,4,0,NA,3.6,196,Yes,1.47,-11,114,NA,No,426,NA,No,No,No,1.69,0,No,0,1.2,-11,0,New York Stock Exchange,No,69,Yes,2.3,-,97,14360.3,-17,-7,-5.4,3.3,No,No,14.7,-4.9,BUSINS SVC,-0.9,NA,No,62,4900,No,No,No,68.2,-32.8,NA,6.9,3.1,2026-08-07,UNF,0,0,0,0,10,10,10,30,79.66666666666667,25,FALSE,FALSE,Other,Momentum Leader,59.6,Strong
4454,GEF,Greif Inc. Cl A,NA,6.1,5.6,5.8,90.56,2.5,0,0,1,137.8,1274963,06/16/2026,0,A+,No,No,No,No,No,2.83,-23.5,2.9,1.29,87.85,0,0,74,88.93,19,2.6,2.81,2.9,NA,0,0,0,0,No,No,0,0,0,0,5,-,-,-,-1,No,No,31,88.68,Containers/Packaging,NA,5,57,No,2.27,37.3,No,20,28,3.6,5.3,0,90.56,96,51,7,3.2,No,0,-0.56,-2.08,89,92,66,0.73,19144,4583.4,3.09,24808.6,28.6,-22.7,20.7,30.4,A-,17.8,NA,1,38,A+,45.3,116,11,20,2.1,9.9,17,5448.1,0,0,0,NA,0,258,Yes,-0.5,11250,196,NA,No,446,NA,No,No,No,0.56,0,Yes,0,2.2,0,-21,New York Stock Exchange,No,90,Yes,1.68,-,98,24044.4,0,0,0,0,Yes,No,25.3,-3.3,MISC,2.5,NA,No,63,6291.6,No,No,No,33.3,54.8,NA,0.7,6.8,2026-08-07,GEF,0,0,7,0,10,10,10,37,97.33333333333333,15,FALSE,FALSE,Other,Momentum Leader,68.5,Leading
5596,ZIP,ZipRecruiter Inc. Cl A,NA,5.1,4.8,5.2,5.34,30.5,0,0,3,6062.3,4081299,NA,0,A,No,No,No,No,Yes,1.53,18.7,0,2.99,42.15,0,0,41,56.98,0,-6.8,8.3,7.19,NA,-1.5,0.4,-13,-17,No,No,-69.9,90.1,-16.5,-64,37,-45,-109,-19,0,No,No,31.8,5.14,Internet-Content,NA,4.6,85,No,0.28,0,Yes,65,0,8.3,6.8,0,5.61,27,94,130,-0.16,No,0,9.83,-8.38,89,99,63,1.59,2665,384.8,6.99,69196.7,50.7,169,30.8,65.8,D-,143.6,NA,52,122,A+,137.6,226,-99,35.5,18.5,24.1,41,449,-128,5,-184,NA,1.4,707,Yes,0.46,88,1862,NA,No,157,NA,No,No,No,0.79,0,No,122,1.3,57,-5,New York Stock Exchange,No,99,No,-12.5,Yes,108,60743,91,-336,89.5,1.2,Yes,Yes,70.3,-2.5,INTERNET,30.5,NA,No,40,495,Yes,Yes,Yes,35.6,69.9,NA,0,36.8,2026-08-07,ZIP,25,15,0,10,10,10,10,80,103.66666666666667,25,TRUE,FALSE,CANSLIM Growth,CANSLIM Growth,40,Weak
3931,ARTV,Artiva Biotherapeutics Inc.,NA,1.9,2.1,2.6,12.06,11.6,0.9,5,16,484.8,1724074,NA,0,E,No,No,No,No,Yes,0.05,-1,0,8.16,-3.59,0,0,38,0,0,0,9.53,8.81,NA,0,0,0,0,No,No,13.2,-5.1,-2.7,17,304,-,-,219,-57,Yes,No,162.7,11.27,Medical - Development Biotech,NA,2.9,46,No,0.86,7.2,No,553,0,22.4,8.1,2.22,14.53,37,30,186,-3.31,No,0,-2.68,-22.44,89,81,53,1.58,4900,566.1,9.06,48588.2,69.1,-59.3,18.9,-10,A,179.7,NA,27,11,D,-0.8,24,-4,21.4,4.7,10.8,38,0,-262,0,41,NA,0,542,Yes,-0.31,38,215,NA,No,50,NA,No,No,No,NA,42,No,28,1.3,-14,-100,NASDAQ,No,95,Yes,3.17,-,63,35072,-28,4,6.6,0,Yes,No,48.7,85.2,MEDICAL,11.6,NA,No,9,469,No,No,No,326.9,-32.6,NA,-56.5,0,2026-08-07,ARTV,15,0,0,0,10,5,10,40,79.33333333333333,25,TRUE,FALSE,Other,Momentum Leader,55.5,Strong
3621,ACNB,ACNB Corp.,NA,2.4,3.4,4.3,65.94,-0.2,0,0,4,534.9,265533,08/31/2026,0.42,A+,No,Yes,No,No,No,-0.09,10.8,2.6,0.05,12.35,1.09,1.44,28,47.22,11,24.2,2.52,2.46,NA,33.6,30.8,9,15,No,Yes,36.6,45.9,51.7,38.2,46,8,9,48,6,No,No,33.2,64.38,Banks-Regional,NA,1.5,42,Yes,1.5,42.6,No,270,12,25.7,2.7,42.1,65.94,62,20,10,5.58,Yes,13,-0.97,-2.37,88,79,99,0.62,4310,663.9,2.35,10212,23.8,-37.3,8.7,21.5,B+,22,NA,86,46,A,8.4,11,1,8.3,-0.2,2.9,68,154.9,1,8,37,NA,12.9,73,Yes,-0.63,3,45,NA,No,220,NA,No,No,No,4,57,Yes,34,1.7,28,45,NASDAQ,No,83,Yes,1.55,-,27,9801.3,75,69,31.3,25.6,Yes,Yes,20.8,5.3,BANKS,-0.2,NA,No,27,967.8,No,No,No,53.6,-32.2,NA,10.2,29,2026-08-07,ACNB,15,12,7,0,10,10,10,64,95.66666666666667,30,FALSE,FALSE,Pullback to 10SMA,CANSLIM Growth,57.9,Strong
4187,EXPE,Expedia Group Inc.,NA,4.5,5.6,5,331.31,5.4,5.9,1,3,299.6,8470912,08/26/2026,0.48,A+,Yes,Yes,No,Yes,No,-1.09,6.5,0.7,0.8,10.56,0,0,49,74.74,14,10.8,4.21,4.39,NA,11,12.2,15,8,No,Yes,103.1,161.3,126.9,105.7,3,-,30,45,82,No,No,9.7,310.68,Leisure-Travel Booking,NA,17.6,129,No,12.11,367.8,No,17,16,-9.6,7.4,185.34,331.31,128,56,19,19.07,Yes,0,1.34,-6.23,88,91,99,1.36,418626,36795,4.48,114498.6,24.2,5.3,15.1,22.9,A,31.2,NA,99,19,A,10.4,29,17,19.6,3.1,10,73,14733,25,14,31,NA,14.3,1631,Yes,4.11,14,1620,NA,No,2563,NA,No,No,No,2.27,59,No,36,1.8,390,8,NASDAQ,No,89,No,30.84,-,38,113751.6,58,23,212.9,13.3,Yes,Yes,25.1,3.1,LEISURE,5.4,NA,No,57,37546.2,No,No,No,65.6,28.8,NA,91.1,20.4,2026-08-07,EXPE,20,15,0,0,10,10,10,65,102.66666666666667,35,FALSE,FALSE,CANSLIM Growth,CANSLIM Growth,44.8,Weak
5511,WXXWY,Wuxi Biologics (Cayman) Inc. ADR,NA,0,0,0,11.72,17.9,2.7,1,1,599.6,0,NA,0,B-,No,No,No,No,-,0,0,0,0,26.66,3.27,3.27,81,305.19,0,33.3,5.02,4.45,NA,17.2,16.7,23,11,No,Yes,57.9,40.5,44.4,52.5,-,11,1,43,11,No,No,45.6,11.65,Medical - Research,NA,2.7,108,No,0.42,3.9,No,37,36,0,0,0,11.72,137,41,-1,0.32,Yes,24,10.95,-0.6,88,98,99,0.63,871,21863.7,4.44,2071781.3,29.5,-8.8,24.1,38.7,A,19.5,NA,86,21,A-,0,11,26,28.8,14.5,16.9,43,3159.2,-5,18,57,NA,18.1,99,Yes,1.15,0,70,NA,No,2,NA,Yes,No,No,7.92,0,No,33,2.2,33,17,US OTC,No,94,No,NA,-,111,0,56,56,32.6,17.2,No,Yes,27.5,0,MEDICAL,17.9,NA,No,0,19241.5,No,No,No,51.9,-37.7,NA,10.9,21.7,2026-08-07,WXXWY,20,12,0,0,10,0,10,52,110,40,FALSE,FALSE,Other,Momentum Leader,55.5,Strong
5011,THFF,First Financial Corp.,NA,3.3,3.9,3.2,83.83,1.2,0,0,4,534.9,341899,06/30/2026,0,A+,No,No,No,No,No,-0.01,14.1,2.8,0.1,10.82,1.3,1.9,28,43.97,10,28.4,2.52,2.46,NA,15.6,12.4,7,11,No,Yes,54.7,20.5,49.5,52.3,103,6,12,33,9,No,No,34.9,81.49,Banks-Regional,NA,1.5,42,Yes,1.91,3,Yes,270,11,-16.8,3,51.21,83.83,62,20,8,7.14,Yes,16,-1.18,-2.79,88,79,97,0.6,8616,980.6,2.38,11891.9,23.5,16.9,7.7,20.4,B+,20.1,NA,76,46,A,6.7,16,1,7.6,0.6,3.8,70,261.8,-21,14,67,NA,11.5,114,Yes,-0.97,16,132,NA,No,371,NA,No,No,No,3.51,72,Yes,22,2,8,13,NASDAQ,No,81,Yes,1.43,-,43,11299.8,32,136,14.7,12.4,Yes,Yes,19.1,1.6,BANKS,1.2,NA,No,45,1337.2,Yes,Yes,No,55,-23.2,NA,13.2,23.9,2026-08-07,THFF,15,8,7,0,10,10,10,60,95,35,FALSE,FALSE,Pullback to 10SMA,CANSLIM Growth,57.9,Strong
4873,ING,ING Groep N.V. ADR,NA,0.3,0.3,0.3,36.23,2.1,2.4,1,4,2115.7,937491,08/09/2026,0.39,C+,No,Yes,No,No,No,-0.34,0,3.2,0.19,590.75,0.57,0.67,37,51.06,11,14.5,2.1,2.08,NA,10,11,6,6,No,Yes,18.7,29.9,24.5,21.6,3,20,10,23,6,No,No,27.4,35.68,Banks-Foreign,NA,9.5,78,No,0.68,240.1,Yes,42,13,-7.9,0,0,36.23,89,35,7,2.68,Yes,18,-0.08,-1.53,88,85,97,0.96,110178,99121.6,2.18,2873308.8,24,-47.4,10.7,19.8,B,18.7,NA,87,61,B,6.4,13,17,11.2,2.8,6,45,27479.6,-8,11,23,NA,8.7,3501,Yes,-0.03,11,1884,NA,No,73,NA,Yes,No,No,3.71,0,Yes,22,1.2,19,-3,New York Stock Exchange,No,86,Yes,1.78,-,98,2812387.8,49,8,20.3,12.6,Yes,Yes,20.3,2.8,BANKS,2.1,NA,No,0,326261.5,No,No,No,49,-4,NA,12.9,31,2026-08-07,ING,15,12,7,0,10,0,10,54,100,25,FALSE,FALSE,Other,Momentum Leader,57.9,Strong
4227,FCX,Freeport-McMoRan Inc.,NA,2.1,2.1,2,70.56,11.2,0,0,0,934.2,28591644,07/14/2026,0,C,No,Yes,No,No,No,1.21,61.8,1,2.07,17.91,0,0,77,131.6,20,25.4,4.64,4.38,NA,3.4,0.7,5,6,No,No,41.7,75.4,64.4,55,20,-11,9,58,9,No,No,37.1,69.62,Mining-Metal Ores,NA,0,15,Yes,2.7,52.5,No,69,31,-4.8,2,0,72.28,18,95,2,2.28,No,29,2.11,-3.67,88,83,96,1.52,904476,98012.8,4.7,1437559.8,20.6,-12.3,17.3,14.9,B,14.8,NA,91,56,B,20.2,65,36,8.6,7.3,10.6,31,25915,-4,-7,20,NA,0.8,14710,No,1.44,43,11290,NA,No,2892,NA,No,No,No,3.87,0,No,37,0.9,137,0,New York Stock Exchange,No,75,Yes,4.68,-,99,1429928,52,32,87.3,0,Yes,Yes,11.7,3.5,MINING,11.2,NA,No,48,106190.3,No,No,No,70.6,-5.6,NA,12,14.2,2026-08-07,FCX,15,15,0,0,10,10,10,60,91,40,FALSE,FALSE,CANSLIM Growth,CANSLIM Growth,52.3,Improving
4148,ETSY,Etsy Inc.,NA,4.8,4.3,4.7,87.97,4.7,0,0,1,3815.1,13962269,NA,0,A,No,No,No,No,Yes,3.16,14.4,0,1.48,15.31,0,0,70,191.06,20,8.6,4.03,4.06,NA,1.2,0.5,6,2,No,No,60.3,187.7,150.7,112.8,27,-,-,191,0,Yes,No,54.3,85.55,Retail-Internet,NA,1.7,126,No,3.29,0,Yes,60,25,9.9,14.9,0,87.97,34,29,38,3.42,Yes,0,4,-2.75,88,88,91,1.51,223344,7550,3.98,91781.7,37.5,79.5,10.3,33.6,B+,48,NA,69,45,A+,31.2,148,32,11,1.4,2.7,38,2883.5,5,-1,-41,NA,-1.9,2937,Yes,3.29,22,5380,NA,No,682,NA,No,No,Yes,2.75,0,No,292,1.4,282,3,New York Stock Exchange,No,93,Yes,-5.66,Yes,97,90684.3,-11,40,286.8,-0.1,Yes,No,34.6,-4.1,RETAIL,4.7,NA,Yes,61,9643,No,No,No,41.4,60.9,NA,0,17.1,2026-08-07,ETSY,25,15,0,7,10,10,10,77,104,30,TRUE,FALSE,Pullback to 10SMA,CANSLIM Growth,50.2,Improving
4764,HVT,Haverty Furniture Cos. Inc.,NA,8.1,8.2,8.2,29.66,18.1,0,0,1,59,831285,05/31/2026,0,B,No,No,No,No,-,1.62,19.8,5.4,0,9.17,0,0,61,81.87,14,3.5,3.5,3.65,NA,6.6,8,-8,-7,No,No,22.9,34.6,28.5,14.7,-,-31,-36,21,0,Yes,No,24.5,29.09,Retail - Home Furnishings/Electronics,NA,5.9,50,No,0.94,58.6,Yes,17,21,-0.6,6.2,0,29.66,110,9,-6,1.41,No,27,0.69,-1.91,88,94,91,0.89,2800,456.1,3.9,14383.6,22.7,12.2,15.8,33.7,A+,6.5,NA,59,7,A+,8.7,42,56,16.7,8.6,11.7,33,759,-65,8,0,NA,5.9,111,Yes,0.2,31,123,NA,No,228,NA,No,No,No,0.54,0,Yes,56,2,43,5,New York Stock Exchange,No,89,Yes,1.54,-,98,13475.1,4,10,49.9,7.1,Yes,Yes,21.6,-1.3,RETAIL,18.1,NA,No,47,549.1,No,No,No,36.8,126.5,NA,6.4,2.3,2026-08-07,HVT,20,12,7,0,10,10,10,69,106,5,TRUE,FALSE,Momentum Leader,CANSLIM Growth,50.2,Improving
3807,AMG,Affiliated Managers Group Inc.,NA,3.6,3,2.8,392.92,0.8,0,0,4,1107.7,883948,08/09/2026,0.01,E,No,Yes,No,No,No,10.18,10.3,0,1.24,12.07,1.15,1.15,28,50.16,9,57,3.39,3.48,NA,9.3,12,-3,1,Yes,Yes,32.7,52.4,46,39.8,37,10,15,49,22,No,No,28.2,369.7,Finance-Investment Mgmt,NA,3.5,121,Yes,12.51,83.8,Yes,113,12,-8.3,3.5,0,392.92,79,70,10,32.1,Yes,7,-0.67,-5.91,88,73,90,1.23,108086,9830.1,3.77,26412.1,22,-40.2,2.8,24.2,B,21,NA,95,52,E,4.9,41,16,5.3,-0.3,1,43,2074.4,10,30,22,NA,19.8,317,Yes,-2.48,41,187,NA,No,674,NA,No,No,No,4.3,0,Yes,54,1.2,58,2,New York Stock Exchange,No,79,Yes,3.13,-,94,25277.9,45,27,56,15.3,Yes,Yes,17,-1.6,FINANCE,0.8,NA,No,56,11958.9,No,No,No,76.2,-25.4,NA,21.8,28.4,2026-08-07,AMG,27,15,7,0,10,10,10,79,90.66666666666667,35,TRUE,TRUE,Momentum Leader,CANSLIM Growth,50,Improving
4274,FISI,Financial Institutions Inc.,NA,5.1,3.4,3.5,42.97,0.5,0,0,4,534.9,542036,06/11/2026,0,A+,No,No,No,No,No,-0.07,18.1,3.1,0.07,44.19,0,0,23,39.86,10,24.4,2.55,2.57,NA,13.8,19.3,4,6,No,No,130.2,58.1,48,28.9,73,-,-,-,9,No,No,33.6,41.65,Banks-Regional,NA,1.5,42,No,1.02,36.3,No,270,10,2.6,2.8,24.65,42.97,62,20,7,4.03,No,0,-0.74,-3.07,88,76,89,0.78,6976,826.9,2.52,19706.4,23.3,1.2,8.2,17.6,B+,18.5,NA,43,46,A,11.8,16,3,7.1,-0.5,2.8,86,244.9,-155,8,310,NA,8.6,180,Yes,-0.31,6,178,NA,No,270,NA,No,No,No,3.22,52,No,22,2.1,28,42,NASDAQ,No,81,Yes,1.31,-,33,19199.2,124,18,25.4,16.6,Yes,No,19,2.7,BANKS,0.5,NA,No,50,1113.8,No,No,No,68.7,-19.2,NA,12.5,22.6,2026-08-07,FISI,10,15,0,0,10,10,10,55,91.33333333333333,20,FALSE,FALSE,Pullback to 10SMA,CANSLIM Growth,57.9,Strong
4664,HG,Hamilton Insurance Group Ltd. Cl B,NA,2.6,2.9,3.7,37.31,-0.1,1.6,2,5,2437.5,1899383,NA,0,B+,No,No,No,No,No,-0.1,3.5,0,0.64,4.22,0,0,8,21.87,8,30.1,2.82,2.94,NA,19.1,19.4,0,35,No,No,115.1,221.7,181.8,151.3,29,-,-,113,22,No,No,28.7,35.91,Insurance,NA,3.9,105,No,1.02,5.3,Yes,129,6,30.6,3,0,37.31,97,32,7,6.05,No,0,1.01,-3.75,88,74,83,0.4,16201,3528.6,3,66532.3,20.3,-5.7,5.7,17,B,20.9,NA,47,60,C,30.5,-3,0,7.7,-0.1,1.6,89,2923.1,50,17,32,NA,14.1,494,Yes,0.36,-37,463,NA,No,396,NA,No,No,No,0.76,0,No,1,1.4,249,20,New York Stock Exchange,No,79,Yes,1.31,-,96,62323.4,416,62,124.8,17.1,Yes,No,15.9,3.7,INSURANCE,-0.1,NA,No,59,2473.4,No,No,No,61.1,-5.4,NA,22.4,17.1,2026-08-07,HG,5,15,0,0,10,10,10,50,88.66666666666667,30,FALSE,FALSE,Other,Momentum Leader,60.8,Strong
5185,UCTT,Ultra Clean Holdings Inc.,NA,3.2,2.6,2.6,98.67,4.7,0,0,0,2265.3,3555892,NA,0,E,No,No,No,No,No,0.99,-53.4,0,2.73,60.81,0,0,90,0,17,-7.1,10.76,11.94,NA,2.4,2.9,0,6,Yes,No,13.5,37.7,23.3,15.5,13,-27,6,-3,-23,Yes,No,244.5,87.25,Elec-Semiconductor Equip,NA,0,5,Yes,11.85,87.7,Yes,33,58,1.3,8.2,21.48,144.22,5,23,76,1.51,No,57,4.94,-39.5,88,41,68,2.16,149699,3764.3,11.66,45277,40.3,-8,-3.9,9.2,A,80.7,NA,70,20,E,31.9,201,107,-12,5.8,-4.2,24,2054,157,24,-27,NA,13.6,1525,No,4.11,238,1364,NA,No,459,NA,No,No,No,1.8,66,No,159,0.8,11,-2,NASDAQ,No,78,Yes,6.18,-,48,43911,-57,-20,85,5.7,Yes,Yes,17.5,5.8,CHIPS,4.7,NA,Yes,72,3937.1,No,No,No,281.2,7.6,NA,-22.9,1.4,2026-08-07,UCTT,30,12,0,0,10,10,10,72,65.66666666666667,20,TRUE,TRUE,CANSLIM Growth,CANSLIM Growth,38.7,Weak
5319,VLEEY,Valeo SE ADR,NA,0,0,0,8.7,-0.6,0,0,0,224.5,0,05/21/2026,0,A,No,No,No,No,-,0,0,2.1,0,1.79,0,0,42,23.12,10,2.2,3,2.49,NA,6,6.6,4,1,No,Yes,0,0,0,0,-,-,-,-,2,No,No,24.6,8.51,Auto/Truck Equipment Parts & Tires,NA,0,73,No,0.19,163.6,No,55,0,0,0,0,9.66,57,60,-1,0.15,No,0,1.33,-11.91,88,87,59,0.83,42,4088.2,2.15,491215.2,20.6,-93.8,15.4,25.9,B+,15.1,NA,11,50,A,18,67,36,7.6,1.3,7.9,42,24680.2,94,-6,-49,NA,-5.6,5,No,0.11,35,0,NA,No,0,NA,Yes,No,No,0.18,0,No,60,1.1,0,1,US OTC,No,83,Yes,NA,-,98,0,0,-52,0,-0.4,No,No,18.7,0,AUTO,-0.6,NA,No,0,8752,No,No,No,53.2,-48.7,NA,5.8,1,2026-08-07,VLEEY,20,0,0,0,10,0,10,40,85,0,TRUE,FALSE,Pullback to 10SMA,Momentum Leader,45.4,Improving
4096,EPC,Edgewell Personal Care Co.,NA,7.7,5,4.8,29.95,4.4,2,1,1,977,4823270,09/08/2026,0.15,B+,No,No,No,No,Yes,2.73,40.7,2.2,1.84,11.41,0,0,46,135.86,12,1.1,5.2,4.74,NA,-3.5,-3.5,1,-2,No,No,-68.8,-127.1,-96.7,-82.3,20,-4,-9,-30,1,Yes,No,66.5,28.38,Cosmetics/Personal Care,NA,2,90,No,1.3,92.7,Yes,50,15,-4.8,10.6,0,29.95,105,93,24,1.84,No,11,0.92,-5.24,88,87,50,0.57,22753,1296,4.69,46088.9,35.2,-29.9,6.7,31.1,D,36.8,NA,21,113,B,11.6,-24,5,12.8,1.2,1.6,57,2223.5,19,-9,-17,NA,-9.8,915,Yes,0.26,13,648,NA,No,377,NA,No,No,No,0.62,0,No,-22,1.8,-31,-1,New York Stock Exchange,No,91,Yes,0.9,-,95,45439.3,-329,-6,-26.4,-6,No,No,29.1,-0.5,CONSUMER,4.4,NA,No,82,2605.2,No,No,No,28.4,0.7,NA,1.6,2.2,2026-08-07,EPC,0,0,0,0,10,10,10,30,90,5,FALSE,FALSE,Other,Momentum Leader,55.4,Strong
5344,VOYG,Voyager Technologies Inc.,NA,4.2,4.2,3.9,42.01,70.6,2.1,2,0,2507.6,10227326,NA,0,E,No,No,No,No,Yes,0.9,-7.2,0,3.8,-40.61,0,0,19,0,0,-67.8,9.97,9.19,NA,13.2,10.3,0,0,No,No,-21.3,-6,1.9,-12.4,63,-,-,-6,-197,No,No,60.1,41.85,Aerospace/Defense,NA,0,66,No,2.66,120.1,Yes,97,0,-7.1,20.1,0,52.4,104,87,45,-1.9,No,0,9.24,-20.13,88,94,43,3.26,88326,2338,9.57,55270.5,40.4,-14,31.2,63.3,C+,55.7,NA,17,84,D+,20.3,-52,51,21.9,39.8,47.1,19,166.4,-76,15,-43,NA,8.8,2324,No,3.54,-320,1961,NA,No,245,NA,No,No,No,13.28,0,No,-17,1,-4,15,New York Stock Exchange,No,93,Yes,7.63,-,108,52545.8,3,25,-10.5,13.8,Yes,No,33.7,8.9,AEROSPACE/DEFENSE,70.6,NA,No,52,2095,No,No,No,19.6,17.6,NA,-51.4,-88.1,2026-08-07,VOYG,5,0,0,0,10,10,10,35,95,10,FALSE,FALSE,Other,Momentum Leader,57.4,Strong
3979,ATEYY,Advantest Corp. ADR,NA,0,0,0,216,4.5,0,0,0,2265.3,0,03/29/2026,0,D,No,No,No,Yes,No,0.08,59.6,0.1,2.67,67.94,2.03,2.04,89,193.66,37,45.8,6.89,7.12,NA,38.6,33.1,17,36,No,Yes,136.1,101.3,112.9,119.9,12,25,81,104,54,No,No,63.6,206.66,Elec-Semiconductor Equip,NA,0,5,Yes,13.13,1.9,Yes,33,51,0,0,0,222.45,5,23,20,4.05,Yes,45,-0.38,-7.1,87,79,98,1.23,31076,145174.7,6.75,732000,30.1,-19.9,17.4,11.1,A,20.9,NA,99,20,C,57.5,60,25,13,8.5,11.5,52,7066.4,184,33,111,NA,26.3,170,Yes,-0.78,73,124,NA,No,17,NA,Yes,No,No,19.37,0,No,98,1.2,103,46,US OTC,No,86,Yes,23.32,Yes,96,723965.8,103,148,100.5,24,Yes,Yes,22.2,13.3,CHIPS,4.5,NA,No,0,148169.6,No,No,No,200.6,-63.4,NA,59.4,47.6,2026-08-07,ATEYY,27,15,0,0,10,0,10,62,93,60,FALSE,TRUE,CANSLIM Growth,CANSLIM Growth,38.7,Weak
4179,EXEL,Exelixis Inc.,NA,11.9,10.2,11.1,56.95,2,0,0,3,1298.7,30913414,NA,0,B,No,Yes,No,No,Yes,0.18,11.8,0,3.46,17.23,0.29,0.29,46,64.28,15,40.6,3.13,3.13,NA,5.2,9.3,14,13,Yes,Yes,111.1,52.5,63.1,50,28,53,121,57,36,No,No,23.4,54.07,Medical - Profitable Biotech,NA,5.7,40,Yes,1.73,8,Yes,53,15,9.2,12.7,33.76,57.57,94,84,10,3.5,Yes,53,3.58,-6.08,87,57,98,0.61,145456,12934.2,3.15,247781.7,17,36.9,-5.3,17,C+,23.2,NA,95,83,A,6.6,14,14,0,-1.8,-2.4,58,2320.1,171,11,75,NA,10.3,2708,No,1.87,14,3550,NA,No,1029,NA,No,No,No,5.5,96,No,21,1,40,7,NASDAQ,No,71,Yes,7.3,Yes,45,239876.5,96,95,30.8,8.7,Yes,No,13.6,0,MEDICAL,2,NA,No,67,13393.7,No,No,No,44.6,39.3,NA,35.5,33.7,2026-08-07,EXEL,15,15,0,5,10,10,7,62,85.66666666666667,60,FALSE,FALSE,CANSLIM Growth,CANSLIM Growth,55.5,Strong
5236,URI,United Rentals Inc.,NA,2.6,2.7,2.8,1179.18,7.7,5.6,1,0,185.8,1402901,08/11/2026,1.97,D,No,No,No,No,No,-21.32,136.4,0.7,0.76,14.47,1.37,1.43,71,107.98,22,20.7,3.27,3.42,NA,6.4,6.9,14,7,Yes,Yes,3.5,9.1,6.6,4.8,3,18,4,5,24,Yes,No,43.7,1162.84,Comml Svcs-Leasing,NA,0,68,No,36.98,153.6,Yes,18,26,6.1,2.3,0,1179.18,46,48,24,45.26,Yes,13,0.02,-1.39,87,84,98,1.37,547135,72366.9,3.56,62242.5,28.2,-34,10.1,23.2,A,29.3,NA,79,24,B+,10.6,17,16,7.6,4.1,6.5,31,16099,6,12,-3,NA,9.5,512,Yes,0.18,18,355,NA,No,2760,NA,No,No,No,4.3,0,Yes,22,1.9,10,5,New York Stock Exchange,No,90,Yes,7.86,-,99,61954.3,-4,-1,15.7,7.3,Yes,Yes,24.9,5,FINANCE,7.7,NA,No,54,87539.3,No,No,No,36.1,-7.2,NA,28.4,17.1,2026-08-07,URI,15,0,7,0,10,10,10,52,96.66666666666667,30,FALSE,FALSE,Momentum Leader,Momentum Leader,50,Improving
4316,FNLC,First Bancorp Inc.,NA,4.6,4.2,3.7,36.3,0.8,0,0,4,534.9,114349,07/06/2026,0,A+,No,No,No,No,No,-0.06,8.7,4.3,0.04,10.48,0,0,24,40.56,0,23.3,3.59,3.49,NA,4.6,3.5,18,12,No,No,25,27.9,25.8,26.6,23,-3,5,27,7,No,No,33.8,35.38,Banks-Regional,NA,1.5,42,Yes,1.21,33.9,Yes,270,11,-10.9,1.2,24.08,36.3,62,20,5,3.37,No,13,0.2,-2.53,87,80,96,0.57,1271,398.1,3.32,11275.8,22.7,-51.6,4.5,21.4,B+,17.9,NA,72,46,A,0,0,0,7.1,0.1,1.9,83,177.6,-9,1,26,NA,0.3,38,Yes,0.07,0,18,NA,No,169,NA,No,No,No,2.23,84,No,18,1.5,26,8,NASDAQ,No,82,Yes,1.36,-,36,9785.4,39,19,22.2,2.1,Yes,Yes,18.7,-0.6,BANKS,0.8,NA,No,27,559.6,No,No,No,41.4,-46.2,NA,12.8,21.5,2026-08-07,FNLC,10,12,0,0,10,10,10,52,94.66666666666667,30,FALSE,FALSE,Momentum Leader,Momentum Leader,57.9,Strong
4735,HSBC,HSBC Holdings PLC ADR,NA,3.6,3.3,3.9,107.92,-2.5,0,0,2,5413,6187588,08/13/2026,0.5,B,No,No,No,No,Yes,0.74,0,3.5,1.63,33.58,0.57,0.67,40,57.16,12,19.5,2.17,2.02,NA,-4,-2.8,11,5,No,Yes,396,807.4,607,480.4,14,21,-4,54,6,No,No,31.9,103.73,Banks-Money Center,NA,7.4,55,No,2.02,77.9,No,27,14,19.9,0.2,0,107.92,75,12,5,7.39,Yes,27,1.14,-3.88,87,74,94,0.74,150128,351983.3,2.08,3436712.6,20.8,2.1,6.5,16.6,A,16.2,NA,92,18,D,-4.2,12,10,6.3,-0.9,1.2,65,71000,15,11,15,NA,10.6,1560,Yes,1.17,24,1514,NA,No,116,NA,Yes,No,No,4.86,0,No,31,1,31,-7,New York Stock Exchange,No,75,Yes,2.06,-,96,3436706.3,2361,6,30.8,-5.1,No,Yes,14.7,-5.7,BANKS,-2.5,NA,No,1,609129.4,No,No,No,64.8,24.2,NA,12.3,19.4,2026-08-07,HSBC,20,15,0,0,10,0,10,55,92,30,FALSE,FALSE,CANSLIM Growth,CANSLIM Growth,57.9,Strong
3808,AMGN,Amgen Inc.,NA,4.6,4.6,4.7,418.4,6.7,0,0,3,1298.7,12845008,08/20/2026,2.52,B+,No,No,No,No,No,8.07,23.6,2.6,1.37,22.37,2.13,3.06,56,97.19,18,24.4,2.73,2.82,NA,9.1,9.1,9,14,No,Yes,9.2,3.1,2.6,6.3,6,6,9,2,59,No,No,25.6,410.94,Medical - Profitable Biotech,NA,5.7,40,Yes,10.54,585.6,Yes,53,18,3.5,2.4,269.77,418.4,94,84,-3,22.37,Yes,3,1.51,-1.78,87,90,94,0.44,992121,218874.9,2.97,540632,18.7,-31.8,11.6,24.9,C+,6.9,NA,63,83,A,12,5,5,13.5,4.8,8.7,46,36751,6,10,10,NA,7.6,2805,Yes,6.09,3,1822,NA,No,3891,NA,No,No,No,5.83,94,No,4,1.2,5,11,NASDAQ,No,82,Yes,19.01,-,82,539398.3,0,1,4.8,8,Yes,No,16.1,-0.6,MEDICAL,6.7,NA,No,49,265180.9,No,No,No,44.3,13.5,NA,106.1,23.6,2026-08-07,AMGN,0,0,0,0,10,10,7,27,100.33333333333333,35,FALSE,FALSE,Momentum Leader,Momentum Leader,55.5,Strong
4467,GFF,Griffon Corp.,NA,3.6,3.7,4.3,108.57,24.4,1.6,1,5,661.9,1623505,08/30/2026,0.22,E,No,No,No,No,Yes,2.52,20.3,1,2.41,14,0.74,0.77,58,94.16,19,5.1,3.71,3.72,NA,-11,-12.4,-2,-5,No,Yes,1.2,-3.2,-1.2,3.2,39,25,9,-1,29,No,No,45.6,107.22,Building - Construction Products,NA,7.8,63,No,3.44,2097.5,Yes,64,19,18.3,4.3,0,108.57,55,79,5,5.55,Yes,23,0.87,-1.24,87,91,89,1.23,32422,4814.8,3.85,45294.7,29.6,-23.1,16.1,18.2,B,13.1,NA,62,51,B,12.6,-6,12,16.9,13.1,15.9,53,2519.9,13,-22,10,NA,-26.3,357,Yes,0.92,1,275,NA,No,510,NA,No,No,Yes,2.19,0,Yes,1,1.4,-15,-4,New York Stock Exchange,Yes,93,Yes,51.9,-,100,37665.5,4,5,-7,-16.6,No,No,25.2,1.2,BUILDING,24.4,NA,No,70,6208.5,No,No,No,57.7,48.9,NA,34.2,13.8,2026-08-07,GFF,0,0,10,0,10,10,10,40,99,40,FALSE,FALSE,Other,Momentum Leader,53.7,Improving
5343,VOYA,Voya Financial Inc.,NA,2.2,2.1,2.7,102.76,2,1.6,2,5,2437.5,3337403,08/25/2026,0.47,A+,No,No,No,No,Yes,0.32,9.2,1.9,7.82,7.67,3.19,6.21,32,65.48,10,10.2,2.54,2.5,NA,2,3.2,15,10,No,Yes,11.3,4.3,10.5,10.9,96,2,5,8,11,No,No,36.1,101.4,Insurance,NA,3.9,105,Yes,2.42,73.9,No,129,12,29.4,3.7,0,103.85,97,32,27,8.16,Yes,8,-0.1,-2.36,87,81,88,1.01,106269,9202.6,2.48,90666.3,28.7,-3.8,5.2,27.2,B,33.6,NA,49,60,A+,-23.8,5,22,8.2,1.3,2.1,43,8189,3,-4,22,NA,-0.6,1150,Yes,-0.1,3,1135,NA,No,737,NA,No,No,No,1.13,0,Yes,-39,1.4,13,2,New York Stock Exchange,No,89,Yes,1.97,-,99,90342.4,39,29,-12.8,1.3,No,No,25.4,-3.9,INSURANCE,2,NA,No,70,11995.6,No,No,No,43.6,25.5,NA,14.6,5,2026-08-07,VOYA,0,0,7,0,10,10,10,37,92.33333333333333,20,FALSE,FALSE,Pullback to 10SMA,Momentum Leader,60.8,Strong
4299,FLYW,Flywire Corp.,NA,4,5.4,5.2,18.92,11.1,2.4,1,2,1830.5,13105497,NA,0,C,No,No,No,Yes,Yes,0.02,11.7,0,1.52,22.85,0,0,92,268.96,34,3.4,4.5,4.33,NA,32.5,33.8,34,27,No,Yes,98.9,189.1,136,110.6,22,-,-,-,2,No,No,25.6,17.78,Finance-CrdtCard/PmtPr,NA,4.9,122,No,0.75,0,No,41,67,-3.2,11.6,10.55,18.98,120,36,54,0.26,Yes,0,-2.31,-6.32,87,72,82,1.6,41012,2214.4,4.21,121667.7,24.8,29.2,-4.2,0.3,B,58,NA,54,70,A,-182.9,266,65,7,4.6,2.9,5,603.1,129,28,450,NA,35.7,2427,No,-0.42,24,3077,NA,No,351,NA,No,No,No,3.11,7,No,30,1.4,433,27,NASDAQ,No,85,Yes,2.65,-,57,113038.6,104,-23,231.7,35.6,Yes,No,23.7,6,FINANCE,11.1,NA,No,66,1913.2,No,No,No,44.2,25.2,NA,1.6,-4.9,2026-08-07,FLYW,22,15,0,5,10,10,10,72,82.33333333333333,20,FALSE,FALSE,CANSLIM Growth,CANSLIM Growth,50,Improving
5478,WRLD,World Acceptance Corp.,NA,3.5,3.9,4.2,205.99,4.1,0,0,0,123.2,587802,NA,0,D,No,No,No,No,No,-32.16,5,0,0.28,3.63,1.56,1.56,61,86.17,15,7.7,4.81,5.03,NA,3.8,4.2,0,0,No,No,78.8,211.7,131.4,87.9,1,13,8,-40,9,Yes,No,33.3,187.13,Finance-Consumer Loans,NA,0,101,No,9.87,182.2,No,21,20,9.1,15.8,110,227.68,107,47,47,9.25,Yes,99,-1.53,-17.81,87,65,81,1.46,25056,885.6,5.02,4660.4,22.4,-25.4,-6,25.1,A-,52,NA,80,40,D-,265.5,89,15,-0.3,-0.6,-1.9,12,585.7,24,5,-57,NA,6.3,134,No,-2.9,308,98,NA,No,284,NA,No,No,No,1.47,31,No,748,1.1,-5,4,NASDAQ,No,80,Yes,2.33,-,33,3771.3,-108,-110,371.4,4.8,Yes,Yes,20,-5,FINANCE,4.1,NA,Yes,81,1529,No,No,No,17.3,-27.3,NA,8.8,4.4,2026-08-07,WRLD,25,15,0,0,10,10,10,70,82.66666666666667,15,TRUE,FALSE,CANSLIM Growth,CANSLIM Growth,50,Improving
5588,ZD,Ziff Davis Inc.,NA,10.4,9,6.8,58.06,1.5,0,0,3,6062.3,4406557,05/16/2019,0,A,No,No,No,No,No,1.26,6.6,0,1.66,5.44,0,0,16,195.13,11,5.6,3.85,3.48,NA,-5.2,-8.9,-2,1,No,Yes,-8.6,-17.9,-11.6,-8.3,23,-5,1,-9,3,No,No,53.3,53.87,Internet-Content,NA,4.6,85,Yes,1.83,41.9,No,65,9,-24.4,13.4,22.45,58.06,27,94,44,6.08,No,8,5.73,-7.22,87,80,78,1.16,31528,1876.8,3.52,36835.4,31.7,134.1,1.1,24.4,D-,60.8,NA,87,122,B,27.6,-24,9,7.6,1.2,1.9,79,1451.3,7,-19,0,NA,-18.6,634,Yes,2.92,-26,1473,NA,No,480,NA,No,No,No,1.43,21,No,-17,1.5,-36,4,NASDAQ,Yes,86,Yes,1.17,Yes,45,32773.6,-1,7,-26.5,-12.9,No,No,24.8,0,INTERNET,1.5,NA,No,86,2226.7,Yes,Yes,Yes,42.9,17.6,NA,2.7,-18.2,2026-08-07,ZD,0,0,10,10,10,10,10,50,88.66666666666667,25,FALSE,FALSE,Other,Momentum Leader,40,Weak
3757,ALGT,Allegiant Travel Co.,NA,2.8,3.1,2.5,108.61,-2.5,0,0,0,245.4,1624542,05/13/2024,0,D-,No,No,No,No,-,-41.05,-98.1,0,0,4.43,0.43,0.43,42,260.3,9,-2.1,5.8,5.69,NA,9.9,11.5,12,3,Yes,Yes,66.6,72,53.1,36.4,-,34,-15,132,-4,No,No,12.1,95.61,Transportation-Airline,NA,0,22,No,6.06,164.9,Yes,20,15,-20.1,6.7,47.83,123.63,93,28,-16,6.59,Yes,99,-1.6,-22.66,87,54,74,1.59,57525,2611.4,5.46,26875.7,9.4,-3.5,-14,16.3,A,-16.7,NA,73,29,E,97.1,86,75,-4.6,-4.3,-5.7,27,2606.6,-66,37,53,NA,20.8,574,No,-1.55,90,538,NA,No,403,NA,No,No,No,0.89,36,No,78,1.3,108,4,NASDAQ,No,57,Yes,1.64,Yes,9,24189.3,30,-3,93.2,15.4,Yes,Yes,4,10.7,TRANSPORTATION,-2.5,NA,No,66,3652.4,No,No,No,93.2,-17,NA,-4.2,-0.5,2026-08-07,ALGT,27,15,0,0,10,10,5,67,76.66666666666667,10,TRUE,TRUE,CANSLIM Growth,CANSLIM Growth,49.2,Improving
5198,UHAL.B,U-Haul Holding Co. Series N,NA,4.8,3.4,3,66.9,5.5,5.6,1,0,185.8,1424632,06/14/2026,0,A,No,No,No,No,Yes,9.75,-14.9,0.3,1.74,7.21,0,0,99,1728.88,0,1.9,3.04,2.61,NA,3.4,3,0,0,Yes,No,-192.7,-80.7,-71.9,-63.3,12,-,-,-91,0,Yes,No,41.2,66.02,Comml Svcs-Leasing,NA,0,68,No,1.6,106.6,Yes,18,441,-12.1,1.4,0,66.9,46,48,30,0.15,No,0,1.03,-1.32,87,91,70,1.05,25778,12991.9,2.61,176470.1,31.4,-20,13.1,37.7,A,44.6,NA,10,24,A+,0,0,0,13.1,2.9,5.1,8,6046.1,-44,3,-85,NA,3.1,451,Yes,0.67,0,359,NA,No,424,NA,No,No,No,1.91,0,Yes,-14,2.5,-49,4,New York Stock Exchange,No,93,Yes,1.68,-,99,100039.7,-178,-46,-31.9,2.7,No,No,29.5,-0.5,FINANCE,5.5,NA,No,44,19720.4,No,No,No,25.7,-23,NA,0.6,6.8,2026-08-07,UHAL.B,0,0,7,0,10,10,10,37,97.66666666666667,5,FALSE,FALSE,Other,Momentum Leader,50,Improving
4777,HZO,MarineMax Inc.,NA,8.1,7,7.9,37.16,3.5,0,0,0,30.1,2592596,NA,0,A,No,No,No,No,No,2.48,10.2,0,1.23,10.81,0,0,91,952.36,25,-1.6,4.3,4.45,NA,-6.2,-4.4,2,-2,No,No,-66.2,-80.3,-89.4,-85,5,-47,-61,-61,-3,Yes,No,47.3,35.68,Retail-Leisure Products,NA,0,97,No,1.56,51.7,Yes,14,59,12.4,13.3,0,38.14,103,128,6,0.6,No,53,1.57,-6.45,87,69,68,1.44,10253,775.9,4.84,22086.7,22.2,-28.3,0.3,8.6,C,19,NA,29,89,A+,-1.2,17,121,2.4,1,2.6,-,2309.3,-59,-7,-71,NA,-11.7,294,No,0.55,196,207,NA,No,310,NA,No,No,No,0.36,0,No,65,0.9,-83,-5,New York Stock Exchange,No,79,Yes,0.83,-,96,19557.5,-224,-117,-8.7,-5.2,No,Yes,15.7,0.6,RETAIL,3.5,NA,No,65,1871.2,No,No,No,54.7,4.9,NA,-3.3,2.5,2026-08-07,HZO,20,0,0,0,10,10,10,50,76.66666666666667,10,TRUE,FALSE,Pullback to 10SMA,Momentum Leader,50.2,Improving
5173,U,Unity Software Inc.,NA,3.5,3.6,3.6,44.38,35.6,0,0,0,428.5,33891131,NA,0,A+,No,No,No,No,Yes,1.26,21.5,0,1.94,42.79,0,0,8,0,126,-21.4,6.16,6.29,NA,10.9,14.1,15,-3,Yes,No,-137.4,-250,-189.9,-158.5,9,42,-2,-196,-13,No,No,-2.6,43,Computer Sftwr-Design,NA,0,133,No,1.94,53.7,Yes,12,0,2.1,9.5,0,52.15,78,101,62,-0.86,No,0,5.37,-17.55,87,99,57,2.44,282165,17815,6.61,436535,36.7,107.4,45,60.9,B-,71.2,NA,7,76,A+,53.4,18,215,42.3,23.8,33.3,8,1849.6,-2,24,-190,NA,20.4,9035,Yes,2.19,-98,18559,NA,No,599,NA,No,No,No,9.25,0,No,-128,2,-433,2,New York Stock Exchange,No,99,No,6.31,-,103,356966.5,-189,-9,-280.6,16.9,Yes,No,53.7,-5.2,SOFTWARE,35.6,NA,No,58,15752.8,No,No,No,28.1,174.2,NA,-12.5,-4.3,2026-08-07,U,5,0,0,10,10,10,10,45,101,10,FALSE,TRUE,Other,Momentum Leader,58.7,Strong
4209,FBP,First BanCorp (Puerto Rico),NA,4.3,4.1,4.9,29.41,-0.9,0,0,4,534.9,6904315,08/26/2026,0.2,A,No,Yes,No,No,No,-0.02,7,2.8,0.12,10.35,0.72,0.86,31,46.68,12,33.2,1.92,1.89,NA,6.1,6,2,0,No,Yes,20.1,21.6,26.2,22.7,122,14,13,25,13,Yes,No,38.3,28.67,Banks-Regional,NA,1.5,42,No,0.52,13.1,Yes,270,12,19.8,4.6,0,29.41,62,20,14,2.37,Yes,7,-1.34,-2.53,86,76,97,0.99,44163,4436.7,1.86,152674.4,25.3,-45,8.9,19.5,B+,23.5,NA,87,46,B+,14.3,12,6,7.9,-1,1.4,54,1000.8,6,7,19,NA,5.8,1670,Yes,-0.39,-6,971,NA,No,610,NA,No,No,No,4.25,0,No,24,1.2,21,2,New York Stock Exchange,No,83,Yes,2.24,-,97,148904.8,20,40,22.6,6,Yes,Yes,20.9,0,BANKS,-0.9,NA,No,75,4142.4,No,No,No,40.6,-29.8,NA,19,29.6,2026-08-07,FBP,10,8,0,0,10,10,10,48,93.33333333333333,45,FALSE,FALSE,Value + Quality,Momentum Leader,57.9,Strong
5488,WSM,Williams-Sonoma Inc.,NA,6.4,5.3,5.1,252.99,10.1,0,0,1,59,6346734,07/16/2026,0,A-,No,No,No,No,Yes,1.63,20.5,1.3,1.33,23.6,3.85,4.7,74,107.97,26,18.6,3.29,3.08,NA,2.3,1.8,-1,-2,No,Yes,6.9,5.5,7.8,4.2,9,6,6,2,35,No,No,41,251.78,Retail - Home Furnishings/Electronics,NA,5.9,50,Yes,7.05,59.3,Yes,17,28,-2.4,5.5,0,252.99,110,9,3,8.93,Yes,7,1.98,-0.48,86,92,96,1.4,243765,29070.5,3.15,117746.6,26,-7.1,13.2,37.3,A+,14.1,NA,62,7,A+,6.9,10,9,12.1,4.8,9,17,7806.8,18,4,-3,NA,0,1103,Yes,4.89,3,996,NA,No,2188,NA,No,No,No,3.76,0,Yes,24,1.2,-7,1,New York Stock Exchange,No,91,Yes,15.85,-,100,115363.9,0,15,8.2,1.5,Yes,Yes,23.2,1.2,RETAIL,10.1,NA,No,50,29666.6,No,No,No,26.1,2.1,NA,51.5,12.8,2026-08-07,WSM,10,0,7,0,10,10,10,47,106.33333333333333,40,FALSE,FALSE,Momentum Leader,Momentum Leader,50.2,Improving
3766,ALL,Allstate Corp.,NA,5.6,4.7,4.5,277.22,1.1,1.6,2,5,2437.5,8170470,08/30/2026,1.08,A,No,No,No,No,No,-0.29,5.8,1.6,0.43,7.05,0.2,0.21,8,20.68,10,19.4,2.6,2.63,NA,2.7,2,10,8,Yes,Yes,127.2,113.2,131.3,158.8,21,28,94,116,38,No,No,28.3,267,Insurance,NA,3.9,105,No,6.63,24.9,Yes,129,6,-5.1,3.2,0,277.22,97,32,14,45.12,Yes,78,-2.95,-3.69,86,81,95,0.45,404134,69563.7,2.61,252858,23.8,67.7,6.2,25,B,28.6,NA,69,60,A,48.3,-5,-19,11.1,0,3.2,89,59546,1828,3,90,NA,2.4,1753,Yes,-8.11,-43,2751,NA,No,2622,NA,No,No,No,1.12,0,No,51,1.3,202,6,New York Stock Exchange,No,86,Yes,2.14,Yes,97,251558.8,87,186,126.5,0.5,Yes,No,21.7,1.9,INSURANCE,1.1,NA,No,46,76559.8,Yes,Yes,No,30.2,12.8,NA,39.5,17.6,2026-08-07,ALL,20,15,0,7,10,10,10,72,97.33333333333333,40,FALSE,FALSE,Pullback to 10SMA,CANSLIM Growth,60.8,Strong
4866,INCY,Incyte Corp.,NA,6.8,6.1,6,132.6,0.9,0,0,3,1298.7,10512123,NA,0,B,No,Yes,No,No,Yes,0.01,9.9,0,4.59,17.12,0.79,0.79,37,58.61,39,32.4,3.68,3.44,NA,24.6,26.6,14,18,No,Yes,92.8,59.6,72.5,95.3,34,17,73,63,30,Yes,No,22.1,120.56,Medical - Profitable Biotech,NA,5.7,40,Yes,4.02,0.9,Yes,53,13,-1.1,5.3,77.69,132.6,94,84,2,8.96,Yes,87,1.84,-9.08,86,80,95,0.53,224768,23995.4,3.52,202697.7,18.1,-21.9,2.1,23.3,C+,11.2,NA,98,83,C,40.7,-38,106,8.3,-0.9,1.5,64,5141.2,-69,38,532,NA,29.3,2047,Yes,2.18,-223,1540,NA,No,2361,NA,No,No,No,4.2,91,No,97,1.3,56,21,NASDAQ,No,82,Yes,3.82,Yes,54,200789.2,26,111,76.4,28.8,Yes,Yes,17.2,-2.5,MEDICAL,0.9,NA,No,66,20757.5,No,No,No,54.2,-19.8,NA,29.9,35,2026-08-07,INCY,27,15,0,0,10,10,7,69,94,60,TRUE,TRUE,Momentum Leader,CANSLIM Growth,55.5,Strong
4557,GRC,Gorman-Rupp Co.,NA,3.5,3.6,3.5,87.3,3.2,0,0,1,743.3,583697,08/13/2026,0.19,E,No,No,No,No,Yes,2.03,26.4,0.9,2.81,20.74,1.78,1.87,80,137.74,28,10.1,3.98,4.58,NA,4.5,4.2,15,3,No,Yes,28.8,34,27.1,23.9,38,18,31,29,9,No,No,75.5,83.79,Machinery-Gen Industrial,NA,1.5,41,Yes,3.79,73,No,66,34,-2.6,2.8,0,92.78,86,73,29,2.49,Yes,17,-0.93,-9.69,86,58,89,0.96,16280,2233.8,4.53,26410.2,30.4,-41.6,5,9.5,B,27.5,NA,96,54,E,5,31,13,2.1,1.5,3.3,26,682.4,28,4,22,NA,5.8,197,No,-0.79,35,113,NA,No,305,NA,No,No,Yes,3.15,0,No,23,1.2,48,3,New York Stock Exchange,No,79,Yes,5.01,-,96,20764.5,31,6,35.6,4.7,Yes,No,19.5,2,MACHINE,3.2,NA,No,52,2543.1,No,No,No,102.6,-14.3,NA,13.4,10.4,2026-08-07,GRC,10,12,0,0,10,10,10,52,79.66666666666667,35,FALSE,FALSE,Pullback to 10SMA,Momentum Leader,43.1,Weak
4769,HWM,Howmet Aerospace Inc.,NA,3.9,2.6,2.7,310,-0.1,2.1,2,0,2507.6,7843614,08/06/2026,0,D-,No,No,No,Yes,No,1.55,57.5,0.2,1.82,60.74,1.5,1.51,91,235.65,50,22.3,3.35,3.31,NA,16.2,17.9,14,12,Yes,Yes,41.7,43.3,40.9,39.9,34,41,43,42,27,No,No,37.5,281.88,Aerospace/Defense,NA,0,66,Yes,9.19,55.7,Yes,97,62,2.6,2,0,310,104,87,25,4.55,Yes,5,-2.66,-9.07,86,57,88,1.13,751455,115919.1,3.18,400107.5,18.1,-29.9,2.3,3.4,C+,26.3,NA,94,84,E,6.8,38,20,3.6,-0.9,0.4,14,8252,46,24,40,NA,21.6,2840,Yes,-7.7,38,2000,NA,No,2954,NA,No,No,No,12.37,0,No,46,0.8,42,11,New York Stock Exchange,No,68,Yes,19.67,-,91,396011.5,42,34,44,19.3,Yes,Yes,12.2,3.8,AEROSPACE/DEFENSE,-0.1,NA,No,60,119064.2,No,No,No,55.2,-14.6,NA,30.4,21,2026-08-07,HWM,20,12,0,0,10,10,7,59,79,45,TRUE,TRUE,Earnings Accelerator,CANSLIM Growth,57.4,Strong
3949,ASIC,Ategrity Specialty Insurance Co. Holdings,NA,4,3.9,3.2,26,3.2,1.6,2,5,2437.5,236025,NA,0,C,No,No,No,No,No,-0.04,6.1,0,0.88,7.78,0,0,28,44.68,11,22.6,4.41,4.95,NA,66,51.2,0,0,No,No,104.4,86.2,81.7,123.5,45,-,-,62,15,No,No,17.9,24.78,Insurance,NA,3.9,105,No,1.18,0.2,No,129,12,-18.4,2.6,0,26,97,32,23,2.15,No,0,-2.36,-4.69,86,80,86,0.08,1665,1219.1,4.92,48032.7,21.9,-55.5,0,27.5,B,32.9,NA,64,60,C,27.1,42,10,9.1,0.9,3.2,49,581.5,369,23,61,NA,47.7,74,Yes,-0.6,12,32,NA,No,121,NA,No,No,No,1.84,0,No,63,1.3,184,23,New York Stock Exchange,No,84,Yes,1.82,Yes,97,9045,12,68,123.6,47.5,Yes,No,19.7,0.8,INSURANCE,3.2,NA,No,46,1190.7,No,No,No,25.8,-28.8,NA,14.6,22.5,2026-08-07,ASIC,25,15,0,0,10,10,10,70,91,35,FALSE,FALSE,Pullback to 10SMA,CANSLIM Growth,60.8,Strong
5012,THG,Hanover Insurance Group Inc.,NA,3.8,3.6,3.7,236.06,-1.5,1.6,2,5,2437.5,1181059,06/11/2026,0,A+,No,No,No,No,No,-0.2,6.8,1.6,0.37,7.1,0.47,0.51,25,42.31,12,12.8,2.35,2.42,NA,3.9,3.8,6,4,Yes,Yes,48.4,22.2,33.4,53,10,21,78,28,17,No,No,25.3,229.08,Insurance,NA,3.9,105,No,5.26,23.6,Yes,129,11,3.3,3.4,0,236.06,97,32,17,21.44,Yes,55,-1.03,-2.96,86,81,86,0.46,70856,8059.5,2.3,34820.2,22.8,-55.5,4.9,23,B,30.2,NA,42,60,A,38.3,6,-4,9.2,0.1,3.8,54,6322.1,755,5,43,NA,3.9,341,Yes,-2.38,-14,148,NA,No,701,NA,No,No,No,1.24,0,No,22,1.6,36,6,New York Stock Exchange,No,84,Yes,2.18,Yes,97,34423.7,9,67,28.9,3.6,Yes,No,21.5,-0.4,INSURANCE,-1.5,NA,Yes,62,8073.6,No,No,No,35.1,-20.2,NA,20.6,11.1,2026-08-07,THG,10,8,0,0,10,10,10,48,91.33333333333333,25,FALSE,FALSE,Pullback to 10SMA,Momentum Leader,60.8,Strong
3933,ARW,Arrow Electronics Inc.,NA,1.6,2,2,230.44,-6,0,0,1,544.3,1479660,NA,0,D,No,No,No,No,No,0.41,32.2,0,1.24,166.04,0,0,29,55.04,9,2.3,3.79,3.92,NA,22.8,26,-3,-2,No,No,54.2,120.7,90.8,70.2,2,-8,-12,90,9,No,No,84.7,203.51,Electronic-Parts,NA,4.3,53,No,8.29,49.7,No,23,12,4.2,2.9,0,237.33,23,14,44,17.47,No,29,-8.45,-14.25,86,30,84,1.07,131238,11366.6,3.88,51133.9,27.2,96.5,5,7.2,A,28.3,NA,85,14,E,18.7,98,12,-5.7,-5.6,-4.1,94,30852.9,-38,32,4,NA,35.4,608,No,-18.78,106,1167,NA,No,752,NA,No,No,Yes,0.29,0,No,124,0.8,190,10,New York Stock Exchange,No,62,Yes,1.54,-,88,50833.2,48,1,157.1,30.3,Yes,Yes,15.6,7.7,ELECTRNCS,-6,NA,Yes,56,14408.4,Yes,Yes,Yes,71.7,35.1,NA,9.3,2.7,2026-08-07,ARW,32,15,0,7,10,10,10,84,66.66666666666667,25,TRUE,TRUE,Earnings Accelerator,CANSLIM Growth,49.3,Improving
3876,APLE,Apple Hospitality REIT Inc.,NA,3.6,4.9,4.7,17.28,-2,0.5,1,4,1651.4,14099516,07/30/2026,0,C,No,No,No,No,No,-13.11,19.2,5.8,0.39,10.39,0.45,0.6,22,84.82,10,12.5,2.19,2.11,NA,0.6,1.1,12,3,Yes,Yes,-0.8,4.6,1.8,0.2,46,17,-1,2,2,Yes,No,36.5,16.18,REITs,NA,2.1,94,No,0.35,44.1,Yes,194,10,-4.3,6.5,0,17.28,41,45,20,1.59,Yes,32,1.19,-6.37,86,54,76,0.96,50369,3775,2.17,236082.7,21.6,20.8,-1,16.5,B,33.1,NA,64,67,D+,6.8,4,1,-0.9,-2.2,-2.9,65,1412.4,1,5,-6,NA,3.9,3162,No,0.19,3,3719,NA,No,546,NA,No,No,No,2.65,0,No,11,1.1,6,-1,New York Stock Exchange,No,75,Yes,1.22,Yes,94,218581.7,-3,-7,8.4,1.9,Yes,Yes,17.1,1.3,REAL EST,-2,NA,No,61,5395.7,No,No,No,37.6,45.1,NA,5.5,16.7,2026-08-07,APLE,10,0,0,0,10,10,10,40,77,15,FALSE,FALSE,Other,Momentum Leader,39.8,Weak
5007,TGT,Target Corp.,NA,3.8,3.5,3.8,150.07,3.6,0,0,0,1540.2,20099170,08/11/2026,1.16,A,No,No,No,No,No,-22.37,24.6,3.2,0.93,10.39,0,0,57,74.9,17,4.5,3.01,2.92,NA,0,0.7,1,-1,Yes,No,-7.7,9.7,2.2,-5.4,4,-8,3,-2,10,Yes,No,53.1,149.7,Retail - General,NA,0,33,Yes,4.02,110,Yes,15,19,8.9,4.4,0,150.07,54,118,19,7.98,No,22,1.78,-0.25,86,83,76,0.93,565878,66802.4,2.84,454191.1,29.3,-32.3,17.4,18.9,E,29.6,NA,56,131,A+,16.7,12,7,11,2.4,5.8,50,104780,-1,7,-15,NA,2.6,4290,Yes,2.62,12,2847,NA,No,2736,NA,No,No,No,0.64,0,Yes,32,0.9,1,-2,New York Stock Exchange,No,88,Yes,4.15,-,100,453174.5,-4,-20,16.4,1.2,Yes,Yes,21.4,3.9,RETAIL,3.6,NA,Yes,50,81886,No,No,No,41.7,-16.2,NA,24,3.1,2026-08-07,TGT,15,0,7,0,10,10,10,52,91.66666666666667,15,TRUE,FALSE,Other,Momentum Leader,50.2,Improving
4728,HRI,Herc Holdings Inc.,NA,3.3,3,4.1,172.97,11.8,5.6,1,0,185.8,2228765,05/28/2026,0,B,No,No,No,No,No,49.19,-111.9,1.9,1.1,4.86,7.34,14.16,74,449.6,20,0,5.76,5.55,NA,26.6,28.7,19,16,No,Yes,-45.3,-49.9,-49.6,-45.3,6,2,-21,-47,0,No,No,13.2,167.9,Comml Svcs-Leasing,NA,0,68,No,8.27,492.6,No,18,28,35.6,6.8,0,188.35,46,48,-16,5.93,No,32,-0.14,-10.86,86,88,72,1.64,86162,5621.2,5.52,33431.4,20.7,-50.9,26.6,27.3,A,-6.9,NA,18,24,A,87.2,-8,51,13.8,5.8,8.3,23,4376,5,20,-41,NA,26.2,581,Yes,-0.24,36,311,NA,No,556,NA,No,No,No,1.16,0,No,-24,0.9,-84,23,New York Stock Exchange,No,89,No,2.97,-,97,32721.6,-42,-49,-53.7,26.5,No,No,21.2,0.7,FINANCE,11.8,NA,No,77,15275.2,No,No,No,50.6,-10.1,NA,0.1,1.6,2026-08-07,HRI,5,0,0,0,10,10,10,35,92,5,FALSE,FALSE,Other,Momentum Leader,50,Improving
4984,JBLU,JetBlue Airways Corp.,NA,2.8,3.1,3.1,6.62,0.7,0,0,0,245.4,85545783,NA,0,A,No,No,No,No,Yes,-7.26,-8.4,0,0.7,-23.38,0,0,20,0,0,-8.5,6.15,6.22,NA,2.6,4,12,-2,Yes,Yes,-163.4,-164.4,-160.8,-188.7,13,-,-,-,-25,No,No,33.4,6.07,Transportation-Airline,NA,0,22,No,0.35,404.2,Yes,20,0,1.6,27.4,3.87,6.62,93,28,-11,-2.42,No,0,-1.94,-8.31,86,79,57,1.59,179690,2335.6,6.31,377312.2,20.6,-29.2,6.1,18.3,A,-4.6,NA,5,29,A,4.7,-36,79,9.8,0.3,6.2,20,9062,-58,14,-131,NA,9.6,32359,Yes,-0.12,-8,22729,NA,No,337,NA,No,No,No,0.24,73,No,-312,1.5,-47,-2,NASDAQ,No,81,Yes,1.44,Yes,21,316381.8,-133,-150,-180,5.9,No,No,16.6,-1.2,TRANSPORTATION,0.7,NA,No,58,9556.7,No,No,No,40.5,-22.5,NA,-25.3,-9.2,2026-08-07,JBLU,5,0,0,0,10,10,10,35,81,0,FALSE,FALSE,Pullback to 10SMA,Momentum Leader,49.2,Improving
4405,FVCB,FVCBankcorp Inc.,NA,1,1.5,1.8,19.11,-0.4,0,0,4,534.9,417021,07/26/2026,0,A+,No,Yes,No,No,Yes,-0.09,11.4,1.5,0.22,14.17,0,0,36,50.23,12,23.1,2.52,2.81,NA,17.7,18.3,1,16,Yes,No,30.4,29.3,28,28.4,192,-2,12,28,7,Yes,No,33.1,18.52,Banks-Regional,NA,1.5,42,Yes,0.5,9.2,Yes,270,13,20.4,2.8,11.83,19.11,62,20,6,1.4,Yes,17,-1.12,-3.09,85,74,99,0.57,3182,337.1,2.88,17996.8,22,-69.6,7.3,17.1,B+,15.8,NA,89,46,A+,16.7,32,6,6.8,-0.8,1.9,34,67.4,6,27,26,NA,21.7,193,Yes,-0.21,26,56,NA,No,154,NA,No,No,No,4.47,41,No,40,2.6,29,5,NASDAQ,No,75,Yes,1.26,Yes,16,14925.2,19,24,34.3,19.8,Yes,Yes,16.2,7.7,BANKS,-0.4,NA,No,31,361.3,No,No,No,49.8,-48.2,NA,9,25.4,2026-08-07,FVCB,22,12,0,0,10,10,10,64,93,30,TRUE,TRUE,Earnings Accelerator,CANSLIM Growth,57.9,Strong
3873,APH,Amphenol Corp. Cl A,NA,1.7,1.5,1.6,176.33,5.3,0,0,1,544.3,16508135,09/21/2026,0.25,E,Yes,No,No,Yes,No,1.61,51.1,0.6,1.89,40.21,1.47,1.51,84,162.84,29,24.3,4.57,4.67,NA,54.5,54,20,34,No,Yes,73.1,70.4,74.3,76.3,6,26,46,72,28,No,No,25.2,169.18,Electronic-Parts,NA,4.3,53,Yes,7.44,111.8,No,23,39,6.1,1.3,0,178.52,23,14,20,4.31,Yes,16,-0.84,-5.23,85,81,98,1.25,1352298,210359.3,4.63,1232983.4,18.1,-28.9,6.7,23.8,A,24.2,NA,99,14,C-,14.7,58,22,7.3,5,7,33,23094.7,26,55,77,NA,56.7,8489,Yes,-1.43,53,6061,NA,No,4071,NA,No,No,No,7.19,0,No,67,1.6,68,52,New York Stock Exchange,No,79,Yes,13.46,Yes,96,0,76,86,67.5,54.2,Yes,Yes,16.3,4.9,ELECTRNCS,5.3,NA,No,56,214992.2,No,No,No,55.9,-21.1,NA,36.8,20.2,2026-08-07,APH,30,15,0,0,10,10,7,72,95,40,FALSE,TRUE,Momentum Leader,CANSLIM Growth,49.3,Improving
5259,UVE,Universal Insurance Holdings Inc.,NA,3.3,4.5,6.5,45.15,1,1.6,2,5,2437.5,1354475,07/30/2026,0,A-,No,Yes,No,No,No,-0.49,3.8,1.5,0.75,3.35,0.1,0.1,8,22.7,10,15.2,3.49,3.73,NA,4.3,4.6,6,6,No,Yes,196.9,285.5,285.7,229.4,39,59,127,217,36,No,No,30.6,44.15,Insurance,NA,3.9,105,No,1.53,-0.1,No,129,6,45.4,5.3,0,45.15,97,32,29,7.37,Yes,65,-2.06,-2.21,85,72,98,0.51,8517,1254.6,3.83,27830.4,24.9,-40,4.6,8.9,B,39.2,NA,97,60,A-,13.9,-22,-2,9.9,-0.2,5.6,88,2140.3,-8,4,246,NA,6.3,218,Yes,-0.93,-121,188,NA,No,386,NA,No,No,No,0.56,0,No,50,1.4,39,5,New York Stock Exchange,No,82,Yes,1.93,-,98,25288.8,768,286,44.2,5.1,Yes,No,21.9,5.8,INSURANCE,1,NA,No,48,853,No,No,No,89.5,-12.3,NA,39.6,13.9,2026-08-07,UVE,15,15,0,0,10,10,10,60,87,50,FALSE,FALSE,Pullback to 10SMA,CANSLIM Growth,60.8,Strong
4132,ESQ,Esquire Financial Holdings Inc.,NA,6.6,7.1,6.9,134.03,1.7,0,0,0,527.3,777813,08/13/2026,0.2,B+,No,Yes,No,No,Yes,0,11.7,0.6,0.44,19.02,0.86,0.88,63,82.72,17,39.9,3.21,3.33,NA,18.3,18.6,22,15,No,Yes,13.1,16,14.4,13.6,8,24,13,15,17,No,No,28.7,131.38,Banks-Super Regional,NA,0,23,No,4.05,0.6,No,12,21,-2.9,10.8,91.64,134.81,84,27,2,6.2,Yes,10,0.05,-2.55,85,84,98,0.61,15740,1134.5,3.31,8639.4,20.5,-40.1,9,22.4,A-,13.9,NA,87,37,B+,2.6,18,22,10.7,1.6,5.3,-,146.6,13,18,14,NA,18.7,133,Yes,0.06,24,79,NA,No,267,NA,No,No,No,7.11,84,No,16,1.5,19,19,NASDAQ,No,81,Yes,3.62,-,57,7038.1,13,10,17.4,18.9,Yes,Yes,17.7,-0.4,BANKS,1.7,NA,No,51,908.9,No,No,No,41.3,-30.6,NA,19.3,27.2,2026-08-07,ESQ,15,8,0,0,10,10,10,53,99,45,FALSE,FALSE,Pullback to 10SMA,Momentum Leader,57.9,Strong
3735,AIZ,Assurant Inc.,NA,3.4,3,3.5,303.94,3.7,1.6,2,5,2437.5,1512827,06/07/2026,0,A,No,Yes,No,No,-,0.3,9.1,1.3,0,8.07,0.53,0.56,31,54.02,13,8.5,2.12,2.13,NA,9.1,9.4,6,8,No,Yes,34.2,39.4,52.3,46.9,-,22,19,44,14,No,No,20.2,289.55,Insurance,NA,3.9,105,No,5.92,38.8,No,129,12,16.4,3.1,0,303.94,97,32,9,23.7,Yes,10,-2.31,-4.73,85,75,97,0.59,106069,14685.9,2.15,49547.6,21.1,-12.5,3.4,23.8,B,19,NA,94,60,A,23.9,9,6,7.3,1.5,3.2,45,12814.3,7,9,19,NA,10.3,408,Yes,-6.85,-24,487,NA,No,1206,NA,No,No,No,1.07,0,Yes,26,1.1,76,8,New York Stock Exchange,No,80,Yes,2.51,Yes,95,49157.5,17,91,50.6,9.5,Yes,Yes,18.8,1.3,INSURANCE,3.7,NA,No,70,15152.9,No,No,No,43.5,28.9,NA,15.9,8.6,2026-08-07,AIZ,15,12,7,0,10,10,10,64,92.66666666666667,40,FALSE,FALSE,Pullback to 10SMA,CANSLIM Growth,60.8,Strong
5053,TMP,Tompkins Financial Corp.,NA,4,4.1,3.6,102.02,-1.1,0,0,4,534.9,275856,08/06/2026,0,A,No,Yes,No,No,No,-0.14,43,2.8,0.09,36.41,0.92,1.35,14,30.91,12,57.3,2.48,2.51,NA,-2.9,-7,0,2,Yes,Yes,89.5,152.6,121.2,104.2,91,6,145,147,15,No,No,36.1,98.73,Banks-Regional,NA,1.5,42,Yes,2.4,10.6,Yes,270,8,-12.1,2.1,0,102.02,62,20,5,12.21,Yes,0,-0.46,-3.22,85,72,97,0.84,8673,1436.7,2.65,14382.9,22.2,-48.4,5.6,15.1,B+,17.1,NA,96,46,B,12.1,-30,6,6,-1.4,2,99,446.6,653,5,126,NA,3.9,94,Yes,-0.46,18,52,NA,No,335,NA,No,No,No,4.79,0,No,36,1.5,33,-10,NYSE American,No,76,Yes,1.47,Yes,97,13421.3,389,27,34.4,-14.1,Yes,No,16.8,0.3,BANKS,-1.1,NA,No,43,2086.8,No,No,No,58.3,-15.7,NA,19.5,24.6,2026-08-07,TMP,15,15,0,0,10,10,10,60,91.66666666666667,45,FALSE,FALSE,CANSLIM Growth,CANSLIM Growth,57.9,Strong
3734,AIT,Applied Industrial Technologies Inc.,NA,3.2,2.7,2.9,362.93,4.3,3.4,1,2,140.5,776951,08/13/2026,0.51,A,No,No,No,No,Yes,0.46,23.2,0.6,2.95,28.37,1.72,1.78,80,130.53,31,11,2.47,2.48,NA,6.4,7.6,8,3,No,Yes,6.7,6.9,7.7,6.7,21,19,7,8,18,No,No,40.2,359.9,Metal Products - Distributors/Fabrication,NA,6.9,17,No,8.34,39.6,No,29,34,9.6,2.1,0,362.93,20,63,12,10.66,Yes,11,0.28,-0.83,85,79,96,1.04,91442,13265.1,2.47,36959.5,24.9,-53.3,14.1,16,A-,23.4,NA,71,35,A+,0.1,4,10,8.7,2.8,5,19,4563.4,11,7,5,NA,7.8,279,Yes,0.99,3,129,NA,No,906,NA,No,No,No,2.75,0,Yes,3,1.7,6,2,New York Stock Exchange,No,87,Yes,7.17,-,99,36639.4,11,10,4.7,8.3,Yes,No,20.6,0.1,METALS,4.3,NA,No,65,13647.3,No,No,No,36.6,-24.1,NA,22.2,8,2026-08-07,AIT,0,0,7,0,10,10,10,37,93.66666666666667,45,FALSE,FALSE,Other,Momentum Leader,58.9,Strong
5245,USFD,US Foods Holding Corp.,NA,4.5,4.6,3.5,110.08,8.2,0,0,0,87.6,10430703,NA,0,C,No,Yes,No,No,No,9.2,30.1,0,1.14,18.29,0.9,0.9,70,126.66,21,2.3,3.05,3.18,NA,3.8,3.8,8,5,No,Yes,23.2,19.8,21.4,22.7,2,28,22,21,15,No,No,44.6,108.88,Food - Wholesale,NA,0,72,No,3.17,124.7,Yes,9,25,-24.5,4.8,0,110.08,102,21,8,4.33,Yes,12,1.79,-1.09,85,90,96,0.95,266101,23557.1,3.09,220221.6,25.3,-9.7,4.7,25.3,A-,20.5,NA,90,33,B+,5.5,20,16,13.7,6.8,9.2,38,39424,20,4,26,NA,3.6,2804,Yes,1.91,17,2424,NA,No,1040,NA,No,No,No,0.6,0,No,21,1.6,15,4,New York Stock Exchange,No,89,Yes,5.44,-,99,218520.8,24,26,17.9,3.5,Yes,No,19.7,-4.9,FOOD/BEV,8.2,NA,No,70,27812.1,No,No,No,35.8,22.2,NA,15.3,2.6,2026-08-07,USFD,10,8,0,0,10,10,10,48,100.33333333333333,35,FALSE,FALSE,Momentum Leader,Momentum Leader,51.9,Improving
4974,JAPAY,Japan Tobacco Inc. ADR,NA,0,0,0,22.58,0.6,0,0,1,616.8,0,06/29/2025,0,A-,No,No,No,No,Yes,0.9,20.4,2.3,2.04,23.29,6.1,20.24,61,76.56,31,20.9,1.24,1.31,NA,7.5,7.8,3,8,No,Yes,15.3,23.5,22.5,18.2,5,1,4,24,9,No,No,25.3,22.54,Tobacco,NA,10,59,Yes,0.26,40.3,No,10,20,0,0,0,22.58,69,68,4,1.11,Yes,6,1.71,-0.18,85,86,94,0.01,1678,78855,1.43,3549700,20.4,-55.2,17.4,18.6,C+,17.1,NA,77,85,A,26.5,20,12,15.6,5,10.9,43,22645.3,-5,6,9,NA,6.5,86,Yes,0.38,96,35,NA,No,3,NA,Yes,No,No,3.36,0,Yes,26,0.9,26,11,US OTC,No,86,Yes,2.96,-,101,0,20,20,25.6,7.3,Yes,Yes,18.8,0,ALCOHL/TOB/THC,0.6,NA,Yes,0,82819.7,No,No,No,40.3,40.8,NA,13.3,22.1,2026-08-07,JAPAY,15,8,7,0,10,0,10,50,98.33333333333333,35,TRUE,FALSE,Other,Momentum Leader,31.4,Weak
3700,AGM.A,Federal Agricultural Mortgage Corp. Cl A,NA,0.6,0.1,0.2,176,7.6,3.8,1,2,63.6,166,06/14/2026,0,A,No,No,No,No,No,-1.94,115.7,4.2,0.11,22.78,0.5,0.65,18,37.7,8,23.2,1.86,2.16,NA,16.5,17.5,14,10,No,Yes,10.9,10.1,10.1,11.9,3,14,7,9,11,Yes,No,25.2,166.03,Finance-Mrtg&Rel Svc,NA,7.7,114,No,3.22,1614.5,Yes,26,9,18.4,0,0,176,98,136,16,18.32,Yes,6,-2.9,-5.66,85,87,91,0.54,65,2498.3,2.16,1030.8,24.3,-97.1,14,22.7,E,30.7,NA,82,130,A+,11,25,11,13.8,3.5,9,40,410.3,0,25,7,NA,19.1,1,Yes,-4.96,17,0,NA,No,24,NA,No,No,No,0.38,0,No,25,1.9,13,22,New York Stock Exchange,No,88,Yes,1.44,Yes,94,949.3,-8,10,19.1,18.4,Yes,Yes,23.1,-4,FINANCE,7.6,NA,Yes,15,31720.3,No,No,No,30.5,-44,NA,12.9,15.4,2026-08-07,AGM.A,15,0,0,0,10,7,10,42,97.66666666666667,25,FALSE,TRUE,Momentum Leader,Momentum Leader,50,Improving
3840,ANF,Abercrombie & Fitch Co.,NA,2.7,3.5,3.3,113.35,13.1,0,0,0,749.7,4604477,03/04/2020,0,A+,No,No,No,No,Yes,1.99,10.9,0,1.45,8.82,0.24,0.24,28,41.46,10,13.7,4.92,4.55,NA,5.5,5,10,13,No,Yes,-3.8,-3.4,-4.3,-8.6,17,47,81,-3,37,No,No,-10.5,112.62,Retail-Apparel/Shoes/Acc,NA,0,54,Yes,4.32,66,No,36,11,-5.6,10.6,0,133.11,77,54,-2,9.83,Yes,0,1.94,-15.39,85,97,91,1.36,112857,4908.8,4.69,44431.7,22.7,-42.8,26.5,43.4,B,15.3,NA,68,53,A+,15.2,8,10,23.1,6.6,13.1,72,5266.3,70,2,-8,NA,3.4,1265,Yes,2.14,-15,689,NA,No,701,NA,No,No,No,0.95,0,No,-8,1.4,3,6,New York Stock Exchange,No,91,No,3.73,-,99,43411,-6,-7,-2.2,4.5,No,No,22.2,-1,RETAIL,13.1,NA,No,66,5292.3,No,No,No,9,-20.9,NA,37,6,2026-08-07,ANF,0,0,0,0,10,10,10,30,106,35,FALSE,FALSE,Other,Momentum Leader,50.2,Improving
5108,TRST,Trustco Bank Corp.,NA,7.1,6.7,7.1,58.98,-3.3,0,0,0,26.1,819765,06/04/2026,0,A,No,No,No,No,Yes,-0.01,15,2.7,0.28,17.97,0,0,46,60.07,0,29.1,2.54,2.61,NA,20.2,22.5,2,3,No,Yes,25.4,29.8,29,27.1,14,-2,0,28,5,No,No,33.3,55.09,Banks-Savings & Loan,NA,0,29,Yes,1.45,4.1,No,21,15,6.2,5,32.86,58.98,52,10,8,3.6,Yes,15,-2.06,-6.59,85,55,87,0.62,6844,957.8,2.8,17028,18.5,16.4,0.7,13.8,B+,19.6,NA,66,43,C,0,0,0,1,-3,-1.8,39,277.6,-17,9,26,NA,9,126,Yes,-1.16,0,144,NA,No,329,NA,No,No,No,4.3,3,No,24,2.1,21,6,NASDAQ,No,68,Yes,1.43,-,1,16467.6,44,26,22.7,26.8,Yes,Yes,14,-1.2,BANKS,-3.3,NA,No,48,1073.9,Yes,Yes,No,67.5,-19.9,NA,9,23.1,2026-08-07,TRST,10,12,0,0,10,10,7,49,77.66666666666667,25,FALSE,FALSE,Other,Momentum Leader,57.9,Strong
5256,UTZ,Utz Brands Inc.,NA,4.6,4.1,4.6,14.19,-0.1,2.1,1,0,820.3,8932422,06/21/2026,0,A,No,No,No,No,No,20.88,44.5,1.8,1.06,11.04,1.58,1.89,52,3960.51,17,0,4.9,5.68,NA,2.1,1.9,5,0,No,Yes,6.2,7.9,8.3,4.5,17,9,16,9,0,No,No,35.9,14.11,Food - Packaged,NA,0,74,Yes,0.44,136.1,No,48,17,11.4,12.4,0,14.19,92,97,16,0.83,Yes,10,-0.35,-0.56,85,93,82,0.56,44792,2038.5,6.18,88613.2,52.8,-9.4,72.9,82.8,D,28.5,NA,78,115,A,2.8,-6,8,52.1,0,18.5,44,1438.8,35,1,6,NA,2,3834,Yes,-0.05,-2,3455,NA,No,252,NA,No,No,No,0.86,0,No,12,3.5,-6,2,New York Stock Exchange,No,94,No,1.8,Yes,100,72030.7,18,10,2.8,1.4,Yes,No,59.4,-6.3,FOOD/BEV,-0.1,NA,No,61,2158.9,Yes,No,No,8.5,-33.1,NA,0.1,-2.7,2026-08-07,UTZ,10,0,0,0,10,10,10,40,106.66666666666667,15,FALSE,FALSE,Other,Momentum Leader,51.9,Improving
4980,JBHT,J.B. Hunt Transport Services Inc.,NA,2.7,3.2,2.1,289.25,-1.2,0,0,0,142,2101776,08/06/2026,0,E,No,No,No,No,No,32.14,26,0.7,1.26,15.63,0,0,83,145.69,30,6.6,3.16,3.12,NA,4.4,5.5,-1,-3,Yes,No,18.4,32.4,28.9,22.9,5,-6,-5,28,12,Yes,No,38.2,268.52,Transportation-Truck,NA,0,7,Yes,8.77,26.2,Yes,20,38,-33.8,2.9,130.12,299.76,16,53,5,7.06,No,17,0.64,-10.42,85,40,75,0.95,285398,25098.8,3.12,93914.9,18.1,-39.6,-2.4,10.9,B,17.8,NA,71,57,E,9.6,28,30,-4.2,-1.5,-4.2,45,11999.1,-20,19,10,NA,12,1024,No,1.72,22,599,NA,No,1976,NA,No,No,No,1.99,59,No,46,1,27,-1,NASDAQ,No,65,Yes,6.9,-,31,73381.6,24,18,36.6,7.5,Yes,Yes,10.4,5.7,TRANSPORTATION,-1.2,NA,No,62,27310,No,No,No,91.3,-41.5,NA,15.8,5.2,2026-08-07,JBHT,20,12,0,0,10,10,7,59,66.66666666666667,40,TRUE,FALSE,CANSLIM Growth,CANSLIM Growth,49.2,Improving
4799,ICHR,Ichor Holdings Ltd.,NA,1.8,1.5,1.5,87.59,-9.2,0,0,0,2265.3,1873804,NA,0,D-,No,No,No,No,Yes,0.42,-129.3,0,3.7,78.26,0,0,96,0,27,-5,10.49,11.26,NA,11,9.2,-5,3,Yes,No,187.1,323.6,232.3,177.8,20,-,-,40,-8,Yes,No,270.7,68.32,Elec-Semiconductor Equip,NA,0,5,No,9.86,21.5,Yes,33,120,2.3,5.5,14.06,113.58,5,23,116,0.57,No,0,4.58,-39.85,85,23,64,2.3,102416,2446.9,11.29,37454.2,36.3,-29.1,-19.6,-4.1,A,112.5,NA,54,20,E,10.7,583,108,-18.9,-3.7,-16.1,14,947.7,-57,23,28,NA,13.7,1212,No,2.99,545,840,NA,No,430,NA,No,No,Yes,2.52,80,No,1033,1,25,12,NASDAQ,No,67,Yes,2.95,-,27,36576.7,-88,-42,529.2,7.8,Yes,No,12.2,6.7,CHIPS,-9.2,NA,Yes,73,2348.8,No,No,No,310.1,4.6,NA,-7.7,0.3,2026-08-07,ICHR,30,15,0,0,10,10,10,75,57.333333333333336,20,TRUE,TRUE,CANSLIM Growth,CANSLIM Growth,38.7,Weak
5494,WTBA,West Bancorp Inc.,NA,6.9,6.8,6.5,28.8,1.4,0,0,4,534.9,391696,08/04/2026,0,A+,No,No,No,No,Yes,-0.1,16.5,3.7,0.33,10.4,0,0,34,48.57,11,20.9,2.77,2.93,NA,22.3,22.4,-3,9,No,No,35.2,23.7,32.1,36,220,-11,10,28,7,Yes,No,28.1,28.43,Banks-Regional,NA,1.5,42,Yes,0.79,39.5,Yes,270,13,-5.4,2.6,17.5,28.8,62,20,-4,2.23,No,27,0.39,-1.28,84,80,98,0.75,1790,482.7,2.77,17043.7,18.3,-2.2,7.3,17.9,B+,8.1,NA,81,46,A+,1.6,35,8,8.5,1,3.4,43,99.5,-1,18,35,NA,17.7,68,Yes,0.11,22,65,NA,No,227,NA,No,No,No,4.5,88,Yes,36,2,33,0,NASDAQ,No,77,Yes,1.72,-,56,14990.4,2,57,34.4,22.2,Yes,Yes,15.2,9.1,BANKS,1.4,NA,No,37,837.2,No,No,No,59.7,-4.2,NA,13.2,21.7,2026-08-07,WTBA,20,8,7,0,7,10,7,59,94.33333333333333,35,TRUE,FALSE,Pullback to 10SMA,CANSLIM Growth,57.9,Strong
5486,WSFS,WSFS Financial Corp.,NA,5.3,4.4,4.8,82.94,1.3,0,0,0,26.1,2183176,08/06/2026,0,B+,No,No,No,No,Yes,-0.03,6.2,1,0.17,20.73,0,0,36,52.52,12,28,2.06,2.09,NA,-1.5,-2.1,13,3,No,No,26.2,36.1,34.5,31.1,9,0,7,35,9,No,No,47.1,81.27,Banks-Savings & Loan,NA,0,29,Yes,1.65,14.5,No,21,13,8.8,4.2,49.91,82.94,52,10,3,6.17,Yes,12,-0.25,-2.01,84,68,97,0.95,36969,4172.6,2.07,51090.6,23.2,3.8,6.6,12.8,B+,15,NA,86,43,A,10.7,26,5,5.8,0.1,1.6,61,1066,-4,6,19,NA,6.6,486,Yes,-0.2,15,483,NA,No,502,NA,No,No,No,3.77,42,Yes,31,1.6,49,-2,NASDAQ,No,76,Yes,1.53,-,36,50528.9,29,30,39.7,5.7,Yes,Yes,16.9,0.2,BANKS,1.3,NA,No,62,3020.4,Yes,No,No,52.3,-30,NA,10.8,24.2,2026-08-07,WSFS,15,12,7,0,7,10,10,61,85,40,FALSE,FALSE,CANSLIM Growth,CANSLIM Growth,57.9,Strong
4496,GL,Globe Life Inc.,NA,3.4,2.7,2.9,186.1,0.9,1.6,2,5,2437.5,1801543,07/05/2026,0,A-,No,No,No,No,No,-17.92,13.8,0.7,1.02,10.87,0.58,0.6,31,47.07,11,24,2.25,2.29,NA,4.8,5.2,4,5,Yes,Yes,14.7,10,17,15.6,48,20,17,16,19,No,No,31.5,183.85,Insurance,NA,3.9,105,No,4.13,38.8,Yes,129,12,9.3,2.3,0,191.55,97,32,13,15.24,Yes,4,-1.17,-4.02,84,72,96,0.63,113265,14295.5,2.41,76849.4,22.8,-16.9,4.1,20.6,B,25.5,NA,84,60,A,-1.7,8,5,6,1,1.5,47,5994.3,16,8,17,NA,6.7,664,Yes,-2.17,2,538,NA,No,1111,NA,No,No,No,2.28,0,Yes,10,1.5,12,4,New York Stock Exchange,No,82,Yes,2.3,-,99,76232.9,8,38,11.1,5.7,Yes,No,18.9,1.8,INSURANCE,0.9,NA,No,54,16756.5,No,No,No,30.9,-5.6,NA,20.6,18,2026-08-07,GL,0,0,7,0,7,10,10,34,91,45,FALSE,FALSE,Value + Quality,Momentum Leader,60.8,Strong
5481,WSBC,WesBanco Inc.,NA,4.8,4.9,5.3,42.5,0.7,0,0,4,534.9,6938724,06/04/2026,0,A+,No,No,No,No,No,-0.07,13.9,3.7,0.06,12.97,0,0,28,46.5,11,19.4,2.41,2.21,NA,50.3,43.9,11,24,No,No,38.1,19.1,31.3,42.2,58,-2,11,27,4,No,No,25.4,41.69,Banks-Regional,NA,1.5,42,Yes,0.89,10.4,No,270,12,8.8,7.4,29.32,42.5,62,20,-2,3.61,Yes,17,-0.1,-1.91,84,80,96,0.8,54933,4002.2,2.21,95905.9,18.8,-57.2,6.1,21.9,B+,10,NA,70,46,A,7.8,5,8,8.2,-0.2,1.9,67,981.1,-9,6,45,NA,19.5,1452,Yes,-0.04,-7,581,NA,No,428,NA,No,No,No,3.77,86,No,1,2.3,38,51,NASDAQ,No,77,Yes,1.03,-,42,93773.1,18,68,19.5,34,Yes,No,15.7,4.6,BANKS,0.7,NA,No,51,5502.4,No,No,No,41.6,-53.6,NA,6.5,24.1,2026-08-07,WSBC,0,8,0,0,7,10,7,32,93.66666666666667,25,FALSE,FALSE,Other,Momentum Leader,57.9,Strong
5080,TPR,Tapestry Inc.,NA,7.6,6.2,6.1,163.94,6.6,2,1,1,910.6,17099847,06/04/2026,0,D+,No,No,No,No,Yes,3.16,18.1,1.1,1.84,29.69,1.26,1.33,68,198.44,21,3.1,3.47,3.27,NA,12.7,14.1,5,5,Yes,Yes,32.3,43.7,36,34.2,18,18,19,38,7,No,No,27.1,162.36,Apparel - Clothing & Shoes,NA,2,106,Yes,4.75,417.8,Yes,51,24,-1.7,8.5,0,163.94,124,122,0,6.77,Yes,9,0.22,-0.96,84,86,91,1.28,341583,32731.2,3.11,202044.7,19.4,-14.1,11,24.4,D-,6.7,NA,96,123,C,27.6,37,12,11.4,4.8,10.1,30,7010.7,11,21,19,NA,17.6,2525,Yes,0.36,23,2225,NA,No,2356,NA,No,No,No,4.18,0,No,61,1.4,35,5,New York Stock Exchange,No,82,Yes,48.13,-,99,201029.1,35,13,47.8,16.1,Yes,Yes,13.4,2.3,CONSUMER,6.6,NA,No,57,34937.1,Yes,No,No,49.7,-25.1,NA,9.8,17.9,2026-08-07,TPR,25,12,0,0,7,10,7,61,97,20,TRUE,TRUE,Earnings Accelerator,CANSLIM Growth,55.4,Strong
4251,FFIV,F5 Inc.,NA,1.9,2.1,2,420,-0.6,0,0,0,118.4,1295676,NA,0,B,No,No,No,No,Yes,0.24,23.3,0,1.66,24.73,1.91,1.91,66,126.63,23,26.2,3.65,3.78,NA,10,9.4,4,6,No,Yes,17.4,14.5,15.8,17.4,9,12,16,15,21,No,No,56.8,400.23,Internet-Network Sltns,NA,0,83,Yes,15.4,6.4,No,19,23,-5.3,2.3,223.76,435,38,114,39,17.47,Yes,7,-3.11,-7.99,84,48,90,1.08,275638,23305.1,3.82,56419.2,27.7,-11.2,-4,16,C-,44.7,NA,85,103,C+,18.3,10,4,-0.7,-0.8,-1.7,40,3088.1,14,11,18,NA,10.9,692,No,-12.84,-3,589,NA,No,2180,NA,No,No,No,6.82,1,No,14,1.6,14,10,NASDAQ,No,74,Yes,5.9,-,28,56064.6,16,20,13.9,9.7,Yes,No,20,6.1,INTERNET,-0.6,NA,No,65,22123.9,No,No,No,26.2,4.8,NA,20.6,24.1,2026-08-07,FFIV,15,0,0,0,7,10,10,42,79,50,FALSE,FALSE,Other,Momentum Leader,40,Weak
3799,AMBP,Ardagh Metal Packaging S.A.,NA,6.8,5.9,5.3,5.25,6.6,2.1,1,0,820.3,9606388,09/09/2026,0.1,B,No,No,No,No,No,38.67,22.7,8.5,1.06,6.71,0.91,1.56,57,370.27,18,0.1,4.12,4.55,NA,14.7,14.4,20,8,No,Yes,53.5,62.5,46.9,44.2,15,12,25,29,0,No,No,22.9,5.04,Food - Packaged,NA,0,74,Yes,0.21,0,No,48,19,-9.2,7,0,5.43,92,97,-9,0.27,No,0,0.4,-7.18,84,85,87,0.9,11379,3000.5,4.95,597706.3,19.5,-46.5,6.1,27.3,D,5.2,NA,94,115,A,24,29,11,11.3,1.8,5.5,38,5497,50,18,17,NA,18.2,2533,Yes,0.02,0,1315,NA,No,240,NA,No,No,No,0.5,0,No,38,1.9,150,12,New York Stock Exchange,No,80,Yes,-3.97,-,98,137175.9,0,0,93.8,16.3,Yes,Yes,15.7,3.9,FOOD/BEV,6.6,NA,No,52,6897.5,No,No,No,32.6,-1.4,NA,0,2,2026-08-07,AMBP,20,15,0,0,7,10,7,59,95.33333333333333,35,FALSE,FALSE,Pullback to 10SMA,CANSLIM Growth,51.9,Improving
4891,INSW,International Seaways Inc.,NA,3.9,3.4,3.6,98.23,-3.9,0,0,0,22.1,2158671,06/11/2026,0,C,No,No,No,No,Yes,1.77,31.7,0.5,7.34,12.06,0,0,25,32.33,8,36.6,4.3,4.5,NA,8.5,19.2,31,-11,Yes,Yes,57.4,177.7,119,80.7,10,-,-28,53,2,Yes,No,90.3,92.41,Transport - Oil/Gas Shipping,NA,0,44,No,3.91,27.1,Yes,13,11,3.8,5.2,0,98.23,8,11,46,8.52,Yes,0,-0.86,-5.93,84,61,85,0.48,46968,4614.3,4.1,49504.7,33.2,14,8.4,2.5,A,51.3,NA,75,26,E,36,166,-51,7.9,-1.1,1.5,36,819.6,-27,78,-30,NA,57.1,555,Yes,-0.8,432,629,NA,No,460,NA,No,No,Yes,4.77,0,No,387,0.9,172,-11,New York Stock Exchange,No,83,Yes,2.08,-,94,41466.6,-27,-57,279.9,34,Yes,Yes,22.2,3.4,TRANSPORTATION,-3.9,NA,No,69,4899.9,Yes,Yes,No,114.5,-7.9,NA,16,87.9,2026-08-07,INSW,35,15,0,0,7,10,10,77,78.66666666666667,45,TRUE,TRUE,Earnings Accelerator,CANSLIM Growth,49.2,Improving
4719,HPQ,HP Inc.,NA,4.3,4.4,4.6,30.06,10.2,0,0,2,2954.2,90012419,09/08/2026,0.3,A+,No,No,No,No,No,-1.41,7,4.4,0.79,7.75,0,0,18,41.21,11,4.8,4.81,4.37,NA,5.3,5.8,-4,1,Yes,No,-0.2,10.2,5.2,1.5,4,-3,-2,4,0,Yes,No,34.9,30.05,Computer-Hardware/Perip,NA,5.3,3,Yes,1.1,0,Yes,38,9,3.9,9.9,0,30.06,1,15,34,3.35,No,8,6.64,-0.03,84,97,85,1.11,463087,25771.3,4.67,914522.7,33.6,-1.1,30.9,43.2,A,52.9,NA,60,27,A+,21,-3,0,19.6,7.3,14.6,86,55295,3,9,-8,NA,7.9,18426,Yes,1.87,-12,17888,NA,No,2154,NA,No,No,No,0.48,0,No,21,1,9,4,New York Stock Exchange,No,96,No,-190.82,-,103,912115.1,0,-10,15.3,6.7,Yes,Yes,38.9,0.9,COMPUTER,10.2,NA,Yes,56,33259.2,No,No,No,18.5,-18.4,NA,0,3.1,2026-08-07,HPQ,10,0,0,0,7,10,10,37,103.66666666666667,25,FALSE,FALSE,Other,Momentum Leader,39.5,Weak
4573,GSBC,Great Southern Bancorp Inc.,NA,4.1,5,5.1,82.91,0.4,0,0,4,534.9,523907,06/28/2026,0,A,No,No,No,No,No,-0.02,15.3,2.1,0.06,11.89,3.24,6.7,37,51.7,15,25.4,2.9,3,NA,0.9,0,1,0,No,Yes,10.7,1.6,3.9,6.8,61,2,2,4,8,No,No,31,80.65,Banks-Regional,NA,1.5,42,Yes,2.36,4.5,No,270,13,2.5,7.1,53.76,82.91,62,20,15,6.02,Yes,8,-0.95,-2.73,84,69,82,0.64,8180,886.9,3.12,10893.2,21,0,4.1,15.6,B+,25.9,NA,42,46,B+,4,-6,-3,4.6,-0.2,1.5,33,229.3,-6,-4,18,NA,-2.5,106,Yes,-0.77,-11,105,NA,No,272,NA,No,No,No,3.88,27,No,-17,1.6,7,-4,NASDAQ,No,78,Yes,1.39,-,13,7415.1,14,11,-4.7,-1.7,No,No,17.2,0,BANKS,0.4,NA,No,49,1189.2,No,No,No,43.2,-13,NA,11.5,19.8,2026-08-07,GSBC,0,0,0,0,7,10,10,27,85.33333333333333,25,FALSE,FALSE,Other,Momentum Leader,57.9,Strong
5388,W,Wayfair Inc. Cl A,NA,3.8,3.5,3.9,118.31,25.6,0,0,1,3815.1,14747320,NA,0,E,No,No,No,No,No,-9.23,34.4,0,0.76,25.55,0,0,83,0,32,-2.4,6.6,6.32,NA,7,7.5,-2,2,Yes,Yes,174,203.1,206.8,182.5,7,-3,139,205,0,No,No,6.2,106.6,Retail-Internet,NA,1.7,126,No,5.77,0,Yes,60,39,9.5,14.3,0,119.98,34,29,4,2.76,Yes,99,2.43,-11.15,84,96,75,2.72,323377,14254.3,6.84,115990.2,21.3,-25.4,14.3,61,B+,15.1,NA,51,45,B+,5,9,37,23.2,9.2,15.6,12,12457,112,8,1900,NA,7.4,3703,Yes,2.53,10,3242,NA,No,617,NA,No,No,No,0.96,0,No,9,1.1,160,5,New York Stock Exchange,No,86,No,-4.94,-,90,109237.4,440,218,84.6,7.3,Yes,No,27.1,-13.1,RETAIL,25.6,NA,No,75,16953.9,No,No,No,45.5,112.5,NA,0,-3.6,2026-08-07,W,0,15,0,0,7,10,10,42,105,15,FALSE,FALSE,Other,Momentum Leader,50.2,Improving
3588,ABEO,Abeona Therapeutics Inc.,NA,13.5,12.2,10.2,7.3,12.8,0.9,5,16,484.8,13233189,NA,0,B+,No,No,No,No,No,0.07,-1.3,0,5.89,-6.27,0.13,0.13,13,29.03,0,1224.8,4.8,5.33,NA,0,0,-13,50,No,Yes,151.5,-37.6,161.2,144.8,240,60,88,-48,70,No,No,37.4,7.24,Medical - Development Biotech,NA,2.9,46,No,0.34,7.5,No,553,8,-16.4,26.3,4,7.54,37,30,27,0.95,Yes,0,4.93,-3.98,84,91,71,0.94,7537,393.3,5.23,56995.1,35.3,15.7,10.5,25.5,A,41.1,NA,17,11,A+,10.4,-174,91,17.2,10.7,8.9,43,5.8,39,0,165,NA,0,1223,No,0.34,-114,1397,NA,No,117,NA,No,No,No,28.38,83,No,-25,1.4,-172,0,NASDAQ,No,95,Yes,2.84,-,94,50388.9,84,758,-98.5,0,No,No,31.8,-1.7,MEDICAL,12.8,NA,No,39,226.8,Yes,No,No,15.5,-25.6,NA,70,-195.8,2026-08-07,ABEO,0,0,0,0,7,10,10,27,92,45,FALSE,FALSE,Value + Quality,Momentum Leader,55.5,Strong
5059,TNDM,Tandem Diabetes Care Inc.,NA,4.5,4.9,5.1,22.65,14.8,1.6,2,5,1088.6,13115208,NA,0,A,No,No,No,No,Yes,1.18,-405.4,0,3.58,-154.91,0,0,52,0,0,-19.7,6.61,5.92,NA,7.5,7.2,9,12,No,No,-15,-31.6,-21,-17.4,68,-22,38,22,-98,No,No,1.8,22.38,Medical-Products,NA,3.9,117,No,1,273.9,Yes,127,0,3.7,20.7,10,29.65,142,90,-14,-0.93,No,0,19.11,-24.52,84,96,63,1.37,38183,1287.7,6.1,68529.1,16.9,147.6,45,21.2,C,16.7,NA,44,98,A,4.4,53,122,31.3,15.9,25.1,52,1014.7,57,6,1,NA,5.6,2243,Yes,3.59,23,5436,NA,No,339,NA,No,No,No,1.47,95,No,36,1.3,55,8,NASDAQ,No,85,No,11.58,-,95,63502.8,-187,11,45.9,8.8,Yes,No,16.7,-4.2,MEDICAL,14.8,NA,No,79,1499.2,Yes,Yes,Yes,94.3,54.7,NA,-97.9,-8.3,2026-08-07,TNDM,15,0,0,10,7,10,7,49,91,10,TRUE,FALSE,Other,Momentum Leader,55.5,Strong
4814,IDYA,IDEAYA Biosciences Inc.,NA,8.1,8.9,8.1,37.06,4.3,1.8,1,2,246.6,9573580,NA,0,B-,No,No,No,No,Yes,0.04,-26.3,0,10.74,-46.07,0,0,2,0,0,-52,4.76,4.19,NA,0,0,16,128,No,Yes,37.2,-12.4,76.8,55.6,49,-,-,-,-11,No,No,7.1,37.02,Medical - Revenue Biotech,NA,3.6,86,No,1.54,2.7,No,55,0,-9.9,10.6,22.22,40.58,106,130,1,-1.8,No,0,2.15,-8.77,84,84,55,1.07,39968,3496.8,3.81,96489.5,12.4,-47.8,-8.6,31.1,B-,15.1,NA,15,75,B+,-15.5,-256,12,8.3,2.5,2.6,2,218.7,-71,0,62,NA,0,1188,Yes,0.78,-177,602,NA,No,423,NA,No,No,No,15.26,99,No,-39,1.6,-35,3024,NASDAQ,No,75,No,3.47,-,100,91230.5,37,344,-37,0,No,No,12.6,0,MEDICAL,4.3,NA,No,70,2815.3,No,No,No,65.2,-45,NA,-10.9,-1502.1,2026-08-07,IDYA,0,0,0,0,7,10,7,24,86.33333333333333,25,FALSE,FALSE,Other,Momentum Leader,55.5,Strong
5609,ZURA,Zura Bio Ltd.,NA,7.7,8.5,8.6,6.01,9.9,0.9,5,16,484.8,10252606,NA,0,C+,No,No,No,No,Yes,0,-6.1,0,19.33,-8.67,0,0,12,0,0,0,7.71,8.24,NA,0,0,0,0,No,No,-177.9,-74.4,-55.8,-214.6,436,-,51,-42,-80,No,No,13.8,5.96,Medical - Development Biotech,NA,2.9,46,No,0.43,0,No,553,0,1.7,16.2,1.39,7.44,37,30,-13,-1.09,No,0,4.47,-19.83,84,90,54,0.38,5301,542.4,6.67,94997.7,18.3,-12.6,17.4,31.4,A,-0.7,NA,13,11,B+,-26.6,27,11,24.2,7,9.9,12,0,71,0,-77,NA,0,1138,Yes,0.26,-13,956,NA,No,78,NA,No,No,No,NA,85,No,-16,1.6,-227,0,NASDAQ,No,72,No,2.61,-,94,63279.6,19,0,-121.2,0,No,No,10.5,39.3,MEDICAL,9.9,NA,Yes,86,426.4,Yes,Yes,No,303,-46.6,NA,-80,0,2026-08-07,ZURA,0,0,0,0,7,10,7,24,91,25,FALSE,FALSE,Other,Momentum Leader,55.5,Strong
5244,USCB,USCB Financial Holdings Inc.,NA,2.8,3.4,3.5,23.74,1.7,0,0,4,534.9,224211,08/16/2026,0.13,A,No,No,No,No,-,-0.19,10.1,2.2,0,10.26,0,0,31,55.95,10,23.6,3.2,3.58,NA,15,14.1,0,17,No,No,33.1,25.2,26,26.6,-,-,32,26,9,No,No,21.3,22.34,Banks-Regional,NA,1.5,42,No,0.75,24.6,No,270,12,2.8,1.9,16.14,23.74,62,20,-2,1.85,Yes,0,0.59,-5.9,83,84,98,0.5,1165,405.6,3.78,18257.4,17.1,-36.4,10.4,21.7,B+,11,NA,92,46,A,0.8,25,12,10.3,0.2,4.7,55,97.7,48,15,36,NA,14.6,57,Yes,0.13,24,35,NA,No,166,NA,No,No,No,3.9,97,No,22,1.9,24,6,NASDAQ,No,78,Yes,1.77,-,25,11706.7,29,29,23.1,13.4,Yes,No,15.1,0.6,BANKS,1.7,NA,No,50,605.8,No,No,No,38.9,-25.2,NA,12.1,21,2026-08-07,USCB,15,12,0,0,7,10,7,51,98.33333333333333,35,FALSE,FALSE,Pullback to 10SMA,Momentum Leader,57.9,Strong
4452,GE,GE Aerospace,NA,2.4,2.2,3,388.84,2.8,2.1,2,0,2507.6,14900112,07/05/2026,0,D+,No,No,No,No,No,18.6,47.9,0.5,0.98,46.3,0.89,0.9,89,168.62,44,21.8,2.97,2.81,NA,24.7,25,-14,-18,No,Yes,38.3,21.8,27.5,29.6,11,58,57,25,35,No,No,20.1,370.08,Aerospace/Defense,NA,0,66,No,10.16,104.9,No,97,52,36.7,0,0,388.84,104,87,9,7.11,Yes,16,-1.19,-4.82,83,78,96,1.09,1586444,388619,2.92,1037562.5,16.8,-49.3,0.8,22.3,C+,15.3,NA,93,84,B,8.4,24,15,5.2,1,3.5,25,42322,105,24,38,NA,26.7,4581,Yes,-4.47,20,2527,NA,No,3442,NA,No,No,No,8.1,0,No,22,2.7,25,18,New York Stock Exchange,No,76,Yes,21.77,Yes,95,1034420.3,19,44,23.3,24.5,Yes,No,14.9,-1.7,AEROSPACE/DEFENSE,2.8,NA,No,48,404703.7,No,No,No,36,-25.1,NA,45.2,18,2026-08-07,GE,15,8,0,0,7,10,7,47,92.66666666666667,35,FALSE,FALSE,Pullback to 10SMA,Momentum Leader,57.4,Strong
3884,APPN,Appian Corp. Cl A,NA,5.4,5.9,6.3,35.61,28.5,0.9,1,8,5415.1,5989933,NA,0,A,No,No,No,No,No,25.46,29.3,0,0.9,41.13,1.14,1.14,84,10144.83,28,0.9,6.62,6.42,NA,20,20.9,18,16,No,Yes,998.6,1874,1433.8,1167.4,20,35,111,192,0,No,No,-2.2,34.64,Comp Sftwr - Enterprise,NA,7,137,No,1.63,0,No,114,40,7.1,16.3,18.63,46.06,108,39,9,0.87,Yes,72,13.91,-24.79,83,99,92,1.61,22922,2232.5,7.02,42324.7,23.4,63.9,40.4,45.8,A+,37.4,NA,83,9,A+,4122.2,77,31,40,21,29.8,23,726.9,57,19,274,NA,20.3,933,Yes,4.23,3,1490,NA,No,294,NA,No,No,No,1.84,78,No,2553,1.4,108,18,NASDAQ,No,96,No,-23.65,-,90,36741.3,2961,113,1330.4,20.8,Yes,Yes,38.9,-5.5,SOFTWARE,28.5,NA,No,58,2344.9,No,No,No,18.7,17.8,NA,0,-5.8,2026-08-07,APPN,30,15,0,7,7,10,10,79,106.33333333333333,30,TRUE,FALSE,CANSLIM Growth,CANSLIM Growth,58.7,Strong
4963,IVZ,INVESCO Ltd.,NA,3,3.3,3.8,32.55,6.7,0,0,4,1107.7,19476004,08/13/2026,0.22,E,No,No,No,No,No,22.96,7.9,2.9,0.99,9.38,0,0,33,65.4,10,-5.9,3.51,3.36,NA,10.5,12.6,-2,4,Yes,No,33.6,48.7,46.2,33.7,31,-6,19,39,-5,Yes,No,20.2,31.58,Finance-Investment Mgmt,NA,3.5,121,Yes,0.96,100,Yes,113,13,14.7,4.4,0,32.55,79,70,10,2.51,No,27,-0.35,-2.98,83,80,92,1.5,149710,13991.1,3.47,441499.8,19.8,-22.9,15.3,17.7,B,17.7,NA,97,52,C-,6.6,38,16,10.3,3.6,5.1,37,4658.5,13,20,19,NA,17.2,5389,Yes,-0.11,20,4619,NA,No,1028,NA,No,No,No,2.77,0,Yes,97,1.3,30,7,New York Stock Exchange,No,81,Yes,1.4,-,97,438116.3,19,39,63.4,14.4,Yes,Yes,17.4,-1.3,FINANCE,6.7,NA,No,52,21994.6,No,No,No,53.5,4.8,NA,-2.1,20.2,2026-08-07,IVZ,25,12,7,0,7,10,7,68,95,15,TRUE,FALSE,CANSLIM Growth,CANSLIM Growth,50,Improving
4303,FMBH,First Mid Bancshares Inc.,NA,3.2,4,3.9,53.36,-1.8,0,0,4,534.9,537498,08/17/2026,0.26,A+,No,No,No,No,No,-0.1,15.5,2,0.06,9.38,1.81,2.54,34,49.35,11,25.1,2.41,2.34,NA,13.2,13.9,11,13,Yes,Yes,14.6,14.6,15,15.9,59,5,7,15,8,No,No,31.2,51.17,Banks-Regional,NA,1.5,42,Yes,1.16,35.4,Yes,270,13,-4.3,2.2,34.16,53.36,62,20,5,4.03,Yes,10,-1.41,-4.1,83,73,92,0.74,7689,1381.4,2.27,26615.8,19.9,-42.2,6.3,17.1,B+,14.8,NA,66,46,B+,-1.2,16,12,6.4,-1.7,1.2,44,354.2,5,24,16,NA,19.8,162,Yes,-0.73,21,91,NA,No,279,NA,No,No,No,3.5,6,No,6,2.4,14,3,NASDAQ,No,75,Yes,1.24,-,3,23909.4,24,16,10.1,15.1,Yes,No,16.1,-0.7,BANKS,-1.8,NA,Yes,32,1899.7,No,No,No,37.6,-38.1,NA,10.2,19.4,2026-08-07,FMBH,5,0,0,0,7,10,7,29,89.66666666666667,30,FALSE,TRUE,Other,Momentum Leader,57.9,Strong
5182,UBS,UBS Group AG,NA,3.1,2.8,3,53.98,1.9,0,0,2,5413,6218001,04/21/2026,0,D,No,No,No,No,No,-6.79,-16.5,1.3,0.72,-10.76,0,0,50,70.2,14,11.1,2.04,2.07,NA,8.4,11.3,9,11,Yes,Yes,82.2,102.2,95.8,99,4,-1,-34,77,6,No,No,16.1,53.76,Banks-Money Center,NA,7.4,55,No,1.08,366.3,Yes,27,16,7.4,0.2,0,55.15,75,12,7,3.26,Yes,0,1.74,-2.52,83,76,89,1.05,100358,160878.8,2.13,3277805.2,21.1,-2.3,4.5,21.1,A,22.4,NA,69,18,C,-1.3,32,17,6,1.6,1.9,31,47848,340,16,81,NA,15.1,1988,Yes,0.92,21,1912,NA,No,2754,NA,No,No,No,3.43,0,Yes,21,1.5,84,-9,New York Stock Exchange,No,81,Yes,1.85,-,100,2821516.2,201,77,52.6,13.5,Yes,Yes,17.7,2.1,BANKS,1.9,NA,No,42,334325.8,No,No,No,38.1,-12.1,NA,8.9,13.7,2026-08-07,UBS,15,15,7,0,7,10,10,64,89.66666666666667,10,FALSE,FALSE,CANSLIM Growth,CANSLIM Growth,57.9,Strong
4732,HRTG,Heritage Insurance Holdings Inc.,NA,2.2,2,1.9,36.5,11.5,1.6,2,5,2437.5,918505,06/12/2022,0,A,No,No,No,No,No,0.56,4.6,0,1.02,5.56,0,0,6,18.4,7,30.6,4.14,4.38,NA,1.7,1.5,8,7,No,Yes,174.4,92.7,195.5,187.2,47,-,-,98,49,No,No,11.9,32.74,Insurance,NA,3.9,105,No,1.22,18,Yes,129,5,-5.1,3.8,0,36.5,97,32,19,7.02,Yes,0,-7.02,-10.3,83,91,88,0.69,10333,1068.6,4.48,30349.9,23.4,5.3,20.4,16.8,B,23.4,NA,50,60,A,64.4,-24,0,26.3,7.1,13.8,96,847.3,16,3,214,NA,1.7,407,Yes,-2.47,-62,401,NA,No,325,NA,No,No,No,1.16,0,No,32,1.8,20,4,New York Stock Exchange,No,89,No,1.71,Yes,90,24124.3,226,504,26.2,2,Yes,No,25.2,-4.4,INSURANCE,11.5,NA,No,44,444.7,No,No,No,58.5,29.3,NA,49.1,28.8,2026-08-07,HRTG,15,15,0,0,7,10,10,57,97.33333333333333,40,FALSE,FALSE,CANSLIM Growth,CANSLIM Growth,60.8,Strong
4518,GLW,Corning Inc.,NA,1.8,1.4,1.2,170.43,19.8,3.4,1,0,220.8,19125152,08/30/2026,0.28,E,No,No,No,No,No,2.28,96.4,0.8,1.81,53.55,12,14.43,90,294.47,45,13.1,8.72,9.09,NA,15.2,15.9,4,10,No,Yes,30,28.6,27.5,27.5,5,4,20,28,9,Yes,No,89.2,165.68,Elec-Misc Products,NA,0,26,Yes,16.35,71.8,No,29,58,-8.8,2.4,0,271.78,6,67,26,2.87,Yes,14,5.41,-39.04,83,37,87,1.21,2748298,135393,8.35,861388.3,20.9,-27.3,-10.6,-9.2,A,35.6,NA,93,23,E,3.3,30,32,-7.5,14,6.3,7,16408,15,17,29,NA,17.6,15324,No,8.5,30,10739,NA,No,2774,NA,No,No,No,8.03,0,No,30,0.7,30,19,New York Stock Exchange,No,66,Yes,11.95,-,101,788743.7,26,24,29.8,16.4,Yes,Yes,7.7,7.4,ELECTRNCS,19.8,NA,No,43,143244,No,No,No,155.8,-13.6,NA,14.2,12.4,2026-08-07,GLW,20,12,0,0,7,10,10,59,69,30,TRUE,FALSE,CANSLIM Growth,CANSLIM Growth,49.3,Improving
3635,ADAM,Adamas Trust Inc.,NA,3.7,2.8,3.7,9.91,8.3,0.5,1,4,1651.4,2989006,06/22/2026,0,E,No,No,No,No,No,-0.65,80.9,11.9,0.06,6.7,0,0,8,22.52,9,20.5,2.67,2.66,NA,-35.3,-33.5,-31,-31,No,No,287.4,498,373.5,316,5,-14,102,249,5,No,No,34.5,9.82,REITs,NA,2.1,94,No,0.24,480,No,194,6,29.9,3.6,6.45,9.91,41,45,6,1.68,Yes,0,3.15,-0.96,83,79,86,1.02,7841,855.7,2.81,89879.8,21.1,-7.6,7.7,12.6,B,22,NA,70,67,C+,96.8,36,-14,7.7,7,8.3,90,66,-15,-33,196,NA,-30.3,863,No,0.3,-16,782,NA,No,242,NA,No,No,No,15.96,75,Yes,1275,1.5,21,32,NASDAQ,No,83,Yes,0.95,-,88,83185.5,198,0,648.1,-32.4,Yes,Yes,16.5,2.1,REAL EST,8.3,NA,No,44,11521.6,No,No,No,47.9,-9.3,NA,10.6,24.2,2026-08-07,ADAM,25,15,7,0,7,10,10,74,84.66666666666667,20,TRUE,FALSE,CANSLIM Growth,CANSLIM Growth,39.8,Weak
5491,WST,West Pharmaceutical Services Inc.,NA,2.8,2.6,3,356,3.8,1.6,2,5,1088.6,2360270,07/28/2026,0,C-,No,No,No,No,No,0.24,58.3,0.3,2.82,34.1,0,0,85,173.84,38,19.5,2.69,2.78,NA,11.9,12.5,3,4,No,No,18,29.3,23.4,23,53,-3,-1,23,15,No,No,28.7,354.07,Medical-Products,NA,3.9,117,Yes,9.78,9.5,No,127,42,15.7,3.4,0,386,142,90,37,8.5,No,9,1.57,-8.27,83,68,85,0.89,272291,24533,2.91,70375.8,23.4,-38.8,-0.6,10,C,42.2,NA,74,98,B-,13.9,23,11,3.6,3,1.3,15,3074.1,-16,14,8,NA,17.4,808,No,5.47,12,501,NA,No,2132,NA,No,No,No,7.49,0,No,29,1.5,47,6,New York Stock Exchange,No,86,Yes,8.34,Yes,100,69925.8,12,6,37.9,14.1,Yes,Yes,21.7,5.2,MEDICAL,3.8,NA,No,54,24238.2,No,No,No,47.2,-34.3,NA,16.9,17.6,2026-08-07,WST,20,12,0,0,7,10,10,59,80.66666666666667,50,FALSE,FALSE,CANSLIM Growth,CANSLIM Growth,55.5,Strong
5393,WASH,Washington Trust Bancorp Inc.,NA,5.4,5.7,6.7,40.25,-0.3,0,0,4,534.9,1179138,06/30/2026,0,A+,No,No,No,No,No,-0.08,14.7,5.8,0.04,8.85,0,0,37,52,11,17.5,2.71,2.65,NA,54,64.4,-7,-2,No,No,24.1,50.3,34.6,29.2,19,-32,-48,254,2,No,No,31.5,38.85,Banks-Regional,NA,1.5,42,No,0.99,53.8,Yes,270,13,16.4,6.3,25.23,40.25,62,20,-6,2.88,No,0,-0.56,-3.48,83,76,81,0.81,6445,744.9,2.75,19065.6,18.9,-62.5,8.4,20.7,B+,5.7,NA,36,46,A-,7.9,18,10,7.3,-1,1.9,31,229,-158,11,266,NA,4.7,179,Yes,-0.22,56,65,NA,No,316,NA,No,No,No,3.17,27,No,22,1.7,5,25,NASDAQ,No,70,Yes,1.34,-,13,18634.3,124,-12,13.4,80.4,Yes,Yes,14.3,1.9,BANKS,-0.3,NA,No,46,1410.4,No,No,No,42.7,-37.9,NA,10,17.1,2026-08-07,WASH,15,15,0,0,7,10,7,54,87,5,FALSE,FALSE,Other,Momentum Leader,57.9,Strong
3600,ACA,Arcosa Inc.,NA,5,1.8,1.6,145.98,-0.2,1.6,1,5,661.9,993631,07/14/2026,0,D+,No,No,No,No,Yes,2.23,60.3,0.1,3.12,20.86,1.84,1.85,79,55.93,32,8.4,1.64,0.46,NA,4.6,3,8,9,No,Yes,36.9,47.7,53.6,50.8,45,18,17,39,8,No,No,36.2,144.84,Building - Construction Products,NA,7.8,63,No,0.67,59.3,No,64,33,-14.6,2.1,0,146.92,55,79,7,4.35,Yes,9,-0.03,-1.42,83,63,80,1.04,111733,7115.1,0.4,49106.8,22.1,-41.9,0.1,13.1,B,16.1,NA,74,51,D,-5.3,-4,17,4,-0.2,-0.1,15,2883.4,-7,-11,48,NA,-10.1,786,Yes,-0.05,1,491,NA,No,541,NA,No,No,No,2.59,0,No,-11,1.6,4,12,New York Stock Exchange,No,80,Yes,2.68,-,99,48132.8,150,71,-3.5,-4.2,No,No,17.1,-2.5,BUILDING,-0.2,NA,No,61,8483.1,No,No,No,70.2,-15.9,NA,8.2,7.7,2026-08-07,ACA,0,12,0,0,7,10,10,39,77.33333333333333,25,FALSE,FALSE,Other,Momentum Leader,53.7,Improving
4736,HSHP,Himalaya Shipping Ltd.,NA,3,2.9,3.4,16.11,1,2,1,2,72.6,1140334,07/16/2026,0,E,No,No,No,No,No,-13371.5,21,0,0.95,14.13,0,0,71,96.08,9,13.4,3.74,4.07,NA,16.2,21.9,0,229,Yes,Yes,131.2,434.5,304.7,173,5,-,-,182,-13,No,No,74.4,15.87,Transportation-Ship,NA,4.1,25,No,0.6,411.6,Yes,49,25,17.3,4.2,0,16.69,9,18,39,0.62,No,0,2.26,-4.91,83,65,79,0.68,4367,731.7,4.09,47145,29.7,-13.6,6.8,0.5,A-,51.4,NA,63,36,E,-20.6,405,-16,6.9,2.4,2.7,15,131.9,1290,53,-21,NA,47.6,296,Yes,0.35,2052,242,NA,No,143,NA,No,No,No,5.21,0,No,174,1,1145,7,New York Stock Exchange,No,81,Yes,4.76,-,99,26879.6,-15,-85,659.3,30.6,Yes,No,17.8,11.7,TRANSPORTATION,1,NA,No,30,1386.1,No,No,No,119.2,-2.4,NA,11.2,14.9,2026-08-07,HSHP,35,15,0,0,7,10,10,77,77.66666666666667,20,FALSE,TRUE,CANSLIM Growth,CANSLIM Growth,49.2,Improving
5015,THRM,Gentherm Inc.,NA,4,4.6,4.9,43.71,1.7,0,0,1,220.9,1601909,NA,0,D,No,No,No,No,Yes,0.65,28.4,0,2.06,10.93,0,0,43,185.61,14,2.4,4.67,5.16,NA,6.9,8.7,9,2,No,No,22.3,57.5,42.5,30.3,25,-3,0,39,3,No,No,13.4,41.26,Auto/Truck Equipment Parts & Tires,NA,1.8,73,Yes,1.97,32.9,No,55,15,5.1,5.3,27,48.35,57,60,13,2.81,Yes,22,2.13,-14.66,83,89,79,1.13,16941,1240.5,5.61,30705.2,20.5,-35.7,19.7,33.9,B+,28.1,NA,82,50,D,34.1,29,14,10.7,-1.3,4.1,39,1498.6,-10,11,-3,NA,11.1,446,Yes,0.86,-9,281,NA,No,425,NA,No,No,No,0.8,60,No,39,1.2,65,3,NASDAQ,No,89,No,1.75,Yes,33,30031.8,69,-3,51.8,10.2,Yes,Yes,23.1,0,AUTO,1.7,NA,No,71,1365.5,No,No,No,24.7,-14.7,NA,2.7,1.1,2026-08-07,THRM,20,15,0,0,7,10,10,62,98.66666666666667,35,FALSE,FALSE,Pullback to 10SMA,CANSLIM Growth,45.4,Improving
5103,TRNS,Transcat Inc.,NA,3.3,3.2,2.9,96.6,9.1,0,0,1,544.3,515073,NA,0,C-,No,No,No,No,Yes,2.64,39.8,0,2.49,25.06,9.5,9.5,92,1009.49,47,2.4,5.33,4.64,NA,19.8,21.1,12,13,No,No,-27.1,-43.7,-36.6,-31.9,11,7,-8,-34,2,No,No,64.1,93.11,Electronic-Parts,NA,4.3,53,No,4.12,42.9,Yes,23,67,-7.9,5.6,50.23,96.6,23,14,21,1.4,No,17,-1.51,-3.61,83,79,79,0.94,15406,884.9,4.75,9359.8,26.3,-5,6.6,21.7,A,22,NA,27,14,A+,-62.9,234,14,4.4,5.2,5.4,22,331.9,-3,22,-75,NA,18.7,174,No,-1.43,2,164,NA,No,275,NA,No,No,No,2.5,25,No,-76,1.9,-12,19,NASDAQ,No,84,Yes,2.88,-,74,9139.9,-42,-15,-44.4,21,Yes,No,18.9,1.5,ELECTRNCS,9.1,NA,Yes,53,1005.8,No,No,No,16.4,1.7,NA,1.8,1.4,2026-08-07,TRNS,5,0,0,0,7,10,10,32,87.33333333333333,15,FALSE,TRUE,Other,Momentum Leader,49.3,Improving
4666,HGTY,Hagerty Inc.,NA,7.4,7.2,6.8,13.97,18,1.6,2,5,2437.5,1179114,NA,0,B,No,No,No,No,Yes,0.77,7.2,0,1.88,21.56,0,0,95,548.17,41,9.6,3.85,3.86,NA,10.3,8.5,0,17,No,Yes,50.5,11.5,48.7,40.6,78,-,-,-44,21,No,No,1.3,13.61,Insurance,NA,3.9,105,No,0.46,101,No,129,91,-5.5,1.2,0,14,97,32,-7,0.15,Yes,0,0.89,-2.79,83,92,76,0.6,1789,4635.5,3.89,102070.5,16.6,53.4,12,32.1,B,8,NA,19,60,A+,76.9,-109,1603,18.2,10.9,12.7,1,1456.4,500,-4,71,NA,-3.1,156,Yes,0.12,-99,242,NA,No,138,NA,No,No,No,0.99,0,No,-115,1.7,-150,22,New York Stock Exchange,No,86,No,6.43,-,97,98999,300,160,-132.7,5.4,No,No,20,15,INSURANCE,18,NA,No,27,1309.9,No,No,No,45.7,68.3,NA,18.1,0.1,2026-08-07,HGTY,0,0,0,7,7,10,7,31,98.66666666666667,20,FALSE,FALSE,Other,Momentum Leader,60.8,Strong
4820,IFF,International Flavors & Fragrances Inc.,NA,8.1,7.3,7,89.31,8.4,2,1,1,977,15027612,09/17/2026,0.4,D+,No,No,No,No,Yes,2.12,48.5,2,2.06,25.87,0,0,64,304.68,25,-3.8,3.32,3.36,NA,-10.3,-11.8,0,-4,No,No,-6,-14,-10.3,-8.4,24,-8,5,-9,-2,No,No,27.5,85.89,Cosmetics/Personal Care,NA,2,90,Yes,2.65,37.4,No,50,22,-3.7,6,0,89.31,105,93,2,3.92,No,14,1.58,-3.83,83,85,61,0.85,158739,21572.9,3.34,255150,18.4,-31.8,5,9.7,D,14.8,NA,38,113,B+,-23,-17,15,10.6,5.5,9.1,32,10890,29,-29,-3,NA,-16.4,2069,Yes,1.34,-24,1421,NA,No,1847,NA,No,No,No,2.2,0,No,-29,1,4,-5,New York Stock Exchange,No,82,Yes,1.57,-,96,250454,-18,1,-12.3,-13.2,No,No,14.7,2.4,CONSUMER,8.4,NA,No,62,28545.5,No,No,No,33.7,14,NA,-2.6,1.6,2026-08-07,IFF,0,0,0,0,7,10,7,24,81.33333333333333,20,FALSE,FALSE,Other,Momentum Leader,55.4,Strong
4546,GPCR,Structure Therapeutics Inc. ADR,NA,7.2,7.3,7.9,54.8,10.6,0.9,5,16,484.8,6206238,NA,0,B-,No,No,No,No,Yes,0,-12.8,0,26.16,-14.12,0,0,6,0,0,0,5.4,5.3,NA,0,0,0,0,No,No,-70.2,17.5,-12.9,-19.7,464,-,-,-,-12,No,No,-23.6,53.14,Medical - Development Biotech,NA,2.9,46,No,2.67,0.2,No,553,0,8,8.9,15.86,94.9,37,30,-42,-2.81,No,0,0.99,-44,83,88,54,0.88,33132,3739.7,5.22,71074.5,1.2,-53,-6.2,35.7,A,-29.1,NA,23,11,A,-202.5,36,-29,12.4,7.2,7.1,6,0,-188,0,-8,NA,0,728,No,0.52,55,329,NA,No,313,NA,Yes,No,No,NA,58,No,-29,1.6,169,0,NASDAQ,No,52,No,2.61,-,80,69411.4,-88,-104,70.2,0,No,No,-3.8,-2.5,MEDICAL,10.6,NA,No,59,2151.4,No,No,No,228,-37.7,NA,-11.9,0,2026-08-07,GPCR,0,8,0,0,7,10,5,30,90,25,FALSE,FALSE,Other,Momentum Leader,55.5,Strong
5389,WAB,Wabtec,NA,3.1,3.2,3.9,306.64,0.3,0,0,0,57.5,3383668,08/17/2026,0.31,B-,No,No,No,No,No,6.63,30.4,0.4,1.12,28.38,1.38,1.41,76,152.47,25,14.3,2.79,2.91,NA,11.2,13.4,10,8,No,Yes,19.6,21.8,20.4,19.5,2,21,22,20,10,No,No,36.7,291.81,Transportation-Equip Mfg,NA,0,24,Yes,8.01,41.3,Yes,9,30,20.4,2,0,306.64,36,17,10,9.89,Yes,3,-1.16,-4.84,82,67,95,1.02,257177,49867.6,2.98,168910.9,19,-24.2,12.6,9.9,A-,18.5,NA,92,32,C,6,21,14,7,-1.4,3.1,-,11167,28,17,19,NA,15.3,937,Yes,-3.42,18,1683,NA,No,2428,NA,No,No,No,4.11,0,No,22,1.2,19,8,New York Stock Exchange,No,72,Yes,4.4,-,97,167768,25,16,20.2,15.1,Yes,No,13.3,1.8,TRANSPORTATION,0.3,NA,No,59,55194,Yes,Yes,No,55.3,-22.6,NA,11,12.4,2026-08-07,WAB,15,8,0,7,7,10,7,54,83.33333333333333,35,FALSE,FALSE,Pullback to 10SMA,Momentum Leader,49.2,Improving
4278,FIVE,Five Below Inc.,NA,2,1.8,1.7,244.53,12.5,0,0,0,1540.2,2271332,NA,0,C-,No,No,Yes,Yes,Yes,2.03,27.1,0,2.1,23.1,3.39,3.39,77,113.99,27,10.1,3.96,3.61,NA,24.6,25.9,14,16,Yes,Yes,55.4,81.3,73.5,67.4,13,9,13,50,18,No,No,29.7,244.37,Retail - General,NA,0,33,Yes,7.12,78.9,Yes,15,30,-2.4,4.2,131.4,251.63,54,118,6,8.02,Yes,9,5.73,-2.89,82,86,92,1.35,262407,12779.9,3.53,55295.3,22.6,-20.1,38.6,10.4,E,20.6,NA,95,131,B,25.6,37,7,22,11.1,17.1,21,4764.1,-7,32,32,NA,28.4,1324,Yes,13.25,64,1026,NA,No,853,NA,No,No,No,2.66,99,No,158,1.2,24,23,NASDAQ,No,85,No,5.84,Yes,99,54315,62,50,91,26.6,Yes,Yes,16.1,5.8,RETAIL,12.5,NA,No,65,13495,Yes,No,No,84.1,-47.3,NA,17.9,9.6,2026-08-07,FIVE,32,15,0,0,7,10,10,74,91.66666666666667,40,TRUE,TRUE,Earnings Accelerator,CANSLIM Growth,50.2,Improving
4910,IOT,Samsara Inc.,NA,6.6,6.9,6.5,41.37,9.7,0.9,1,8,5415.1,39918884,NA,0,A,No,No,No,Yes,No,0.19,73.1,0,1.36,99.25,0,0,92,1615.98,53,0.1,6.59,6.5,NA,29.8,29.6,42,34,No,Yes,135.7,77.5,93.1,127.8,48,-,-,83,-1,No,No,15.3,40.88,Comp Sftwr - Enterprise,NA,7,137,No,2.3,4.2,Yes,114,66,-6,11.2,0,47.47,108,39,44,0.62,Yes,0,6.96,-13.88,82,94,89,1.74,220040,22340.1,6.31,372784.5,21.8,2.5,12.5,35.8,A+,60.8,NA,66,9,A+,30.6,27,28,16.6,8.1,11,14,1618.6,271,31,115,NA,29.4,6407,Yes,2.66,35,6706,NA,No,1308,NA,No,No,Yes,8.81,0,No,55,1,64,30,New York Stock Exchange,No,94,No,15.8,-,103,356335.8,114,140,59.1,29.3,Yes,No,28.4,5.8,SOFTWARE,9.7,NA,No,55,21871.1,Yes,No,No,18.2,-25.8,NA,-0.7,9.3,2026-08-07,IOT,27,15,0,0,7,10,10,69,103.33333333333333,30,FALSE,TRUE,CANSLIM Growth,CANSLIM Growth,58.7,Strong
4029,EGO,Eldorado Gold Corp.,NA,2.6,3.4,4.6,38.61,25.6,0,0,5,736.2,13146965,08/31/2026,0.08,D,No,No,No,No,No,2.18,-14.1,1,1.31,11.55,0.28,0.29,44,51.31,8,29.9,5.62,5.61,NA,34.7,30.3,18,33,No,Yes,53,87.9,70.2,62.8,11,52,88,57,12,No,No,5.6,37.92,Mining-Gold/Silver/Gems,NA,5.6,19,Yes,1.75,28.9,No,89,15,34.6,5.1,0,51.16,65,141,-16,2.53,Yes,0,5.54,-25.88,82,94,89,0.78,83957,9380,5.64,261319.9,10.4,12.4,18.4,14.4,D+,-2.8,NA,96,104,C+,-4,92,57,20,13.7,20.3,47,1818.9,175,8,11,NA,28.9,2709,No,1.99,101,3003,NA,No,524,NA,No,No,No,4.88,0,No,23,0.7,239,37,New York Stock Exchange,No,66,No,1.44,Yes,102,258233,2,17,131,30.1,Yes,No,6.2,2.7,MINING,25.6,NA,No,53,9827.8,No,No,No,64.3,25.1,NA,12.7,35.5,2026-08-07,EGO,10,15,0,0,7,10,7,49,93.33333333333333,40,FALSE,FALSE,Other,Momentum Leader,52.3,Improving
4215,FCBC,First Community Bankshares Inc.,NA,5.8,6.1,6.1,49.48,1,0,0,4,534.9,518464,08/06/2026,0,A,No,No,No,No,Yes,0,19.1,2.8,0.62,14.15,4.32,16.29,49,58.49,16,34,2.84,2.91,NA,11,13.9,6,3,Yes,No,2.3,12,9.7,4.7,247,1,-3,10,2,No,No,42.9,48.21,Banks-Regional,NA,1.5,42,No,1.34,0.1,Yes,270,16,0.2,3.3,31.21,49.48,62,20,5,2.96,Yes,5,0.01,-2.57,82,72,88,0.68,4253,915.7,3.04,18866.7,22,-26.1,9,11.5,B+,16.7,NA,46,46,A,3.2,9,2,7.2,0.1,3.3,14,167.5,-7,40,-2,NA,25,94,Yes,0.01,10,67,NA,No,224,NA,No,No,No,4.84,74,No,13,1.6,14,0,NASDAQ,No,75,Yes,1.69,-,49,15919.8,8,3,13.7,18.4,Yes,Yes,16,1.8,BANKS,1,NA,No,26,793.2,No,No,No,36.9,-21.1,NA,9.5,36.3,2026-08-07,FCBC,17,0,0,0,7,10,10,44,82.66666666666667,15,FALSE,TRUE,Pullback to 10SMA,Momentum Leader,57.9,Strong
4941,ISMAY,Indra Sistemas S.A. ADR,NA,0,0,0,36.78,10.9,1.1,1,2,799.5,0,07/07/2026,0,C,No,No,No,No,No,0.6,0,0.3,1.8,22.96,0.63,0.63,69,139.52,0,10.8,2.43,2.48,NA,0,0,0,0,No,Yes,54.5,36,31.2,66.8,34,39,47,29,26,No,No,26.7,36.23,Computer-Tech Services,NA,2.2,118,Yes,0.74,76.9,Yes,93,25,0,0,0,37.54,136,125,14,1.46,Yes,17,0.76,-3.5,82,91,86,0.38,236,12468.3,2.44,352317.1,20,-25.9,23.3,19.7,D,24.8,NA,91,116,C,0,0,0,18,7.5,16.9,13,6158.3,45,47,64,NA,37.3,8,Yes,0.27,0,5,NA,No,0,NA,Yes,No,No,1.77,0,No,-5,1.7,43,18,US OTC,No,81,No,5.73,-,101,0,70,17,18.9,38,Yes,No,16.9,0,BUSINS SVC,10.9,NA,Yes,0,13330.6,No,No,No,76.1,-59.9,NA,29.1,7.8,2026-08-07,ISMAY,7,12,0,0,7,0,7,33,96.33333333333333,40,FALSE,TRUE,Other,Momentum Leader,59.6,Strong
4186,EXPD,Expeditors International of Washington Inc.,NA,4.4,4.1,3.8,187.74,6.4,0,0,0,156.5,4809540,05/31/2026,0,C-,No,No,No,No,Yes,0.34,20,1,1.7,24.19,0,0,71,111.94,23,9.9,2.35,2.52,NA,7.7,7.4,-9,4,Yes,No,15.1,18.8,14.3,13,12,-6,7,10,27,Yes,No,19.9,178.71,Transportation-Logistics,NA,0,14,Yes,4.34,19.5,Yes,31,26,-6.7,3.7,0,187.74,68,120,-4,6.87,No,20,0.08,-4.81,82,72,85,0.78,227003,23211.1,2.76,129990.6,16.8,-42.3,7.8,17.7,E,8.3,NA,77,134,A,20,29,4,6.2,2.8,1.7,35,11069,14,32,4,NA,18.2,1357,No,0.15,29,817,NA,No,2048,NA,No,No,No,1.93,0,No,51,1.8,16,4,New York Stock Exchange,No,72,Yes,10.33,-,95,129176.7,-11,1,33.9,11,Yes,Yes,13.8,2.3,TRANSPORTATION,6.4,NA,No,56,22983.1,No,No,No,51.4,38.1,NA,35.4,8.3,2026-08-07,EXPD,27,8,0,0,7,10,7,59,86.66666666666667,50,TRUE,TRUE,Earnings Accelerator,CANSLIM Growth,49.2,Improving
4770,HXL,Hexcel Corp.,NA,4.6,4,4.4,111.73,0.5,2.1,2,0,2507.6,4202028,08/09/2026,0.18,B+,No,No,No,No,Yes,2.04,33.3,0.7,2.43,35.9,0,0,88,196.68,39,7.2,3.4,3.33,NA,3.9,5.4,10,4,No,Yes,6.3,30.5,17.5,10.7,46,-,4,17,5,No,No,40,103.43,Aerospace/Defense,NA,0,66,No,3.43,80.9,No,97,48,10,5.6,0,111.73,104,87,10,2.14,Yes,0,0.44,-7.43,82,60,84,1.08,105852,7787.7,3.53,75623.4,20.4,-50.1,3.3,8,C+,20.3,NA,80,84,C+,15,36,30,4.2,-1.3,-1.2,32,1893.9,12,8,-13,NA,8.9,1069,Yes,0.45,36,534,NA,No,675,NA,No,No,No,3.95,0,No,32,1.4,59,-1,New York Stock Exchange,No,75,Yes,6.02,-,96,74889,0,-21,45.7,7.2,Yes,Yes,14.5,2.4,AEROSPACE/DEFENSE,0.5,NA,No,58,8837.5,No,No,No,69.2,-12.6,NA,7.9,9.3,2026-08-07,HXL,15,12,0,0,7,10,10,54,77.33333333333333,25,TRUE,FALSE,Other,Momentum Leader,57.4,Strong
4234,FDX,FedEx Corp.,NA,2.9,2.9,3,319.69,3.6,0,0,0,152.2,5969116,06/21/2026,0,E,No,No,No,No,No,5.64,25.1,1.6,1.48,8.53,4.58,8.22,50,65.97,18,6.1,2.77,2.54,NA,6.2,7.6,0,1,Yes,Yes,23.1,34.3,27.3,24.3,2,2,11,29,11,No,No,37,318.57,Transport-Air Freight,NA,0,4,Yes,7.99,119.6,Yes,4,16,1.6,2.8,0,345.37,43,66,-6,20.52,Yes,10,0.85,-7.76,82,53,82,0.96,632882,74728.9,2.34,236581.2,14.1,-86.9,1.8,5.2,B-,7.1,NA,91,71,E,26.5,-19,20,-0.4,2.2,1.7,-,94700,2,13,50,NA,10.4,1977,No,2.7,0,1215,NA,No,2568,NA,No,No,Yes,0.78,0,No,67,0.9,16,8,New York Stock Exchange,No,59,Yes,2.42,Yes,100,216093.8,19,6,41.9,9.2,No,Yes,6.2,2.4,TRANSPORTATION,3.6,NA,No,48,102906.4,No,No,No,76.1,-30.9,NA,14.8,6.4,2026-08-07,FDX,25,12,0,0,7,10,7,61,72.33333333333333,30,TRUE,FALSE,CANSLIM Growth,CANSLIM Growth,49.2,Improving
4354,FRO,Frontline PLC,NA,2.4,1.8,2.3,40.3,0.9,2,1,2,72.6,7121398,06/11/2026,0,E,No,No,No,No,Yes,8.87,16.8,8,2.03,12.96,0,0,21,36.7,6,19.6,4.25,4.14,NA,2.6,11.4,14,-12,Yes,Yes,266.2,593.5,430.5,328.1,20,-,-22,159,4,Yes,No,82.1,39.74,Transportation-Ship,NA,4.1,25,No,1.57,109.4,Yes,49,10,30.2,5,0,43.1,9,18,28,4.06,Yes,0,0.46,-7.8,82,54,81,0.63,104988,8807,3.83,222622.9,25.2,-46.5,5.5,4.2,A-,35.3,NA,76,36,E,3,372,-54,5.5,1.6,3.3,42,1196.7,-24,116,-24,NA,58,2801,Yes,0.18,663,1497,NA,No,409,NA,No,No,No,5.93,0,No,1573,1.1,240,-4,New York Stock Exchange,No,77,Yes,3.11,Yes,99,143155.9,-33,-58,906.7,22.2,Yes,Yes,15.3,12.4,TRANSPORTATION,0.9,NA,No,28,11267.3,No,No,No,99.4,-27.2,NA,15.6,78.3,2026-08-07,FRO,35,15,0,0,7,10,10,77,74.33333333333333,35,TRUE,TRUE,Pullback to 10SMA,CANSLIM Growth,49.2,Improving
3602,ACAD,ACADIA Pharmaceuticals Inc.,NA,7.5,6.8,6.6,29.48,12.9,0,0,3,1298.7,11029444,NA,0,A,No,No,No,No,Yes,0.06,24,0,3.39,45.19,0.19,0.19,36,49.69,35,13,3.52,3.81,NA,11.2,11.7,24,24,Yes,Yes,19.5,5.6,31.7,21.3,26,69,107,73,40,No,No,9.4,29.21,Medical - Profitable Biotech,NA,5.7,40,No,0.97,3.3,Yes,53,13,-2.3,6.5,19.69,29.48,94,84,8,2.22,Yes,34,2.67,-0.92,82,95,81,0.99,40105,4902.1,3.5,172305.5,22.7,11.2,11.5,29.5,C+,24,NA,26,83,A+,164.1,-75,57,20.2,8.4,11.8,66,1071.5,468,16,69,NA,13.1,1631,Yes,0.76,-55,1783,NA,No,514,NA,No,No,No,4.42,93,No,12,1.7,-82,12,NASDAQ,No,91,No,3.85,-,93,170089.6,86,110,-34.7,11.8,No,No,24.3,-3.4,MEDICAL,12.9,NA,No,72,4134.6,No,No,No,19.7,54.5,NA,39.9,10.2,2026-08-07,ACAD,15,0,0,0,7,10,10,42,96,45,FALSE,FALSE,Value + Quality,Momentum Leader,55.5,Strong
4913,IPAR,Interparfums Inc.,NA,6.4,6.5,5.9,129.29,-1.3,2,1,1,977,1776073,09/14/2026,0.8,A+,No,No,No,No,Yes,0.19,15.3,2.6,3.31,18.39,1.34,1.57,67,88.64,23,18.2,3.74,3.74,NA,1.9,3,14,7,No,Yes,0.4,1.8,2.9,-0.3,32,15,5,3,8,No,No,45,122.97,Cosmetics/Personal Care,NA,2,90,No,4.47,15.6,Yes,50,24,-9.2,9.8,77.21,129.29,105,93,4,5.23,Yes,10,3.34,-4.89,82,83,80,0.89,33426,3811.1,3.63,32025.8,27.9,7.3,0.6,30.9,D,20.1,NA,62,113,A,-0.4,-7,10,10.6,-1.5,0,29,1488.5,9,2,1,NA,1.9,300,Yes,3.97,-7,319,NA,No,467,NA,No,No,No,2.62,97,No,-4,1.9,2,2,NASDAQ,No,86,Yes,4.52,Yes,47,18055.8,7,6,-0.9,3.6,No,No,23.6,-1.7,CONSUMER,-1.3,NA,No,74,3863.6,No,No,No,5,0.9,NA,20.7,8.9,2026-08-07,IPAR,0,0,0,0,7,10,10,27,96.66666666666667,50,FALSE,FALSE,Other,Momentum Leader,55.4,Strong
4260,FHTX,Foghorn Therapeutics Inc.,NA,9.4,9,6,6.17,34,0.9,5,16,484.8,1535862,NA,0,B-,No,No,No,No,No,0.31,-2.2,0,2.92,-4.44,0,0,51,0,0,-240.3,7.06,8.06,NA,61,73.8,81,1,No,Yes,20.3,5.1,8.7,14.5,155,-,-,-,0,Yes,No,12.4,6.07,Medical - Development Biotech,NA,2.9,46,No,0.41,0,Yes,553,0,-33.3,5,3.27,6.95,37,30,-7,-0.99,Yes,0,8.98,-12.66,82,95,75,1.59,1324,327,7.01,58713.9,23.8,5.5,1.2,44.5,A,6.9,NA,38,11,A+,59.2,21,-1,28.9,20.6,17.7,51,30.9,32,113,25,NA,33.8,271,No,0.5,2,281,NA,No,130,NA,No,No,No,12.63,85,No,64,2.2,3,37,NASDAQ,No,88,No,-4.66,-,94,30956.8,-52,19,33.8,96.9,Yes,No,21.1,-0.8,MEDICAL,34,NA,No,65,167.6,No,No,No,21.9,-23.9,NA,0,-44.7,2026-08-07,FHTX,30,0,0,0,7,10,10,57,99,25,TRUE,TRUE,CANSLIM Growth,CANSLIM Growth,55.5,Strong
3772,ALMS,Alumis Inc.,NA,11.2,11.3,4.9,29.28,-2.3,0.9,5,16,484.8,6764417,NA,0,B,No,No,No,No,Yes,0.09,-6,0,7.51,-6.35,0,0,21,0,0,-1047.3,6.68,6.72,NA,0,0,0,0,No,No,19.2,49.7,83.1,49,287,-,-,111,-87,Yes,No,182.8,27.6,Medical - Development Biotech,NA,2.9,46,No,1.86,10.7,No,553,0,-56.8,7.8,3.76,31.35,37,30,-8,-1.77,No,0,-0.72,-11.96,82,60,73,0.87,35539,3544.3,6.64,123432.1,34.4,-38.5,-5.7,16.2,A,5.4,NA,60,11,C,3.4,-8,4,8.3,0.9,-0.9,21,24.1,-79,-90,50,NA,0,1411,No,-0.2,-186,843,NA,No,315,NA,No,No,No,405.47,57,No,57,1.6,54,0,NASDAQ,No,70,Yes,6.19,-,71,86439.2,39,183,55.2,0,Yes,No,11.2,15.8,MEDICAL,-2.3,NA,No,62,3272.6,No,No,No,537.4,-47.5,NA,-86.7,-5344.8,2026-08-07,ALMS,20,12,0,0,7,10,10,59,78.66666666666667,35,TRUE,FALSE,CANSLIM Growth,CANSLIM Growth,55.5,Strong
5527,XFOR,X4 Pharmaceuticals Inc.,NA,10.6,8.7,9.4,4.82,16.6,0.9,5,16,484.8,6501966,NA,0,B,No,No,No,No,Yes,0.4,-3.1,0,10.18,-2.29,0,0,46,0,0,-225.4,5.99,6.39,NA,153,128.6,83,422,No,Yes,-41.2,-102.4,-55,-69.5,349,59,70,-18,-76,No,No,16,4.64,Medical - Development Biotech,NA,2.9,46,No,0.26,41,Yes,553,0,8,8.6,1.35,4.83,37,30,1,-1.2,Yes,0,11.27,-3.93,82,88,66,1.33,3038,393.3,6.05,94319.7,19.2,119.8,17.8,8.2,A,30.3,NA,29,11,A+,26.1,64,-5,15.2,12.6,15.8,46,35.1,67,346,67,NA,127.9,754,No,0.47,72,1597,NA,No,64,NA,No,No,Yes,27.97,70,No,97,1.9,-500,1273,NASDAQ,No,88,Yes,2.6,-,79,75931.7,96,87,-201.7,111.6,Yes,Yes,17.7,52.4,MEDICAL,16.6,NA,No,60,214.9,Yes,Yes,Yes,217.8,-22.1,NA,-76,-183.5,2026-08-07,XFOR,30,0,0,10,7,10,7,64,83.66666666666667,15,TRUE,TRUE,CANSLIM Growth,CANSLIM Growth,55.5,Strong
5474,WPP,WPP PLC ADR,NA,5,4.8,4.4,27.78,36.3,4,2,6,106.6,2239264,06/04/2026,0,A+,No,No,No,No,-,0,0,10.5,0,6.21,0,0,58,28.78,0,0.7,4.71,5.12,NA,-3.6,-4.5,3,1,No,No,-64.4,-61.8,-80.6,-70.9,-,-1,-15,-157,-7,No,No,22.7,27.55,Comml Svcs-Advertising,NA,12,127,No,0.97,227.8,No,50,0,-7.5,1,0,27.78,85,96,35,-0.57,No,0,6.17,-0.81,82,99,56,0.92,10065,5737.8,5.45,215760.5,44.3,121,54.7,46.9,B+,49.1,NA,12,49,A+,0,-17,5,46.9,26.3,36.6,58,13750.3,-6,-6,-23,NA,-5.1,530,Yes,1.6,0,1110,NA,No,71,NA,Yes,No,No,0.36,0,No,-24,1.4,-24,-5,New York Stock Exchange,No,98,No,NA,-,104,215655.6,-137,-137,-24.1,-12.5,No,No,48.8,-2.7,BUSINS SVC,36.3,NA,Yes,6,10012.5,No,No,No,5.3,121.8,NA,-7.3,0.3,2026-08-07,WPP,0,0,0,10,7,5,10,32,94,0,FALSE,FALSE,Other,Momentum Leader,59.6,Strong
5482,WSBF,Waterstone Financial Inc.,NA,4.8,4.8,4.4,21.14,1.6,0,0,0,26.1,317146,07/07/2026,0,A,No,No,No,No,Yes,-0.18,-67.1,3.3,0.21,19.58,0,0,31,46.44,0,16.6,2.35,2.5,NA,33.8,31.6,-7,18,No,No,49,59.7,62.9,58,11,-14,60,53,5,No,No,25.9,20.84,Banks-Savings & Loan,NA,0,29,Yes,0.5,54.4,No,21,12,-9.5,2.1,13.49,21.14,52,10,1,1.73,No,79,-0.19,-1.4,81,72,98,0.51,1463,376.9,2.3,18053.1,16.5,-31.9,4,12.3,B+,15.5,NA,96,43,A,0,0,0,5.7,0.8,3.4,67,201.6,120,1,47,NA,5.6,74,Yes,-0.04,0,49,NA,No,185,NA,No,No,No,1.82,21,No,15,2,107,-1,NASDAQ,No,67,Yes,1.07,Yes,30,14902.6,57,73,61,24.7,Yes,No,12.3,-0.5,BANKS,1.6,NA,No,40,727,No,No,No,54.9,-41.2,NA,7.7,15.7,2026-08-07,WSBF,10,15,0,0,7,10,7,49,85.66666666666667,20,FALSE,FALSE,Pullback to 10SMA,Momentum Leader,57.9,Strong
4499,GLBE,Global-E Online Ltd.,NA,2.3,2.4,2.1,42.51,7.7,0.9,1,8,5415.1,3682503,NA,0,A+,No,No,No,No,Yes,0.04,16.3,0,2.25,26.24,0,0,92,245.42,44,7.3,4.49,4.23,NA,28.9,28.5,0,31,Yes,Yes,684.1,1269.5,988.6,799.3,69,-,-,-,7,No,No,7.7,42.32,Comp Sftwr - Enterprise,NA,7,137,No,1.57,2,Yes,114,65,-14.2,3.5,26.84,42.51,108,39,14,0.65,Yes,0,3.17,-0.45,81,95,94,1.97,56688,6890,3.92,167967.4,20.4,-22.4,14.6,29.7,A+,29.8,NA,79,9,A+,-1.2,192,35,18.3,5.1,9.4,15,962.2,44,33,187,NA,30.4,1624,Yes,1.3,260,1233,NA,No,321,NA,No,No,No,6.94,85,No,255,1.2,3400,28,NASDAQ,No,90,No,7.87,-,94,105431.9,154,146,1827.3,28.8,Yes,No,23.5,7,SOFTWARE,7.7,NA,No,50,6383.1,No,No,No,20.3,-36.6,NA,7.5,12,2026-08-07,GLBE,32,15,0,0,7,10,10,74,100,35,FALSE,TRUE,CANSLIM Growth,CANSLIM Growth,58.7,Strong
4359,FRST,Primis Financial Corp.,NA,1.7,1.7,2.2,16.57,1.4,0,0,4,534.9,517942,08/06/2026,0,B+,No,No,No,No,No,-0.06,-8.7,2.5,0.07,37.25,0,0,52,28.88,9,23.2,2.63,2.81,NA,95,118.6,11,8,No,No,83.1,120.1,152.5,108.9,76,-,-,-,9,No,No,16.8,16.25,Banks-Regional,NA,1.5,42,No,0.45,41.5,No,270,17,25,2.5,9.55,16.77,62,20,2,0.94,No,0,0.37,-3.1,81,63,93,0.77,3723,405.3,2.71,24878.6,18.8,-38.8,3.2,11.4,B+,14,NA,71,46,B+,-39.6,271,34,3.7,0.6,1.6,11,211.5,-129,19,244,NA,27.2,240,Yes,0.06,54,143,NA,No,203,NA,No,No,No,1.89,92,No,109,2.7,136,26,NASDAQ,No,73,Yes,0.93,-,51,20711.4,115,250,122.4,145.6,Yes,No,13.1,5.7,BANKS,1.4,NA,No,51,599.9,No,No,No,47.5,-31.3,NA,15.9,12.1,2026-08-07,FRST,30,15,0,0,7,10,7,69,81,30,FALSE,FALSE,CANSLIM Growth,CANSLIM Growth,57.9,Strong
4228,FDBC,Fidelity D&D Bancorp Inc.,NA,3.8,3.5,3.2,55.5,3.7,0,0,4,534.9,35891,08/13/2026,0.43,B-,No,No,No,No,Yes,-0.01,12.6,3.3,0.3,7.46,0,0,23,39.44,0,23.7,3.06,2.75,NA,9.9,8.7,14,13,No,No,29.3,23.6,29.5,31.5,210,-3,13,28,9,No,No,25.2,54.52,Banks-Regional,NA,1.5,42,Yes,1.43,6.7,No,270,10,-8.6,0.8,39.87,55.5,62,20,-1,5.25,Yes,24,1.15,-1.77,81,80,93,0.64,726,312.9,2.92,5805.2,17.9,-61.2,5.7,18.3,B+,15.2,NA,76,46,B-,0,0,0,7.5,2.2,4.2,85,140.1,13,6,35,NA,7,14,Yes,0.62,0,5,NA,No,130,NA,No,No,No,2.18,100,Yes,11,0.8,24,11,NASDAQ,No,81,Yes,1.25,Yes,62,4545.5,36,47,17.6,8,Yes,No,16.6,0,BANKS,3.7,NA,No,16,304.2,No,No,No,36.7,193.7,NA,12.7,21.1,2026-08-07,FDBC,10,8,7,0,7,7,7,46,91.66666666666667,35,FALSE,FALSE,Other,Momentum Leader,57.9,Strong
4346,FRCOY,Fast Retailing Co. Ltd. ADR,NA,0,0,0,50.84,2.7,0,0,0,749.7,0,02/26/2026,0,D,No,No,No,No,Yes,0.3,33.6,0.5,3.14,39.7,2.83,2.92,87,146.65,277,19.1,1.62,1.69,NA,7,7.5,6,8,No,Yes,17.2,18.1,16.3,15.2,30,16,17,14,13,No,No,38.8,50.43,Retail-Apparel/Shoes/Acc,NA,0,54,Yes,0.85,23.2,Yes,36,47,0,0,0,54.28,77,54,10,1.08,Yes,5,1.08,-7.1,81,51,91,0.08,9313,156706.8,1.74,3182209.7,17.8,-51.2,-7.1,4,B,24.6,NA,90,53,C-,24.4,11,14,0.7,2.2,2.9,8,22308.9,26,18,14,NA,10.9,185,No,0.54,-15,81,NA,No,12,NA,Yes,No,No,6.57,0,No,39,1.3,8,11,US OTC,No,71,Yes,9.03,Yes,99,0,8,11,23.3,8.4,Yes,Yes,12.1,20,RETAIL,2.7,NA,No,0,148620.4,No,No,No,64.8,-24.7,NA,19.8,14.5,2026-08-07,FRCOY,20,8,0,0,7,0,7,42,76.33333333333333,50,TRUE,FALSE,Other,Momentum Leader,50.2,Improving
5310,VIRT,Virtu Financial Inc.,NA,3.6,3.6,3.6,60.97,-4.9,0,0,0,786.3,4771548,08/31/2026,0.24,D,No,No,No,No,No,-2.06,21.4,1.6,0.94,3.5,0.83,1,14,35.65,8,33.6,4.32,4.57,NA,37.3,34.8,-4,19,No,Yes,56.2,51.2,45.4,53.2,10,8,65,51,27,No,No,67.6,55.85,Financial Svcs-Specialty,NA,0,116,Yes,2.76,141.8,No,48,8,-2.2,5.8,0,68.02,87,88,32,6.96,Yes,48,0.49,-17.89,81,32,85,0.56,74344,8626,4.53,88300.7,24.4,-53.1,-11.7,12.7,D+,45,NA,96,108,D-,0.7,25,-3,-4.2,-3.6,-5.2,69,2145.3,93,26,61,NA,42.3,1289,No,0.27,44,594,NA,No,610,NA,No,No,No,1.91,0,No,19,1.4,72,23,New York Stock Exchange,No,66,Yes,2.64,Yes,93,83662.4,62,28,45.6,39.6,Yes,No,15.5,4.3,FINANCE,-4.9,NA,Yes,66,7775.1,No,No,No,31.6,-5.8,NA,30.9,15.2,2026-08-07,VIRT,17,15,0,0,7,10,10,59,66,35,FALSE,FALSE,CANSLIM Growth,CANSLIM Growth,50,Improving
4812,IDT,IDT Corp. Cl B,NA,2.7,2.9,2.5,68.31,-1.2,0,0,2,869.2,486401,NA,0,A+,No,No,No,No,Yes,0,16.3,0.4,1.9,12.96,4.04,4.47,54,78.3,17,8.6,3.31,2.81,NA,3.6,4.2,-4,1,No,No,41.9,18.6,22.3,45.2,17,4,31,22,28,No,No,27.1,65.08,Telecom/Cable Services,NA,6.9,102,Yes,1.75,0.4,No,29,18,-14.4,2.4,0,69.15,90,121,23,3.64,Yes,33,-1.65,-5.89,81,78,84,0.87,12601,1645.6,2.79,23294.2,23.4,-20,6.5,21.6,E,34.9,NA,86,124,B+,5.6,21,3,9.1,-1.9,0.8,53,1231.5,5,5,64,NA,5.1,219,Yes,-1.09,29,168,NA,No,349,NA,No,No,No,1.19,0,No,4,2,19,2,New York Stock Exchange,No,84,Yes,4.52,-,96,20263.3,32,33,11.7,4.8,Yes,No,21.9,0,TELECOM,-1.2,NA,No,46,1274.9,No,No,No,8,-6.7,NA,27.6,6.8,2026-08-07,IDT,0,8,0,0,7,10,10,35,88,55,FALSE,FALSE,Other,Momentum Leader,38.6,Weak
3628,ACT,Enact Holdings Inc.,NA,12.7,11.7,11.7,49.18,3.5,0,0,0,64.3,3646871,08/19/2026,0.24,B+,No,No,No,No,No,1.98,9.1,2,0.96,10.09,1.02,1.28,22,39.45,10,69.5,2.23,2.3,NA,2.4,2.5,4,10,No,Yes,3.5,9.3,6.1,3,10,8,5,7,11,No,No,23.5,48.96,Finance-Mrtg&Rel Svc,NA,0,114,No,1.06,14,Yes,26,10,-0.1,13.4,34.64,49.18,98,136,-3,4.77,Yes,8,0.6,-0.45,81,80,83,0.58,16001,6794.4,2.42,139600.7,17.9,-3.3,7.6,13.3,E,13.4,NA,60,130,A+,4.6,6,5,9.4,2.1,4.5,25,1235.8,11,4,-1,NA,2.9,358,Yes,0.29,7,337,NA,No,418,NA,No,No,No,5.45,83,Yes,9,1.1,7,3,NASDAQ,No,79,Yes,1.28,-,92,27187.3,12,-3,8,3.1,Yes,Yes,14.7,-3.2,FINANCE,3.5,NA,No,70,6846.9,No,No,No,36.3,0.1,NA,13,55.1,2026-08-07,ACT,0,0,7,0,7,10,7,31,83.33333333333333,35,FALSE,FALSE,Other,Momentum Leader,50,Improving
4737,HSIC,Henry Schein Inc.,NA,5.3,4.7,4.2,92.18,2.8,1.6,2,5,1088.6,6534965,NA,0,A-,No,No,No,No,-,2.06,30.4,0,0,15.07,8.3,8.3,51,99.58,16,4,2.44,2.45,NA,5.9,6.5,1,3,No,Yes,8.3,14.3,14,9.1,-,2,3,14,12,Yes,No,16.6,88.13,Medical-Products,NA,3.9,117,Yes,2.1,78.9,Yes,127,17,-9.7,6.8,61.95,92.18,142,90,1,5.31,Yes,6,-0.11,-4.39,81,76,82,0.61,114880,9832.9,2.53,111446.5,14.6,-52,1.5,25,C,10.5,NA,62,98,A,2.5,8,11,5.9,1.5,1.9,64,13184,5,7,5,NA,6.5,1430,Yes,-0.1,-2,650,NA,No,1003,NA,No,No,No,0.72,44,No,15,1.8,15,4,NASDAQ,No,73,Yes,3.12,-,37,94484.3,13,13,15.1,6.9,Yes,Yes,12.2,-0.1,MEDICAL,2.8,NA,Yes,67,13485.8,No,No,No,33.7,12.2,NA,12,3.2,2026-08-07,HSIC,10,0,0,0,7,10,7,34,86.66666666666667,20,FALSE,FALSE,Other,Momentum Leader,55.5,Strong
5275,VCEL,Vericel Corp.,NA,9.1,7.2,6.9,49.32,-1.9,0,0,3,1298.7,4603010,NA,0,B+,No,No,No,No,Yes,0.42,36.6,0,5.04,45.3,2.18,2.18,95,374.02,64,6.3,4.13,3.87,NA,22.5,23.1,16,19,No,Yes,178.1,188.7,291.6,251.2,35,44,128,273,5,Yes,No,25.2,45.09,Medical - Profitable Biotech,NA,5.7,40,No,1.78,23.7,No,53,96,-4.2,9.1,28.95,49.32,94,84,13,0.47,Yes,99,0.76,-8.58,81,69,79,1.45,25593,2291.5,3.7,51206.6,19.7,-20.5,-4,28.4,C+,24.6,NA,69,83,B,238.2,73,59,5.6,-1.9,-2.2,6,276.3,386,22,60,NA,26.3,603,No,0.34,-42,473,NA,No,405,NA,No,No,No,7.54,61,No,500,2.2,48,16,NASDAQ,No,82,No,6.24,-,26,50594.3,18,600,273.9,25.3,Yes,Yes,19.7,-4.9,MEDICAL,-1.9,NA,No,65,2283.5,No,No,No,24.7,-36.1,NA,5.1,2.9,2026-08-07,VCEL,30,15,0,0,7,10,7,69,83.33333333333333,30,TRUE,FALSE,CANSLIM Growth,CANSLIM Growth,55.5,Strong
4000,ATROB,Astronics Corp. Cl B,NA,0,0,0,80.2,12.4,2.1,2,0,2507.6,0,NA,0,E,No,No,No,No,Yes,1.12,113.7,0,2.97,37.81,0.95,0.95,89,204.58,31,3.7,5.76,5.87,NA,9.1,8.6,18,14,No,Yes,276.2,469.5,352.1,359.5,54,55,116,259,15,No,No,43.1,77.56,Aerospace/Defense,NA,0,66,No,4.31,266,No,97,52,0,0,0,97,104,87,-15,1.49,Yes,0,2.12,-20.04,81,63,74,0.94,10,3264.2,5.28,10900,15.2,-81.6,11.5,13.1,C+,5.9,NA,80,84,E,5.4,56,19,0.8,8.2,9.7,27,862.1,42,12,537,NA,13.6,67,No,1.61,1748,21,NA,No,191,NA,No,No,No,0.95,0,No,127,0.8,1038,8,US OTC,No,55,Yes,17.19,-,97,8940.6,244,0,582.2,10.3,No,Yes,6.5,558.6,AEROSPACE/DEFENSE,12.4,NA,No,24,3621.5,Yes,No,No,182.2,-80.6,NA,14.8,11.1,2026-08-07,ATROB,30,15,0,0,7,10,7,69,74.66666666666667,35,FALSE,FALSE,CANSLIM Growth,CANSLIM Growth,57.4,Strong
3936,ARXS,Arxis Inc.,NA,0,4.1,2.8,61.5,10.5,2.1,2,0,2507.6,2922498,NA,0,D+,No,No,No,No,Yes,2.64,0,0,5.21,98,0,0,80,225.02,116,3.9,7.08,6.89,NA,0,0,0,0,No,No,0,0,0,0,71,-,-,-,0,No,No,0,59.99,Aerospace/Defense,NA,0,66,No,3.14,85.2,No,97,0,-32.1,4.4,33.15,61.5,104,87,5646,0,No,0,4.17,-2.46,81,98,52,1.98,50557,24042.3,6.99,69657.9,0,-39.5,41.2,71.3,C+,0,NA,26,84,C-,91,133,99,34,14.8,27.7,80,1591,55,0,391,NA,0,1112,Yes,2.4,0,650,NA,No,202,NA,No,No,No,NA,85,Yes,0,2.1,0,114,NASDAQ,Yes,78,No,5.61,-,83,73539.4,0,0,0,0,No,No,0,0,AEROSPACE/DEFENSE,10.5,NA,No,38,26490.1,No,No,No,0,-27.2,NA,1.5,-1,2026-08-07,ARXS,0,0,10,0,7,10,0,27,97,10,FALSE,FALSE,Other,Momentum Leader,57.4,Strong
4567,GRPN,Groupon Inc.,NA,6,5.6,7,29.9,-9.2,0,0,1,3815.1,13376270,NA,0,A+,No,No,No,No,No,-6.05,13.5,0,0.8,15.64,0,0,28,0,47,-9.1,8.07,8.21,NA,1.8,2,-15,-3,No,No,220.1,-92.6,-315.6,227.5,10,-,-,-,0,No,No,42.1,25.03,Retail-Internet,NA,1.7,126,No,2.08,0,No,60,0,24.8,66.7,9.17,37.06,34,29,86,-3.07,No,0,-0.48,-32.46,81,78,46,1.56,37336,955.3,7.58,37984,44.7,59.1,-6.8,61.9,B+,88.3,NA,14,45,B-,29.4,94,725,9.3,-7.6,-6.4,28,498.4,-190,-1,-38,NA,-0.5,1636,Yes,-0.12,101,2579,NA,No,204,NA,No,No,No,1.91,15,No,-109,1.1,-287,1,NASDAQ,No,90,No,-15.53,Yes,9,20049.7,118,-985,-197.6,0.3,No,No,46.9,-5.6,RETAIL,-9.2,NA,No,49,1060.6,Yes,Yes,No,-32.1,1.2,NA,0,-1.4,2026-08-07,GRPN,0,0,0,7,7,10,10,34,85.33333333333333,15,FALSE,FALSE,Other,Momentum Leader,50.2,Improving
3639,ADEA,Adeia Inc.,NA,4.2,3.6,3.6,32.2,5.9,0,0,3,6062.3,8227152,08/23/2026,0.05,D,No,No,No,No,Yes,1.9,21.3,0.8,3.25,20.13,4.05,5.06,45,100.69,20,31.8,7.39,6.92,NA,16.9,21.6,-20,2,No,Yes,27,55,42.2,31.6,40,3,8,57,23,No,No,63.7,28.23,Internet-Content,NA,4.6,85,Yes,1.95,84.5,No,65,15,0.5,7.7,11.61,34.34,27,94,50,1.86,Yes,20,-0.28,-17.79,80,38,83,1.23,55645,3122,7,110280.1,24.7,-63.1,-0.6,3,D-,56,NA,86,122,C,10.4,-14,13,-3.2,3.8,4.1,42,443.4,-9,12,31,NA,15.8,1872,No,-0.08,6,678,NA,No,500,NA,No,No,No,6.61,41,No,36,1.4,46,18,NASDAQ,No,59,Yes,6.52,-,52,107238.6,83,4,41.1,28.3,Yes,Yes,11,5.3,INTERNET,5.9,NA,No,74,3413,No,No,No,104.9,-27.9,NA,25.3,18.1,2026-08-07,ADEA,20,15,0,0,7,10,10,62,67,45,FALSE,FALSE,CANSLIM Growth,CANSLIM Growth,40,Weak
4782,IAG,IAMGOLD Corp.,NA,0.8,0.8,0.9,18.36,29.1,0,0,5,736.2,5295053,NA,0,E,No,No,No,No,No,1.91,9.2,0,1.89,10.13,0,0,17,39.89,7,34,5.39,4.85,NA,81.4,89,21,57,No,Yes,254.6,496.2,388.8,307.3,17,-,-,383,18,No,No,11.1,18.32,Mining-Gold/Silver/Gems,NA,5.6,19,No,0.73,17.4,No,89,9,25.9,0.9,0,24.87,65,141,-24,2.09,Yes,0,14.29,-26.34,80,85,83,0.95,83731,9266.8,4.74,578000,7.3,151.1,15.4,-0.1,D+,-4.2,NA,83,104,C,-4,72,8,16.1,21,22.8,85,2852.8,474,48,129,NA,81.7,5443,No,2.29,72,12388,NA,No,719,NA,No,No,No,2.88,0,No,223,1.1,570,71,New York Stock Exchange,No,59,No,2.45,Yes,113,576274.7,695,67,396.5,98.3,Yes,No,1.7,2,MINING,29.1,NA,No,56,9523.3,Yes,Yes,Yes,137.3,42.8,NA,17.7,26.9,2026-08-07,IAG,32,15,0,10,7,10,5,79,87.66666666666667,50,FALSE,FALSE,CANSLIM Growth,CANSLIM Growth,52.3,Improving
5380,VVX,V2X Inc.,NA,1.7,2,1.9,93.98,-6.5,2.1,2,0,2507.6,1199822,NA,0,B,No,No,No,No,No,4.67,24.6,0,1.32,14.76,4.61,4.61,39,111.02,13,2.3,4.78,5.12,NA,10.7,13.3,26,7,No,Yes,28.7,32.2,25.7,32.6,24,3,19,26,7,No,No,54.7,84.41,Aerospace/Defense,NA,0,66,Yes,4.07,102.7,No,97,14,-2.5,3.9,0,93.98,104,87,19,6.1,Yes,14,-0.19,-10.18,80,66,79,0.76,58944,2650.9,5.09,31345.4,23.4,5.8,11.9,11.9,C+,25.4,NA,93,84,E,14.1,18,11,4,-1,3.8,96,4480,16,17,21,NA,20,724,Yes,-0.16,9,767,NA,No,499,NA,No,No,No,0.54,0,No,23,1,56,4,New York Stock Exchange,No,78,Yes,2.33,-,90,30644.4,17,6,39.7,15.1,Yes,Yes,16.2,1,AEROSPACE/DEFENSE,-6.5,NA,No,58,3213.4,No,No,No,58.3,60.1,NA,7.4,2,2026-08-07,VVX,15,12,0,0,7,10,10,54,77,20,FALSE,FALSE,Pullback to 10SMA,Momentum Leader,57.4,Strong
4374,FSTR,L.B. Foster Co.,NA,1.4,1.9,2.4,43.3,0.3,3.4,1,2,140.5,266934,NA,0,D,No,No,No,No,No,0.95,9.3,0,2.22,12.61,0,0,84,154.57,28,3.2,3.92,3.73,NA,6,12.9,2,0,No,Yes,197.7,427.4,321.5,227.2,8,-,-,-79,4,No,No,53.1,41.27,Metal Products - Distributors/Fabrication,NA,6.9,17,No,1.59,38.2,No,29,40,26.2,2.8,21.67,45.81,20,63,20,1.03,Yes,0,-1.46,-9.91,80,38,72,0.77,3805,438,3.68,10458.7,24.9,-10.4,-2.3,2.3,A-,30,NA,59,35,D-,165.1,152,14,-2.4,-0.6,-1.4,14,540,2892,24,-82,NA,24.5,90,No,-0.61,50,78,NA,No,182,NA,No,No,No,0.77,25,No,170,2.1,1200,2,NASDAQ,No,72,Yes,2.45,-,14,9519.4,-88,4,685,16.5,Yes,No,17.9,5.2,METALS,0.3,NA,No,45,505.5,No,No,No,83.4,-46.7,NA,4.3,1.2,2026-08-07,FSTR,30,15,0,0,7,10,10,72,63.333333333333336,20,FALSE,TRUE,CANSLIM Growth,CANSLIM Growth,58.9,Strong
4893,INTC,Intel Corp.,NA,1,0.9,0.9,103.66,12.7,0,0,0,3635.9,120963181,08/06/2024,0,E,No,No,No,No,No,1.66,2009.3,0,1.6,47.49,0,0,95,18069.36,62,2.9,8.32,8.11,NA,6.3,7.8,-7,0,Yes,No,30.1,219.5,202.1,41.7,4,-,-,292,0,Yes,No,175.5,101.65,Elec-Semiconductor Mfg,NA,0,13,No,8.68,38.8,Yes,32,93,2.6,2.8,19.61,142.35,2,40,93,1.09,No,0,1.84,-28.59,80,22,72,1.57,13372639,503441.6,7.87,5044000,48.2,-34.4,-7.9,-7.3,A,100.9,NA,74,30,D,93.3,257,36,-8.1,8.7,4.2,4,52853,-112,25,423,NA,16.3,121998,No,1.84,68,76761,NA,No,4165,NA,No,No,No,8.99,64,No,520,0.7,123,0,NASDAQ,No,76,Yes,5.86,-,89,4302052.8,15,150,321.5,9.5,Yes,No,29,14.5,CHIPS,12.7,NA,No,45,519306.6,No,No,No,414.2,-34,NA,-0.3,-68.4,2026-08-07,INTC,30,15,0,0,7,10,10,72,58,25,TRUE,TRUE,CANSLIM Growth,CANSLIM Growth,38.7,Weak
4448,GDRX,GoodRx Holdings Inc.,NA,4.7,4.3,4.3,3.85,19.9,8.3,2,0,53.7,6456157,NA,0,A+,No,No,No,No,No,1.31,6.3,0,1.38,7.82,0,0,28,308.25,11,7.1,5.34,5.19,NA,-1.2,-1.8,2,2,No,Yes,-1.4,-11.1,-8.3,-4.2,8,-,8,-9,5,No,No,35.8,3.68,Computer Sftwr-Medical,NA,0,142,No,0.16,86.5,Yes,24,12,1,7.6,1.77,5.81,132,76,49,0.32,No,0,-1.08,-36.66,80,97,70,1.72,4104,1269.1,5.22,107181.2,37.7,45.1,21.5,29.6,A,50.8,NA,43,16,A+,0.4,-12,17,24.8,12.2,17,71,796.9,21,-1,3,NA,-2.9,1341,Yes,-0.04,-1,1910,NA,No,140,NA,No,No,No,0.5,21,No,-11,1.9,-22,1,NASDAQ,No,97,No,2.02,Yes,77,87434.5,0,0,-16.7,-2.5,No,No,43.4,-3.4,SOFTWARE,19.9,NA,No,29,1388.5,No,No,No,6.1,66.2,NA,4.5,4.3,2026-08-07,GDRX,0,0,0,5,7,10,10,32,92.33333333333333,5,FALSE,FALSE,Other,Momentum Leader,58.7,Strong
4135,ESTA,Establishment Labs Holdings Inc.,NA,7.8,7.6,6.9,97.59,-16.3,1.6,2,5,1088.6,4484589,NA,0,B-,No,No,No,No,No,1.49,-45,0,2.96,-45.06,0,0,38,0,0,-27.5,5.16,4.51,NA,34.3,38.8,12,12,No,No,30.4,53.2,48.8,40.7,56,-,-,-,-133,No,No,6.2,77.42,Medical-Products,NA,3.9,117,No,4.09,1063.2,No,127,0,-9.8,16.7,33.35,97.59,142,90,6,-1.31,Yes,0,-2.06,-20.67,80,35,52,1.67,54845,2326.5,4.64,29430.4,8.1,29.4,-15,7.5,C,12.5,NA,53,98,E,-15.8,31,98,-9.8,-13.7,-14.5,38,211.1,2,32,43,NA,38.2,642,No,-1.63,29,764,NA,No,200,NA,No,No,No,9.27,37,No,32,0.9,36,27,NASDAQ,No,54,Yes,153.89,-,8,26950.4,92,36,33.6,40.5,Yes,No,5,25,MEDICAL,-16.3,NA,No,67,2874.4,No,No,No,115.3,18.9,NA,-133.3,-17.4,2026-08-07,ESTA,22,15,0,0,7,10,5,59,55.666666666666664,10,FALSE,FALSE,CANSLIM Growth,CANSLIM Growth,55.5,Strong
5577,YPF,YPF S.A. ADR,NA,3.4,2.5,2.8,53.47,-6.4,0,0,0,2245.1,5407834,07/08/2019,0,A-,No,No,No,No,Yes,-6.49,402.9,0,0.94,42.46,0,0,5,0,7,5.2,3.65,3.32,NA,-1.6,-3.8,12,2,Yes,No,387.8,811.7,586.3,448.5,10,4,-34,-271,-8,No,No,36,49.16,Oil&Gas-Integrated,NA,0,43,No,1.62,78.6,Yes,22,0,10.1,1.4,0,57.49,49,42,19,-1.04,No,0,-0.91,-14.49,80,47,50,0.99,80694,20589.8,3.17,393261,18.2,-41.6,4.3,14.9,C+,28.9,NA,39,87,E,0.7,402,0,-2.3,-2.4,-2.3,5,18448,279,7,-135,NA,1.6,1594,No,-0.45,1755,929,NA,No,167,NA,Yes,No,No,1.03,0,No,2675,1.4,-126,-5,New York Stock Exchange,No,62,Yes,16.79,Yes,94,0,-114,-90,1274.7,-3,Yes,Yes,12.6,44,ENERGY,-6.4,NA,No,7,29089.7,No,No,No,37.4,-31.3,NA,-7.8,8.7,2026-08-07,YPF,25,15,0,0,7,5,7,59,59,0,TRUE,FALSE,CANSLIM Growth,CANSLIM Growth,34,Weak
4219,FCF,First Commonwealth Financial Corp. (Pennsylvania),NA,3.6,3.9,4.6,22.34,-0.1,0,0,4,534.9,3207160,08/06/2026,0,A+,No,No,No,No,No,-0.04,9.3,2.6,0.04,11.88,2.87,6.6,36,50.48,11,26.2,1.98,1.92,NA,10.8,11.3,8,5,No,Yes,12.9,25.3,25.4,18.1,34,2,-1,24,7,No,No,27.6,21.51,Banks-Regional,NA,1.5,42,No,0.4,11,No,270,13,17.4,3.2,0,22.34,62,20,0,1.63,Yes,7,0.94,-3.73,79,72,94,0.75,16231,2168.6,1.96,101101.5,18.5,11.7,6.1,15.6,B+,14.2,NA,73,46,A,3.9,18,13,5.9,-0.2,1.7,35,523.6,-10,6,6,NA,9.5,807,Yes,0.2,17,1010,NA,No,362,NA,No,No,No,3.98,0,No,38,2.2,16,4,New York Stock Exchange,No,75,Yes,1.39,-,97,99169.7,23,26,26.6,11.1,Yes,Yes,14.7,-1.6,BANKS,-0.1,NA,No,54,2540.9,No,No,No,31.8,20.9,NA,10.3,24.1,2026-08-07,FCF,15,12,0,5,0,10,7,49,88.66666666666667,35,TRUE,FALSE,Other,Momentum Leader,57.9,Strong
5243,USB,U.S. Bancorp,NA,3.1,2.6,2.8,65.02,1.5,0,0,0,527.3,24772569,06/29/2026,0,C,No,No,No,No,Yes,-0.51,12.4,3.3,0.54,12.5,0,0,34,48.97,12,22.5,2.12,1.97,NA,5.3,6,6,2,No,No,21,20.3,19.8,18.8,11,-1,17,20,8,No,No,19.8,63.94,Banks-Super Regional,NA,0,23,Yes,1.23,79.6,Yes,12,13,6.5,1.6,0,65.02,84,27,-5,5.01,Yes,17,0.2,-1.66,79,70,93,0.97,540497,99416,1.86,1557731.7,16,-63.6,1.7,15.6,A-,5.4,NA,87,37,C,5.7,13,12,5.6,0.4,0.8,67,28656,16,9,22,NA,7,9119,Yes,0.13,7,4412,NA,No,2963,NA,No,No,No,3.35,0,No,22,1.8,15,0,New York Stock Exchange,No,73,Yes,1.64,-,98,1554492.9,25,18,18.1,6.3,Yes,Yes,12.4,1.8,BANKS,1.5,NA,No,43,132494.2,No,No,No,45,-19.6,NA,12.2,19.8,2026-08-07,USB,10,8,0,0,0,10,7,35,87.66666666666667,25,FALSE,FALSE,Other,Momentum Leader,57.9,Strong
5152,TWFG,TWFG Inc.,NA,1.8,1.8,2,29.59,8.5,1.6,2,5,2437.5,450434,NA,0,A,No,No,No,No,Yes,0.03,6.3,0,2.56,8.2,0,0,69,190.14,27,17.9,4.82,4.69,NA,28.8,32.7,0,0,Yes,No,19.9,76.4,70.6,36.8,87,-,-,71,10,Yes,No,1,29.07,Insurance,NA,3.9,105,No,1.2,5.9,Yes,129,24,7.3,4,16.56,30.46,97,32,-2,1.2,No,0,1.79,-4.58,79,95,90,0.32,4422,1547.1,4.41,12997.1,25,-51.5,11.7,50.2,B,12.2,NA,71,60,A+,47.9,22,5,21.1,5.1,8.1,7,247.1,-67,45,49,NA,40.2,197,Yes,0.51,5,93,NA,No,79,NA,No,No,No,1.29,71,No,90,2.1,81,22,NASDAQ,No,93,No,8.06,-,83,11270.7,58,53,85.6,37.8,Yes,No,32.6,-15.1,INSURANCE,8.5,NA,No,43,201.9,No,No,No,6.9,-4.4,NA,10.1,2.7,2026-08-07,TWFG,27,15,0,0,0,10,10,62,108,45,TRUE,TRUE,CANSLIM Growth,CANSLIM Growth,60.8,Strong
3836,ANCTF,Alimentation Couche Tard Inc.,NA,0,0,0,66.9,2.9,0,0,0,233.3,0,07/08/2026,0,D-,No,No,No,No,Yes,-38.23,19.2,0.6,1.12,11.63,8.21,10.79,63,74.38,20,5.3,2.08,1.99,NA,2.8,5.4,7,3,Yes,Yes,12.9,27.7,19.3,14.6,10,2,-4,14,16,Yes,No,22.4,66.9,Retail-Super/Mini Mkts,NA,0,96,No,1.27,92.8,Yes,17,22,0,0,0,66.9,82,117,2,3.1,Yes,7,1.75,0,79,78,84,0.56,565,60706.7,1.59,918230.1,16.9,1508,3.5,15.5,E,15.9,NA,76,135,A,36.3,7,10,7.2,2.8,3.7,19,76506.6,-4,20,14,NA,12,173,Yes,1.15,19,149,NA,No,1330,NA,No,No,No,0.8,0,No,59,0.9,19,5,US OTC,No,78,Yes,3.8,-,101,742209,5,-6,38.9,8.9,Yes,Yes,13.4,1.1,RETAIL,2.9,NA,No,39,73672.9,No,No,No,30.8,-35.1,NA,20.2,4.4,2026-08-07,ANCTF,25,12,0,0,0,10,7,54,87.33333333333333,30,TRUE,FALSE,Other,Momentum Leader,50.2,Improving
5165,TXRH,Texas Roadhouse Inc.,NA,2.8,2.5,2.2,213.26,1.2,3.6,2,2,558.1,2644856,06/01/2026,0,A-,No,No,No,No,No,-2.24,32.7,1.5,0.46,18.95,1.63,1.75,79,127.85,29,8.2,3.09,2.73,NA,10.5,10,15,13,No,Yes,-2.1,-5.5,-4.3,-2.7,14,19,15,-5,15,No,No,25.3,208,Retail-Restaurants,NA,3.6,87,No,5.3,64.7,No,56,33,-13,4,153.82,213.26,117,104,-1,6.25,Yes,8,-0.08,-2.47,79,85,84,0.83,192455,13682.9,2.63,65729.6,17.9,65.4,11.2,31.7,E,8.9,NA,67,128,A,1.1,8,19,11,0.4,4.2,21,5878.1,43,11,-6,NA,12,1044,Yes,-0.17,17,1674,NA,No,750,NA,No,No,No,2.19,69,No,-1,1.2,10,9,NASDAQ,No,78,Yes,9.03,-,40,65436.1,-26,-1,4.7,9,Yes,No,16.3,-3.7,RETAIL,1.2,NA,No,63,14546.6,Yes,Yes,Yes,12.4,-2.4,NA,28.8,7.3,2026-08-07,TXRH,5,0,0,7,0,10,7,29,97.66666666666667,30,FALSE,FALSE,Other,Momentum Leader,50.2,Improving
3666,AEG,Aegon Ltd. ADR,NA,0.6,0.7,0.8,9.61,1,1.6,2,5,2437.5,3975639,06/14/2026,0,A+,No,No,No,No,-,0,5.7,4,0,14.21,0,0,40,51.83,0,1.6,1.65,1.55,NA,21.1,28.7,1,29,No,No,1648.3,250,395.6,1147.2,-,-,-,63,0,No,No,23.6,9.53,Insurance,NA,3.9,105,No,0.14,73.9,No,129,14,20.2,0.3,0,9.61,97,32,10,0.68,No,0,0.74,-0.83,79,77,75,0.92,45633,14235.1,1.6,1573119.9,19.8,-7.3,8.9,15.8,B,20.9,NA,18,60,A+,0,54,2,8.7,1.8,3.9,32,37691.1,508,59,74,NA,59,5214,Yes,0.07,0,4873,NA,No,67,NA,Yes,No,No,0.46,0,Yes,-41,1.4,-41,16,New York Stock Exchange,No,82,Yes,NA,-,100,1504069.7,833,833,-41.3,38.8,No,No,18.1,1.5,INSURANCE,1,NA,No,4,17070.8,No,No,No,30.9,1.8,NA,13.4,2,2026-08-07,AEG,10,15,7,0,0,0,7,39,84,10,FALSE,TRUE,Other,Momentum Leader,60.8,Strong
3712,AHR,American Healthcare REIT Inc.,NA,6.7,6.1,6.3,58.7,2.1,0.5,1,4,1651.4,21916381,06/29/2026,0,C+,No,No,No,No,No,70.12,61.8,1.8,0.9,32.15,0,0,75,378.2,35,2.2,2.88,2.77,NA,14.4,16.1,37,10,Yes,No,25.9,25.1,24.3,25.7,76,-,-,24,1,No,No,20.6,56.74,REITs,NA,2.1,94,No,1.51,44,Yes,194,29,3.4,10.7,0,58.7,41,45,0,1.94,Yes,0,3.71,-3.34,79,74,74,0.43,169876,11415.7,2.53,206722.3,14,-21.8,3.3,14.4,B,16.3,NA,45,67,C+,6.5,20,13,8.9,1.2,1.3,2,2260.1,42,24,22,NA,22,3295,Yes,2.03,18,2501,NA,No,841,NA,No,No,No,4.7,0,No,29,1.9,32,9,New York Stock Exchange,No,74,Yes,3.1,-,101,205062.3,15,22,30.1,18.5,Yes,No,12.4,-1.9,REAL EST,2.1,NA,No,58,12812.4,Yes,No,No,42.3,-33.2,NA,2.5,4.5,2026-08-07,AHR,20,12,0,0,0,10,7,49,77.66666666666667,5,TRUE,TRUE,Other,Momentum Leader,39.8,Weak
4089,EOLS,Evolus Inc.,NA,7.1,6.9,6.7,7.8,30,2.9,2,2,4328.7,5905990,NA,0,D,No,No,No,No,No,2.28,-31.6,0,1.7,-11.58,0,0,36,0,139,-17.1,5.34,5.41,NA,11.8,13.8,31,22,No,Yes,-63.2,69.1,56.4,-59.9,24,-,-,-,0,Yes,No,14.1,7.59,Medical - Pharmaceuticals,NA,2.9,45,No,0.34,0,Yes,70,0,-2.3,10.6,3.86,7.95,101,61,55,-0.13,Yes,0,2.43,-4.53,79,89,66,1.07,5242,489.4,6,66050.4,28.9,108.1,9.4,18.8,B,68.7,NA,40,62,A+,122.3,74,299,16.9,19.3,23,36,297.2,60,21,-75,NA,14,801,No,0.18,49,1632,NA,No,143,NA,No,No,No,1.58,64,No,103,1.1,69,12,NASDAQ,No,95,No,-16.21,-,89,57887.8,35,18,86.1,14.1,Yes,No,36.8,-5.3,MEDICAL,30,NA,No,50,508.2,No,No,No,25,63.2,NA,0,-9.6,2026-08-07,EOLS,30,15,0,10,0,10,10,75,88,20,TRUE,TRUE,CANSLIM Growth,CANSLIM Growth,55.5,Strong
4421,GABC,German American Bancorp Inc.,NA,9.3,7.8,7.5,52.23,-0.7,0,0,4,534.9,1198206,08/09/2026,0.31,A+,No,No,No,No,No,-0.08,10.2,2.4,0.05,11.66,3.87,13.32,37,51.25,13,28.8,2.28,2.31,NA,34.6,33.1,10,17,No,No,39.6,78.9,67.2,58.1,48,1,4,47,8,No,No,28.9,50.5,Banks-Regional,NA,1.5,42,Yes,1.11,12.3,No,270,13,-3.3,3.3,37.19,52.23,62,20,1,3.79,Yes,10,-0.57,-3.31,78,75,96,0.61,8646,1907.9,2.24,37564.3,18.1,-26.3,6,14.6,B+,13.8,NA,81,46,A,10.5,28,5,7.1,-0.5,2.4,33,366.2,-3,11,8,NA,15.4,183,Yes,-0.29,7,132,NA,No,287,NA,No,No,No,4.85,78,No,21,2.1,193,38,NASDAQ,No,75,Yes,1.57,-,29,36340.3,22,32,107.4,27,Yes,Yes,15.3,-0.3,BANKS,-0.7,NA,No,36,2034.3,No,No,No,32.2,-28.9,NA,12,30.1,2026-08-07,GABC,15,15,0,0,0,10,7,47,85,40,FALSE,FALSE,Other,Momentum Leader,57.9,Strong
4459,GEN,Gen Digital Inc.,NA,4,3.8,3.8,29.7,6.3,0,0,1,787.5,28445245,05/17/2026,0,A+,No,No,No,No,No,-5.64,12.7,1.8,0.4,11.69,0.93,1.1,26,70.57,10,30.2,3.65,3.38,NA,22.9,21.1,14,12,No,No,14.3,12.9,13.4,14.9,3,10,14,13,32,No,No,7.3,29.17,Computer Sftwr-Security,NA,2.6,131,Yes,0.88,308.7,No,39,11,-2.5,5.2,17.78,32.22,30,2,12,2.64,Yes,3,3.81,-9.45,78,91,95,0.8,151081,16820,3.29,598577.1,20,98,8.9,44.5,A+,20.3,NA,65,3,A+,3.1,87,13,12.4,4.8,8.1,83,5000,13,6,-29,NA,16.7,5981,Yes,1.07,16,11325,NA,No,1938,NA,No,No,No,3.44,74,No,11,1.2,14,27,NASDAQ,No,91,No,6.68,Yes,80,539055.7,14,15,12.2,19.7,Yes,No,24.3,-2.4,SOFTWARE,6.3,NA,No,67,24579.2,Yes,Yes,Yes,3.2,-3.7,NA,39.9,16.1,2026-08-07,GEN,10,0,0,7,0,10,7,34,103,30,FALSE,FALSE,Other,Momentum Leader,58.7,Strong
5118,TSBK,Timberland Bancorp Inc.,NA,2.4,3,3.9,46.29,0.9,0,0,4,534.9,128560,08/09/2026,0.3,A,No,No,No,No,Yes,-0.02,9.9,2.7,0.23,11.69,1.48,2.27,27,44.4,0,31.6,2.62,2.53,NA,6.2,6.4,14,11,No,Yes,18.8,12.1,17.7,18.4,194,5,8,16,8,No,No,26.3,45.22,Banks-Regional,NA,1.5,42,Yes,1.12,8.6,No,270,11,29.2,1.8,30.8,46.29,62,20,2,3.98,Yes,8,-1.09,-2.31,78,66,94,0.44,1615,357.9,2.68,7828,16.1,100.8,2.2,9.1,B+,14.1,NA,66,46,A,0,0,0,4.2,0.6,2.2,72,114.6,-9,4,22,NA,4.4,37,Yes,-0.5,0,73,NA,No,192,NA,No,No,No,2.97,39,No,9,1.8,6,8,NASDAQ,No,66,Yes,1.29,-,47,7276.5,21,34,7.7,5.3,Yes,Yes,11.6,10.3,BANKS,0.9,NA,No,39,349.7,Yes,Yes,Yes,45.5,5.3,NA,11.5,26,2026-08-07,TSBK,0,0,0,7,0,10,7,24,81.33333333333333,35,FALSE,FALSE,Other,Momentum Leader,57.9,Strong
5125,TSM,Taiwan Semiconductor Manufacturing Co. Ltd. ADR,NA,1.8,2,2.4,426.3,3.9,0,0,0,3635.9,33350090,09/15/2026,1.11,E,No,No,No,No,No,0.37,60.1,0.7,2.46,28.88,1.25,1.28,77,115.52,22,53.5,4.47,4.4,NA,35.9,31.5,20,30,No,Yes,58.2,55.3,53,58,14,24,38,53,27,No,No,38.2,420.04,Elec-Semiconductor Mfg,NA,0,13,Yes,18.6,17.1,No,32,31,19.1,0.6,0,479,2,40,13,13.66,Yes,16,0.44,-12.31,78,45,92,1.43,6159543,1902621.5,3.99,5186474,16.6,-33.9,-2.9,1.4,A,20.4,NA,98,30,E,10.8,58,30,-1.4,3.7,2.3,57,120663.8,34,24,53,NA,31.7,14560,No,1.84,53,9156,NA,No,4182,NA,Yes,No,Yes,15.47,0,No,62,0.9,63,36,New York Stock Exchange,No,66,Yes,11.21,-,99,5181760.3,41,46,62.5,29.7,Yes,Yes,9.8,2.8,CHIPS,3.9,NA,No,7,2083540.3,No,No,No,73.1,-14.3,NA,36.4,55.6,2026-08-07,TSM,25,15,0,0,0,5,7,52,71.66666666666667,60,TRUE,FALSE,Other,Earnings Accelerator,38.7,Weak
4626,HBCP,Home Bancorp Inc.,NA,1.5,4.1,3.8,72.99,0.8,0,0,4,534.9,316586,08/02/2026,0,A,No,No,No,No,No,-0.03,7.9,1.8,0.1,10.31,3.12,5.91,30,46.14,12,27.9,2.48,2.55,NA,9,8.3,5,4,No,Yes,19.9,8.9,15,20.1,112,2,6,14,9,No,No,24.4,71.88,Banks-Regional,NA,1.5,42,Yes,1.77,14.5,Yes,270,12,-8.8,4.6,49.49,72.99,62,20,2,6.08,Yes,10,-0.15,-1.52,78,68,89,0.73,6691,566.6,2.48,7870.8,16.1,10.4,4.9,9.9,B+,14,NA,54,46,A,3.1,0,6,5.2,0.4,2.2,60,148.7,-9,7,28,NA,7,99,Yes,-0.11,-7,106,NA,No,216,NA,No,No,No,3.68,46,Yes,2,1.5,5,5,NASDAQ,No,71,Yes,1.25,-,42,6910.7,20,33,3.5,7.4,Yes,No,12.7,4.3,BANKS,0.8,NA,No,39,493,No,No,No,43.6,-7.9,NA,11.1,22,2026-08-07,HBCP,0,0,7,0,0,10,7,24,80.33333333333333,25,FALSE,FALSE,Other,Momentum Leader,57.9,Strong
5060,TNET,TriNet Group Inc.,NA,4,4.1,3.7,73.08,4.1,0,0,0,296.4,1433060,06/30/2026,0,A+,No,No,No,No,No,3.69,6.4,1.8,1.13,11.08,0,0,31,71.04,16,4.3,4.81,4.9,NA,202.8,178.6,5,45,No,No,4.4,21.3,14.7,6.8,4,-3,-15,19,201,Yes,No,15.8,68.5,Comml Svcs-Outsourcing,NA,0,125,No,2.95,1725.9,No,22,12,-11.2,3.2,0,73.08,113,25,6,5.6,No,19,2.64,-6.26,78,95,87,0.8,22383,3063.7,5.1,45904.7,35,34.7,22.6,59.8,A,22.4,NA,61,28,A+,66.2,2,1,24.8,0.2,7.9,83,5010,-32,-5,-11,NA,-4.3,409,Yes,1.76,-41,545,NA,No,383,NA,No,No,No,0.64,0,No,35,1.5,25,-1,New York Stock Exchange,No,91,No,25.19,Yes,96,45090.4,5,-5,29.7,128.9,Yes,Yes,42.1,-2.8,BUSINS SVC,4.1,NA,No,32,2099.5,No,No,No,7.4,57.4,NA,252,4.5,2026-08-07,TNET,15,8,0,5,0,10,10,48,106.66666666666667,35,TRUE,FALSE,Other,Momentum Leader,59.6,Strong
5405,WCC,Wesco International Inc.,NA,3.1,2.3,2,385.37,5.9,0,0,1,544.3,1250310,06/11/2026,0,E,No,No,No,No,No,1.24,148,0.6,2.09,144.04,3.62,3.97,68,98.41,20,3.6,4.19,4.44,NA,11.5,12.5,6,3,No,Yes,17.7,31.6,26.1,22,9,6,-3,24,11,No,No,48.7,363.74,Electronic-Parts,NA,4.3,53,No,14.79,129.4,No,23,24,-12.3,2.6,0,385.37,23,14,11,15.26,Yes,22,-2.16,-5.61,78,57,86,1.63,226637,18117.4,4.36,48732.9,21.5,-35.8,18.4,3.7,A,15.4,NA,76,14,D,14.8,30,19,5.6,3.7,6.9,78,23510.9,-16,13,6,NA,13.4,668,No,-8.03,18,437,NA,No,883,NA,No,No,No,0.71,0,No,35,1.2,52,8,New York Stock Exchange,No,75,Yes,3.4,-,94,47712.3,8,9,43.6,12.4,Yes,Yes,15.6,-1.3,ELECTRNCS,5.9,NA,No,60,24309,No,No,No,77.5,-1.4,NA,13.5,3.1,2026-08-07,WCC,20,12,0,0,0,10,10,52,75.66666666666667,30,TRUE,FALSE,Other,Momentum Leader,49.3,Improving
4083,ENTG,Entegris Inc.,NA,3.9,3.2,2.6,152.42,27.7,0,0,0,2265.3,8518515,07/28/2026,0,E,No,No,No,No,No,3.24,41,0.3,3.21,33.29,0,0,88,328.23,34,8,8.24,8.25,NA,2.2,3.3,8,-4,Yes,No,6.3,17.5,11.5,7.8,15,-4,3,8,5,Yes,No,80.5,152.08,Elec-Semiconductor Equip,NA,0,5,Yes,11.68,96,Yes,33,47,-18.9,5.6,67.97,186.94,5,23,16,3.21,No,11,6.61,-18.65,78,64,81,2.19,484026,21796.9,7.65,152800,26.3,-38.7,12.6,3,A,24.3,NA,77,20,D,13.1,42,29,5.6,17.2,13.7,62,3196.6,14,11,-8,NA,8.2,3340,No,9.43,41,2012,NA,No,1384,NA,No,No,No,6.99,96,No,41,1,28,-1,NASDAQ,No,83,Yes,5.72,-,99,152018.6,-17,-6,34.6,4.5,Yes,Yes,15,8.5,CHIPS,27.7,NA,Yes,69,25648,No,No,No,107.1,-25,NA,6.2,11.3,2026-08-07,ENTG,20,8,0,0,0,10,10,48,76.33333333333333,20,TRUE,FALSE,Other,Momentum Leader,38.7,Weak
3998,ATRC,AtriCure Inc.,NA,4.2,4.8,5.2,41.5,9.6,4.6,3,2,401.8,4864713,NA,0,A,No,No,No,No,Yes,0.31,24,0,4.22,34.47,0,0,98,725.21,428,-1.9,4.83,4.98,NA,14.6,14,18,16,No,No,103.6,151.4,137.1,114.3,40,-16,18,155,-2,No,No,4.6,41.39,Medical-Systems,NA,3.1,103,No,1.69,14.9,No,65,193,9.1,10,25.36,43.18,126,127,-4,0.21,No,0,4.81,-4.15,78,96,75,1.16,30749,2008.7,4.6,50866.3,24.7,-44.1,26.2,48.9,D,11.5,NA,50,109,A+,10846.3,145,291,28.7,5.1,12.4,-,534.5,-44,13,75,NA,13.5,966,Yes,1.9,-330,528,NA,No,411,NA,No,No,No,3.7,95,No,238,1.4,103,15,NASDAQ,No,92,No,4.08,-,97,48780.4,112,94,171,13.4,Yes,Yes,29.5,-1.2,MEDICAL,9.6,NA,No,58,1917.8,No,No,No,15.3,-26.5,NA,-2.4,5.8,2026-08-07,ATRC,30,15,0,0,0,10,10,65,98,25,TRUE,FALSE,CANSLIM Growth,CANSLIM Growth,55.5,Strong
5409,WDC,Western Digital Corp.,NA,3.7,2.6,2.8,580,-20.3,0,0,2,2954.2,23258520,09/07/2026,0.15,E,No,No,No,No,No,0.8,59.6,0.1,1.33,42.34,6.98,7.1,86,67.81,21,76.7,9.52,10.32,NA,-0.5,7.1,-9,1,No,Yes,90.7,91.2,76.5,71.7,9,6,101,79,124,Yes,No,152.1,434.3,Computer-Hardware/Perip,NA,5.3,3,No,56.32,0,No,38,43,7,6.8,73.14,799.87,1,15,60,10.19,Yes,87,-3.81,-45.7,78,8,75,1.67,5066128,155630.9,10.15,344682.1,27.3,38.8,-18.4,-6.4,A,53.7,NA,74,27,E,7.5,96,63,-22.6,-12.8,-15.6,19,12919,3362,44,107,NA,44.7,8853,No,-17.22,117,11821,NA,No,3630,NA,No,No,No,11.59,34,No,114,1.1,100,36,NASDAQ,No,56,Yes,16.09,-,17,341457.5,59,32,107.2,19.9,No,Yes,8.1,12.9,COMPUTER,-20.3,NA,No,64,181561.5,No,No,No,483.4,9.7,NA,133,85.3,2026-08-07,WDC,32,15,0,5,0,10,10,72,53.666666666666664,50,TRUE,TRUE,CANSLIM Growth,CANSLIM Growth,39.5,Weak
4854,IMOS,ChipMOS Technologies Inc. ADR,NA,0.8,0.7,1,55.95,10.8,0,0,0,3635.9,116050,06/28/2026,0,E,No,No,No,No,No,0.72,-149.6,1.6,2.44,14.65,0,0,92,267.05,18,3.1,7.64,7.58,NA,13.4,17.3,-6,5,Yes,No,2.4,117,31.1,12.9,13,-42,-47,31,0,Yes,No,77.3,52.54,Elec-Semiconductor Mfg,NA,0,13,No,4.69,44.2,Yes,32,70,32.7,0,15.06,78.35,2,40,45,0.75,No,75,-0.15,-32.94,78,25,69,1.02,7936,1899.3,7.44,35226.2,23.2,-47.6,-20.2,-11.6,A,56.6,NA,75,30,E,-8.4,513,47,-14.4,4.7,-10.1,13,768,-26,30,-64,NA,28.1,127,No,-0.08,232,65,NA,No,27,NA,Yes,No,No,2.26,34,No,208,1.1,113,9,NASDAQ,No,68,Yes,2.39,-,85,0,30,-226,160.4,21.8,Yes,Yes,9.2,3.8,CHIPS,10.8,NA,No,4,1884.6,No,No,No,193.8,-37.5,NA,2.1,7.3,2026-08-07,IMOS,32,15,0,0,0,0,10,57,57.333333333333336,25,TRUE,TRUE,Earnings Accelerator,CANSLIM Growth,38.7,Weak
5286,VELO,Velo3D Inc.,NA,1.2,1.2,1.4,14.2,39.8,0,0,1,743.3,5541475,NA,0,D,No,No,No,No,Yes,0.74,-6.5,0,2.45,-8.54,0,0,6,0,0,-155,14.46,12.16,NA,23,29.9,0,-26,No,Yes,94.2,93.3,94.5,94.7,35,-,57,276,-183,No,No,3.1,14.16,Machinery-Gen Industrial,NA,1.5,41,No,1.58,83.4,Yes,66,0,20.4,40.5,2.81,31.75,86,73,-6,-2.58,Yes,0,7.11,-55.4,78,42,63,1.99,68224,394,11.88,29801,8.7,-57.3,4.3,15.8,B,-0.3,NA,73,54,C,58.3,79,38,-13.9,25.1,26.5,6,46,67,48,96,NA,11.5,3395,No,0.94,67,1430,NA,No,73,NA,No,No,No,8.36,95,No,89,0.9,92,12,NASDAQ,No,48,Yes,7.2,-,99,13785.7,99,98,90.6,29.5,Yes,Yes,-4.9,143.3,MACHINE,39.8,NA,No,29,378.9,No,No,No,131.4,-52.4,NA,-183.4,-50.6,2026-08-07,VELO,27,15,0,0,0,10,5,57,66,20,FALSE,TRUE,CANSLIM Growth,CANSLIM Growth,43.1,Weak
3599,ABX,Abacus Global Management Inc.,NA,11,9.8,8.9,11.08,-7.7,0,0,4,1107.7,5539121,NA,0,D,No,No,No,No,Yes,-14.65,8.5,1.9,1.91,-36.79,0.16,0.16,22,94.42,9,22.4,4.63,4.92,NA,79.6,76.2,136,136,No,Yes,177.6,27.4,25.5,24.9,57,62,105,25,9,No,No,11.3,9.52,Finance-Investment Mgmt,NA,3.5,121,No,0.53,70.4,No,113,10,-9.7,17,0,12.44,79,70,30,0.95,Yes,84,-8.46,-23.47,78,29,62,0.35,6256,997.6,4.35,95922.4,10.3,34.1,-19.3,1.5,B,28.3,NA,42,52,E,16.7,18,14,-6,-8.5,-9.3,55,235.2,225,30,30,NA,32.2,610,No,-0.88,10,809,NA,No,158,NA,No,No,No,3.42,0,No,27,1,11,106,New York Stock Exchange,No,44,Yes,2.19,-,86,32667.3,44,20,19.2,60.3,Yes,No,3,9,FINANCE,-7.7,NA,No,43,1370.7,Yes,Yes,No,73.1,-7,NA,8.6,9.1,2026-08-07,ABX,22,12,0,5,0,10,7,56,56.333333333333336,5,FALSE,FALSE,CANSLIM Growth,CANSLIM Growth,50,Improving
4587,GTE,Gran Tierra Energy Inc.,NA,4.3,4.8,5.6,11.52,19.6,1.4,1,0,745.5,1852551,NA,0,C,No,No,No,No,No,-3.24,3.3,0,0.48,1.01,0,0,15,0,0,-39,7.45,8.54,NA,3.5,11.5,6,-3,Yes,No,-2547.8,-172,-510.3,-434.4,7,-,-,-,-60,No,No,111.3,8.96,Oil&Gas-Explorers/Producers,NA,0,56,No,0.58,300.1,Yes,72,0,15.6,5.4,0,11.52,67,44,65,-7.25,No,0,-5.39,-22.25,78,65,51,0.86,6856,335.1,9.88,35380.4,38.9,40.4,43.6,2.3,C,63.5,NA,31,96,B-,25,63,105,24.9,18.4,25.1,15,596.7,153,58,-5550,NA,29.6,778,No,-0.51,158,1091,NA,No,68,NA,No,No,No,0.5,0,No,294,3.7,-526,-4,NYSE American,No,76,No,2.4,Yes,78,34053.6,-285,-1525,-115.7,15.8,No,No,24.4,13.3,ENERGY,19.6,NA,No,24,975.6,No,No,No,133.9,1715.2,NA,-60.1,13.3,2026-08-07,GTE,35,0,0,5,0,10,10,60,69.66666666666667,0,TRUE,TRUE,CANSLIM Growth,CANSLIM Growth,34,Weak
4217,FCCO,First Community Corp. (South Carolina),NA,0.7,1.7,1.6,35.73,0.1,0,0,4,534.9,159122,08/03/2026,0,A,No,No,No,No,Yes,-0.02,40.1,2,1.35,14.21,1.47,1.95,29,49.06,11,21.8,2.89,3.1,NA,14.6,13.3,9,15,Yes,Yes,39.2,30.5,31.4,37,255,6,21,31,10,No,No,15.4,34.21,Banks-Regional,NA,1.5,42,Yes,1.03,10.1,Yes,270,12,-6.1,1.9,24.57,35.73,62,20,-2,2.92,Yes,16,-0.15,-4.27,77,70,98,0.46,2898,322,3.09,9398,13.7,-69.5,4.5,12.5,B+,10.9,NA,91,46,A+,21.2,20,5,5.2,-0.5,2.1,63,79,17,29,45,NA,27.4,92,Yes,-0.05,20,27,NA,No,168,NA,No,No,No,3.6,76,No,25,1.9,41,10,NASDAQ,No,69,Yes,-17.65,-,61,8493.4,25,34,33.3,24.2,Yes,Yes,11.9,7.7,BANKS,0.1,NA,No,33,424.6,No,No,No,39,-63.4,NA,12.3,21.8,2026-08-07,FCCO,17,12,0,0,0,10,7,46,83.66666666666667,45,FALSE,TRUE,Other,Momentum Leader,57.9,Strong
4725,HQY,HealthEquity Inc.,NA,4.7,5.3,5.1,106.42,4,0,0,0,296.4,5036614,NA,0,A+,No,No,No,No,Yes,2.8,15.8,0,3.44,20.02,0.81,0.81,69,150.51,21,21.1,3.48,3.28,NA,9.1,7.6,15,15,No,Yes,25.2,31.7,30.1,28.4,17,30,37,30,10,No,No,14.2,104.63,Comml Svcs-Outsourcing,NA,0,125,Yes,3.13,47.1,No,22,24,-3,6.2,72.76,106.42,113,25,17,4.28,Yes,19,1.15,-1.68,77,87,98,0.66,85333,8647.8,3.04,83602.2,17.8,-41.3,7.9,24.6,A,31.7,NA,96,28,A+,11.2,18,15,12.1,1.8,5.4,44,1310,39,7,28,NA,7.3,934,Yes,1.19,10,538,NA,No,775,NA,No,No,No,6.54,65,No,28,1.1,38,9,NASDAQ,No,87,No,4.29,Yes,71,81445.2,29,26,32.8,7.3,Yes,No,21.5,-0.6,BUSINS SVC,4,NA,No,69,9411.5,No,No,No,13.9,-38.7,NA,10.2,19.6,2026-08-07,HQY,15,12,0,0,0,10,7,44,97.33333333333333,40,FALSE,FALSE,Other,Momentum Leader,59.6,Strong
4651,HEI,Heico Corp.,NA,3.8,4.2,4.3,376.86,3.1,2.1,2,0,2507.6,2918691,06/30/2026,0,B-,No,No,No,No,Yes,1.49,44.4,0.1,2.92,55.39,2.97,2.98,92,251.2,57,19.9,3.12,2.87,NA,17.9,18.7,26,24,No,Yes,33.1,31.7,31.2,30.4,52,22,28,29,17,No,No,13.6,367.58,Aerospace/Defense,NA,0,66,Yes,10.08,52.9,Yes,97,66,2.3,6.9,0,376.86,104,87,-1,5.6,Yes,5,1.18,-2.46,77,83,97,0.87,180985,42369.2,2.84,55235.6,15.1,-25.9,2.7,26.9,C+,12.5,NA,95,84,A-,24.6,24,13,6.4,1.8,4.4,12,4485,26,25,34,NA,19.9,528,Yes,4.29,19,388,NA,No,1259,NA,No,No,Yes,4.13,0,No,48,1.4,13,16,New York Stock Exchange,No,78,Yes,10.76,-,98,42605.3,34,30,30.4,19.7,Yes,Yes,14.8,5.3,AEROSPACE/DEFENSE,3.1,NA,No,64,53346.7,No,No,No,16.1,-22.6,NA,17.4,17,2026-08-07,HEI,20,12,0,0,0,10,7,49,92.66666666666667,45,TRUE,TRUE,Earnings Accelerator,Momentum Leader,57.4,Strong
4344,FRBA,First Bank (NJ),NA,2.9,2.7,3.1,19.09,0.5,0,0,4,534.9,303170,08/06/2026,0,A+,No,No,No,No,Yes,-0.13,11.8,1.9,0.3,7.13,0,0,26,42.43,11,23.2,2.97,2.97,NA,11.2,10.1,13,15,No,No,3.3,1.8,13.1,9.1,212,-1,14,10,8,No,No,13.2,18.63,Banks-Regional,NA,1.5,42,Yes,0.53,35.5,No,270,11,16.3,1.3,14.4,19.09,62,20,-3,1.69,No,19,-0.37,-2.41,77,80,92,0.64,1723,472.3,3.1,25134.4,13.4,8.7,6.6,20.8,B+,8.9,NA,58,46,A+,7.5,-7,13,7.9,-0.3,2.8,76,147.5,76,0,4,NA,3.4,99,Yes,-0.07,-6,105,NA,No,199,NA,No,No,No,3.13,81,No,5,1.4,-19,8,NASDAQ,No,72,Yes,1.02,-,74,22638.8,20,47,-7,7.1,No,No,12.7,0,BANKS,0.5,NA,No,30,725,No,No,No,24.2,5.1,NA,10.2,18.3,2026-08-07,FRBA,0,0,0,0,0,10,7,17,90,20,FALSE,FALSE,Other,Momentum Leader,57.9,Strong
4767,HWC,Hancock Whitney Corp.,NA,8,7.1,6.3,79.12,0.8,0,0,4,534.9,5962351,09/03/2026,0.5,C+,No,No,No,No,No,-0.03,11.2,2.6,0.04,11.99,3.56,12.83,34,58.47,11,30.5,2.19,2.13,NA,5.9,6.3,4,3,No,Yes,9.7,11.3,11.5,9.4,36,1,3,11,8,Yes,No,21.9,77.6,Banks-Regional,NA,1.5,42,Yes,1.62,6.8,No,270,13,-10.5,7.4,54.05,79.36,62,20,-8,6.05,Yes,7,0.32,-2.21,77,71,88,1.08,71458,6277.6,2.14,81158,15.5,-36.3,3.2,13.9,B+,4.3,NA,61,46,A-,0,14,12,5,0.5,0.8,40,1525.6,2,7,7,NA,6.9,979,Yes,0.25,12,610,NA,No,638,NA,No,No,No,3.99,87,No,17,1.5,10,-2,NASDAQ,No,71,Yes,1.41,-,73,80362.8,6,12,13.8,6.8,Yes,Yes,12,0.9,BANKS,0.8,NA,No,62,7131.5,No,No,No,34.7,-31.8,NA,11.3,24.4,2026-08-07,HWC,10,0,0,0,0,10,7,27,80.66666666666667,35,FALSE,FALSE,Other,Momentum Leader,57.9,Strong
4294,FLS,Flowserve Corp.,NA,4.3,4.3,4.3,82.34,5.2,0,0,1,743.3,9368645,06/25/2026,0,D,No,No,No,No,Yes,1.12,27.2,1.2,2.15,20.7,0.7,0.72,62,107.86,18,11.1,4.06,4.1,NA,0.3,-0.3,7,5,No,Yes,29.2,27,31.5,30.2,31,29,29,31,13,No,No,15.2,79.95,Machinery-Gen Industrial,NA,1.5,41,Yes,2.96,76.4,Yes,66,21,0.2,7.4,0,92.41,86,73,-14,3.81,Yes,21,1.67,-13.48,77,79,86,1.22,148332,9996.1,4.07,127112.8,7.4,-42.9,12,11.8,B,-6.4,NA,84,54,C,10.5,13,13,7.8,5.1,10.3,74,4729.3,25,-2,38,NA,-4.1,2020,No,1.31,10,1121,NA,No,849,NA,No,No,No,2.19,0,No,4,1.3,18,4,New York Stock Exchange,No,59,No,4.5,Yes,97,126312.2,59,45,11.2,-1.6,Yes,No,4.3,-6.1,MACHINE,5.2,NA,No,64,11000.1,No,No,No,52.7,-8.9,NA,16.5,8.5,2026-08-07,FLS,0,12,0,0,0,10,5,27,82.66666666666667,40,FALSE,FALSE,Other,Momentum Leader,43.1,Weak
5416,WELL,Welltower Inc.,NA,5.7,5.4,5.3,255.2,1.1,0.5,1,4,1651.4,19065952,08/11/2026,0.85,C,No,No,No,No,Yes,3.52,74.2,1.4,13.31,49.93,2.8,3.11,84,533.81,34,-4.4,2.61,2.33,NA,37.8,37.4,22,27,No,Yes,22.9,25.3,24.1,23.7,166,13,20,24,1,No,No,27.6,236.92,REITs,NA,2.1,94,Yes,5.51,43.4,Yes,194,40,-1.1,2.7,0,255.2,41,45,10,5.86,Yes,6,0.39,-7.16,77,60,86,0.5,775895,170095.8,2.35,720744.9,15.2,2.7,-0.3,11.3,B,20.9,NA,84,67,D+,2.8,20,16,4.9,-0.4,-1.2,2,10838,19,39,22,NA,38.7,3526,No,0.92,22,3527,NA,No,3298,NA,No,No,No,13.38,0,No,25,1.1,23,36,New York Stock Exchange,No,69,Yes,3.67,-,99,720438,28,21,23.8,39.6,Yes,Yes,12.5,-0.2,REAL EST,1.1,NA,No,62,187167.5,No,No,No,39.6,10.6,NA,2.5,12.6,2026-08-07,WELL,17,12,0,0,0,10,7,46,76.33333333333333,30,FALSE,FALSE,Other,Momentum Leader,39.8,Weak
4075,ENLT,Enlight Renewable Energy Ltd.,NA,3.7,3.4,3.3,93.19,0.4,1.5,1,0,702.8,845711,NA,0,E,No,No,No,No,-,-11.08,-7,0,0,53.42,0,0,97,517.43,330,42.6,5.61,5.42,NA,53.1,51.6,53,48,Yes,Yes,392.8,657.1,501.2,384.3,-,-,-,-47,9,No,No,86.6,84.82,Energy-Alternative/Other,NA,0,64,No,4.71,245.2,Yes,66,137,-4.2,0.7,23.3,108.65,17,85,36,0.62,Yes,0,0.51,-21.93,77,30,60,0.87,24398,11893.4,5.33,139808.7,24.5,-64.8,3.2,-0.3,C,41.3,NA,51,94,E,79.1,-51,59,-5.3,-0.7,-2.5,5,582.3,-37,55,178,NA,54.5,266,No,0.43,-39,93,NA,No,542,NA,No,No,No,16.32,76,No,1900,0.9,-79,29,NASDAQ,No,56,Yes,5.54,-,29,125843.9,150,33,910.7,51.8,No,No,8.8,104.5,ENERGY,0.4,NA,Yes,15,15727.3,No,No,No,263.4,4,NA,9.3,15.4,2026-08-07,ENLT,35,15,0,0,0,7,10,67,55.666666666666664,0,TRUE,TRUE,CANSLIM Growth,CANSLIM Growth,34,Weak
5205,ULH,Universal Logistics Holdings Inc.,NA,4.4,4.5,5.2,20.07,50,0,0,0,142,387016,08/31/2026,0.1,E,No,No,No,No,Yes,8.37,-30.2,3.1,1.74,2.89,0,0,28,0,20,-6.4,7.54,8.34,NA,-9.3,-7.9,-3,-5,Yes,No,-95.2,-9.7,-102.5,-96.6,11,-19,-66,-271,-17,No,No,32.1,20.07,Transportation-Truck,NA,0,7,No,1.26,153.1,Yes,20,0,15.3,5.5,11.73,27.24,16,53,-12,-1.84,No,0,9.19,-26.32,77,99,57,1.16,848,484.7,9.12,26369.7,19.5,-21.1,43.1,49.6,B,11.3,NA,36,57,B+,661.5,135,-14,27.1,21.5,27.6,28,1558.4,40,-4,-177,NA,-3.8,53,No,1.69,111,41,NA,No,189,NA,No,No,No,0.35,100,No,209,1.3,-157,-16,NASDAQ,No,87,No,0.66,Yes,100,6985,-82,-381,26.4,-8.2,Yes,Yes,17.3,-6,TRANSPORTATION,50,NA,No,84,1419.1,No,No,No,-13.8,17.1,NA,-16.8,6.9,2026-08-07,ULH,25,0,0,0,0,10,7,42,92.66666666666667,5,TRUE,FALSE,Other,Momentum Leader,49.2,Improving
3839,ANET,Arista Networks Inc.,NA,2.1,2.1,1.9,214.89,4.6,0,0,1,730.8,19887856,NA,0,B,Yes,No,No,No,Yes,0,39.5,0,2.96,55.05,1.3,1.3,90,231.49,41,47.2,5.93,6.41,NA,31.9,32.3,31,25,Yes,Yes,32.4,33.2,31.2,32.8,14,42,33,31,31,Yes,No,44,188.67,Computer-Networking,NA,5.9,58,No,11.07,0,Yes,17,55,-10.8,1.9,0,214.89,24,7,36,3.46,Yes,7,-1.9,-12.2,76,76,98,1.62,1430461,242558.7,6.05,1261224.6,28.3,-15,13.3,33.1,A+,37.2,NA,96,8,B+,15.1,37,26,10.6,4.6,6.1,-,9005.7,31,38,31,NA,36.4,8425,Yes,-3.65,42,7207,NA,No,4349,NA,No,No,No,22.57,0,Yes,40,1.4,34,29,New York Stock Exchange,No,87,Yes,16.08,Yes,88,1047552.9,26,25,36.8,33.9,Yes,Yes,24.9,1.7,COMPUTER,4.6,NA,No,49,231814.8,No,No,No,35.5,49.6,NA,31.4,40,2026-08-07,ANET,22,12,7,0,0,10,10,61,98.33333333333333,60,TRUE,TRUE,Earnings Accelerator,CANSLIM Growth,39.5,Weak
5424,WEX,WEX Inc.,NA,4.2,3.4,4.2,192.37,-0.9,2.4,1,2,1830.5,2487941,NA,0,A+,No,No,No,No,No,7.77,32.9,0,1.04,14.64,0.68,0.68,22,73.28,9,15.8,3.92,4.04,NA,5.5,7.4,9,3,Yes,Yes,12.8,22.9,18.6,15.1,9,15,7,18,22,Yes,No,24.3,185.22,Finance-CrdtCard/PmtPr,NA,4.9,122,No,6.45,290.5,Yes,41,10,22.9,7.3,0,192.37,120,36,14,18.2,Yes,12,-2.28,-3.72,76,89,94,1.13,110797,6459.8,4.03,34081.6,20.5,-30.3,20.9,28.4,B,16.5,NA,87,70,A,5.4,25,5,19.7,-0.5,6.6,62,2660.8,3,14,5,NA,10,720,Yes,-4.32,21,499,NA,No,628,NA,No,No,No,2.26,0,No,35,1.8,18,1,New York Stock Exchange,No,81,No,4.72,Yes,96,33645.5,15,6,26.8,8.6,Yes,Yes,19.4,3.1,FINANCE,-0.9,NA,No,71,5331.5,No,No,No,9.1,0.3,NA,22.3,14.4,2026-08-07,WEX,20,8,0,0,0,10,10,48,96.33333333333333,35,TRUE,FALSE,Other,Momentum Leader,50,Improving
4258,FHI,Federated Hermes Inc.,NA,4.5,5.1,5.5,67.2,5.3,0,0,4,1107.7,3962036,08/06/2026,0,D,No,No,No,No,Yes,0.85,11.1,2.5,2.59,15.95,0.71,0.84,29,45.13,11,30.2,2.69,2.85,NA,13.1,15,8,6,No,Yes,100.2,18.1,20.2,112.1,66,14,24,19,25,No,No,21.3,63.16,Finance-Investment Mgmt,NA,3.5,121,Yes,1.67,36.5,Yes,113,12,7,5.5,0,67.2,79,70,7,5.38,Yes,13,0.46,-6.01,76,75,92,0.75,38155,4722.3,2.72,74651.3,15.1,-57,8.3,16.2,B,21.2,NA,86,52,C,15.6,7,9,8,2.1,5.1,42,1800.7,-5,18,59,NA,15.7,660,Yes,0.29,5,369,NA,No,531,NA,No,No,No,2.44,0,No,19,1.2,2,11,New York Stock Exchange,No,69,Yes,3.78,-,94,71105.4,34,26,10.3,15,Yes,No,12.1,0.2,FINANCE,5.3,NA,No,56,4514.8,No,No,No,24.2,4.8,NA,33.6,19.8,2026-08-07,FHI,15,8,0,0,0,10,7,40,88,55,FALSE,FALSE,Value + Quality,Momentum Leader,50,Improving
5595,ZION,Zions Bancorp N.A.,NA,4.5,4.1,4.4,72.69,0.9,0,0,4,534.9,7005706,08/12/2026,0.48,D+,No,No,No,No,Yes,-0.1,8.5,2.8,0.13,9.39,0,0,18,34.57,11,23.8,2.24,2.25,NA,7.4,7.2,3,3,No,No,34.9,52.2,41.1,38.4,138,-2,14,41,10,Yes,No,20.1,70.32,Banks-Regional,NA,1.5,42,Yes,1.58,23.7,No,270,9,7.5,4.9,46.19,73.34,62,20,-3,7.85,Yes,19,-0.37,-4.12,76,61,92,1.28,118038,10300.4,2.23,145939,16,-57.6,-0.5,12.1,B+,7.7,NA,93,46,C,94.3,33,-14,3.2,0.3,-0.2,97,3385,14,5,21,NA,5.8,1741,No,-0.26,12,721,NA,No,765,NA,No,No,No,2.95,58,No,87,1.4,38,-1,NASDAQ,No,71,Yes,1.35,Yes,20,143628.5,31,8,62.6,6.7,Yes,Yes,12.2,2.4,BANKS,0.9,NA,No,55,14613.8,No,No,No,37.3,-24,NA,13.3,30.2,2026-08-07,ZION,20,15,0,0,0,10,7,52,78.33333333333333,35,TRUE,FALSE,Other,Momentum Leader,57.9,Strong
5402,WBS,Webster Financial Corp.,NA,3.8,3.7,3.3,79.74,2.3,0,0,4,534.9,11284413,08/09/2026,0.4,A,No,No,No,No,No,-0.02,12.7,2.1,0.05,12.34,1.77,2.5,33,49.73,12,28.5,1.07,1.09,NA,10.1,8.5,18,3,No,Yes,11.8,11.6,12.9,14.7,56,5,1,13,8,No,No,25.6,79.03,Banks-Regional,NA,1.5,42,No,0.83,10,No,270,12,-10.8,7,0,79.74,62,20,-4,6.33,Yes,7,0.32,-0.89,76,62,91,1.2,287666,12765,1.1,162033.5,15,57.2,2.5,8.7,B+,8.1,NA,58,46,A,-2.2,9,10,4.6,1.7,2.8,48,2899.4,-10,3,10,NA,3.9,3922,Yes,0.25,5,6212,NA,No,615,NA,No,No,No,4.33,0,Yes,4,2,19,6,New York Stock Exchange,No,68,Yes,1.35,-,99,160795.2,11,17,11.8,6.9,Yes,Yes,10.2,-5.5,BANKS,2.3,NA,No,53,16969,No,No,No,42.8,69.4,NA,10.6,22.7,2026-08-07,WBS,0,0,7,7,0,10,7,31,78.33333333333333,25,FALSE,FALSE,Other,Momentum Leader,57.9,Strong
4371,FSM,Fortuna Mining Corp.,NA,3,3.3,3.2,10.42,23.3,0,0,5,736.2,16984938,NA,0,D,No,No,No,No,No,0.36,6.1,0,3,7.45,0.35,0.35,24,34.2,6,42.4,4.76,4.46,NA,5.1,9.3,19,17,Yes,Yes,152.4,259.4,196.1,158.4,38,30,91,99,17,No,No,5.9,10.39,Mining-Gold/Silver/Gems,NA,5.6,19,Yes,0.38,11.3,Yes,89,11,-1.7,5.7,0,13.85,65,141,-15,0.98,Yes,63,8.68,-24.98,76,87,89,1.08,44980,2901.8,4.43,302957.4,6.9,42.2,23.4,-0.7,D+,0.1,NA,99,104,B,-18.6,100,19,17.9,15.7,19.8,77,947.1,109,38,60,NA,28.1,5248,No,0.83,157,7385,NA,No,372,NA,No,No,No,2.66,0,No,71,0.9,75,-11,New York Stock Exchange,No,67,No,1.74,Yes,106,299961.4,632,6,73.2,15.2,Yes,No,4.2,-0.5,MINING,23.3,NA,No,51,2558.9,No,No,No,67,32.7,NA,17.2,23.5,2026-08-07,FSM,27,15,0,5,0,10,5,62,89,55,FALSE,TRUE,CANSLIM Growth,CANSLIM Growth,52.3,Improving
4571,GS,Goldman Sachs Group Inc.,NA,3.2,3,2.9,1088.5,2.1,0,0,2,5413,6311123,08/31/2026,5,E,No,No,No,No,No,1.63,9.7,2,1.19,13.09,5.42,16.05,48,61.88,15,17.3,3.44,3.53,NA,17,17.6,2,13,Yes,No,38,44.6,44.9,41.2,8,1,46,39,11,Yes,No,18.3,1039.61,Banks-Money Center,NA,7.4,55,Yes,37.24,271.4,Yes,27,16,-5,2.2,0,1153.99,75,12,3,64.79,Yes,41,0.68,-9.91,76,50,89,1.16,2293264,300657.8,3.76,291171.4,12.6,-37.5,-0.3,12.3,A,11.9,NA,98,18,E,44.3,37,4,-1.4,0.8,-1.9,35,58283,77,39,27,NA,26.9,2212,No,7.03,34,1429,NA,No,3659,NA,No,No,Yes,4.57,0,No,92,1,24,0,New York Stock Exchange,No,61,Yes,2.76,-,97,289168,17,46,58.3,16.9,Yes,Yes,8.8,0.6,BANKS,2.1,NA,No,37,965409.9,No,No,No,44.4,-14.2,NA,13.9,17.3,2026-08-07,GS,27,12,0,0,0,10,7,56,71.66666666666667,30,TRUE,TRUE,Earnings Accelerator,CANSLIM Growth,57.9,Strong
4711,HOPE,Hope Bancorp Inc.,NA,5,4.8,5.9,14.48,-0.1,0,0,4,534.9,5834052,08/05/2026,0,A+,No,No,No,No,Yes,-0.02,12,4,0.17,10.78,0,0,40,54.01,11,8,2.19,2.18,NA,18.2,19.3,-2,-3,No,No,12.8,96.2,75.7,20.6,165,-24,-29,154,1,Yes,No,27.6,13.99,Banks-Regional,NA,1.5,42,No,0.3,7.2,No,270,14,21.6,4.7,9.8,14.48,62,20,-2,1,No,34,0.21,-3.38,76,65,89,0.88,14789,1784.6,2.18,127838.9,17,-8.5,4.8,11.7,B+,11.8,NA,71,46,A,2,120,40,4.6,-0.7,1.2,26,498.7,-26,11,-40,NA,15.9,1104,Yes,0.03,19,988,NA,No,378,NA,No,No,No,3.1,73,No,218,1.7,35,-4,NASDAQ,No,70,Yes,0.78,-,25,124134.1,35,14,126.7,18.4,Yes,Yes,13.3,1.6,BANKS,-0.1,NA,No,59,2069.9,No,No,No,41.5,0,NA,2.8,13,2026-08-07,HOPE,30,15,0,0,0,10,7,62,78.66666666666667,25,TRUE,FALSE,CANSLIM Growth,CANSLIM Growth,57.9,Strong
4925,IQV,IQVIA Holdings Inc.,NA,3,2.9,3.2,251.36,1.6,2.7,1,1,599.6,5260010,NA,0,A,No,No,No,No,No,-5.96,21.3,0,0.71,15.6,2.73,2.73,58,112.38,18,9.8,3.97,3.79,NA,7.6,8.2,4,5,No,Yes,7.9,9.7,8.7,8.2,3,7,8,9,22,No,No,5.9,238.7,Medical - Research,NA,2.7,108,Yes,8.01,220.2,Yes,37,19,9.6,3.2,0,251.36,137,41,15,12.47,Yes,3,2.7,-5.04,76,93,88,1.11,313583,38258,3.93,164600,20.5,-36.4,14.6,33.6,A,27.3,NA,50,21,A+,3.9,9,11,19,1.8,8.7,81,16310,9,9,7,NA,8.6,1577,Yes,6.27,9,1054,NA,No,2389,NA,No,No,No,2.31,0,No,12,1.4,7,6,New York Stock Exchange,No,86,No,6.37,Yes,100,162992.5,10,6,9.8,9.1,Yes,Yes,25.4,0.4,MEDICAL,1.6,NA,No,54,52972.8,No,No,No,33.4,-8,NA,21.6,5.9,2026-08-07,IQV,10,0,0,0,0,10,10,30,100.66666666666667,15,FALSE,FALSE,Other,Momentum Leader,55.5,Strong
5033,TKOMY,Tokio Marine Holdings Inc. ADR,NA,0,0,0,51.48,-0.6,1.6,2,5,2437.5,0,03/29/2026,0,A+,No,No,No,No,No,-0.96,0,2.2,0.88,10.45,0.81,0.91,46,45.16,18,8.6,1.53,1.8,NA,11.2,-0.8,2,8,No,Yes,34.7,-17,-12.6,15.8,44,17,46,-9,5,No,No,36.5,50.66,Insurance,NA,3.9,105,Yes,0.84,5.7,No,129,16,0,0,0,51.48,97,32,16,3.26,Yes,37,2.49,-1.6,76,66,88,0.07,6939,94028.8,1.59,1934000,20.9,-58.1,6.3,9.8,B,31.5,NA,57,60,A,-31.3,-4,10,8.4,0.8,3.6,25,55739.1,67,-1,-14,NA,-0.8,146,Yes,1.23,-41,55,NA,No,8,NA,Yes,No,No,1.75,0,No,-26,1.2,-26,17,US OTC,No,82,Yes,2.79,-,101,0,1,1,-26,-0.8,Yes,No,16.5,-11.1,INSURANCE,-0.6,NA,No,0,86516.9,No,No,No,19.8,-65.7,NA,8.4,6.8,2026-08-07,TKOMY,0,0,0,0,0,0,10,10,78.66666666666667,15,FALSE,FALSE,Other,Momentum Leader,60.8,Strong
5394,WAT,Waters Corp.,NA,4.4,3.4,3.6,407.88,7.8,4.6,3,2,401.8,3662258,NA,0,A,No,No,No,No,No,2.03,125.1,0,1.79,38.61,9.91,9.91,76,196.42,26,23.8,3.35,3.22,NA,45.7,54.9,5,10,Yes,Yes,10.6,11.3,12.5,12.4,20,3,6,12,29,No,No,7.1,406.86,Medical-Systems,NA,3.1,103,Yes,12.06,39,Yes,65,30,5.4,3.7,0,414.15,126,127,-7,13.68,Yes,4,1.79,-1.76,76,85,88,0.97,360834,39244.9,3.44,98185.9,14.3,-12.2,8.5,16.1,D,6.7,NA,64,109,A+,1.3,11,13,8.9,5.1,7.2,45,3165.3,1,113,11,NA,102.4,972,Yes,7.16,18,888,NA,No,2489,NA,No,No,No,8.6,0,No,3,1,20,7,New York Stock Exchange,No,83,No,2.61,-,101,98086.2,10,16,11.7,70.5,Yes,No,16.8,-2.9,MEDICAL,7.8,NA,No,63,40177.6,No,No,No,46.4,35.6,NA,29.3,-5.7,2026-08-07,WAT,10,0,0,0,0,10,7,27,90,45,FALSE,TRUE,Other,Momentum Leader,55.5,Strong
4819,IEX,IDEX Corp.,NA,3.7,3.3,3.5,243.8,1.7,0,0,1,743.3,2356609,07/05/2026,0,B,No,No,No,No,Yes,1.65,28.2,1.3,3.05,25.95,4.43,5.55,74,130.53,26,18.3,2.44,2.45,NA,7.4,7.4,5,3,No,Yes,5,9.8,9,7.3,44,5,-1,9,8,No,No,31.8,234.46,Machinery-Gen Industrial,NA,1.5,41,No,5.53,47.5,No,66,28,5.7,3.2,0,243.8,86,73,-4,8.45,Yes,8,0.32,-3.83,76,65,86,0.84,160137,17229.1,2.49,73719.9,17.6,-17.1,6.1,9.1,B,10.9,NA,61,54,B,10.1,10,9,5.1,1.1,3.2,56,3457.5,-4,6,1,NA,7.6,727,Yes,0.75,9,577,NA,No,1797,NA,No,No,No,4.82,0,Yes,12,1.9,14,6,New York Stock Exchange,No,72,Yes,4.33,Yes,98,73534.7,3,7,13.2,6.5,Yes,Yes,12.5,3.2,MACHINE,1.7,NA,No,68,18829.8,No,No,No,47.9,-26.4,NA,12.4,15.6,2026-08-07,IEX,10,0,7,0,0,10,7,34,77.66666666666667,35,FALSE,FALSE,Other,Momentum Leader,43.1,Weak
5220,UNP,Union Pacific Corp.,NA,9.9,9.3,10.1,306.7,0.3,0,0,0,526.4,28233358,08/30/2026,1.42,C+,No,No,No,No,Yes,-54.5,29.3,1.9,0.99,18.8,4.02,5.97,68,91.92,22,37.4,2.38,2.23,NA,3.8,4.2,3,1,Yes,Yes,7,6.4,7.8,8.4,6,4,5,7,22,Yes,No,26.7,293.13,Transportation-Rail,NA,0,71,Yes,6.44,168,Yes,6,24,8.6,4.8,0,315.99,50,19,4,12.28,Yes,5,-0.76,-7.23,76,61,85,0.66,851740,175478,2.32,594075.5,16.1,-17.5,3.5,10.7,B+,16,NA,62,44,B-,4.7,12,8,4.8,-0.3,-0.5,50,24510,6,12,5,NA,7.3,3049,No,-2.25,12,2603,NA,No,3362,NA,No,No,No,6.85,0,No,13,1.2,9,1,New York Stock Exchange,No,69,Yes,8.42,-,98,592815.4,-2,12,10.5,4.7,Yes,Yes,12.5,1.4,TRANSPORTATION,0.3,NA,No,48,206870.2,No,No,No,31.6,-20.2,NA,40.4,29,2026-08-07,UNP,15,0,0,0,0,10,7,32,76,30,FALSE,FALSE,Other,Momentum Leader,49.2,Improving
3616,ACIW,ACI Worldwide Inc.,NA,5.5,5.6,5,61.08,-6.4,0,0,1,223.4,4739127,NA,0,A,No,No,No,No,Yes,1.99,16.6,0,1.58,17.42,0.95,0.95,69,96.62,21,17.4,3.86,3.91,NA,7.1,7.1,7,10,No,Yes,155.6,30.8,26.6,9.6,23,26,46,-14,15,Yes,No,12.3,53.67,Comp Sftwr - Financial,NA,2.4,136,Yes,2.16,52.6,No,41,25,-11.6,4.8,38.05,61.08,134,129,22,2.18,Yes,30,-2.81,-12.13,76,65,84,1.05,53909,5613.8,3.93,101661.6,17.1,136.8,-3.5,15,E,26.9,NA,89,129,B,5.1,20,13,5,-6.5,-5.7,36,1759.8,71,7,13,NA,7.6,1056,Yes,-1.55,-52,2454,NA,No,592,NA,No,No,No,3,32,No,158,1.5,-33,10,NASDAQ,No,77,No,3.73,-,32,99719.8,-33,14,62.8,7.2,Yes,Yes,18.7,-2,SOFTWARE,-6.4,NA,No,69,6278.3,Yes,Yes,Yes,22.7,47,NA,15.4,7.4,2026-08-07,ACIW,25,12,0,10,0,10,7,64,77,40,TRUE,FALSE,CANSLIM Growth,CANSLIM Growth,58.7,Strong
3798,AMBA,Ambarella Inc.,NA,2.3,2.3,2.4,91.34,0.9,0,0,0,9062.4,3945513,NA,0,A,No,No,No,No,No,0.04,150.4,0,2.43,50.41,0,0,97,0,105,-18.9,9.11,9.79,NA,35.1,29.5,3,16,No,No,118.2,73.6,109,112.6,10,-32,57,256,-13,No,No,22.5,86.78,Elec-Semicondctor Fablss,NA,0,99,No,7.13,1.9,No,45,131,4.8,9.4,48.3,96.69,10,43,28,0.66,No,89,3.57,-10.25,76,87,84,2.26,156577,3675.7,8.34,43868.2,23.1,-35.6,20.8,16.8,A,36.4,NA,55,13,A,10.9,27,36,19.7,10.7,18,16,390.7,81,17,488,NA,18.5,2071,Yes,2.99,14,1317,NA,No,530,NA,No,No,No,9.4,32,No,57,1.4,18,37,NASDAQ,No,92,No,6.28,-,74,41869,145,215,37.7,22.7,Yes,Yes,29.1,5.2,CHIPS,0.9,NA,No,62,3376.1,No,No,No,38,-26.8,NA,-13.1,-18,2026-08-07,AMBA,25,15,0,0,0,10,10,60,92.33333333333333,25,FALSE,FALSE,CANSLIM Growth,CANSLIM Growth,38.7,Weak
5162,TXN,Texas Instruments Inc.,NA,2.6,1.8,1.8,286.17,3.7,0,0,0,3635.9,15763842,07/30/2026,0,E,No,No,No,No,Yes,1.2,52.5,2.1,4.86,36.51,0,0,86,165.99,30,32.3,4.73,4.67,NA,16.5,16.5,-2,1,Yes,No,17.3,26.9,20.3,19.4,28,-10,-9,19,4,Yes,No,64.9,286.08,Elec-Semiconductor Mfg,NA,0,13,Yes,13.63,87,Yes,32,44,0.9,1.7,152.73,334.03,2,40,11,6.57,No,14,2.76,-14.36,76,31,81,1.23,2674751,254248.2,4.24,913247.7,24.9,-9.8,-2.5,0.3,A,29.2,NA,66,30,D,10.3,56,21,-3,3,0.1,35,17682,-26,23,5,NA,20.7,9164,No,7.68,63,7714,NA,No,4387,NA,No,No,No,13.43,98,No,52,0.8,31,13,NASDAQ,No,70,Yes,14.51,-,100,910881.8,-2,1,41.5,17.3,Yes,Yes,14.9,8,CHIPS,3.7,NA,No,52,263525.3,No,No,No,53.9,-33.8,NA,30,36,2026-08-07,TXN,25,12,0,0,0,10,10,57,62.666666666666664,40,TRUE,TRUE,CANSLIM Growth,CANSLIM Growth,38.7,Weak
4266,FIGS,FIGS Inc.,NA,4.2,5.1,5.8,16.38,33.3,2,1,1,910.6,19917442,NA,0,D-,No,No,No,No,Yes,0.14,67.9,0,5.39,41.84,0,0,91,270.4,48,7.5,5.2,5.24,NA,20.8,24.5,11,8,No,Yes,422.7,562.4,571.8,517.4,35,-,35,563,8,No,No,25.5,14.26,Apparel - Clothing & Shoes,NA,2,106,No,0.55,11.8,Yes,51,65,12.5,13.1,0,17.48,124,122,-7,0.33,Yes,0,26.87,-18.42,76,84,78,1.49,33258,1877.6,4.91,158763.6,20.1,281.3,44,-7.2,D-,32.8,NA,96,123,C,123,80,8,30.1,29.4,36.3,2,631.1,-83,29,850,NA,28.4,3043,No,3.02,37,11255,NA,No,356,NA,No,No,No,3.4,0,No,275,1,512,14,New York Stock Exchange,No,80,No,5.52,Yes,126,151663.1,900,600,393.6,29.9,Yes,Yes,14,5.6,CONSUMER,33.3,NA,No,51,1583.3,Yes,Yes,Yes,117.7,95.8,NA,8.4,14.4,2026-08-07,FIGS,32,15,0,10,0,10,10,77,84.33333333333333,40,FALSE,FALSE,CANSLIM Growth,CANSLIM Growth,55.4,Strong
4520,GM,General Motors Co.,NA,3.2,3.3,3.2,91.85,-1.4,0,0,0,2141.2,24454839,09/03/2026,0.18,B,No,No,No,No,No,5.81,283.4,0.8,1.14,3.17,0.59,0.63,11,168.37,6,1.7,3.27,3.07,NA,-1.2,-1.1,9,3,Yes,Yes,14.7,35,24.9,16.4,12,11,14,25,5,Yes,No,7.7,87.58,Auto Manufacturers,NA,0,69,Yes,2.48,156.5,Yes,40,7,-5.8,2.8,0,91.85,74,138,-9,12.58,Yes,11,0.74,-4.65,76,77,78,1.18,632685,76285.6,3.28,877451.5,12.1,-50.8,15.2,11.7,E,4,NA,93,137,B,11.8,26,12,7.6,-0.9,5.3,88,185019,38,2,0,NA,0.5,8240,Yes,0.64,29,4024,NA,No,2807,NA,No,No,No,0.41,0,No,41,0.9,33,-1,New York Stock Exchange,No,63,Yes,1.27,-,97,876106.9,31,-5,37.1,-1.3,Yes,Yes,10.2,2.5,AUTO,-1.4,NA,No,51,179230.6,No,No,No,65.4,-34,NA,4.3,2.7,2026-08-07,GM,15,12,0,0,0,10,7,44,79,20,TRUE,FALSE,Other,Momentum Leader,45.4,Improving
4852,IMNM,Immunome Inc.,NA,16.8,13.3,11.7,26.42,10,0.9,5,16,484.8,17237765,NA,0,D-,No,No,No,No,Yes,0.01,-9.2,0,21.68,-11.45,0,0,9,0,0,-3060,5.12,5.51,NA,-9.2,-57.5,5,5,No,No,37.6,18.6,18.1,30.4,448,-,-,-,-52,No,No,16.5,25.03,Medical - Development Biotech,NA,2.9,46,No,1.24,0.6,No,553,0,-11.9,16.7,8.66,27.65,37,30,-6,-2.39,Yes,0,-3.06,-9.48,76,79,64,1.46,30284,2924.1,4.98,113250.4,18.1,-35.6,2.6,12.8,A,0.6,NA,36,11,B,13.7,12,-2,16.3,4.6,7.8,9,6.9,7,-100,51,NA,-100,1441,Yes,-0.79,-3,881,NA,No,355,NA,No,No,No,706.02,16,No,8,1.7,32,-23,NASDAQ,No,69,No,4.81,-,68,102567.4,17,17,19.6,-100,Yes,No,13.3,1.1,MEDICAL,10,NA,No,74,2240.5,No,No,No,153.6,-21,NA,-52.1,0,2026-08-07,IMNM,0,8,0,0,0,10,7,25,78,25,FALSE,FALSE,Other,Momentum Leader,55.5,Strong
4978,JBAXY,Julius Baer Group AG ADR,NA,0,0,0,18.68,5.9,0,0,4,1107.7,0,04/14/2025,0,B-,No,No,No,No,-,0,0,2.1,0,158.71,2.66,4.5,38,95.5,0,15.4,1.4,1.56,NA,31.3,47.3,10,3,No,No,17.3,38,26.2,20.9,-,3,28,23,11,No,No,17.8,18.56,Finance-Investment Mgmt,NA,3.5,121,Yes,0.27,107.5,No,113,14,0,0,0,18.68,79,70,-7,1.37,Yes,36,2.2,-0.64,75,75,96,0.58,2168,18750.1,1.35,1030008.9,15.8,-76.1,1.2,9.5,B,7.7,NA,93,52,B+,-49.5,34,4,7.8,4.5,4.1,36,4939.4,118,17,-2,NA,16.6,128,No,0.4,0,25,NA,No,1,NA,Yes,No,No,2.92,0,No,62,1.4,62,3,US OTC,No,75,Yes,NA,-,101,0,-9,-9,61.7,37,Yes,Yes,12,0,FINANCE,5.9,NA,No,0,20098.8,No,No,No,31.9,-67.9,NA,11,21.2,2026-08-07,JBAXY,25,12,0,0,0,0,7,44,84,25,TRUE,FALSE,Other,Momentum Leader,50,Improving
3989,ATLKY,Atlas Copco AB Series A ADR,NA,0,0,0,22.42,4.1,0,0,1,743.3,0,10/20/2025,0,A+,No,No,No,No,No,0.9,35.4,1,1.27,30.64,3.78,4.18,82,47.06,31,20,2.73,2.57,NA,6.7,8.2,9,5,No,Yes,2.5,4.2,4.5,2.3,16,9,4,4,18,No,No,23.6,22.13,Machinery-Gen Industrial,NA,1.5,41,No,0.52,25.7,Yes,66,38,0,0,0,22.42,86,73,-7,0.59,Yes,4,0.45,-1.29,75,81,93,1.27,10964,103547.9,2.53,3357576.4,15.4,-73,13,13.1,B,5.8,NA,64,54,A+,-1.5,3,20,9.9,3.6,6.7,22,19047.1,1,9,11,NA,3.9,553,Yes,0.1,15,147,NA,No,15,NA,Yes,No,No,4.06,0,No,8,0.9,-2,3,US OTC,No,74,Yes,9.83,Yes,99,0,6,5,3.4,7.9,No,Yes,11.6,36.4,MACHINE,4.1,NA,No,0,75145.7,No,No,No,45.1,-63.3,NA,24.2,15.7,2026-08-07,ATLKY,0,0,0,0,0,0,7,7,85,40,FALSE,FALSE,Other,Momentum Leader,43.1,Weak
4487,GIC,Global Industrial Co.,NA,3.6,4.7,5.2,40.26,9.5,0,0,1,538.3,650747,05/17/2026,0,A,No,No,No,No,Yes,0.39,14.8,3.1,2.24,19.31,0,0,54,68.67,19,7.1,2.81,3.1,NA,7.5,8.6,6,5,No,Yes,22.8,33.3,27.2,26.8,7,-2,3,27,12,No,No,33.9,39.13,Retail/Whlsle-Bldg Prds,NA,8.3,88,Yes,1.08,27.9,No,12,18,9.7,5.1,0,40.26,135,119,10,2.21,No,11,-1.39,-2.81,75,90,91,0.99,4101,1512.1,3.14,38108.3,24.4,57.7,19.1,29.5,C+,19.7,NA,78,81,A+,77.8,25,-4,16.4,5.7,9.9,78,1379.1,-15,8,18,NA,8.4,124,Yes,-0.55,13,185,NA,No,305,NA,No,No,No,1.04,0,No,48,2.1,11,5,New York Stock Exchange,No,89,Yes,4.35,Yes,97,12605.1,41,9,29.6,10.4,Yes,Yes,21.5,2.3,RETAIL,9.5,NA,No,69,1518.3,No,No,No,13.4,64.6,NA,24,9.5,2026-08-07,GIC,15,12,0,5,0,10,10,52,95.33333333333333,45,TRUE,FALSE,Other,Momentum Leader,50.2,Improving
5363,VSEC,VSE Corp.,NA,4.7,4.6,6.1,237.82,12.2,0,0,2,81.2,3039398,07/14/2026,0,E,No,No,No,No,Yes,0.51,-7251.6,0.2,3.77,171.69,3.52,3.59,86,311.65,42,6.2,5.29,5.16,NA,19.6,24,11,12,Yes,Yes,43.7,53.1,55.2,54.5,21,12,12,52,4,Yes,No,26.3,218.18,Comml Svcs-Consulting,NA,5.3,89,Yes,10.83,22.9,Yes,38,43,30.7,11,152.55,240.56,119,100,6,5.07,Yes,10,-3.22,-9.3,75,79,85,1.33,97870,6325.5,5.04,28057.2,13,23.1,-1.3,9.4,C,9.1,NA,93,93,C,87.5,33,27,7.5,6.3,7.4,10,1112.3,-5,65,25,NA,45.9,480,Yes,-7.27,36,568,NA,No,523,NA,No,No,No,4.51,22,No,80,1.4,50,3,NASDAQ,No,64,Yes,2.09,-,52,27555.3,29,61,65.2,30.8,Yes,Yes,9.3,-3.9,BUSINS SVC,12.2,NA,No,83,6326.8,No,No,No,40.6,-3.1,NA,4.4,6.3,2026-08-07,VSEC,30,15,0,0,0,10,7,62,81.66666666666667,35,TRUE,TRUE,Earnings Accelerator,CANSLIM Growth,59.6,Strong
4128,ESLT,Elbit Systems Ltd.,NA,2.1,1.7,2,876.85,6.2,2.1,2,0,2507.6,216536,06/22/2026,0,E,No,No,No,No,No,0.38,63.2,0.5,1.41,51.79,5.57,5.8,92,265.24,76,7.1,3.58,3.21,NA,16.4,15,11,15,No,Yes,78.3,58.8,57.3,54.3,26,12,30,59,11,No,No,48.7,859.14,Aerospace/Defense,NA,0,66,Yes,24.92,17.7,Yes,97,70,15.8,0.8,432.85,1016.06,104,87,14,12.35,Yes,23,0.25,-15.44,75,66,83,0.45,75829,40170.9,2.99,46855.4,18.6,-33.6,10.4,8.1,C+,29.2,NA,97,84,D,12.1,28,19,7.3,4.1,8.4,11,7938.6,49,15,59,NA,13.4,94,No,2.14,26,62,NA,No,699,NA,No,No,No,4.89,82,No,42,1.1,76,16,NASDAQ,No,60,Yes,9.39,-,74,27533.8,58,53,59.1,12.9,Yes,Yes,7.5,5,AEROSPACE/DEFENSE,6.2,NA,No,19,40644.3,No,No,No,82.6,-34.5,NA,14.4,7.3,2026-08-07,ESLT,20,15,0,0,0,7,7,49,76.66666666666667,45,FALSE,FALSE,Other,Momentum Leader,57.4,Strong
5134,TTDKY,TDK Corp. ADR,NA,0,0,0,20,1,0,0,1,544.3,0,03/30/2026,0,E,No,No,No,No,No,0.48,55.7,0.8,1.47,10.76,14.35,25.83,71,91.25,29,11,3.36,3.07,NA,9.9,10.4,0,5,No,No,15.2,28.7,22.7,19.1,3,1,30,22,7,No,No,35.3,19.08,Electronic-Parts,NA,4.3,53,Yes,0.62,18,Yes,23,26,0,0,0,25.81,23,14,24,0.74,No,31,0.79,-26.06,75,36,81,0.31,6520,36135.8,3.07,1943859.9,13.6,-62.9,-8,2.9,A,38.4,NA,94,14,E,52.4,25,17,-11.3,2.2,0.6,67,15643.9,47,23,4,NA,14.3,304,No,0.15,43,103,NA,No,27,NA,Yes,No,No,2.2,0,No,42,0.7,22,15,US OTC,No,66,Yes,2.56,Yes,95,1897901.7,22,5,32.1,11.3,Yes,Yes,11,22.7,ELECTRNCS,1,NA,No,0,36539.3,No,No,No,50,-61.5,NA,10.1,10.9,2026-08-07,TTDKY,20,12,0,0,0,0,7,39,64,45,TRUE,TRUE,Earnings Accelerator,Earnings Accelerator,49.3,Improving
5063,TNL,Travel + Leisure Co.,NA,5.3,7.1,8.1,79.49,0.9,3.2,2,1,479.9,6530636,09/15/2026,0.6,D,No,No,No,No,Yes,1.32,23.1,3.2,6.47,8.02,0.52,0.61,26,79.95,9,8.4,2.93,2.86,NA,4.3,4.5,7,4,No,Yes,14.8,17,16.4,14.8,46,18,10,15,0,No,No,8.7,76.7,Leisure-Services,NA,1.6,112,No,2.16,0,Yes,62,11,13.8,11.2,0,81,116,74,-5,6.96,Yes,12,-0.81,-5.31,75,69,74,1.31,61722,4732.9,2.92,61204.2,8.5,-39.6,1.4,16.4,B,4.4,NA,84,63,E,0.2,20,17,3,-0.5,1.7,81,4021,1,4,10,NA,3.7,845,Yes,-0.63,16,495,NA,No,645,NA,No,No,No,1.15,0,No,14,1.6,31,4,New York Stock Exchange,No,58,Yes,-4.61,Yes,96,58534.6,6,15,22.3,4.3,Yes,Yes,6.6,-3.2,LEISURE,0.9,NA,No,62,10075.8,No,No,No,29.8,-7.8,NA,0,10.3,2026-08-07,TNL,10,8,0,0,0,10,5,33,79.66666666666667,40,FALSE,FALSE,Other,Momentum Leader,44.8,Weak
5336,VNO,Vornado Realty Trust,NA,6.1,6,5.8,41.6,0.3,0.5,1,4,1651.4,10445027,12/17/2025,0,A,No,No,No,No,Yes,8.08,38.7,1.9,4.77,6.07,0,0,51,6146.16,15,52.5,3.1,3.09,NA,0.7,1.4,3,0,Yes,No,2.4,-2.3,2.3,-2.4,151,-8,-7,-3,13,No,No,18.7,39.5,REITs,NA,2.1,94,Yes,1.22,139.2,Yes,194,17,-2.7,6,0,43.37,41,45,14,2.37,No,6,1.44,-8.92,75,75,71,1.26,69541,7919.4,3.22,186720.5,18.6,-45.6,0.2,23.3,B,26.3,NA,44,67,A-,28.3,0,12,2.9,-1,-0.4,21,1810.4,-8,5,2,NA,2.1,1817,Yes,0.56,8,992,NA,No,672,NA,No,No,No,4.03,0,No,23,1.9,-27,1,New York Stock Exchange,No,82,No,1.6,Yes,95,173038.5,-3,16,-1.8,1.1,No,Yes,21.4,1.5,REAL EST,0.3,NA,No,64,14381,No,No,No,5.1,23.7,NA,16.2,6.9,2026-08-07,VNO,10,0,0,0,0,10,7,27,80.66666666666667,25,FALSE,FALSE,Other,Momentum Leader,39.8,Weak
4438,GCMG,GCM Grosvenor Inc. Cl A,NA,3.8,4,3.7,13.76,8.8,0,0,4,1107.7,1738382,06/04/2026,0,C+,No,No,No,No,Yes,4.18,12.3,3.8,1.97,14.6,0,0,49,117.33,15,28.2,3.5,3.53,NA,6.8,4.6,6,10,No,Yes,21.3,11.2,10.1,13.8,60,-,-,12,0,No,No,20,13.58,Finance-Investment Mgmt,NA,3.5,121,No,0.45,1740.2,No,113,16,-7.5,3,9.3,14.38,79,70,23,0.84,Yes,0,0.74,-5.53,75,82,70,0.7,6349,2723.6,3.57,60383.2,19.5,-38.3,1.6,21.7,B,37.3,NA,28,52,A,-1.1,3,22,10.5,5.1,4.9,26,518.2,35,-1,14,NA,3.2,531,No,0.1,15,309,NA,No,214,NA,No,No,No,1.47,33,No,0,1.2,15,9,NASDAQ,No,86,Yes,31.65,-,84,58636.5,19,7,7.4,5.4,Yes,No,19.4,0.9,FINANCE,8.8,NA,No,54,1049.1,No,No,No,13.2,-28.5,NA,0,4.4,2026-08-07,GCMG,0,0,0,0,0,10,7,17,85.66666666666667,5,FALSE,FALSE,Other,Momentum Leader,50,Improving
3818,AMPL,Amplitude Inc. Cl A,NA,3.2,3.2,3.1,11.38,26.8,0.9,1,8,5415.1,8696566,NA,0,A-,No,No,No,No,No,0.1,29,0,0.95,49.83,5.96,5.96,99,0,82,-24.9,7.13,7.31,NA,17.3,18.2,19,12,No,Yes,-98.1,-202.7,-160.4,-107.5,22,63,62,-48,-33,No,No,-2.8,11.26,Comp Sftwr - Enterprise,NA,7,137,No,0.64,2.8,Yes,114,375,-3.5,10.1,5.51,12.8,108,39,34,0.03,Yes,0,4.55,-12.03,75,98,64,1.76,20539,1428.8,7,103867.1,31.4,12.1,22.9,90.5,A+,55.7,NA,11,9,A+,-1.9,14,134,35.2,18.2,20.2,-,343.2,0,21,0,NA,19,2500,Yes,0.49,45,2767,NA,No,265,NA,No,No,No,3.12,80,No,-200,1.6,-508,15,NASDAQ,No,97,No,6.57,-,95,85773.9,100,-33,-354.1,18.4,No,No,43,1.9,SOFTWARE,26.8,NA,No,53,1191,No,No,No,-10.6,7.2,NA,-32.7,-34.3,2026-08-07,AMPL,5,0,0,0,0,10,10,25,99,15,FALSE,TRUE,Other,Momentum Leader,58.7,Strong
4885,INOD,Innodata Inc.,NA,1.2,1.7,2.1,79.44,-0.8,1.1,1,2,799.5,4570220,NA,0,E,No,No,No,No,Yes,0.03,20.3,0,2.48,46.7,0,0,87,222.26,56,16.5,8.57,7.01,NA,46.7,38.6,40,69,Yes,Yes,789.8,58.9,30.9,821,51,-,-,11,38,Yes,No,22.3,62.33,Computer-Tech Services,NA,2.2,118,No,4.69,3,Yes,93,47,24.8,14.7,34.23,125.14,136,125,37,1.32,Yes,0,-4.81,-50.19,75,33,54,2.1,116663,2138.3,6.7,32655.4,1.1,252.1,-10.5,36.6,D,31,NA,62,116,E,92.5,22,57,-21.7,-0.4,-0.8,7,251.7,3067,58,3,NA,56.1,1396,No,-3.15,-20,4797,NA,No,333,NA,No,No,No,6.42,5,No,105,0.8,91,48,NASDAQ,No,47,Yes,15.87,Yes,5,30997.1,-19,-53,98,44.8,Yes,No,0.1,20.2,BUSINS SVC,-0.8,NA,No,29,2187.5,Yes,Yes,Yes,45.5,71,NA,37.7,15.6,2026-08-07,INOD,35,15,0,10,0,10,5,75,64,55,TRUE,TRUE,CANSLIM Growth,CANSLIM Growth,59.6,Strong
4942,ISNPY,Intesa Sanpaolo S.p.A. ADR,NA,0,0,0,47.58,5.1,2.4,1,4,2115.7,0,05/18/2026,0,A,No,No,No,No,Yes,-1.69,0,4.2,0.88,6.62,0.32,0.36,34,182.66,12,26.9,1.28,1.19,NA,39.6,47.4,13,20,No,Yes,13.5,18.5,17.1,17.4,23,35,24,15,5,No,No,13.7,47.44,Banks-Foreign,NA,9.5,78,No,0.51,219.9,No,42,13,0,0,0,47.58,89,35,-1,3.74,Yes,36,0.84,-0.29,74,84,97,0.58,9856,138435.3,1.17,2947077,17.3,-56.8,11.1,13.2,B,12.1,NA,87,61,A+,6.3,7,9,11.8,3.7,6.5,55,53073.6,14,7,17,NA,8.1,235,Yes,0.4,12,97,NA,No,9,NA,Yes,No,No,3.2,0,Yes,19,0.8,30,-6,US OTC,No,82,Yes,1.9,-,100,0,7,13,24.5,37,Yes,No,16.6,0,BANKS,5.1,NA,No,0,317009.1,No,No,No,29.4,-50.3,NA,16.7,39,2026-08-07,ISNPY,10,8,7,0,0,0,7,32,90,30,FALSE,FALSE,Other,Momentum Leader,57.9,Strong
4953,ITIC,Investors Title Co.,NA,2,1.7,1.7,297.31,0.2,1.6,2,5,2437.5,75598,06/14/2026,0,A+,No,No,No,No,Yes,0.08,15.4,0.6,2.45,17.75,0,0,38,52.22,0,16.3,2.73,2.84,NA,9.6,8.8,-3,8,Yes,No,23.2,33.5,32.9,33.9,86,-9,22,20,7,No,No,16.1,289.84,Insurance,NA,3.9,105,Yes,7.98,2.4,Yes,129,14,1.4,5.4,209.75,297.31,97,32,-7,21.35,No,40,-1.89,-2.51,74,77,97,0.81,13083,557.8,2.79,1888,14.7,165.7,4.7,20,B,3.8,NA,92,60,A+,0,0,0,7.6,-0.3,1.4,36,272.8,43,17,13,NA,15.3,49,Yes,-5.59,0,128,NA,No,193,NA,No,No,No,1.87,67,No,19,2.3,91,6,NASDAQ,No,76,No,1.91,-,63,1408.1,-10,31,55.3,9.7,Yes,No,16.3,-0.5,INSURANCE,0.2,NA,No,32,533.2,No,No,No,30.9,81,NA,13.5,16.9,2026-08-07,ITIC,15,12,0,10,0,10,7,54,89.66666666666667,50,FALSE,FALSE,Other,Momentum Leader,60.8,Strong
5183,UBSI,United Bankshares Inc.,NA,7.2,6.4,6.2,49.62,-0.3,0,0,4,534.9,5864148,06/11/2026,0,A,No,No,No,No,Yes,-0.03,12.1,3.1,0.3,13.74,2.14,4.39,36,50.93,13,32,1.81,1.7,NA,15.9,15,3,7,No,Yes,23,31.5,31.5,29.1,211,3,9,31,5,No,No,25.8,48.32,Banks-Regional,NA,1.5,42,Yes,0.8,6.5,No,270,13,-2.9,4.4,34.1,49.62,62,20,-5,3.67,Yes,9,-0.54,-2.62,74,64,94,0.83,47779,6694.3,1.7,137798.6,15,-30.7,4.7,11.3,B+,6.2,NA,82,46,B+,7.1,13,4,4.7,-0.8,1,36,1237.3,1,6,19,NA,7.6,1042,Yes,-0.26,1,709,NA,No,514,NA,No,No,No,5.19,44,No,12,2,51,12,NASDAQ,No,66,Yes,1.2,-,15,134384.3,32,31,31.3,12.2,Yes,Yes,11,-0.6,BANKS,-0.3,NA,No,49,7341.3,No,No,No,36.6,-36.1,NA,8.8,28.8,2026-08-07,UBSI,10,12,0,0,0,10,7,39,79.33333333333333,30,FALSE,FALSE,Other,Momentum Leader,57.9,Strong
4125,ESEA,Euroseas Ltd.,NA,0.6,0.4,0.2,79.67,-4.6,2,1,2,72.6,16243,06/08/2026,0,A,No,No,No,No,Yes,1.45,4.5,4,5.46,3.71,0.07,0.07,5,15.36,5,60.1,3.79,3.68,NA,6,2.3,29,10,No,Yes,39.9,41.4,28.6,48.2,31,57,17,25,28,No,No,37.9,75.29,Transportation-Ship,NA,4.1,25,No,2.65,42.7,No,49,4,-45.1,0.6,49,79.67,9,18,31,18.98,Yes,69,-2.08,-5.5,74,59,93,0.82,4178,542.5,3.69,7055.4,17.8,-51.2,10.5,4.2,A-,40.7,NA,86,36,C,9.2,-13,-6,6.9,-2.2,1,85,227.9,-2,-1,50,NA,3.4,59,Yes,-1.6,-5,28,NA,No,40,NA,No,No,No,2.34,22,No,-12,1.5,104,7,NASDAQ,No,69,Yes,1.08,Yes,12,2835.2,32,-10,45.9,3.9,No,No,14.1,5.3,TRANSPORTATION,-4.6,NA,No,17,573,No,No,No,46.9,-34.8,NA,33.1,58.2,2026-08-07,ESEA,0,12,0,0,0,7,7,26,77.33333333333333,50,FALSE,FALSE,Value + Quality,Momentum Leader,49.2,Improving
5224,UOVEY,United Overseas Bank Ltd. ADR,NA,0,0,0,68.91,-0.9,2.4,1,4,2115.7,0,04/26/2026,0,B,No,No,No,No,-,0,0,3.6,0,12.93,0.41,0.47,27,74.77,13,21.7,1,1.14,NA,-0.8,-1.8,11,2,No,Yes,23.7,64.4,38.7,29.7,-,24,19,10,7,No,No,22.9,67.01,Banks-Foreign,NA,9.5,78,No,0.75,98.8,Yes,42,11,0,0,0,69.69,89,35,-2,8.85,Yes,12,-1.15,-3.84,74,64,92,0.09,3025,56053.8,1.12,831806.3,14.9,-64.8,3.8,15.5,B,10.6,NA,96,61,B,101.7,22,8,5.1,-0.7,-0.6,62,10895.6,4,2,-20,NA,-0.7,47,Yes,-0.78,-22,14,NA,No,5,NA,Yes,No,No,5.16,0,No,116,1.3,116,-7,US OTC,No,65,Yes,NA,-,97,0,-38,-38,115.8,-1.4,Yes,Yes,11.6,0,BANKS,-0.9,NA,No,0,86924.9,No,No,No,20.3,-35.6,NA,9.7,14.7,2026-08-07,UOVEY,25,15,0,0,0,0,7,47,83.66666666666667,15,TRUE,FALSE,Other,Momentum Leader,57.9,Strong
3708,AGYS,Agilysys Inc.,NA,3.5,4.1,4,115.9,3.3,1.1,1,2,799.5,1671504,NA,0,A-,No,No,No,No,No,0.29,35.6,0,1.74,44.04,2.8,2.8,90,281.44,42,15.2,5.21,5.14,NA,15.7,14.4,18,17,No,Yes,28.7,25.2,23.3,20.7,33,20,28,21,13,Yes,No,-8.6,108.58,Computer-Tech Services,NA,2.2,118,Yes,5.42,4.2,Yes,93,56,-2.7,6.5,61.5,145.25,136,125,15,1.94,Yes,9,0.93,-25.25,74,85,87,0.92,34513,3034.4,5.19,28205.8,13.3,-36.5,-3.8,48.9,D,26.2,NA,95,116,A,21.7,79,30,8.9,-0.2,2.2,6,319.3,41,14,-12,NA,13,348,Yes,1,38,219,NA,No,434,NA,No,No,No,9.27,32,No,48,1.8,17,16,NASDAQ,No,88,No,9.05,Yes,52,25776.5,11,18,32.6,13.9,Yes,Yes,25.4,-2.3,BUSINS SVC,3.3,NA,No,64,2936.5,No,No,No,-3.7,-36.2,NA,13.1,10.3,2026-08-07,AGYS,20,12,0,0,0,10,7,49,94,45,TRUE,FALSE,Other,Momentum Leader,59.6,Strong
4637,HCI,HCI Group Inc.,NA,2,2.2,2.7,198.98,7.8,1.6,2,5,2437.5,498506,08/20/2026,0.4,B-,No,No,No,No,Yes,0.09,5,0.9,2.43,5.44,0,0,15,33.15,10,47.7,2.96,2.83,NA,21.3,24.7,21,24,No,Yes,543.5,749.6,797.8,642.9,85,-,-,106,37,No,No,-1.6,188.69,Insurance,NA,3.9,105,No,5.06,6.4,No,129,8,18.7,4.6,0,210.5,97,32,-1,23.2,Yes,0,4.31,-10.36,74,85,80,0.59,29749,2309,2.83,12764.8,11.1,62.5,4.6,23.5,B,15.6,NA,34,60,A+,11.2,-19,1,9.8,4.7,5.2,75,900.9,18,11,160,NA,11.7,175,Yes,7.8,-42,277,NA,No,403,NA,No,No,No,2.6,0,No,8,1.1,2,20,New York Stock Exchange,No,82,No,2.24,Yes,104,10941.7,2239,943,5,25.2,Yes,No,15,-3.1,INSURANCE,7.8,NA,No,61,1132.1,No,No,No,36.9,10.4,NA,40,29.9,2026-08-07,HCI,5,15,0,7,0,10,7,44,86.66666666666667,45,FALSE,FALSE,Other,Momentum Leader,60.8,Strong
5076,TPC,Tutor Perini Corp.,NA,4.1,4.2,3.9,102.3,18.3,2.8,1,1,368.9,2216322,08/18/2026,0.09,C,No,No,No,No,No,0.48,6,0.4,1.29,7.08,0,0,86,157.8,25,3.7,4.96,5.32,NA,24.9,25.6,4,17,No,No,388.4,116.7,113.4,450.7,11,-19,65,286,6,No,No,47.9,99.11,Bldg-Heavy Construction,NA,2.8,34,No,4.32,36.5,Yes,36,43,-7.7,4.9,0,102.3,14,69,6,2.32,Yes,0,3.49,-3.12,74,87,78,1.41,64159,5034.5,5.33,52569.1,30.5,64.3,32.4,20.9,B-,18.7,NA,51,73,B,84.5,108,60,24.9,14.9,18.5,35,5543,5,19,148,NA,15.3,791,Yes,3.34,1105,1030,NA,No,524,NA,No,No,No,0.88,0,Yes,224,1.6,-9,28,New York Stock Exchange,No,93,Yes,4.11,-,97,44796.2,136,104,107.1,23.9,Yes,Yes,25.2,1.7,BUILDING,18.3,NA,No,63,3920.3,No,No,No,80,3.6,NA,6.8,4,2026-08-07,TPC,30,15,7,5,0,10,10,77,89.66666666666667,15,TRUE,FALSE,CANSLIM Growth,CANSLIM Growth,53.7,Improving
4562,GRND,Grindr Inc.,NA,5.5,4.3,5.1,18.5,-4.4,0,0,3,6062.3,9365396,NA,0,A+,No,No,No,No,No,13.42,17.2,0,1.26,22.87,0,0,78,124.54,26,27,4.98,4.87,NA,31.3,32.5,60,35,No,Yes,172.3,121.6,106.3,180.2,15,-,-,531,0,No,No,22.5,16.58,Internet-Content,NA,4.6,85,No,0.76,805.1,No,65,32,18.6,36.6,0,18.5,27,94,59,0.53,Yes,0,-3.32,-10.38,74,79,69,0.52,25576,3048,4.21,177726,25.6,72.9,6.4,20.1,D-,62.1,NA,55,122,A,-34.1,15,34,14.7,-3,2.6,9,439.9,80,33,9722,NA,35.6,1781,Yes,-0.57,1,3010,NA,No,250,NA,No,No,No,5.78,0,No,19,1.3,174,28,New York Stock Exchange,No,86,No,3505.29,-,90,25586.3,172,60,96.4,33.5,Yes,No,27.1,5,INTERNET,-4.4,NA,No,83,3473.5,Yes,Yes,Yes,-7.3,30,NA,0,12.8,2026-08-07,GRND,17,15,0,7,0,10,10,59,84,5,FALSE,FALSE,CANSLIM Growth,CANSLIM Growth,40,Weak
4676,HIW,Highwoods Properties Inc.,NA,5.2,5.5,5.6,35.44,-5.1,0.5,1,4,1651.4,10242243,08/16/2026,0.5,A,No,No,No,No,-,0,32.6,6,0,9.47,0,0,18,81.86,9,20,2.76,2.61,NA,2.4,3.5,1,-1,Yes,No,-2,2.7,0.9,-1.1,-,-3,-4,1,3,No,No,21.8,31.45,REITs,NA,2.1,94,No,0.84,152.5,Yes,194,9,1.3,9.4,0,35.44,41,45,8,3.5,No,4,-0.1,-11.25,74,66,65,0.87,58903,3472.4,2.63,110306.2,18.2,-49.9,-2,23,B,20.9,NA,45,67,C+,5.1,5,1,2.2,-4.8,-4.2,72,806.1,-6,8,-4,NA,7.3,1923,Yes,-0.03,4,929,NA,No,620,NA,No,No,Yes,4.14,0,No,1,2.6,1,-2,New York Stock Exchange,No,77,No,1.47,-,94,108837.6,6,-4,1.2,5.1,Yes,Yes,19.5,-0.2,REAL EST,-5.1,NA,No,71,7129.9,No,No,No,9.4,-39.5,NA,6.7,43.3,2026-08-07,HIW,0,0,0,0,0,10,7,17,75.33333333333333,0,FALSE,FALSE,Other,Momentum Leader,39.8,Weak
3956,ASND,Ascendis Pharma A/S,NA,2.9,4,4.2,260.22,4.7,0,0,3,1298.7,3104151,NA,0,E,No,No,No,No,No,16.87,299.2,0,1,254.49,1.47,1.47,75,110.6,35,-31.8,3.73,3.51,NA,177,218.3,210,105,No,Yes,152.3,257.3,206.8,170.8,2,20,53,209,0,No,No,19.8,255.41,Medical - Profitable Biotech,NA,5.7,40,No,8.99,0,Yes,53,29,5.7,5,175.19,282.15,94,84,2,8.67,Yes,0,2.23,-9.48,74,62,61,0.73,171590,15584.9,3.04,62376.8,12.4,-51,-4.3,3.8,C+,15,NA,56,83,E,5900.7,461,-26,4.2,2.5,0.3,28,850.9,27,151,34,NA,106.7,710,No,5.56,280,326,NA,No,567,NA,No,No,No,15.75,63,No,733,0.8,2,107,NASDAQ,No,63,Yes,28.22,-,88,61559,37,55,367.5,171.5,Yes,Yes,9,8.6,MEDICAL,4.7,NA,No,51,15818.9,No,No,No,34.2,-26.3,NA,0,255.2,2026-08-07,ASND,35,15,0,0,0,10,7,67,67.66666666666667,15,TRUE,FALSE,CANSLIM Growth,CANSLIM Growth,55.5,Strong
3781,ALRM,Alarm.Com Holdings Inc.,NA,5.1,4.9,4.6,57.8,5.1,0,0,0,131.4,2566578,NA,0,A+,No,No,No,No,Yes,0.86,15.1,0,5.16,22.11,2.44,2.44,59,90.73,20,16.5,3.18,3.15,NA,8.7,8.7,8,7,No,Yes,19.4,27.4,26.2,21.6,38,8,13,26,17,No,No,12.8,57.53,Security/Sfty,NA,0,123,Yes,1.61,65.7,No,46,20,-6.2,5.5,41.49,59.53,121,31,8,2.95,Yes,6,2.2,-3.36,73,91,97,1.03,25390,2784.1,3.05,49460.6,19,0.1,13.2,22.4,A,19.3,NA,91,15,A+,18.8,9,7,16.4,3.7,7.1,62,1011.2,10,9,15,NA,10.1,529,Yes,1.24,-1,507,NA,No,500,NA,No,No,No,2.68,89,No,28,1.8,30,8,NASDAQ,No,89,No,3.3,Yes,91,46540.9,24,23,29,9.4,Yes,Yes,21.2,0.8,BUSINS SVC,5.1,NA,No,56,2887.1,Yes,No,No,5.9,-30.7,NA,16.8,8.7,2026-08-07,ALRM,15,12,0,0,0,10,7,44,97,40,TRUE,FALSE,Other,Momentum Leader,59.6,Strong
5209,UMBF,UMB Financial Corp.,NA,5.4,5.5,5.9,150,-0.1,0,0,4,534.9,4092660,09/09/2026,0.5,A,No,No,No,No,Yes,-0.04,8.3,1.4,0.37,10.51,1.1,1.27,28,46.58,11,21.2,2.62,2.41,NA,50.7,44.3,17,30,No,Yes,23,25.5,24.1,26.7,225,9,18,25,11,No,No,26.6,145.6,Banks-Regional,NA,1.5,42,Yes,3.47,7.2,No,270,11,6.8,5.7,103.38,150,62,20,-4,12.76,Yes,9,0.32,-2.93,73,63,95,1,96751,11022.6,2.32,75950,17.2,-39.4,-0.3,11,B+,8.4,NA,92,46,C+,14.5,16,6,4.1,-0.1,0.7,71,2651.8,16,13,21,NA,22,693,Yes,0.47,19,409,NA,No,722,NA,No,No,Yes,3.79,63,No,21,1.6,32,47,NASDAQ,No,72,Yes,1.43,-,29,72918.3,24,20,26.4,36.7,Yes,Yes,13.7,1.8,BANKS,-0.1,NA,No,61,7250.1,No,No,No,34.1,-38.4,NA,12.6,25.1,2026-08-07,UMBF,15,12,0,0,0,10,7,44,79,40,FALSE,FALSE,Other,Momentum Leader,57.9,Strong
4201,FAST,Fastenal Co.,NA,4.5,4.5,4.1,51.9,8.7,8.8,3,1,218.3,31475902,07/27/2026,0,D-,No,No,No,No,Yes,0.11,48,2.2,4.18,46.02,4.79,6.28,86,168.42,39,20.2,2.65,2.89,NA,11.7,12.5,17,6,Yes,Yes,11.2,14.1,13.4,13.5,24,7,5,13,6,No,No,29.2,51.84,Retail - Specialty,NA,2.9,47,No,1.36,7.9,Yes,34,44,-7.6,2.7,38.97,51.9,88,57,-6,1.18,Yes,4,2.05,-0.12,73,86,91,0.8,373585,58292.9,3.08,1147497.6,16.6,40.7,10,16.9,B-,8.6,NA,72,74,B,0.4,16,11,10.9,6.2,9.6,15,8200.5,-1,15,9,NA,13.6,8167,Yes,1.04,15,10822,NA,No,2517,NA,No,No,No,6.8,96,No,14,1.3,15,9,NASDAQ,No,80,Yes,14.62,Yes,99,1146259.6,13,12,14.6,12.7,Yes,Yes,13.9,0.5,RETAIL,8.7,NA,Yes,48,57528.6,Yes,Yes,No,9.2,-4.3,NA,33.3,16,2026-08-07,FAST,15,0,0,5,0,10,7,37,93.33333333333333,55,FALSE,FALSE,Other,Momentum Leader,50.2,Improving
4743,HTB,HomeTrust Bancshares Inc.,NA,4.1,2.8,2.3,52.5,-0.8,0,0,4,534.9,243424,08/12/2026,0.15,A+,No,No,No,No,No,0,9.6,1.2,0.1,17.56,0.9,0.98,34,51.67,14,27.8,2.35,2.4,NA,-1.5,4.7,10,0,No,No,17.4,10.1,13.9,21.8,113,13,6,13,9,No,No,18.3,50.8,Banks-Regional,NA,1.5,42,No,1.19,2.9,No,270,13,-18.5,1.6,0,52.5,62,20,3,3.98,Yes,9,-1.59,-3.24,73,61,89,0.66,6387,867.5,2.34,16805.3,13.8,-57.8,3.7,10.4,B+,14,NA,68,46,A,22.6,1,1,4,-0.7,1.8,42,213.1,-16,0,16,NA,3.5,132,Yes,-0.82,-4,58,NA,No,252,NA,No,No,No,3.94,0,No,-5,1.9,23,-1,New York Stock Exchange,No,65,Yes,1.41,-,97,15101,12,25,9.2,3.7,Yes,No,11.4,0,BANKS,-0.8,NA,No,36,1038.5,No,No,No,34.8,29,NA,11.1,22.6,2026-08-07,HTB,0,0,0,0,0,10,7,17,76.33333333333333,35,FALSE,FALSE,Other,Momentum Leader,57.9,Strong
4990,JCI,Johnson Controls International PLC,NA,2.3,2.3,2.2,157.06,3.8,0,0,2,2196.3,9575967,06/14/2026,0,E,No,No,No,No,No,-20.12,59.1,1.1,0.97,71.17,2.64,2.91,78,102.64,26,8.3,3.56,3.59,NA,2.2,6.9,0,-4,Yes,Yes,19.2,39.8,29.5,22,6,11,10,28,8,No,No,27.1,152.21,Diversified Operations,NA,8,76,No,5.14,74.8,Yes,25,32,-3.4,1.6,0,157.06,72,46,3,4.76,Yes,4,-1.51,-3.09,73,63,89,1.07,612460,93617.4,3.41,605741.5,15.5,-35.4,8.2,9.3,B+,10.6,NA,92,47,C-,9,34,19,6,3.3,5.1,11,23596,5,9,2,NA,8.7,4367,Yes,-2.34,24,2759,NA,No,2898,NA,No,No,Yes,3.69,0,No,35,1.3,45,3,New York Stock Exchange,No,70,Yes,6.84,-,97,603788.7,39,-2,40.2,8.1,Yes,Yes,11.2,0.5,MISC,3.8,NA,No,53,103878.1,No,No,No,45.9,-6.7,NA,11.9,11.3,2026-08-07,JCI,15,12,0,0,0,10,7,44,77,25,FALSE,FALSE,Other,Momentum Leader,68.5,Leading
4741,HSTM,HealthStream Inc.,NA,4,4.3,4.7,31.11,2.4,0,0,2,81.2,1156648,08/16/2026,0.04,A+,No,No,No,No,No,1.66,18,0.5,1.06,13.67,1.31,1.33,84,154.86,37,7.6,3.52,3.82,NA,7.8,8.8,5,5,Yes,Yes,7.2,9,8,12.1,6,30,16,5,4,No,No,24.5,28.72,Comml Svcs-Consulting,NA,5.3,89,No,1.07,4.1,Yes,38,40,9,5,19.5,31.11,119,100,25,0.72,Yes,18,2.13,-7.68,73,75,88,0.54,5591,821.5,3.71,29215.2,20.9,-11.8,0.9,22,C,43,NA,89,93,A+,38.6,22,10,5.9,0.6,1.7,19,304.1,32,13,-8,NA,11.5,208,Yes,0.6,-16,179,NA,No,342,NA,No,No,No,2.61,57,No,28,1.4,43,4,NASDAQ,No,85,No,2.36,Yes,33,23167.6,-44,5,35.3,10.1,Yes,Yes,22.6,-6.8,BUSINS SVC,2.4,NA,No,54,778.9,No,No,No,10.7,7.8,NA,5.1,8,2026-08-07,HSTM,20,0,0,0,0,10,10,40,85.66666666666667,35,TRUE,FALSE,Other,Momentum Leader,59.6,Strong
4699,HNI,HNI Corp.,NA,5.1,4.9,5.4,50.36,10.4,7.7,1,0,21.8,4148261,05/28/2026,0,B+,No,No,No,No,No,4.49,44,3.1,1.36,8.8,0.67,0.78,40,1754.14,11,3.2,4.3,4.2,NA,58.5,71.3,9,17,No,Yes,8.9,-4.3,-1.5,6.9,4,18,18,0,2,No,No,18.2,49.7,Hsehold/Office Furniture,NA,0,32,Yes,1.74,82.2,No,13,14,9.5,5.9,0,52.79,139,126,-18,3.54,Yes,11,1.66,-5.85,73,97,76,0.9,27835,3529,4.09,72181.8,23.7,-13.7,23.4,43.2,E,-5.4,NA,68,126,A,22.4,22,15,28.9,7.6,14.6,50,2839,15,121,13,NA,122.7,728,Yes,0.81,26,629,NA,No,493,NA,No,No,No,0.82,0,No,14,1.8,-23,12,New York Stock Exchange,No,88,No,1.99,Yes,102,71022.6,-5,7,-4.2,94.5,Yes,No,25,-8,CONSUMER,10.4,NA,No,57,4876.8,No,No,No,14,0.6,NA,4.1,3.5,2026-08-07,HNI,20,0,0,0,0,10,10,40,97,15,FALSE,TRUE,Other,Momentum Leader,55.4,Strong
4903,INVX,Innovex International Inc.,NA,7.5,6.3,6.3,33.71,0.1,13,3,0,126.1,2779681,NA,0,E,No,No,No,No,Yes,0.1,12.7,0,5.01,10.21,0,0,52,122.94,17,13.1,4.62,4.58,NA,32.4,19,30,48,No,Yes,67.6,48.4,17.3,50.1,17,-,-,-8,8,Yes,No,28.5,28.1,Oil&Gas-Machinery/Equip,NA,0,11,No,1.21,5.7,Yes,23,17,-0.4,6.1,0,33.71,31,65,14,1.65,Yes,0,-8.47,-16.64,73,52,66,0.89,11700,2147,4.58,69935.8,12.2,723.9,16.8,5.5,C+,10.8,NA,56,82,D-,122.3,42,17,5.3,-0.2,3.8,71,978.3,879,9,-13,NA,4.3,437,Yes,-2.6,189,3300,NA,No,417,NA,No,No,No,1.97,0,No,142,0.8,48,48,New York Stock Exchange,No,54,Yes,1.83,Yes,83,45637.4,-44,-76,94.7,5.9,Yes,No,7.2,-1.2,ENERGY,0.1,NA,No,65,2001.2,Yes,Yes,Yes,76,207.3,NA,8.3,10.2,2026-08-07,INVX,25,12,0,10,0,10,7,64,65.66666666666666,25,TRUE,FALSE,CANSLIM Growth,CANSLIM Growth,34,Weak
4909,IOSP,Innospec Inc.,NA,2,2.3,2.3,94.17,7.5,0,0,1,588.3,484889,05/18/2026,0,A+,No,No,No,No,Yes,0.05,25.9,2.1,2.78,16.71,6.08,18.71,57,71.96,16,7.8,2.49,2.6,NA,2.6,3,4,-4,Yes,Yes,-10.7,-6.3,-9,-9.1,36,1,-6,-9,6,No,No,20.8,92.44,Chemicals-Specialty,NA,2,91,No,2.19,2.8,Yes,51,19,3,2,65.51,94.17,45,102,-7,4.94,No,11,0.99,-1.83,73,85,60,0.81,15652,2254.5,2.67,24631,17.7,-9.7,13.2,20.6,C+,7.1,NA,25,86,A+,21.3,-6,25,10.4,5.4,8,55,1778,-3,12,-11,NA,7.3,186,Yes,0.91,13,163,NA,No,420,NA,No,No,No,1.24,94,No,1,1,-26,-4,NASDAQ,No,82,Yes,1.69,-,81,24228.5,6,-17,-12.6,4.1,No,Yes,16.1,-3.4,CHEMICAL,7.5,NA,No,71,2025.3,No,No,No,15.8,15.4,NA,9.2,6.3,2026-08-07,IOSP,5,0,0,0,0,10,7,22,82.66666666666667,25,FALSE,FALSE,Other,Momentum Leader,44.6,Weak
5503,WTW,Willis Towers Watson PLC,NA,4,5.4,5,345.51,2.6,1.6,2,5,2437.5,3699623,06/29/2026,0,A+,No,No,No,No,Yes,2.96,17.8,1.1,1.1,19.23,2.07,2.36,57,82.03,16,20.1,2.79,2.95,NA,2.8,3.6,2,3,Yes,Yes,8,12,10.2,10.6,57,8,10,7,16,No,No,4.9,344.82,Insurance,NA,3.9,105,Yes,8.69,78.1,Yes,129,19,-8,3.9,240.61,352.79,97,32,-10,18.26,Yes,4,1.41,-2.26,72,94,93,0.53,182488,31577.4,2.88,92871.9,15.5,-34.2,17.3,33.6,B,4.5,NA,79,60,A+,7.6,16,15,21.6,4.1,11.2,15,9708,17,9,1,NA,8.8,652,Yes,4.81,17,422,NA,No,2075,NA,No,No,No,3.17,93,No,17,1,19,-2,NASDAQ,No,82,No,4.17,-,94,92432.2,0,5,18,4.8,Yes,Yes,18.8,-1.5,INSURANCE,2.6,NA,No,69,35107.2,No,No,No,6,-27.2,NA,20.2,9.3,2026-08-07,WTW,10,0,0,0,0,10,7,27,101.33333333333333,30,FALSE,FALSE,Other,Momentum Leader,60.8,Strong
3805,AME,Ametek Inc.,NA,2.9,2.6,2.7,257.94,4.9,1.8,1,2,959.4,3196479,06/14/2026,0,B,No,No,No,No,-,5.67,30.1,0.6,0,32.56,2.76,2.9,78,142.76,29,24.3,2.32,2.4,NA,10.6,12.6,8,6,No,Yes,10.9,12.5,12.8,11.7,-,11,9,12,12,Yes,No,23.5,253.66,Electrical-Power/Equipmt,NA,3.5,36,No,5.74,12.2,Yes,57,32,2.5,1.4,0,257.94,15,71,-4,7.96,Yes,3,0.91,-1.66,72,70,92,0.85,281463,57631.7,2.33,229261.3,14.8,-18.7,9.5,8.1,B,9.4,NA,79,68,B+,4.9,12,10,7.6,3.1,5.3,45,7401.1,7,15,9,NA,13.2,1204,Yes,2.28,11,1001,NA,No,2648,NA,No,No,No,7.4,0,No,17,1.6,13,7,New York Stock Exchange,No,70,Yes,5.16,-,98,228301.3,7,14,15,13.3,Yes,Yes,10.9,2.7,MACHINE,4.9,NA,No,53,59745.2,No,No,No,39.2,38.7,NA,14.6,20.7,2026-08-07,AME,15,0,0,0,0,10,7,32,80,35,FALSE,FALSE,Other,Momentum Leader,43.1,Weak
3988,ATLCY,Atlas Copco AB Series B ADR,NA,0,0,0,19.48,4.4,0,0,2,698.1,0,10/20/2025,0,D,No,No,No,No,No,0.9,30.9,1.1,1.27,26.66,3.24,3.64,79,41.21,27,20,1.6,1.66,NA,6.7,8.2,9,5,No,Yes,2.5,4.2,4.5,2.3,2,9,4,4,18,No,No,19.1,19.25,Machinery-Constr/Mining/Farming,NA,9.1,8,No,0.29,25.7,Yes,22,33,0,0,0,19.48,28,62,-7,0.59,Yes,4,0.26,-1.21,72,77,89,0.8,368,103547.9,1.65,1560876,14,-51.9,12.2,10.1,B,6.5,NA,64,55,B+,-1.5,3,20,8.9,3.3,6,16,19047.1,1,9,11,NA,3.9,21,Yes,0.05,15,10,NA,No,3,NA,Yes,No,No,1.64,0,No,8,1,-2,3,US OTC,No,69,Yes,8.55,Yes,99,0,6,5,3.4,7.9,No,Yes,10.8,-25,MACHINE,4.4,NA,No,0,32280.5,No,No,No,42.1,-27,NA,24.2,15.7,2026-08-07,ATLCY,0,0,0,0,0,0,7,7,81.33333333333333,40,FALSE,FALSE,Other,Momentum Leader,43.1,Weak
4959,ITW,Illinois Tool Works Inc.,NA,7.1,7.1,7,301.92,3.4,0,0,1,743.3,9536648,06/29/2026,0,B,No,No,No,No,No,5.64,30.5,2.2,1.11,27.74,3.26,4.48,73,103.61,25,24.7,2.22,2.47,NA,3.6,4.3,2,0,Yes,Yes,-1.7,9.6,0.2,0.5,7,6,3,-1,39,No,No,20.4,296.66,Machinery-Gen Industrial,NA,1.5,41,No,6.87,212.8,Yes,66,27,-1.7,3.3,0,303.15,86,73,-11,11.03,Yes,6,0.67,-2.14,72,81,88,0.79,380243,84785.2,2.58,287700,12.7,-35.6,9.4,16.1,B,1.1,NA,62,54,A-,1.7,9,8,9.9,1.8,5,64,16044,20,6,-10,NA,5.4,1489,Yes,1.96,5,919,NA,No,2266,NA,No,No,No,5.18,0,No,10,1.5,12,1,New York Stock Exchange,No,71,Yes,26.3,-,99,286613.6,7,-28,10.9,4.9,Yes,Yes,10.6,-2.1,MACHINE,3.4,NA,No,34,93899,No,No,No,15.5,-28.6,NA,93.7,18.9,2026-08-07,ITW,0,0,0,0,0,10,7,17,87.33333333333333,35,FALSE,FALSE,Other,Momentum Leader,43.1,Weak
5052,TMO,Thermo Fisher Scientific Inc.,NA,1.9,2.2,2.3,594.26,3.4,2.7,1,1,599.6,5298322,09/14/2026,0.47,A+,No,No,No,No,No,4.01,31.3,0.3,1.55,28.72,0,0,70,121.33,23,16.4,3.12,3.12,NA,6.4,7.2,2,2,No,No,6,8.6,8.9,7.1,12,-2,4,8,12,No,No,2.5,594,Medical - Research,NA,2.7,108,Yes,16.67,69.4,Yes,37,25,3.7,1.4,0,643.99,137,41,-6,23.83,No,6,2.41,-7.76,72,91,84,0.85,1174784,214460.8,3.13,369747.3,11.7,-22.7,15,25.2,A,9.4,NA,44,21,A+,5.4,10,9,14.8,3.2,6.9,71,44556,1,10,5,NA,8.3,2315,Yes,13.98,11,2207,NA,No,4726,NA,No,No,No,4.74,0,No,12,1.5,6,4,New York Stock Exchange,No,80,No,4.17,-,102,368803,8,10,9.1,8,Yes,Yes,14.8,0.3,MEDICAL,3.4,NA,No,48,244395.9,Yes,No,No,30.6,-23.3,NA,13,14.5,2026-08-07,TMO,10,0,0,0,0,10,7,27,92.33333333333333,15,FALSE,FALSE,Other,Momentum Leader,55.5,Strong
4892,INTA,Intapp Inc.,NA,4,5.1,4.7,38.63,15.4,0,0,1,223.4,4911931,NA,0,A+,No,No,No,No,No,-0.35,12.4,0,0.73,19.47,0,0,76,0,24,-6.4,6.6,6.47,NA,15.4,14.7,22,18,No,Yes,50.1,40.2,33.7,43,7,-,118,34,-10,No,No,-17.7,37.73,Comp Sftwr - Financial,NA,2.4,136,No,1.84,5,No,41,30,-8,7.1,19.01,47.93,134,129,40,1.27,Yes,0,3.77,-21.28,72,99,77,1.29,25030,2802,6.47,77061.6,22.6,-9.2,33.9,57.3,E,57.7,NA,95,129,A+,13.4,26,22,40.1,13.1,23.4,20,577.8,109,13,35,NA,13.1,955,Yes,1.37,67,842,NA,No,364,NA,No,No,No,5.03,59,No,52,1.5,12,15,NASDAQ,No,94,No,8.74,-,87,68990.7,57,14,31.7,13.9,Yes,No,40.2,-1.6,SOFTWARE,15.4,NA,No,49,2557.5,No,No,No,1,12,NA,-9.9,-3.6,2026-08-07,INTA,25,12,0,0,0,10,10,57,102.66666666666667,30,TRUE,FALSE,CANSLIM Growth,CANSLIM Growth,58.7,Strong
5090,TRGP,Targa Resources Corp.,NA,4.1,3.7,3.4,281.04,-5,0,0,0,766.2,4162578,07/30/2026,0,E,No,No,No,No,-,-19.91,279.1,1.9,0,14.22,0.4,0.42,69,999.27,22,14.5,2.74,2.73,NA,2.7,-1.5,0,1,No,Yes,48.2,62.6,53.1,50.2,-,58,60,55,41,Yes,No,39.2,256.87,Oil&Gas - Pipeline,NA,0,84,Yes,7.42,546,Yes,22,24,-10.5,2,0,291.04,63,59,17,12.12,Yes,32,-4.24,-11.74,72,22,75,0.85,326574,57573.9,2.65,214643.9,14,6.3,-6.2,1.8,C-,21.5,NA,99,100,E,34.9,18,13,-4.5,-2.9,-5.9,20,17028.3,141,4,39,NA,-3,1238,No,-11.36,13,1636,NA,No,2179,NA,No,No,No,3.29,0,No,68,0.8,67,3,New York Stock Exchange,No,45,Yes,18.36,Yes,95,211266.4,53,25,67.2,-4.6,Yes,Yes,5.6,2.1,ENERGY,-5,NA,No,62,73032.3,No,No,No,53.9,19.4,NA,65.1,17.2,2026-08-07,TRGP,20,15,0,5,0,10,7,57,56.333333333333336,35,TRUE,FALSE,CANSLIM Growth,CANSLIM Growth,34,Weak
4527,GNK,Genco Shipping & Trading Ltd.,NA,3.5,3.9,3.3,26.73,-0.8,2,1,2,72.6,1194294,08/16/2026,0.8,E,No,No,No,No,Yes,3.27,-7.1,12.5,2.98,34.45,0,0,59,251.29,13,-1.3,3.24,3.45,NA,25.7,41.3,-8,-2,Yes,No,66.9,263.9,172.3,111.8,26,-,-,-,0,Yes,No,37.4,25.33,Transportation-Ship,NA,4.1,25,No,0.87,21.7,Yes,49,20,-15.7,3.7,0,27.25,9,18,11,1.29,No,0,0.8,-7.05,72,48,72,0.83,7865,1095.3,3.62,43586.6,15.7,23.8,1.2,0.4,A-,22,NA,76,36,E,7.6,6267,-26,2.6,-0.8,-0.6,22,226.7,148,97,-102,NA,84.9,323,Yes,0.2,8291,407,NA,No,253,NA,No,No,No,3.72,0,No,564,1,193,-19,New York Stock Exchange,No,61,Yes,1.25,-,95,32125.2,34,-102,378.6,62.2,Yes,No,9,-3.1,TRANSPORTATION,-0.8,NA,No,43,1253.3,No,No,No,57.1,65.7,NA,-0.5,12.2,2026-08-07,GNK,35,15,0,5,0,10,7,72,66,30,TRUE,TRUE,CANSLIM Growth,CANSLIM Growth,49.2,Improving
5360,VRTX,Vertex Pharmaceuticals Inc.,NA,3.9,3.4,3.1,497.39,4,0,0,3,1298.7,4986691,NA,0,C,No,No,No,No,No,0.26,31.8,0,3.19,35.24,0,0,71,109.36,26,38.5,2.87,2.98,NA,10.6,10.4,12,10,No,Yes,28.5,13.7,12.7,37.2,23,-1,5,13,23,No,No,9.4,496.07,Medical - Profitable Biotech,NA,5.7,40,No,14.62,10.5,Yes,53,26,-8.1,2,362.5,533.67,94,84,-8,19.03,Yes,0,2.49,-7.05,72,72,70,0.57,766644,122682.7,2.7,253460.9,9.1,-33.4,-5,16.7,C+,3.8,NA,29,83,B,-0.2,2,13,4.8,2.8,3.1,30,11970.6,-97,13,4281,NA,10.5,1620,Yes,12.04,0,992,NA,No,3652,NA,No,No,No,9.99,91,No,5,1.5,10,10,NASDAQ,No,61,Yes,6.21,-,96,252891,26,10,7.4,10.2,Yes,No,7.7,0,MEDICAL,4,NA,No,63,118477.2,No,No,No,32.1,-24,NA,22.5,32.9,2026-08-07,VRTX,5,0,0,0,0,10,5,20,78.33333333333333,40,FALSE,FALSE,Other,Momentum Leader,55.5,Strong
3881,APOG,Apogee Enterprises Inc.,NA,3,2,2,44.05,9.9,1.6,1,5,661.9,530900,07/13/2026,0,D,No,No,No,No,No,1.52,8.7,2.7,1.76,7.65,0.98,1.25,32,52.75,15,5.5,4.13,4.41,NA,2.4,1.8,1,-1,No,Yes,-20.7,-3,-10.3,-20.4,22,10,-9,-13,8,No,No,19.5,43.52,Building - Construction Products,NA,7.8,63,No,1.85,53.1,No,64,12,-1.5,2.6,30.75,50.88,55,79,-7,3.49,Yes,24,0.9,-14.47,72,85,68,1.07,10991,900,3.3,20868.3,15.8,-48.6,11.7,19,B,4.1,NA,48,51,A-,27.6,16,26,7.6,4.5,7,94,1404.7,0,-1,-49,NA,0.3,275,Yes,0.39,-36,134,NA,No,399,NA,No,No,No,0.65,46,No,2,1.2,3,3,NASDAQ,No,84,Yes,1.79,Yes,87,20236.4,-14,-32,2.6,0.9,Yes,Yes,15.1,-2.4,BUILDING,9.9,NA,Yes,69,1140.8,No,No,No,4.6,-48,NA,10.8,3.4,2026-08-07,APOG,0,0,0,0,0,10,7,17,82,20,FALSE,FALSE,Other,Momentum Leader,53.7,Improving
3960,ASPN,Aspen Aerogels Inc.,NA,4.3,4,5.1,8.1,35,0,0,1,588.3,8223398,NA,0,D,No,No,No,No,Yes,0.58,6.6,0,2.52,15.65,0,0,14,0,0,-142.8,7.72,8.3,NA,-45.2,-48,26,5,Yes,No,-3190.1,-263.7,-184.5,-178.1,31,-19,-51,39,-92,No,No,120.8,6.25,Chemicals-Specialty,NA,2,91,No,0.43,46.3,Yes,51,0,25.9,11.9,0,9.35,45,102,110,-1.53,Yes,0,-9.29,-33.14,72,89,36,2.07,9155,571,8.85,82877.5,44.3,52,21.6,22.1,C+,82.2,NA,19,86,C+,-23.1,84,76,13,24.5,22.8,14,271.1,126,-36,-2882,NA,-44,1552,No,-0.64,-12,2299,NA,No,221,NA,No,No,No,2.56,0,No,-155,1.6,92,-40,New York Stock Exchange,No,94,No,2.67,-,77,69378.7,-729,53,-31.2,-51.5,Yes,No,44.4,0,CHEMICAL,35,NA,No,51,556.2,No,No,No,-17.4,224.5,NA,-91.6,-46.7,2026-08-07,ASPN,0,0,0,5,0,10,10,25,75.66666666666667,15,FALSE,FALSE,Other,Momentum Leader,44.6,Weak
4033,EHC,Encompass Health Corp.,NA,3.4,3.1,3.9,127,12.7,3.4,2,3,224.8,3917662,09/30/2026,0.21,A,No,No,No,No,No,21.6,33.4,0.8,1.19,10.89,2.45,2.68,63,78.36,20,16.1,3.11,3.23,NA,10,9.5,4,11,No,Yes,20,17.4,17.9,19.6,12,8,21,18,22,No,No,18,125.23,Medical-Services,NA,5.1,104,Yes,3.52,108.4,Yes,59,21,26.4,4,0,127.99,91,8,12,5.84,Yes,12,0.33,-2.16,71,89,97,0.57,105626,12382,3.28,99199.1,17.1,-14.7,13.1,16.9,A+,18.8,NA,76,6,A+,4.8,12,9,17,8.9,10.8,52,5935.2,22,10,23,NA,9.3,1016,Yes,0.41,11,955,NA,No,989,NA,No,No,No,2,0,No,11,1.4,17,10,New York Stock Exchange,No,90,No,4.92,-,99,97992.2,25,19,13.8,9.5,Yes,No,19.7,-2.3,MEDICAL,12.7,NA,No,61,13570,No,No,No,7.5,41,NA,25.1,9.7,2026-08-07,EHC,10,8,0,0,0,10,7,35,95.66666666666667,35,FALSE,FALSE,Other,Momentum Leader,55.5,Strong
4730,HRMY,Harmony Biosciences Holdings Inc.,NA,5.5,5.2,6.3,39.96,9,0,0,3,1298.7,5114969,NA,0,B-,No,No,No,No,Yes,0.25,3.5,0,3.58,6.46,0.28,0.28,32,60.5,10,24.8,3.92,4.34,NA,22.6,24.2,30,23,No,Yes,45,1.2,3.4,50.7,29,45,6,-10,21,Yes,No,2.6,38.41,Medical - Profitable Biotech,NA,5.7,40,No,1.55,17,Yes,53,12,20.7,10.2,25.52,40.87,94,84,-7,3.08,Yes,77,-0.88,-6.02,71,79,94,0.81,30730,2256.7,4.66,58236.4,15.2,14.7,0.4,22.2,C+,3.1,NA,83,83,A+,33.8,41,9,9.6,4.2,6.9,70,868.5,18,30,8,NA,23.5,882,Yes,-0.34,22,995,NA,No,499,NA,No,No,No,2.33,17,No,88,1.3,-29,22,NASDAQ,No,78,No,2.44,-,72,50672.5,-55,10,29.4,22.7,Yes,Yes,16.7,-2.2,MEDICAL,9,NA,No,66,1673.5,No,No,No,12.3,25.5,NA,20.8,15.1,2026-08-07,HRMY,27,0,0,0,0,10,7,44,88.33333333333333,55,TRUE,TRUE,Value + Quality,Momentum Leader,55.5,Strong
4697,HMY,Harmony Gold Mining Co. Ltd. ADR,NA,1.8,1.9,2.3,20.14,25.1,0,0,5,736.2,10066166,04/23/2026,0,C-,No,No,No,No,-,0,0,2.1,0,9.93,0.31,0.33,36,52.65,0,26.9,4.84,4.48,NA,31.2,33.4,12,22,No,Yes,42.2,38.7,44.4,43.1,-,40,65,39,15,No,No,-1,19.7,Mining-Gold/Silver/Gems,NA,5.6,19,Yes,0.69,4.4,No,89,13,19.2,1.6,0,26.06,65,141,-20,1.49,Yes,45,9.14,-24.41,71,94,90,0.79,58338,11491.4,4.15,636798.9,9.8,65.9,27.9,12,D+,-3.3,NA,96,104,A-,0,104,37,22.9,17.3,23.6,60,4176.7,140,35,27,NA,35,3647,No,1.65,0,5497,NA,No,172,NA,Yes,No,No,2.58,0,No,27,1,27,29,New York Stock Exchange,No,79,No,NA,-,107,624736.3,62,62,27.2,33.9,Yes,No,11,-12.2,MINING,25.1,NA,No,12,10691.7,Yes,Yes,Yes,24.5,-7.8,NA,32,19.9,2026-08-07,HMY,22,12,0,7,0,7,5,53,90,50,FALSE,TRUE,Value + Quality,Momentum Leader,52.3,Improving
3668,AEIS,Advanced Energy Industries Inc.,NA,3.1,1.5,1.8,350.69,12.3,0,0,0,2265.3,1786027,08/23/2026,0.1,E,No,No,No,No,Yes,0.51,177.8,0.1,3.79,53.78,17.85,19.1,83,234.15,24,9.4,7.08,7.46,NA,23.8,24.5,3,4,Yes,Yes,78,67.3,69.8,71.2,21,2,15,68,11,Yes,No,55.2,325.02,Elec-Semiconductor Equip,NA,0,5,Yes,23.02,7,Yes,33,38,18.8,4.7,143.38,397.44,5,23,12,8.51,Yes,24,0.34,-18.22,71,43,89,1.72,303986,12972.7,7.44,40050.4,12,-49.2,13,-7.6,A,18.9,NA,95,20,D,23.8,75,35,1.8,8.4,8.3,76,1798.8,-24,30,73,NA,28.2,943,No,1.11,74,453,NA,No,860,NA,No,No,No,6.39,34,No,83,0.8,70,21,NASDAQ,No,53,Yes,8.93,-,65,39627.3,49,78,76.3,24.7,Yes,Yes,2.6,7.8,CHIPS,12.3,NA,No,61,12860.3,No,No,No,121.9,-12.7,NA,11.6,9.5,2026-08-07,AEIS,27,15,0,0,0,10,7,59,69.66666666666667,50,TRUE,TRUE,CANSLIM Growth,CANSLIM Growth,38.7,Weak
3565,A,Agilent Technologies Inc.,NA,2.5,2.2,3.1,146.16,5.5,2.7,1,1,599.6,7538437,06/29/2026,0,A,No,No,No,No,No,1.33,31.5,0.7,2.1,26.68,3.73,4.19,70,111.03,23,20.7,3.29,2.93,NA,8.7,9.4,2,1,No,Yes,6.5,8.8,7.6,7.5,17,6,1,7,17,No,No,7.3,145.97,Medical - Research,NA,2.7,108,No,3.94,47.4,Yes,37,25,37.7,2.7,0,160.27,137,41,-4,5.81,Yes,7,3.28,-8.92,71,89,89,1.01,313968,39918.9,2.92,282432,11.4,-19,11.3,23,A,12.6,NA,59,21,A+,5.8,8,9,8.7,4,6.3,67,6834,-3,10,6,NA,9.3,2384,Yes,4.63,9,1525,NA,No,2595,NA,No,No,No,5.72,0,No,14,1.6,4,7,New York Stock Exchange,No,83,No,5.78,Yes,103,281489.8,9,4,8.8,9.1,Yes,Yes,15.4,2.4,MEDICAL,5.5,NA,No,59,41672.9,No,No,No,28.1,-36.8,NA,20.6,18.5,2026-08-07,A,10,0,0,0,0,10,7,27,90,30,FALSE,FALSE,Other,Momentum Leader,55.5,Strong
4786,IBEX,IBEX Ltd.,NA,2,2.3,1.8,37.37,5.4,1.1,1,2,799.5,200591,NA,0,A+,No,No,No,No,Yes,0.7,13.9,0,1.95,12.83,0.39,0.39,24,44.63,10,8.2,3.6,3.62,NA,15.8,17.1,6,6,Yes,Yes,38.8,43.8,45.4,39.7,41,27,26,44,25,No,No,-2.4,37.25,Computer-Tech Services,NA,2.2,118,No,1.22,40.7,Yes,93,10,-24.1,1.9,25.94,42.99,136,125,-5,3.55,Yes,12,0.78,-13.35,71,89,89,0.58,3368,494.9,3.67,13389.1,13,28.1,12.1,13.7,D,6.5,NA,92,116,A+,6.4,28,3,14,3.3,6.2,63,558.3,7,17,31,NA,16.8,105,Yes,0.29,-3,132,NA,No,249,NA,No,No,No,0.8,82,No,11,1.3,47,10,NASDAQ,No,79,No,3.11,-,96,10729.7,73,50,29.2,16.7,Yes,No,17.6,-5.3,BUSINS SVC,5.4,NA,No,57,541,Yes,Yes,Yes,33.1,-7.3,NA,24.6,8.1,2026-08-07,IBEX,15,12,0,5,0,10,7,49,88,40,FALSE,FALSE,Value + Quality,Momentum Leader,59.6,Strong
4695,HMN,Horace Mann Educators Corp.,NA,5.1,5.3,4,55.33,0.2,1.6,2,5,2437.5,1060554,06/14/2026,0,C+,No,No,No,No,-,0.25,5,2.8,0,3.93,0.59,0.69,23,47.07,11,11.8,2.5,2.48,NA,5.7,12.6,4,14,No,Yes,99,1.4,20.8,103.2,-,15,97,7,8,No,No,13.1,52.22,Insurance,NA,3.9,105,Yes,1.29,40,Yes,129,10,-23.9,2.6,0,55.56,97,32,8,5.02,Yes,83,-3.51,-6.01,71,60,85,0.39,13939,2185.4,2.48,40381.2,13.5,-10.9,-3,15.7,B,20.9,NA,85,60,C,48.7,-4,15,3.3,-0.1,0.2,57,1228.4,106,47,48,NA,10.9,278,Yes,-1.9,-18,245,NA,No,436,NA,No,No,No,1.39,0,No,10,1.4,20,7,New York Stock Exchange,No,68,Yes,1.49,Yes,94,40143.4,-25,79,14.7,-0.2,Yes,No,13.1,0,INSURANCE,0.2,NA,No,71,2669.8,No,No,No,20.3,-4.5,NA,11.7,9.4,2026-08-07,HMN,7,0,0,0,0,10,7,24,79,30,FALSE,TRUE,Other,Momentum Leader,60.8,Strong
4656,HENKY,Henkel AG & Co. KGaA ADR,NA,0,0,0,21.67,5.1,0,0,1,588.3,0,04/28/2026,0,A,No,No,No,No,-,0,0,1.9,0,12.54,0,0,39,31.06,13,13.3,1.06,0.98,NA,0.6,0.5,3,0,No,Yes,5.2,3,3.9,4.7,-,-,14,4,6,No,No,12.6,21.49,Chemicals-Specialty,NA,2,91,No,0.2,9.5,Yes,51,14,0,0,0,22.71,45,102,-15,1.56,Yes,0,0.66,-5.39,71,84,81,0.19,1388,35723.2,0.89,1021912.8,11.4,-24.3,5.2,18,C+,-1.9,NA,68,86,A+,9,2,6,9.7,3.9,5.4,73,23705.5,24,3,5,NA,-0.3,71,Yes,0.14,117,53,NA,No,7,NA,Yes,No,No,0.92,0,No,1,1.3,1,-1,US OTC,No,73,Yes,NA,-,100,0,7,7,1,0.5,Yes,No,10.9,0,CHEMICAL,5.1,NA,No,0,21792.7,No,No,No,15.4,2.9,NA,9.9,9.6,2026-08-07,HENKY,0,0,0,0,0,0,7,7,85.66666666666667,25,FALSE,FALSE,Other,Momentum Leader,44.6,Weak
3585,ABBV,AbbVie Inc.,NA,3.9,3,3.2,267.47,-2,2.9,2,2,4328.7,22632412,07/14/2026,0,B-,No,No,No,No,No,-6,28,2.8,0.81,22.92,0,0,66,265.82,16,10.8,2.71,2.74,NA,9.7,10.4,2,5,No,No,6.1,18.7,4.5,6,4,-6,-6,5,5657,No,No,7.7,246.04,Medical - Pharmaceuticals,NA,2.9,45,Yes,6.88,0,No,70,23,6.7,1.3,0,267.47,101,61,-2,10.87,No,7,0.89,-8.01,71,66,71,0.3,1693904,430946.9,2.62,1767117.3,9.3,-29,-3.4,21.4,B,10.1,NA,58,62,D,1.2,40,17,2,-2.2,-2.3,24,61160,-9,10,-1,NA,11.3,7169,No,2.17,107,4930,NA,No,4955,NA,No,No,No,6.75,0,No,23,1.2,8,9,New York Stock Exchange,No,61,No,-73.26,-,96,0,25,-38,15.3,10.9,Yes,Yes,9.6,-0.9,MEDICAL,-2,NA,No,39,494069.5,No,No,No,23.7,-16.1,NA,15221.8,21.2,2026-08-07,ABBV,10,8,0,0,0,10,5,33,76.33333333333333,35,FALSE,FALSE,Other,Momentum Leader,55.5,Strong
4718,HPP,Hudson Pacific Properties Inc.,NA,5.1,5.3,5.9,15.75,4.3,0.5,1,4,1651.4,6787194,06/16/2024,0,C,No,No,No,No,Yes,-15.36,39.2,0,246.19,5.09,0,0,52,0,11,-71,6.43,6.61,NA,-1.4,1.5,-3,-8,No,No,143.4,347.9,245.9,181.4,176,-32,-30,171,-23,Yes,No,32.6,14.36,REITs,NA,2.1,94,Yes,0.99,106,Yes,194,17,11.6,12.8,0,21.7,41,45,58,0.85,No,38,6.85,-33.82,71,73,63,1.32,14184,745.3,6.86,54242,28,34.4,-10.5,22,B,76.2,NA,85,67,C-,26.4,0,25,-2.1,1.2,-2.5,20,831.1,-41,-1,-70,NA,-4.6,986,No,0.92,614,1290,NA,No,352,NA,No,No,No,0.96,0,No,775,1,178,-1,New York Stock Exchange,No,89,No,0.33,-,91,52833.6,91,-60,476.4,4.3,No,Yes,38.6,-3.6,REAL EST,4.3,NA,No,68,4429.1,No,No,No,-21.7,35.4,NA,-18.9,-52.8,2026-08-07,HPP,25,15,0,5,0,10,10,65,74,25,TRUE,FALSE,CANSLIM Growth,CANSLIM Growth,39.8,Weak
4026,EGBN,Eagle Bancorp Inc.,NA,10.4,9.5,9.9,28.99,-0.1,0,0,4,534.9,2770795,08/05/2026,0,C+,No,No,No,No,Yes,-0.03,-107.2,0.1,0.24,29.51,0,0,13,0,15,-31,3.01,3.11,NA,-0.8,-0.2,-5,-3,No,No,101.4,253.3,87.9,-18.3,195,-,-,-,-12,No,No,29.4,27.71,Banks-Regional,NA,1.5,42,No,0.86,9.5,No,270,0,4.1,9.9,15.03,29.29,62,20,-11,-1.26,No,0,-0.54,-5.39,71,49,59,0.88,8311,849.6,3.24,30495.6,13.7,-45,3.7,5.7,B+,0.5,NA,40,46,C,-33.1,137,48,0.4,-0.9,0.4,13,299.2,-43,-1,-324,NA,1,308,Yes,-0.15,118,163,NA,No,321,NA,No,No,No,2.81,33,No,110,2,700,-10,NASDAQ,No,46,Yes,0.73,Yes,21,28051.5,-50,-408,405,3.2,Yes,No,5.9,-0.6,BANKS,-0.1,NA,Yes,58,961.5,No,No,No,70.2,-33.5,NA,-11.7,5,2026-08-07,EGBN,25,15,0,0,0,10,7,57,61.666666666666664,15,FALSE,FALSE,CANSLIM Growth,CANSLIM Growth,57.9,Strong
5420,WERN,Werner Enterprises Inc.,NA,3.3,4,4.2,42.63,0.2,0,0,0,142,4427239,07/05/2026,0,E,No,No,No,No,No,3.5,-63.3,1.5,1.45,12.5,0,0,97,344.31,22,-0.7,3.72,3.93,NA,7.5,9.7,2,-3,Yes,No,-27,59.7,14.8,4.8,8,-60,-76,94,1,No,No,25,37.51,Transportation-Truck,NA,0,7,No,1.66,57.1,Yes,20,144,5.4,7.5,23.06,47.49,16,53,-16,0.26,No,0,1.74,-21.02,71,29,48,0.78,49485,2210.4,4.12,59950.1,10,-47.9,-13.4,3.1,B,7.9,NA,48,57,E,-6.9,5825,91,-11.1,-0.6,-9.6,-,2974.4,-73,24,-104,NA,18.8,1181,No,0.64,1350,598,NA,No,428,NA,No,No,No,0.69,56,No,100,1.3,117,-2,NASDAQ,No,51,Yes,1.66,-,40,58774.7,-37,-120,108.3,11.8,Yes,Yes,3.3,7.3,TRANSPORTATION,0.2,NA,No,73,3001.3,No,No,No,40.5,-29.6,NA,-1,0.7,2026-08-07,WERN,25,15,0,0,0,10,5,55,49.333333333333336,10,TRUE,TRUE,CANSLIM Growth,CANSLIM Growth,49.2,Improving
5221,UNTY,Unity Bancorp Inc.,NA,2.1,2.4,2,60.59,1.3,0,0,4,534.9,113989,06/03/2026,0,B+,No,No,No,No,Yes,-0.09,18.5,1.1,0.3,13.58,0.89,0.98,25,39.89,10,40.1,2.92,2.94,NA,14.3,12.7,14,4,No,Yes,23.7,22.4,22.8,24.1,213,11,15,23,16,No,No,15.4,59.66,Banks-Regional,NA,1.5,42,Yes,1.7,27.3,No,270,11,-17.9,1.7,44.34,60.86,62,20,-6,5.56,Yes,6,-0.73,-1.97,70,66,95,0.6,3803,603.5,2.79,10040.9,11.8,-10.8,5.5,11,B+,6.2,NA,88,46,B,-0.8,16,9,4.6,0.7,2.6,82,131.8,6,0,25,NA,7.4,69,Yes,-0.44,12,59,NA,No,237,NA,No,No,No,3.64,95,No,18,1.5,24,15,NASDAQ,No,63,Yes,1.61,-,43,6870.5,25,24,21.2,13,Yes,Yes,9.7,0,BANKS,1.3,NA,No,37,852,No,No,No,28.4,-18.6,NA,18.1,29.8,2026-08-07,UNTY,10,8,0,0,0,10,7,35,79,40,FALSE,FALSE,Value + Quality,Momentum Leader,57.9,Strong
4142,ETN,Eaton Corp. PLC,NA,3.6,3.4,3.1,457.78,8.1,1.8,1,2,959.4,7980434,08/06/2026,0,D,No,No,No,No,No,5.31,47.4,1.1,1.24,39.25,2.01,2.14,82,175.97,30,18,4.37,4.6,NA,14.4,15.4,9,10,Yes,Yes,9.5,9.3,9,8.8,12,17,14,9,14,No,No,40.9,448.68,Electrical-Power/Equipmt,NA,3.5,36,No,18.64,48.4,Yes,57,36,-10.4,2.1,0,457.78,15,71,13,12.36,Yes,3,0.36,-1.99,70,77,92,1.22,1002675,174077,4.54,388400,19.3,-43.5,13.4,12.4,B,20,NA,79,68,B,2.5,12,18,9.8,7.4,9,32,27448,18,21,12,NA,19.1,2489,Yes,1.59,14,1721,NA,No,3699,NA,No,No,No,5.8,0,Yes,7,1.3,3,10,New York Stock Exchange,No,81,Yes,8.6,-,98,387630.2,18,8,5,17.1,Yes,No,16.5,3.9,MACHINE,8.1,NA,No,44,183604.5,No,No,No,24.6,2.3,NA,21.6,9.6,2026-08-07,ETN,5,0,7,0,0,10,7,29,81.66666666666667,35,FALSE,TRUE,Other,Momentum Leader,43.1,Weak
4809,IDEXY,Industria de Diseno Textil S.A. ADR,NA,0,0,0,17.04,3.6,0,0,0,749.7,0,10/30/2025,0,C,No,No,No,No,No,1.04,0,1.9,1.29,20.06,1.33,1.46,75,100.67,26,19.9,2.03,2.05,NA,6.5,6.1,11,10,No,Yes,10,12.8,11.4,10.6,15,20,14,13,19,No,No,2.6,16.93,Retail-Apparel/Shoes/Acc,NA,0,54,No,0.32,21.5,No,36,29,0,0,0,17.34,77,54,-12,0.58,Yes,8,0.18,-2.36,70,76,91,0.77,7185,211102.8,1.93,12466608,9.3,-57.4,4.8,10.7,B,0,NA,80,53,C+,-0.1,10,9,6.5,2.6,6.2,28,46108.7,9,-6,12,NA,2.4,453,Yes,0.03,17,182,NA,No,15,NA,Yes,No,No,4.6,0,No,-3,1.7,25,9,US OTC,No,64,Yes,9.47,-,99,0,15,7,11.4,5.4,Yes,No,7.9,-11.8,RETAIL,3.6,NA,No,0,204304.8,No,No,No,37.4,-39.3,NA,31.7,15.7,2026-08-07,IDEXY,0,0,0,0,0,0,5,5,81,50,FALSE,FALSE,Other,Momentum Leader,50.2,Improving
3941,ASB,Associated Banc-Corp.,NA,3.8,3.4,2.9,32,1.3,0,0,4,534.9,5766849,08/31/2026,0.24,A,No,No,No,No,No,-0.03,19.3,3.1,0.05,8.39,1.18,1.79,25,41.84,10,23.5,2.1,2.03,NA,15.5,15.9,7,10,No,Yes,21.9,19.9,22.9,23.7,55,6,7,23,7,No,No,21.4,31.28,Banks-Regional,NA,1.5,42,Yes,0.63,17.5,Yes,270,11,-15.4,4.1,0,32,62,20,-5,2.92,Yes,9,0.39,-2.23,70,63,89,1.04,63315,5884.6,1.94,188849.7,13.9,-43.8,1.9,9.9,B+,6.5,NA,62,46,A,-8.7,5,13,4.2,0.5,0.9,82,1487.5,-4,23,29,NA,16.9,2112,Yes,0.12,3,1197,NA,No,609,NA,No,No,No,3.67,0,No,0,1.4,18,16,New York Stock Exchange,No,69,Yes,1.08,-,98,161230.3,42,32,8.8,15.5,Yes,No,11.6,4.3,BANKS,1.3,NA,No,63,9519.2,No,No,No,31.5,-31.3,NA,9.9,17.5,2026-08-07,ASB,5,8,0,0,0,10,7,30,76,25,FALSE,TRUE,Other,Momentum Leader,57.9,Strong
4103,EQBK,Equity Bancshares Inc.,NA,3.8,6.7,4.4,52.27,0.5,0,0,4,534.9,553357,06/29/2026,0,A+,No,No,No,No,Yes,-0.12,29.5,1.4,0.48,18.15,0,0,77,117.72,10,8.4,2.42,2.67,NA,27.4,32.9,9,24,Yes,No,-26.9,17.5,-42.2,-31.1,237,-,7,-50,2,No,No,14.1,50.94,Banks-Regional,NA,1.5,42,No,1.32,15.2,Yes,270,31,-33.5,3.3,0,52.27,62,20,-6,1.67,No,0,-0.55,-2.54,70,64,88,0.7,6753,1057.2,2.57,20640.8,11.3,-61.4,4.6,11.2,B+,7.3,NA,59,46,A,3.9,280,12,4.6,-0.1,1.2,5,210.1,696,40,-69,NA,38.7,141,Yes,-0.28,184,53,NA,No,257,NA,No,No,No,3.4,0,No,48,2.1,-6,-8,New York Stock Exchange,No,61,Yes,1.27,-,97,16663.9,11,-221,20.9,34.3,Yes,Yes,9.4,1.2,BANKS,0.5,NA,No,41,907.2,No,No,No,39.3,-33.2,NA,3.4,22.8,2026-08-07,EQBK,22,8,0,0,0,10,7,47,76,15,TRUE,TRUE,Other,Momentum Leader,57.9,Strong
4328,FORM,FormFactor Inc.,NA,1.7,1,1.4,121.58,10.5,0,0,0,2265.3,2786071,NA,0,E,No,No,No,No,Yes,0.05,74.1,0,4.08,79.66,0,0,90,310.37,34,8.8,9.56,10.1,NA,14.8,18.7,1,10,No,No,69.5,139.2,103,77.8,23,-2,45,98,5,Yes,No,110.5,117.39,Elec-Semiconductor Equip,NA,0,5,Yes,11.72,2.3,No,33,54,44.2,3.6,27,160.27,5,23,24,2.17,Yes,43,1.89,-26.75,70,26,86,1.92,213327,9000.3,9.55,78120.7,22.7,-61,10.7,-18.9,A,30,NA,99,20,D,34.5,134,23,-3.9,10.9,8.1,34,785,58,32,13,NA,31.9,1741,No,2.18,161,651,NA,No,630,NA,No,No,No,10.16,40,No,204,0.7,143,3,NASDAQ,No,64,Yes,8.25,-,80,77543.1,70,-6,173.6,25.8,Yes,Yes,6.8,8.1,CHIPS,10.5,NA,No,54,8677.3,No,No,No,319.5,-30.8,NA,5.5,21.8,2026-08-07,FORM,32,15,0,0,0,10,10,67,60.666666666666664,40,TRUE,TRUE,CANSLIM Growth,CANSLIM Growth,38.7,Weak
3640,ADI,Analog Devices Inc.,NA,2.9,2.5,2.1,392.19,6.1,0,0,0,3635.9,10464738,06/01/2026,0,E,No,No,No,No,No,2.15,43.9,1.2,1.75,40.25,12.35,19.75,84,222.66,28,24.6,4.25,3.92,NA,28.1,29.5,8,-3,Yes,Yes,35,51.1,45.9,43.2,6,2,-8,46,4,Yes,No,43.8,389.93,Elec-Semiconductor Mfg,NA,0,13,No,15.03,24.9,Yes,32,40,-14.7,2.2,221.15,445.91,2,40,4,9.87,Yes,22,3.34,-12.55,70,34,85,1.42,1890876,183782.8,3.64,487087,16.5,-37.8,2.9,-4.6,A,21.7,NA,83,30,D,7,59,22,-1.3,5,3.3,48,11019.7,-37,37,22,NA,33.8,4797,No,12.62,62,2838,NA,No,4110,NA,No,No,Yes,14.91,69,No,67,1.1,51,17,NASDAQ,No,64,Yes,5.63,-,94,485743.1,35,30,59,31.2,Yes,Yes,7.9,4.4,CHIPS,6.1,NA,No,52,189079,No,No,No,74.8,-34.8,NA,6.6,32.5,2026-08-07,ADI,27,15,0,0,0,10,7,59,63,30,TRUE,TRUE,CANSLIM Growth,CANSLIM Growth,38.7,Weak
4106,EQNR,Equinor ASA ADR,NA,5.2,6.2,5,41.26,-5.3,0,0,0,2245.1,19399177,11/15/2026,0.32,B,No,No,No,No,Yes,3.53,8.9,2.9,1.16,5.05,0,0,21,40.95,9,23.7,3.22,3.21,NA,6,7.9,3,-2,No,No,25.4,86.9,51.9,36.7,13,0,-19,57,8,No,No,64.7,38.92,Oil&Gas-Integrated,NA,0,43,No,1.18,64.3,Yes,22,10,-18.1,0.8,0,43.46,49,42,36,3.99,No,75,-1.37,-10.44,70,49,83,0.31,138231,93030.7,3.56,2390749,22.9,-29.1,14.8,5.4,C+,41.4,NA,84,87,C+,-3.8,110,-24,7.8,-1.5,1.4,78,105828,-10,37,-20,NA,16.4,3847,Yes,-0.54,244,2670,NA,No,114,NA,Yes,No,Yes,0.82,0,No,108,0.7,124,4,New York Stock Exchange,No,64,Yes,2.26,-,97,2390730.9,29,-53,116,9.7,Yes,Yes,13.2,7.5,ENERGY,-5.3,NA,No,1,103046.4,No,No,No,57,-9.4,NA,12.2,14,2026-08-07,EQNR,32,15,0,0,0,0,10,57,69.33333333333333,30,TRUE,TRUE,CANSLIM Growth,CANSLIM Growth,34,Weak
3802,AMCR,Amcor PLC,NA,6.8,7.3,7.8,47.95,6.6,0,0,1,137.8,29661088,05/27/2026,0,B+,No,No,No,No,No,8.85,45,5.8,1.44,10.97,0,0,33,127.07,11,4.3,2.87,2.92,NA,51.7,65.2,6,11,No,No,5.2,10.9,6.9,5.7,7,-2,0,7,4,No,No,14.8,47.86,Containers/Packaging,NA,5,57,Yes,1.28,125.8,Yes,20,13,8.1,6.4,0,50.94,96,51,-13,3.79,No,5,1.7,-6.05,70,89,82,0.73,152836,21758,2.81,462345.7,13.4,-38.9,7.7,19.9,A-,-0.6,NA,53,38,A,0.3,12,15,12.5,3.2,6.8,78,15009,-4,77,1,NA,72.8,3625,Yes,0.8,19,2209,NA,No,1582,NA,No,No,No,1,0,No,7,1.1,7,10,New York Stock Exchange,No,78,Yes,1.9,-,100,461128.6,19,-5,6.7,72.3,Yes,Yes,12.8,0.8,MISC,6.6,NA,No,45,36179,No,No,No,-0.7,-10.4,NA,6.5,4.7,2026-08-07,AMCR,10,0,0,0,0,10,7,27,90.33333333333333,5,FALSE,TRUE,Other,Momentum Leader,68.5,Leading
4550,GPN,Global Payments Inc.,NA,5.3,5.2,5.2,90.85,2.4,2.4,1,2,1830.5,20059449,09/10/2026,0.25,A+,No,No,No,No,No,-46.21,46.6,1.2,0.82,7.85,0.55,0.61,10,105.97,6,16.4,4.15,3.96,NA,13.9,16.9,6,6,Yes,Yes,7.4,9.7,8.8,8.2,5,11,9,9,4,Yes,No,11.3,86.12,Finance-CrdtCard/PmtPr,NA,4.9,122,No,3.12,86.7,Yes,41,7,0.1,8.8,0,90.85,120,36,10,12.85,Yes,2,-1.79,-5.21,70,85,82,1.19,275203,23204.4,3.92,264618.4,15.6,33.5,11,22.8,B,18.2,NA,77,70,A+,0.2,12,18,14.5,-0.6,4.4,85,9315.1,11,34,6,NA,31.7,3874,Yes,-1.57,11,5309,NA,No,1934,NA,No,No,No,2.12,0,No,11,1.3,10,-24,New York Stock Exchange,No,82,No,0.99,-,95,220234.7,8,6,10.7,21.6,Yes,Yes,17.9,2.9,FINANCE,2.4,NA,No,60,37388.1,Yes,Yes,No,5,18,NA,4.7,3.5,2026-08-07,GPN,17,0,0,5,0,10,7,39,89,10,FALSE,TRUE,Other,Momentum Leader,50,Improving
5139,TTMI,TTM Technologies Inc.,NA,1.9,0.8,0.9,149.94,18.9,0,0,0,178.3,2408485,NA,0,E,No,No,No,No,Yes,1.14,-854.3,0,1.88,49.57,2.76,2.76,86,292.31,23,7.2,8.93,9.41,NA,25.9,27.2,6,13,Yes,Yes,51.8,45.8,50.2,49.9,9,16,32,45,11,Yes,No,98.9,137.21,Elec-Contract Mfg,NA,0,35,Yes,13.49,57.6,Yes,15,44,4.2,2.4,39.2,223.83,3,55,34,3.11,Yes,15,0.63,-38.7,70,16,80,1.53,493388,14364.8,9.76,105348.9,20.1,23.3,-4.8,-10.8,B+,39.2,NA,97,48,E,10.7,97,43,-15.2,12.1,4.6,18,2906.3,29,37,44,NA,33.9,3020,No,0.85,85,3558,NA,No,845,NA,No,No,No,4.28,20,No,71,0.6,50,19,NASDAQ,No,63,Yes,7.75,-,68,102948.1,17,63,60.3,28.9,Yes,Yes,5.6,11.6,ELECTRNCS,18.9,NA,Yes,64,14158.6,No,No,No,216.4,27.8,NA,10.7,8.3,2026-08-07,TTMI,27,12,0,0,0,10,10,59,55.333333333333336,35,TRUE,TRUE,CANSLIM Growth,CANSLIM Growth,49.3,Improving
4749,HTHIY,Hitachi Ltd. ADR,NA,0,0,0,36.56,9,0,0,2,2196.3,0,03/29/2026,0,B+,No,No,No,No,No,0.84,14.2,0.7,1.09,14.79,6,6.8,80,119.98,33,11.6,1.81,1.73,NA,3,2.7,-7,-2,No,Yes,14.6,-12.1,6.4,17.5,7,5,9,0,9,No,No,15.2,36.04,Diversified Operations,NA,8,76,Yes,0.52,8.2,Yes,25,34,0,0,0,37.33,72,46,-7,1.06,Yes,12,3.12,-3.45,70,90,80,0.16,20686,157187.8,1.54,4535561,14.5,-52.3,18.1,16.1,B+,5.3,NA,45,47,A+,15.4,17,19,18.2,9,15.7,5,66285.5,16,9,18,NA,4.1,686,Yes,1.09,-5,312,NA,No,0,NA,Yes,No,No,2.37,0,No,-21,1.2,-8,9,US OTC,No,78,No,3.98,Yes,102,4471007.5,-8,62,-14.4,2.3,No,No,14.8,0,MISC,9,NA,No,0,153475.9,No,No,No,26.4,-49.7,NA,13.2,7,2026-08-07,HTHIY,0,0,0,0,0,0,7,7,90,30,FALSE,FALSE,Other,Momentum Leader,68.5,Leading
3745,AKZOY,Akzo Nobel N.V. ADR,NA,0,0,0,24.65,5.2,1.6,1,5,661.9,0,04/27/2026,0,A,No,No,No,No,No,1.76,21.8,2.6,1.88,11.43,4.92,17.94,55,56.43,15,9.5,1.98,1.25,NA,-0.5,-1.1,1,1,No,No,0.3,1,-0.4,2.5,27,1,14,-2,6,No,No,5.7,24.5,Building - Construction Products,NA,7.8,63,Yes,0.28,78.8,Yes,64,18,0,0,0,25.79,55,79,-10,1.37,Yes,24,1.11,-4.99,70,87,78,0.57,1784,12540.2,1.17,513130.1,12.1,-57.6,7.4,21.8,B,6,NA,58,51,A+,-11.5,7,9,7.5,3.9,8.1,60,11978.3,22,-4,6,NA,-4.9,79,No,0.27,16,31,NA,No,4,NA,Yes,No,No,1.09,0,No,-8,1.4,-2,-1,US OTC,No,74,No,2.27,Yes,100,0,13,-5,-5,-2.4,No,No,12.6,0,BUILDING,5.2,NA,No,0,15995.6,No,No,No,13.9,-61.7,NA,14.1,5.4,2026-08-07,AKZOY,0,0,0,0,0,0,7,7,85.33333333333333,15,FALSE,FALSE,Other,Momentum Leader,53.7,Improving
4982,JBIO,Jade Biosciences Inc.,NA,5.8,7.8,6.8,23,11.2,0.9,5,16,484.8,7528320,NA,0,D,No,No,No,No,Yes,0,-4.3,0,14.29,-7.27,0,0,19,0,0,0,8.44,7.45,NA,0,0,0,0,No,Yes,86.1,95.3,95.8,88.3,400,-,-,-,-62,No,No,42.3,21.96,Medical - Development Biotech,NA,2.9,46,No,1.56,0.2,No,553,0,-12.2,14.4,6.67,28,37,30,41,-2.36,Yes,0,-1.26,-21.57,70,47,66,1.12,23407,1353.5,7.76,60859.9,30.7,-59.3,-2.2,-9.3,A,43.3,NA,75,11,B,-18.1,18,0,11.1,7,6.8,19,0,15,0,96,NA,0,1233,No,-0.28,26,481,NA,No,196,NA,No,No,No,NA,18,No,95,1,93,0,NASDAQ,No,79,Yes,3.66,-,77,52116.9,98,97,94.2,0,Yes,No,20.2,40,MEDICAL,11.2,NA,No,59,985.2,No,No,No,200,-24.7,NA,-62.3,0,2026-08-07,JBIO,20,15,0,0,0,10,10,55,66,35,FALSE,FALSE,CANSLIM Growth,CANSLIM Growth,55.5,Strong
5341,VOR,Vor Biopharma Inc.,NA,6.2,7,5.7,24.34,11.9,0.9,5,16,484.8,7289116,NA,0,A+,No,No,No,No,Yes,0.01,-1.9,0,31.15,-1.64,0,0,4,0,0,0,7.88,8.5,NA,0,0,0,0,No,No,-379.6,-371.6,-576.7,-453,474,-42,-76,-111,0,No,No,81,23.67,Medical - Development Biotech,NA,2.9,46,No,1.6,0,No,553,0,-18.5,25.3,6.5,50.2,37,30,83,-216.89,No,0,-0.13,-52.85,70,98,61,1.26,21631,1284.2,7.77,54185.9,54.3,-33.4,17.8,47.2,A,79.9,NA,52,11,A+,-161.1,91,46,35.1,10,18.4,4,0,3,0,-107,NA,0,1253,Yes,-0.03,99,802,NA,No,110,NA,No,No,No,NA,58,No,61,1.3,245,0,NASDAQ,No,98,Yes,-8.53,-,84,28866.3,-1420,-1192,152.8,0,No,Yes,51.9,71.9,MEDICAL,11.9,NA,No,57,754.5,No,No,No,-42.8,-45.3,NA,0,0,2026-08-07,VOR,20,0,0,0,0,10,10,40,91.33333333333333,25,TRUE,FALSE,Other,Momentum Leader,55.5,Strong
4498,GLAS,Glass House Brands Inc.,NA,0,0,0,10.35,6.3,0,0,0,10.4,0,NA,0,D-,No,No,No,No,Yes,1.94,0,0,1.85,72.51,0,0,30,0,0,-9.4,6.48,6.57,NA,0,0,0,0,No,No,146.8,233.1,192.7,175,13,-,-,-,-47,No,No,14.5,10.13,Cannabis,NA,0,98,No,0.72,98.2,No,33,0,0,0,0,13.93,80,123,-2,-0.15,No,0,4.65,-27.28,70,31,52,0.46,4272,749.5,6.01,75282.9,11.6,26.9,-12.4,2.9,C-,12.6,NA,73,99,D-,193.9,-60,67,-11.4,3.3,-1.9,30,200.9,29,-100,54,NA,-33.8,368,No,0.45,0,458,NA,No,8,NA,No,No,No,5.16,0,No,570,0.9,39,-9,New York Stock Exchange,No,57,Yes,10.32,-,99,67317.6,91,71,304.3,0,Yes,No,5,100,ALCOHL/TOB/THC,6.3,NA,No,9,771.7,No,No,No,67.4,23.1,NA,-16.1,-42.3,2026-08-07,GLAS,25,15,0,5,0,5,7,57,51,15,TRUE,FALSE,CANSLIM Growth,CANSLIM Growth,31.4,Weak
4784,IBCP,Independent Bank Corp. (Michigan),NA,4.2,4.4,3.2,39.24,-0.4,0,0,4,534.9,527109,08/03/2026,0,A+,No,No,No,No,Yes,-0.1,33.3,2.9,0.18,10.4,1.4,2.22,26,42.9,10,25.8,2.64,2.3,NA,5.3,6.9,2,5,Yes,Yes,11.4,15.3,12.7,12,172,5,7,12,10,No,No,16.9,38.03,Banks-Regional,NA,1.5,42,Yes,0.84,9.5,Yes,270,11,-28.6,2.7,29.83,39.24,62,20,-8,3.43,Yes,9,-1.22,-3.08,69,69,90,0.76,6748,854.7,2.35,22199.3,11.2,0.4,6.3,12,B+,3.9,NA,69,46,A,7.8,7,9,5.6,-0.7,1.7,74,225.7,-1,13,11,NA,11,194,Yes,-0.47,10,187,NA,No,379,NA,No,No,No,3.55,5,No,11,1.4,6,-2,NASDAQ,No,60,Yes,1.48,-,4,21084.4,29,5,8.6,5.3,Yes,Yes,9.3,0.3,BANKS,-0.4,NA,No,58,863.4,No,No,No,25.9,-2.5,NA,14.3,23.2,2026-08-07,IBCP,15,8,0,0,0,10,7,40,78,35,FALSE,FALSE,Other,Momentum Leader,57.9,Strong
3707,AGX,Argan Inc.,NA,2,2.7,2.7,632.54,4.7,2.8,1,1,368.9,909517,07/22/2026,0,E,No,No,No,No,Yes,0,17.6,0.3,1.53,20.38,1.27,1.28,89,200.28,49,17,7.51,7.62,NA,17.6,16.4,19,33,Yes,Yes,97.2,55.8,64.5,86.8,20,41,85,55,28,Yes,No,90.6,597.33,Bldg-Heavy Construction,NA,2.8,34,Yes,47.8,0.8,Yes,36,52,-0.1,6.7,0,805.75,14,69,57,11.38,Yes,40,1.09,-25.87,69,15,86,0.93,230891,8283.6,7.78,14019.2,20.7,-59.5,-9.9,-13.4,B-,69.7,NA,99,73,D-,40.3,24,29,-8.1,4.6,2.3,13,944.6,157,50,58,NA,31.5,354,No,6.46,6,137,NA,No,654,NA,No,No,No,8.04,0,No,102,1.5,56,8,New York Stock Exchange,No,57,Yes,17.69,-,94,13535,8,91,79.4,20.2,Yes,Yes,8.5,13.7,BUILDING,4.7,NA,No,73,7394.9,No,No,No,154.2,-46.5,NA,33.8,15.8,2026-08-07,AGX,32,15,0,0,0,10,10,67,56.666666666666664,55,TRUE,TRUE,CANSLIM Growth,CANSLIM Growth,53.7,Improving
3911,ARIS,Aris Mining Corp.,NA,3.1,2.2,2.4,17.43,30.2,0,0,5,736.2,3392018,08/29/2022,0,E,No,No,No,No,No,1.69,0,0,1.91,10.67,0,0,18,48.08,7,22.3,6.32,5.93,NA,92.8,97.2,23,47,No,Yes,244.2,192.5,231.9,233,18,-27,73,198,7,No,No,7.2,17.4,Mining-Gold/Silver/Gems,NA,5.6,19,No,0.87,32.5,No,89,9,6.5,1.7,0,23.29,65,141,-25,1.89,Yes,78,10.69,-25.29,69,69,82,0.91,21591,3254.6,5.55,206400,5.3,72.4,14.5,-8.5,D+,-2,NA,99,104,D+,9.9,67,43,13.2,17,19.2,83,916.4,-8,60,266,NA,98.2,1528,No,1.68,42,2506,NA,No,292,NA,No,No,Yes,2.88,0,No,74,0.8,275,82,New York Stock Exchange,No,49,No,2.03,-,108,199823.3,229,350,174.5,100.2,Yes,Yes,-2.1,5.8,MINING,30.2,NA,No,49,3378.2,No,No,No,117.2,43.4,NA,7,28.5,2026-08-07,ARIS,30,15,0,7,0,10,5,67,78.33333333333333,30,FALSE,FALSE,CANSLIM Growth,CANSLIM Growth,52.3,Improving
4047,ELF,e.l.f. Beauty Inc.,NA,3.1,3.2,2,99.49,18.8,2,1,1,977,7643710,NA,0,A+,No,No,No,No,Yes,1.9,17.8,0,2.55,27.51,0.6,0.6,69,377.37,31,2.5,6.16,5.96,NA,26.3,30.6,43,33,No,No,20.3,35.1,23.4,14.9,30,41,10,21,3,No,No,29.5,98.49,Cosmetics/Personal Care,NA,2,90,No,4.58,77.8,Yes,50,25,-37.6,13.4,0,150.99,105,93,7,3.99,Yes,26,6.69,-34.77,69,99,82,1.32,228937,5440.5,5.72,58937,28.9,10.3,30.7,59.4,D,20,NA,92,113,A+,145,714,7,39.1,14.3,21.6,21,1636.5,7,36,-87,NA,35.3,3365,Yes,6.18,-14,4488,NA,No,571,NA,No,No,No,3.29,0,No,97,2,-59,25,New York Stock Exchange,No,95,No,4.97,-,102,56868.8,68,-12,18.8,36.1,Yes,Yes,35.8,-13.4,CONSUMER,18.8,NA,No,50,5717.6,No,No,No,-1.4,37.7,NA,2.8,13.9,2026-08-07,ELF,27,12,0,5,0,10,10,64,103.33333333333333,25,TRUE,FALSE,CANSLIM Growth,CANSLIM Growth,55.4,Strong
3874,API,Agora Inc. ADR,NA,1,0.9,0.8,4.5,11.5,0.9,1,8,5415.1,403042,NA,0,C+,No,No,No,No,Yes,0.38,-5.2,0,6.7,16.15,2.23,2.23,87,155.65,0,7,5.22,3.71,NA,7.4,9,-3,-3,No,Yes,497,887.2,692.9,575.1,91,20,81,297,2,No,No,9.6,4.46,Comp Sftwr - Enterprise,NA,7,137,No,0.15,14.4,Yes,114,45,-13.7,0.6,3.14,5.5,108,39,-12,0.1,Yes,0,7.47,-18.84,69,81,79,1.46,1990,388.1,3.12,65504.8,11.5,35.2,8.5,12.1,A+,3.7,NA,74,9,A,0,28,114,6.1,9.4,10.6,20,141.1,48,13,122,NA,12,451,No,0.31,0,606,NA,No,51,NA,Yes,No,No,2.01,89,No,150,1.5,2400,6,NASDAQ,No,74,Yes,0.75,-,92,72186.1,112,110,1275,12,Yes,Yes,8.4,2,SOFTWARE,11.5,NA,No,8,171.7,Yes,Yes,Yes,18.3,-44.7,NA,1.7,2.9,2026-08-07,API,30,15,0,5,0,5,7,62,78.33333333333333,35,FALSE,FALSE,CANSLIM Growth,CANSLIM Growth,58.7,Strong
3864,APA,APA Corp.,NA,4.3,5.2,5.4,37.9,0.8,1.4,1,0,745.5,32284924,07/21/2026,0,C-,No,No,No,No,Yes,-12.4,7.5,2.7,0.95,2.97,1.57,3.68,12,29.83,9,31.3,3.63,3.5,NA,-10.2,-13.4,6,6,No,No,27.6,54.2,38.9,26,34,2,-6,35,20,Yes,No,53.8,37.63,Oil&Gas-Explorers/Producers,NA,0,56,No,1.21,73.9,Yes,72,7,3.5,9.2,19.32,45.66,67,44,25,5.11,No,44,3.01,-17.59,69,51,75,1.04,192506,12912.3,3.67,353470.2,18.8,5.7,10.7,3.8,C,37,NA,78,96,C,-0.3,51,-32,6.7,4.1,5.7,80,9220,-17,-8,0,NA,-11.7,5526,Yes,1.1,31,5653,NA,No,1168,NA,No,No,Yes,1.54,88,No,117,0.8,30,-8,NASDAQ,No,66,Yes,1.88,Yes,92,351743.3,15,-7,73.7,-11,Yes,Yes,10.3,6.8,ENERGY,0.8,NA,No,64,17206.3,No,No,No,93.4,-1.3,NA,25.2,31.5,2026-08-07,APA,25,15,0,0,0,10,7,57,67,30,TRUE,FALSE,CANSLIM Growth,CANSLIM Growth,34,Weak
3967,ASTH,Astrana Health Inc.,NA,4.9,4.7,4.4,40.03,0.6,0,0,1,746.9,2679220,NA,0,C-,No,No,No,No,No,4.27,10.1,0,1.35,15.41,0,0,86,224.01,22,1.2,4.57,5.13,NA,56.3,61.7,39,48,No,No,32.2,132.6,75.2,49.6,6,-22,-31,133,3,No,No,44.1,35.76,Medical-Managed Care,NA,8.3,115,No,2.23,131.2,No,12,44,-6.8,6.8,18.08,51.6,19,26,44,0.82,No,43,4.78,-30.7,69,20,75,1.18,26576,1692.3,5.16,49583.4,17.3,45.5,-24,-0.9,A-,69.5,NA,81,31,D+,19.1,188,44,-13,-1.3,-12.3,25,3181.8,-30,49,-49,NA,52,634,No,1.63,4015,910,NA,No,326,NA,No,No,Yes,0.46,60,No,111,1.4,107,56,NASDAQ,No,64,Yes,2.19,-,69,39239.8,180,-97,108.8,49,Yes,Yes,11.3,2.8,MEDICAL,0.6,NA,No,49,2340.8,Yes,Yes,Yes,66.6,-16.7,NA,3,2,2026-08-07,ASTH,32,15,0,5,0,10,7,69,54.666666666666664,20,FALSE,FALSE,CANSLIM Growth,CANSLIM Growth,55.5,Strong
4635,HCC,Warrior Met Coal Inc.,NA,4.7,4.1,4.7,92.3,15.8,0,0,0,109.8,3906361,08/09/2026,0.08,E,No,No,No,No,Yes,0.37,-92.8,0.4,3.93,21.1,0,0,64,82.76,13,4.2,4.67,3.95,NA,25.7,38.4,5,-7,Yes,No,394.6,859.4,641.4,494.7,9,-,-51,452,2,Yes,No,4.3,91.97,Energy-Coal,NA,0,18,No,3.2,10.9,Yes,13,22,14.5,7.6,0,110.39,26,105,-10,4.2,No,0,2.62,-16.69,69,73,75,0.68,71291,4732.1,3.75,52802.1,7,-12.1,18.3,4.7,C-,3.3,NA,85,101,C+,19.4,443,35,5.5,11.3,12.5,43,1310,-49,71,-78,NA,62.1,800,No,2.35,104,702,NA,No,501,NA,No,No,No,2.89,0,No,1419,1.1,975,-14,New York Stock Exchange,No,56,No,2.12,-,101,51715,184,-13,1197.3,51.1,Yes,Yes,3.8,0.8,ENERGY,15.8,NA,No,70,4368.9,No,No,No,54.1,-10.3,NA,2.7,17.1,2026-08-07,HCC,35,15,0,0,0,10,5,65,74.33333333333333,40,TRUE,TRUE,CANSLIM Growth,CANSLIM Growth,34,Weak
4413,FWONK,Liberty Media Corp. Series C Liberty Formula One,NA,4.5,4,4,103.91,4.8,3.7,2,0,573.2,8312063,NA,0,A,No,No,No,No,Yes,92.98,36.4,0,1.27,30.5,0,0,79,392.58,59,16.4,2.87,2.94,NA,24.3,21.4,20,18,No,Yes,203.4,111.1,62.8,259.1,22,-,-,93,8,No,No,4.4,102.85,Media,NA,0,120,No,2.87,65.1,No,54,33,1.7,3.8,80.15,109.36,100,99,1,1.65,Yes,0,3.17,-5.96,69,81,69,0.7,189726,24764.1,3.05,224233.5,12,10.1,4.1,10,C-,20.6,NA,34,102,A+,-92.5,-20,22,8.7,3.6,3.9,19,4482,-68,-30,1127,NA,14.4,2026,Yes,3.16,558,2170,NA,No,1297,NA,No,No,No,5.32,83,No,-99,1.3,159,23,NASDAQ,No,79,No,3.23,Yes,94,221482.6,273,-82,30,22.2,No,No,13.9,-2,MEDIA,4.8,NA,No,62,28139.6,No,No,No,5.9,7.4,NA,7.9,0.5,2026-08-07,FWONK,0,15,0,0,0,10,7,32,75,5,FALSE,FALSE,Other,Momentum Leader,52.8,Improving
5354,VRNS,Varonis Systems Inc.,NA,3.8,3.1,3.5,47.27,8.9,0,0,1,487.2,7963390,NA,0,C,No,No,No,No,Yes,1.1,38.1,0,1.65,33.77,5.85,5.85,98,0,196,-18.7,5.76,5.52,NA,16.1,15.9,13,12,No,Yes,379.6,749.8,552.3,433.9,14,31,-13,-24,-25,No,No,32.7,43.52,Computer Sftwr-Database,NA,5,140,No,2.41,85.5,No,20,181,12.2,7.3,19.7,63.9,51,137,78,0.24,Yes,51,2.54,-31.89,69,83,66,1.31,87422,4874.7,5.3,114860.5,33.7,-42.5,-5.1,51.7,D-,92.1,NA,92,121,C,409.4,-18,179,8.5,2.2,-2.3,-,623.5,-14,18,-42,NA,22.6,2185,No,1.08,-57,1236,NA,No,471,NA,No,No,No,7.26,71,No,33,1.5,2272,13,NASDAQ,No,93,No,11.25,-,80,109032.3,-56,-40,1152.4,18.2,Yes,Yes,39.7,-0.6,SOFTWARE,8.9,NA,No,72,4585.7,No,No,No,-19.9,-32.7,NA,-24.5,-25.9,2026-08-07,VRNS,20,15,0,0,0,10,10,55,89.66666666666667,20,FALSE,FALSE,CANSLIM Growth,CANSLIM Growth,58.7,Strong
3575,AAOI,Applied Optoelectronics Inc.,NA,0.8,0.9,0.8,149.35,43.8,0,0,0,169.1,9936995,NA,0,E,No,No,No,No,Yes,0.34,-13.9,0,3.83,-46.8,0,0,16,0,83,-10.2,12.99,12.6,NA,78.3,63.4,19,45,Yes,Yes,21.8,-20.8,-1.3,7.5,16,15,32,58,-8,No,No,289.1,135.63,Telecom - Equipment,NA,0,1,No,14.3,24.1,Yes,19,0,-6.4,13.1,18.5,233.67,4,77,212,-0.11,Yes,0,9.19,-41.96,69,32,46,2.55,1704679,9967.8,13.32,80242.8,46.8,109.8,18.5,-13.9,A-,206.2,NA,24,34,D,296.5,434,548,-1.9,25.9,24.3,16,455.7,-88,86,67,NA,68.9,11855,No,11.41,253,24102,NA,No,516,NA,No,No,No,21.47,27,No,138,0.7,-250,83,NASDAQ,No,75,Yes,9.68,Yes,78,75877.9,50,57,-56.3,57.2,Yes,Yes,19.7,15.7,TELECOM,43.8,NA,No,40,9999.8,Yes,Yes,Yes,507.4,30.5,NA,-7.9,-11.9,2026-08-07,AAOI,35,0,0,10,0,10,10,65,49,20,TRUE,TRUE,CANSLIM Growth,CANSLIM Growth,38.6,Weak
4652,HEI.A,Heico Corp. Cl A,NA,2.3,2,2.1,272.74,3.5,2.1,2,0,2507.6,781191,06/30/2026,0,A+,No,No,No,No,Yes,1.49,35.1,0.1,2.92,40.13,2.15,2.16,88,181.08,42,19.9,3.38,3.05,NA,17.9,18.7,26,24,No,Yes,33.1,31.7,31.2,30.4,52,22,28,29,17,No,No,5.5,266.31,Aerospace/Defense,NA,0,66,Yes,7.77,52.9,Yes,97,48,6.4,1,0,279.66,104,87,-7,5.6,Yes,5,0.9,-4.77,68,80,96,0.86,80791,42369.2,2.93,84502.1,9.9,-60.3,3.4,20.6,C+,6,NA,96,84,A+,24.9,24,13,5.5,1.7,4.2,36,4485,26,25,34,NA,19.9,325,Yes,2.38,19,124,NA,No,1028,NA,No,No,Yes,4.58,0,No,48,1.3,13,16,New York Stock Exchange,No,69,No,7.79,Yes,98,76678.6,34,30,30.4,19.7,Yes,Yes,10.7,-1,AEROSPACE/DEFENSE,3.5,NA,No,46,39325.4,No,No,No,7.8,-39.1,NA,17.4,17,2026-08-07,HEI.A,20,12,0,0,0,10,5,47,88.33333333333333,45,TRUE,TRUE,Other,Momentum Leader,57.4,Strong
3654,ADUS,Addus HomeCare Corp.,NA,3.7,4.1,4.8,121.18,3.6,0,0,0,32.6,1253032,NA,0,A,No,No,No,No,Yes,1.23,12.1,0,1.69,19.74,1.12,1.12,55,81.48,17,9,3.08,3.26,NA,17.8,16.8,12,15,No,Yes,17.7,19.5,19.6,17.8,7,16,17,20,9,No,No,11.4,119.68,Medical - Home & Nursing Care,NA,0,10,Yes,3.58,14.6,Yes,9,18,17.7,6.9,87.95,124.44,81,16,-2,6.68,Yes,3,0.76,-3.82,68,87,94,0.66,25566,2218.1,3.48,18674.3,13.5,-31.9,12.9,23,A,13,NA,75,17,A+,1.9,13,7,15.3,2.2,4.8,71,1418.2,15,8,18,NA,7.8,248,Yes,0.9,15,163,NA,No,459,NA,No,No,No,1.51,43,No,16,2.3,14,23,NASDAQ,No,83,No,1.95,Yes,89,18138.6,28,20,15.1,14.1,Yes,No,16.9,-4.2,MEDICAL,3.6,NA,No,63,2307.9,No,No,No,9.7,-4.9,NA,9.3,7.3,2026-08-07,ADUS,10,8,0,0,0,10,7,35,93,30,FALSE,FALSE,Other,Momentum Leader,55.5,Strong
3762,ALIZY,Allianz SE ADR,NA,0,0,0,51.03,0.6,1.6,2,5,2437.5,0,05/10/2026,0,A,No,No,No,No,-,1.54,0,2.8,0,5.12,0.67,0.77,40,62.09,14,10.8,1.27,1.15,NA,9,8.4,6,9,No,Yes,21,22.3,22.9,24,-,18,16,23,8,No,No,8.9,50.08,Insurance,NA,3.9,105,No,0.56,44.2,Yes,129,14,0,0,0,51.03,97,32,-1,3.6,Yes,28,-1.03,-1.86,68,67,87,0.65,11667,192508.2,1.15,3804189,12.9,-15,3.8,10.4,B,9.5,NA,79,60,A,15.9,5,7,6.7,0.6,2.4,33,220514,8,10,28,NA,5.2,252,Yes,-0.52,11,192,NA,No,17,NA,Yes,No,No,0.88,0,No,10,1.5,28,11,US OTC,No,68,Yes,2.86,-,98,3802423,29,25,19.1,7.8,Yes,No,11.7,-5.6,INSURANCE,0.6,NA,No,0,190986.2,No,No,No,17.2,-38.5,NA,19.1,7.5,2026-08-07,ALIZY,0,8,0,0,0,0,7,15,76,30,FALSE,FALSE,Value + Quality,Momentum Leader,60.8,Strong
4280,FIX,Comfort Systems USA Inc.,NA,1.9,1.6,1.8,1824.56,-2,1.6,1,5,661.9,839258,08/12/2026,0.9,E,No,No,Yes,No,No,0.46,31.7,0.2,1.21,50.74,0.64,0.64,85,159.1,32,14.2,6.11,6.43,NA,42.7,45.9,31,32,No,Yes,99.2,114.1,111,103.7,7,65,81,110,46,No,No,81.6,1694.55,Building - Construction Products,NA,7.8,63,Yes,113.19,18,No,64,42,13.4,2.4,0,2073.99,55,79,36,40.66,Yes,12,-1.11,-18.3,68,13,85,1.49,943546,60309,6.45,35194.3,19.3,-23.4,0.7,-12.7,B,37.7,NA,99,51,E,19.9,70,23,-6.2,-0.3,-1.7,9,9101.6,67,50,98,NA,53.4,528,No,-19.05,55,341,NA,No,2816,NA,No,No,Yes,5.31,0,No,92,0.8,121,30,New York Stock Exchange,No,51,Yes,18.54,-,93,34761.8,129,102,106.6,49.5,Yes,Yes,7.4,15.4,BUILDING,-2,NA,No,62,59810.4,No,No,No,144,-15.4,NA,49.2,13.5,2026-08-07,FIX,27,15,0,0,0,10,7,59,55.333333333333336,55,FALSE,TRUE,CANSLIM Growth,CANSLIM Growth,53.7,Improving
4175,EWBC,East West Bancorp Inc.,NA,4.9,4.4,5.2,134.67,0.5,0,0,4,534.9,4901447,08/02/2026,0,D,No,No,No,No,Yes,-0.05,11.5,2.4,0.13,12.2,0.94,1.15,34,49.02,12,37.5,2.09,1.87,NA,13,13.6,12,6,No,Yes,16.2,20.8,21.6,19,133,11,6,22,11,No,No,17.2,131.7,Banks-Regional,NA,1.5,42,No,2.46,2,Yes,270,13,18.6,3.6,92.67,136.24,62,20,-2,10.4,Yes,9,-0.14,-3.33,68,50,85,1.27,117788,18067.1,1.82,136996.3,12.5,-69.8,0.9,8,B+,7.5,NA,79,46,D,0.6,12,7,1.5,0.1,-0.3,44,2937.3,2,12,14,NA,11.9,921,No,-0.18,2,270,NA,No,922,NA,No,No,No,5.82,74,No,17,0.7,24,3,NASDAQ,No,63,Yes,1.95,-,33,135915.1,21,24,20.5,12,Yes,Yes,9.4,-3.3,BANKS,0.5,NA,No,62,20772.4,No,No,No,35.2,-53.6,NA,15.9,30.7,2026-08-07,EWBC,15,8,0,0,0,10,7,40,69.66666666666667,40,FALSE,FALSE,Value + Quality,Value + Quality,57.9,Strong
3952,ASM,Avino Silver & Gold Mines Ltd.,NA,1.6,1.4,1.7,6.99,29.1,0,0,5,736.2,7031814,NA,0,E,No,No,No,No,Yes,0.04,76.1,0,5.78,39.59,0.45,0.45,77,116.5,20,46.8,7.03,6.69,NA,55.6,56.5,27,39,No,Yes,351.3,191.7,168.8,278.3,54,69,189,124,15,No,No,10.8,6.88,Mining-Gold/Silver/Gems,NA,5.6,19,No,0.4,1.4,Yes,89,31,18.6,4.4,0,11.99,65,141,-42,0.22,Yes,63,7.84,-42.61,68,77,81,1.27,21948,1086.4,6.6,170200.8,3.3,58.5,13.3,0.3,D+,-32.2,NA,99,104,C,-5.3,104,67,11.7,17.6,18,15,92.2,1124,109,183,NA,67.3,3628,No,0.5,375,5576,NA,No,143,NA,No,No,No,10.38,0,No,125,1.1,50,27,NYSE American,No,44,No,4.21,-,104,158675.3,400,100,87.5,59.5,Yes,No,-3.2,4.4,MINING,29.1,NA,No,27,990.2,No,No,No,85.4,18.7,NA,14.8,37.9,2026-08-07,ASM,35,15,0,7,0,10,5,72,80.33333333333333,50,FALSE,TRUE,CANSLIM Growth,CANSLIM Growth,52.3,Improving
4136,ESTC,Elastic N.V.,NA,3,3.2,3.3,75.48,14.2,0,0,1,487.2,7084232,NA,0,A+,No,No,No,No,Yes,0.75,12.8,0,1.59,24.64,0,0,75,81.87,23,-0.1,5.47,5.05,NA,17,17.3,22,18,No,Yes,54.1,18,31.4,49.9,13,-,83,24,33,Yes,No,-0.4,75.11,Computer Sftwr-Database,NA,5,140,No,3.09,45.8,No,20,29,2.5,7.9,0,96.06,51,137,9,2.58,Yes,0,7.38,-21.81,68,97,78,1.73,128123,7271.4,5.04,103951.6,17.1,33.9,26.3,45.5,D-,27,NA,91,121,A+,8.4,-5,19,21.5,11.7,17.6,33,1739.3,71,16,68,NA,16.9,2105,Yes,5.16,-3,2539,NA,No,627,NA,No,No,No,4.49,0,No,30,1.4,16,17,New York Stock Exchange,No,93,No,6.16,-,103,89565.7,8,71,22.8,16.6,No,No,28.5,5,SOFTWARE,14.2,NA,No,67,6467.1,No,No,No,-1.6,10.2,NA,33.4,96.7,2026-08-07,ESTC,20,8,0,5,0,10,7,50,96,45,TRUE,FALSE,Other,Momentum Leader,58.7,Strong
4618,HAPN,Happen Inc.,NA,2.7,2.9,2.6,21.25,1.2,0,0,0,786.3,5252851,NA,0,D,No,No,No,No,Yes,0.07,-0.5,0,9.7,-0.83,0,0,29,46.03,10,12,4.52,4.16,NA,21.8,19.1,4,4,No,Yes,176.4,243,228.4,213.5,41,-,49,165,10,No,No,2.3,19.37,Financial Svcs-Specialty,NA,0,116,No,0.81,4.5,No,48,12,-10.6,4.7,13.05,21.67,87,88,12,1.66,No,0,-1.73,-10.61,68,59,78,2.11,40351,2274.7,4.16,115407.5,10.2,-45.9,-0.6,16.1,D+,14.3,NA,98,108,D-,16.5,57,30,2,-0.9,-0.2,46,998.8,25,6,158,NA,10.8,2151,Yes,-0.34,24,1137,NA,No,403,NA,No,No,No,2.13,7,No,52,1.4,340,12,NASDAQ,No,72,No,1.43,Yes,10,111754.1,337,185,195.8,14.8,Yes,Yes,11.6,0,FINANCE,1.2,NA,No,53,1502.3,No,No,No,26.6,-33.2,NA,9.5,12.3,2026-08-07,HAPN,20,15,0,0,0,10,7,52,75.33333333333333,40,FALSE,FALSE,Other,Momentum Leader,50,Improving
3926,ARQT,Arcutis Biotherapeutics Inc.,NA,9.7,7.5,6.9,29.24,-5.8,1.8,1,2,246.6,13561565,NA,0,B-,No,No,No,No,No,0.4,109.2,0,2.92,-572.04,3.88,3.88,96,483.94,32,-4,4.53,4.44,NA,97.3,80.6,344,170,No,Yes,118.1,161.4,150.6,134.3,24,31,87,227,-9,No,No,-12.9,25.29,Medical - Revenue Biotech,NA,3.6,86,No,1.22,59.8,No,55,120,-7.6,12.3,13.7,31.77,106,130,-12,0.21,Yes,0,-4.31,-20.4,68,41,66,1.21,42350,3322,4.54,125692,-0.6,56,-8.6,22.4,B-,-7.4,NA,70,75,D,99.7,465,171,-2.2,-6.2,-7.4,-,376.1,69,59,89,NA,59.7,1644,No,-1.14,192,2449,NA,No,386,NA,No,No,No,6.85,2,No,185,1.4,55,91,NASDAQ,No,44,No,14.4,-,1,110725.9,244,118,119.8,67,Yes,Yes,1.5,-3.5,MEDICAL,-5.8,NA,No,74,3215,No,No,No,79.1,28.7,NA,-9.3,11.6,2026-08-07,ARQT,35,15,0,5,0,10,0,65,63.333333333333336,25,TRUE,FALSE,CANSLIM Growth,CANSLIM Growth,55.5,Strong
4293,FLR,Fluor Corp.,NA,3.5,3.3,3.3,57.65,13.6,2.8,1,1,368.9,9514570,02/27/2020,0,E,No,No,No,No,Yes,0.43,-106.9,0,1.78,-24.16,0,0,82,171.18,18,-2,4.31,4.05,NA,-5,-4.7,5,1,No,Yes,6.5,-0.1,8.2,-3.3,26,-,-6,-17,-1,No,No,43.8,57,Bldg-Heavy Construction,NA,2.8,34,No,2.06,33,Yes,36,36,0.9,6.9,0,57.65,14,69,-5,2.06,Yes,0,16.92,-1.13,68,84,62,1.24,124651,6808.9,3.84,139669.9,20.8,267.6,17.3,11.6,B-,21.5,NA,47,73,D,29.8,21,25,12.7,12.7,12.4,43,15503,-15,9,-6,NA,0.4,2479,No,8.25,20,7959,NA,No,655,NA,No,No,No,0.52,0,No,112,1.4,-81,-5,New York Stock Exchange,No,90,Yes,2.81,-,109,137275.6,-31,33,15.4,-0.4,No,Yes,18.1,4.1,BUILDING,13.6,NA,No,58,4339.2,Yes,Yes,Yes,29.2,75.2,NA,-1.4,2.6,2026-08-07,FLR,25,0,0,10,0,10,10,55,76.33333333333333,15,TRUE,FALSE,CANSLIM Growth,CANSLIM Growth,53.7,Improving
4072,EMR,Emerson Electric Co.,NA,4.3,4,4.1,164.87,5.6,0,0,0,271.8,11776220,08/13/2026,0.56,B-,No,No,No,No,No,-6.12,26.6,1.5,0.9,28.95,2.64,3.13,70,133.92,22,16.3,3.08,3.13,NA,4.6,4.8,-1,6,No,Yes,7.8,7.5,8,7.6,1,8,12,7,7,No,No,19.2,158.26,Elec-Scientific/Msrng,NA,0,21,Yes,4.54,43.5,Yes,17,25,3.4,2.1,0,165.15,7,13,-9,6.33,Yes,5,0.86,-4.17,67,79,92,1.09,409119,87524.4,3.33,557800,12.8,-26.8,14.8,12.2,A,0.6,NA,76,12,A-,2,9,11,9.9,3,8.3,69,18016,24,7,9,NA,5,2863,Yes,1.35,14,2827,NA,No,2674,NA,No,No,No,4.74,0,No,12,1.9,4,3,New York Stock Exchange,No,71,Yes,4.33,-,96,556210.3,6,9,8.3,4.7,Yes,Yes,10.9,-1.1,ELECTRNCS,5.6,NA,No,39,103214.4,No,No,No,19.1,54.2,NA,10.9,14.7,2026-08-07,EMR,10,0,0,0,0,10,7,27,81.33333333333333,25,FALSE,FALSE,Other,Momentum Leader,49.3,Improving
3741,AKO.B,Embotelladora Andina S.A. (Series B) ADR,NA,0.3,0.9,1.7,31.81,4.5,8,2,0,659.6,9949,01/23/2025,0,C,No,No,No,No,Yes,3.48,17.7,3.3,1.61,9.75,0.84,1.03,42,56.33,15,11.3,4.14,3.88,NA,12.5,13.6,7,8,No,Yes,25.6,20.6,23.5,28.7,13,14,23,28,25,No,No,12.6,31.4,Beverages-Non-Alcoholic,NA,0,62,Yes,1.16,103,Yes,25,14,87.6,0,0,33.86,58,24,-14,2.17,Yes,14,0.3,-7.25,67,72,90,0.44,167,4365.5,3.71,78880.2,10.2,-77.1,5.3,15.8,B,-0.5,NA,87,69,B,-12.5,7,5,6.3,3.5,4.4,80,3878.3,5,17,33,NA,14.9,6,Yes,0.09,6,1,NA,No,38,NA,Yes,No,No,0.63,0,No,5,1.5,36,3,New York Stock Exchange,No,60,Yes,3.3,-,99,0,20,32,20.6,15.8,Yes,No,8.1,-5,FOOD/BEV,4.5,NA,No,2,3462,No,No,No,36.4,-48.8,NA,24.9,4.5,2026-08-07,AKO.B,5,8,0,0,0,0,7,20,83.33333333333333,35,FALSE,FALSE,Other,Momentum Leader,51.9,Improving
4369,FSLR,First Solar Inc.,NA,3.2,3.2,4,269.7,18.5,4.3,1,0,56.4,9890366,NA,0,D,No,No,No,No,Yes,0.1,15.9,0,2.52,13.07,0,0,46,59.78,12,30.3,5.74,5.32,NA,23.9,27.7,18,23,No,Yes,25.5,40.3,41.7,32.9,14,-,70,39,17,No,No,-4.3,250.05,Energy-Solar,NA,0,52,No,11.89,4.4,No,23,15,25.6,9.7,176.47,320.95,71,131,-9,16.22,Yes,0,2.42,-22.09,67,77,87,1.11,610057,26237.7,5.36,107469.8,6.7,123.1,9.8,16.5,C,14.3,NA,94,95,B-,35.3,24,35,2.7,12,14.7,38,5219.4,55,-4,18,NA,10,2411,No,5.91,10,5215,NA,No,2646,NA,No,No,Yes,5,10,No,23,1.2,65,24,NASDAQ,No,74,No,2.6,Yes,65,101500.1,33,46,44.2,10.4,Yes,No,10.4,-0.7,ENERGY,18.5,NA,No,67,23248.9,Yes,Yes,Yes,34.7,65,NA,17.4,40,2026-08-07,FSLR,10,12,0,10,0,10,5,47,84,55,FALSE,FALSE,Other,Momentum Leader,34,Weak
4581,GSL,Global Ship Lease Inc. Cl A,NA,2.1,2,2,44.69,-4.3,2,1,2,72.6,685078,08/20/2026,0.63,B,No,No,No,No,Yes,1.54,5.1,5.6,2.13,2.89,0.15,0.19,5,15.59,5,54.3,2.62,2.46,NA,6.5,5.7,14,6,No,Yes,0.1,-5.9,-2.7,-0.9,22,22,6,-3,19,No,No,21.1,42.44,Transportation-Ship,NA,4.1,25,No,1.01,30.1,No,49,4,4.4,2.1,0,44.69,9,18,7,9.98,Yes,27,-0.84,-5.03,67,52,80,0.87,12324,1537.3,2.47,35918.2,12.9,61.8,8.9,2.2,A-,15.8,NA,55,36,C,2.7,-3,-9,6.1,-2.3,0,82,766.5,20,4,3,NA,3.6,313,Yes,-0.36,-6,503,NA,No,82,NA,No,No,No,1.95,0,No,-5,0.8,-3,8,New York Stock Exchange,No,60,Yes,0.79,-,96,31869.7,-9,7,-4.4,4,No,No,9,3.8,TRANSPORTATION,-4.3,NA,No,26,1699,No,No,No,41,54,NA,25.5,46.1,2026-08-07,GSL,0,0,0,7,0,10,7,24,68.33333333333333,40,FALSE,FALSE,Value + Quality,Value + Quality,49.2,Improving
4129,ESNT,Essent Group Ltd.,NA,3.5,3.1,3,70,4.2,0,0,0,64.3,2605286,05/31/2026,0,A,No,No,No,No,Yes,0.34,7.4,2.1,3.58,8.03,2.38,4.89,21,36.97,10,66.5,2.22,2.16,NA,3.8,4.3,7,8,Yes,Yes,3.1,5.6,4.5,3.8,21,2,4,5,10,Yes,No,5.7,68.72,Finance-Mrtg&Rel Svc,NA,0,114,Yes,1.41,9.1,Yes,26,10,-2.5,2.9,0,70,98,136,-13,7.17,No,11,4.9,-1.83,67,79,78,0.77,47838,6036.9,2.11,92152.9,11,25.9,6.4,11.6,E,5.3,NA,58,130,A+,18.3,6,4,9.7,2.8,4.1,35,1260.9,5,14,1,NA,9.7,790,Yes,3.21,9,942,NA,No,630,NA,No,No,No,4.95,0,No,8,1.1,8,1,New York Stock Exchange,No,73,No,1.12,-,102,88808.6,1,1,7.7,6.2,Yes,Yes,11.4,-1.7,FINANCE,4.2,NA,No,72,6538,Yes,Yes,Yes,20.5,-27.8,NA,12.1,52.3,2026-08-07,ESNT,5,0,0,0,0,10,7,22,76.66666666666667,35,FALSE,FALSE,Other,Momentum Leader,50,Improving
4727,HRB,H&R Block Inc.,NA,7.8,7.4,7.1,47.33,4.9,0,0,0,786.3,17749914,06/02/2026,0,A+,No,No,No,No,No,-61.82,6.8,3.8,1,9.32,0,0,17,32.1,8,20.8,3.66,3.83,NA,6,6.5,0,4,No,Yes,-0.7,1,5.8,6.4,14,-,11,14,460,No,No,6,46.19,Financial Svcs-Specialty,NA,0,116,No,1.58,1649.3,No,48,9,-4.9,14.2,0,55.95,87,88,23,5.25,Yes,0,0.52,-17.44,67,91,65,0.48,81574,5824.6,4.13,126760.2,20,129.3,16,27.3,D+,40.5,NA,62,108,A+,4.3,11,13,16.1,2.2,7.7,62,3761,15,5,6,NA,8.2,2078,Yes,0.24,-3,4758,NA,No,695,NA,No,No,No,1.5,0,No,12,1,-6,4,New York Stock Exchange,No,89,No,-240.24,-,99,124995.1,-3,20,2.8,7.1,Yes,Yes,27.8,0.4,FINANCE,4.9,NA,Yes,63,6846.7,Yes,Yes,Yes,-16.2,24.4,NA,676,35.2,2026-08-07,HRB,10,0,0,10,0,10,7,37,84.33333333333333,30,FALSE,FALSE,Other,Momentum Leader,50,Improving
3787,ALTO,Alto Ingredients Inc.,NA,1.1,1.7,2.2,5.42,-7.8,1.5,1,0,702.8,5734199,NA,0,E,No,No,No,No,Yes,0.82,14.3,0,3.19,25.08,0,0,10,25.59,15,1.4,7.38,7.77,NA,-0.4,1.4,-6,-12,Yes,No,143.5,160.1,263.8,171.1,35,-30,32,234,5,No,No,52.4,4.39,Energy-Alternative/Other,NA,0,64,No,0.41,31,Yes,66,7,28.3,8.4,0.92,6.11,17,85,66,0.67,No,0,-2.77,-28.09,67,6,49,1.08,13641,349.8,8.28,77485.1,16.3,-16.1,-22.3,-3.3,C,61.4,NA,65,94,E,78.9,138,-13,-16.6,-6.2,-12.4,86,917.9,-105,12,120,NA,5.8,2577,No,-0.13,-45,2126,NA,No,129,NA,No,No,No,0.36,11,No,200,1.1,131,-5,NASDAQ,No,34,Yes,1.31,-,7,68481.4,149,575,165.6,3.3,Yes,Yes,1.3,69.7,ENERGY,-7.8,NA,No,29,421.8,No,No,No,339,-18.4,NA,5.7,4.8,2026-08-07,ALTO,30,15,0,0,0,10,7,62,40.666666666666664,30,TRUE,FALSE,CANSLIM Growth,CANSLIM Growth,34,Weak
4693,HMC,Honda Motor Co. Ltd. ADR,NA,1.2,0.9,1.1,31.97,5.7,0,0,0,2141.2,2081567,03/29/2026,0,A,No,No,No,No,No,2.67,46.5,3.6,1.29,5.63,0,0,36,40.33,16,-1.1,2.42,2.38,NA,-0.4,-0.2,4,4,No,No,-87.3,-150.1,-119.1,-100.4,16,-,-,-,-4,No,No,7.9,31.82,Auto Manufacturers,NA,0,69,No,0.68,73.8,Yes,40,0,21.4,0.2,0,34.89,74,138,-15,-0.52,No,0,3.55,-8.8,67,92,48,0.79,46320,40234.3,2.11,1511000,12.9,13.5,11.6,32.3,E,-3,NA,32,137,A+,79.8,220,59,14,4.7,8.9,36,137826.7,-16,11,-155,NA,2.9,1675,Yes,1.09,-62,1865,NA,No,81,NA,Yes,No,No,0.34,0,No,196,1.4,-323,2,New York Stock Exchange,No,83,No,0.54,Yes,100,1297672.2,-323,-26,-63.7,0.2,Yes,No,15.7,-5.8,AUTO,5.7,NA,No,1,94646.1,Yes,Yes,Yes,1.1,-6.3,NA,-3.6,7.4,2026-08-07,HMC,30,0,0,0,0,0,7,37,84,5,TRUE,FALSE,Other,Momentum Leader,45.4,Improving
4222,FCNCA,First Citizens Bancshares Inc. Cl A,NA,8.6,6.8,6.6,2289.99,1.5,0,0,0,527.3,511825,08/30/2026,2.1,A-,No,No,No,No,No,-0.4,41.8,0.4,0.21,9.87,0.31,0.31,27,45.52,12,20.5,2.61,2.63,NA,0.3,-0.5,43,9,No,Yes,2.8,20,14.3,9,6,36,8,14,10,Yes,No,3.4,2218.49,Banks-Super Regional,NA,0,23,No,55.85,172.8,No,12,11,-2.9,6.9,1623.76,2289.99,84,27,-8,197.84,Yes,26,-0.85,-3.12,66,68,93,1,175612,25540.2,2.69,10581.8,10.7,-50.4,6,13.6,A-,2.7,NA,90,37,A-,40.3,8,4,5.4,0.8,3,92,9027,11,-6,-9,NA,-4,84,Yes,-19.02,2,41,NA,No,1169,NA,No,No,No,2.57,57,No,27,1.1,19,-3,NASDAQ,No,66,Yes,1.25,Yes,34,7470,14,-3,23.1,-0.3,Yes,Yes,9.3,0.2,BANKS,1.5,NA,No,59,61340,No,No,No,21.8,-45.5,NA,9.9,18.6,2026-08-07,FCNCA,15,8,0,0,0,10,7,40,77.66666666666667,15,TRUE,FALSE,Other,Momentum Leader,57.9,Strong
4442,GD,General Dynamics Corp.,NA,2.4,2.3,2.3,400,2.3,2.1,2,0,2507.6,2890568,10/08/2026,1.59,C+,No,No,No,No,No,1.08,16.6,1.7,1.44,20.86,2.76,3.42,68,90.51,22,9.7,2.23,2.19,NA,9.1,9.2,8,11,No,Yes,13.9,8.6,10.4,11.3,27,7,12,9,11,Yes,No,16.5,392.05,Aerospace/Defense,NA,0,66,Yes,8.13,33.1,No,97,24,2.2,0,0,400,104,87,-4,16.39,Yes,4,1.33,-1.99,66,74,88,0.54,450790,104684,2.2,270557.2,11.8,-39.2,4.6,12.7,C+,8.9,NA,78,84,B,7,10,9,7.6,1.6,3.4,80,52550,13,8,13,NA,9.2,1257,Yes,5.13,6,1053,NA,No,1880,NA,No,No,No,1.93,0,No,13,1.3,12,10,New York Stock Exchange,No,70,Yes,3.95,-,101,268793.8,0,16,12.7,8.7,Yes,Yes,10.8,0.1,AEROSPACE/DEFENSE,2.3,NA,No,36,111371.5,No,No,No,25.4,-23.1,NA,17.7,8.2,2026-08-07,GD,10,0,0,0,0,10,7,27,78,40,FALSE,FALSE,Other,Momentum Leader,57.4,Strong
4787,IBKR,Interactive Brokers Group Inc.,NA,2.9,2.3,1.9,94.26,-0.2,0,0,0,574.8,9176448,08/31/2026,0.09,E,No,No,No,No,Yes,0.01,-0.6,0.4,1.36,1.6,1.19,1.21,81,132.48,30,45.8,4.14,4.16,NA,21,21.2,24,20,No,Yes,25.3,30.3,30.3,27.4,16,29,24,30,18,No,No,36.6,87.83,Finance-Invest Bnk/Bkrs,NA,0,107,No,3.81,2.2,Yes,37,35,-17.6,2.1,58.95,97.84,127,64,10,2.51,Yes,6,2.1,-10.23,66,33,83,1.17,447071,38758.2,3.85,450571.8,14.8,61.2,-7.1,4.9,B-,17.8,NA,95,72,E,7.8,24,17,-3.3,-1,-3.6,7,6205,22,28,25,NA,22.5,4995,No,1.81,22,7785,NA,No,2104,NA,No,No,No,5.77,95,No,35,0.9,28,11,NASDAQ,No,61,Yes,7.53,Yes,44,436148.3,28,30,31.5,21.2,Yes,Yes,9.9,4.4,FINANCE,-0.2,NA,No,44,-16910.2,Yes,Yes,Yes,36.7,7.1,NA,20.4,10.2,2026-08-07,IBKR,22,12,0,7,0,10,7,58,60.666666666666664,50,TRUE,TRUE,CANSLIM Growth,CANSLIM Growth,50,Improving
4358,FRSH,Freshworks Inc. Cl A,NA,1.7,1.3,1.1,12.2,4.3,0.9,1,8,5415.1,20256335,NA,0,A+,No,No,No,No,Yes,0.06,9.7,0,1.63,14.35,0,0,61,70.58,16,6.4,5.23,5.3,NA,16,15.6,23,19,No,Yes,34.3,-14.8,0.3,25.2,52,-,68,-8,17,No,No,-3.3,11.84,Comp Sftwr - Enterprise,NA,7,137,No,0.56,3.2,No,114,20,-17,9.7,6.79,14.06,108,39,19,0.58,Yes,0,2.16,-15.79,66,91,82,1.6,185611,3024.1,5.68,236959.4,18,-63.8,14.1,31.1,A+,32.7,NA,63,9,A+,30.4,1,25,15.7,3,7.7,43,838.8,65,16,53,NA,16.2,18693,Yes,0.25,13,6716,NA,No,401,NA,No,No,No,3.1,51,No,-6,1.3,-39,16,NASDAQ,No,88,No,3.47,-,73,209437.5,0,45,-22.2,15.6,No,No,26.2,2,SOFTWARE,4.3,NA,No,55,2382,No,No,No,-8.6,-62.8,NA,16.9,1.4,2026-08-07,FRSH,5,0,0,0,0,10,7,22,94.66666666666667,45,FALSE,FALSE,Other,Momentum Leader,58.7,Strong
4370,FSLY,Fastly Inc. Cl A,NA,1.7,3,3.2,27.23,1.3,0.9,1,8,5415.1,25531692,NA,0,B,No,No,No,No,Yes,1.16,145.7,0,3,38.1,0,0,88,0,46,-19.1,7.63,7.43,NA,18.7,20.3,15,12,No,Yes,294.5,486.7,427.5,353.4,73,-,-,-,-13,No,No,125.5,22.96,Comp Sftwr - Enterprise,NA,7,137,No,1.51,39.5,Yes,114,49,9.5,17.6,6.7,34.82,108,39,172,0.47,Yes,0,1.23,-34.06,66,62,81,2.04,119967,3612.9,7.66,159300,34.1,22.5,23.5,17.7,A+,167.9,NA,83,9,B,127.5,293,11,17.1,1.9,7.6,19,624,29,23,208,NA,21.5,6055,Yes,0.28,62,7220,NA,No,441,NA,No,No,No,5.32,29,No,600,2.2,360,15,NASDAQ,No,78,Yes,3.67,-,13,147894.6,500,250,480,21.9,Yes,No,18.3,0.5,SOFTWARE,1.3,NA,No,71,4142.1,No,No,No,207.8,43.4,NA,-12.8,-8.5,2026-08-07,FSLY,30,15,0,0,0,10,10,65,79.66666666666667,35,TRUE,TRUE,CANSLIM Growth,CANSLIM Growth,58.7,Strong
4869,INDV,Indivior Pharmaceuticals Inc.,NA,6.2,5.2,5.8,41.65,-3,2.9,2,2,4328.7,11277025,NA,0,E,No,No,No,No,No,-2.92,-45,0,0.84,-184.04,0.35,0.35,24,52.43,9,19.3,3.88,4.03,NA,11.2,13.8,12,8,No,Yes,79.3,138.6,112.3,93,6,30,32,111,0,No,No,8.2,38.82,Medical - Pharmaceuticals,NA,2.9,45,Yes,1.61,0,No,70,11,11.9,10.1,21.83,42.81,101,61,-1,3.65,Yes,11,0.39,-9.32,66,34,77,0.63,78580,4563.6,4.04,118013.6,11.5,-12.7,-4.9,-2,B,13,NA,99,62,E,32.3,62,9,-0.9,-0.8,-2.4,63,1239,6,14,51,NA,16.4,2032,No,0.15,47,1687,NA,No,504,NA,No,No,No,3.44,89,No,125,0.9,134,4,NASDAQ,No,58,Yes,-22.02,-,56,112126.4,156,33,129.8,17.6,Yes,Yes,9,7,MEDICAL,-3,NA,Yes,77,4988.3,No,No,No,76.1,127.1,NA,0,35.6,2026-08-07,INDV,30,15,0,0,0,10,7,62,59,30,FALSE,FALSE,CANSLIM Growth,CANSLIM Growth,55.5,Strong
4181,EXK,Endeavour Silver Corp.,NA,2.8,2.8,2.9,9.59,26.9,0,0,5,736.2,20412839,NA,0,E,No,No,No,No,No,1.74,-67,0,1.97,49.46,0,0,71,204.4,11,-22.8,6.48,6.2,NA,168.6,199.1,22,40,No,Yes,645.6,1595.2,1146.4,774.7,19,-,-,-,-22,No,No,1.5,9.54,Mining-Gold/Silver/Gems,NA,5.6,19,No,0.49,40.6,No,89,26,3.6,6.9,0,15.15,65,141,-29,0.37,Yes,0,8.04,-37.03,66,81,68,1.4,54102,2623.2,6.14,296144.5,-0.1,20,19,-6,D+,-16,NA,75,104,B-,-0.6,3929,33,14.5,16.4,18.9,19,432.8,200,149,-167,NA,189.4,6616,No,0.71,2000,7780,NA,No,264,NA,No,No,No,4,0,No,600,0.9,4186,112,New York Stock Exchange,No,47,No,3.97,Yes,105,295497.2,0,-200,2392.9,229.3,Yes,No,-3.6,11.9,MINING,26.9,NA,No,48,2681,No,No,No,76.7,16,NA,-22.4,30.3,2026-08-07,EXK,35,15,0,0,0,10,0,60,76.66666666666667,20,FALSE,FALSE,CANSLIM Growth,CANSLIM Growth,52.3,Improving
4798,ICFI,ICF International Inc.,NA,1.9,2.7,2.2,95.68,17.4,0,0,2,81.2,733780,06/04/2026,0,A,No,No,No,No,No,3.76,11.6,0.7,1.48,12.4,1.51,1.62,43,77.31,13,6,4.11,4.37,NA,-7.6,-7.8,4,-2,Yes,Yes,-7.6,-10.7,-13.4,-11.1,11,9,2,-16,8,No,No,11.4,95,Comml Svcs-Consulting,NA,5.3,89,No,3.35,53.5,Yes,38,15,-18,4.1,58.83,101.7,119,100,-17,6.5,Yes,8,11.36,-6.59,66,97,66,0.51,19132,1544.5,3.97,18104.2,22.1,84.5,23.4,27.5,C,9.1,NA,52,93,A+,13,5,9,26.2,12.6,17.4,71,1872.9,15,0,-9,NA,-5.3,260,Yes,9.69,16,464,NA,No,400,NA,No,No,No,0.94,93,No,12,1.7,-23,-7,NASDAQ,No,90,No,1.67,Yes,95,17771.6,-21,-22,-5.3,-7.1,No,Yes,25.1,-1.2,BUSINS SVC,17.4,NA,No,59,2053.5,Yes,Yes,Yes,3,-3.1,NA,9.1,5.7,2026-08-07,ICFI,10,0,0,7,0,10,10,37,86.33333333333333,10,FALSE,FALSE,Other,Momentum Leader,59.6,Strong
5089,TREX,Trex Co. Inc.,NA,5.6,5.7,5.7,50.62,13.4,1.6,1,5,661.9,11914150,NA,0,E,No,No,No,No,No,0.75,18.8,0,1.06,14.7,0,0,74,114.06,26,22,4.8,4.65,NA,6,6.8,1,3,Yes,No,-11.7,-24.1,-8.6,-8.6,4,-1,0,-3,20,No,No,40.2,49.17,Building - Construction Products,NA,7.8,63,Yes,2.13,4,Yes,64,28,-0.5,11.6,0,66.06,55,79,-1,1.76,No,15,1.53,-25.56,66,87,62,1.58,94958,4933.3,5.07,101865.2,21.2,-3.4,4.4,25.5,B,11.8,NA,28,51,A,-2.1,-6,14,8.7,7.7,9.5,26,1174.3,12,8,-10,NA,4.4,2142,No,0.74,-7,2002,NA,No,588,NA,No,No,No,4.15,0,No,-15,1.1,-2,2,New York Stock Exchange,No,84,Yes,4.96,Yes,98,100989.9,-56,38,-8.4,1.6,No,No,17.9,-2.6,BUILDING,13.4,NA,Yes,57,5333.8,No,No,No,-20,68,NA,20.2,17.9,2026-08-07,TREX,0,0,0,0,0,10,10,20,78.66666666666667,35,FALSE,FALSE,Other,Momentum Leader,53.7,Improving
4424,GALT,Galectin Therapeutics Inc.,NA,23.8,14.5,11.8,3.6,16.2,0.9,5,16,484.8,8494056,NA,0,C,No,No,No,No,No,-3.93,-15.3,0,2.15,-9.23,0,0,77,0,0,0,10.2,10.41,NA,0,0,0,0,No,Yes,29.1,44.1,43.1,38.7,113,-,-,-,0,No,No,-17.1,3.45,Medical - Development Biotech,NA,2.9,46,No,0.43,0,No,553,0,-19,18.1,2.02,7.13,37,30,0,-0.41,Yes,0,7.14,-51.61,66,84,53,0.75,2917,324.7,10.35,100849.6,-4.3,-53.5,-25.2,63.5,A,23.2,NA,56,11,C,-33.3,23,11,-0.7,7,-6.7,77,0,-3,0,37,NA,0,729,No,0.23,25,330,NA,No,60,NA,No,No,No,NA,68,No,47,1.9,58,0,NASDAQ,No,82,No,-1.72,-,87,71872.3,28,40,52.3,0,Yes,No,14.8,87.5,MEDICAL,16.2,NA,No,15,319.5,No,No,No,-10.2,-45,NA,0,0,2026-08-07,GALT,15,12,0,0,0,7,0,34,82.66666666666667,25,TRUE,FALSE,Other,Momentum Leader,55.5,Strong
4206,FBK,FB Financial Corp.,NA,6.4,6.7,5.9,62.44,0.8,0,0,4,534.9,2142095,08/10/2026,0.21,A,No,No,No,No,No,-0.02,15.4,1.4,0.11,19.54,4,6.78,38,62.58,12,16,2.16,2.08,NA,27.5,32.5,1,11,No,Yes,21.2,32.6,30.5,25.4,116,2,13,31,6,No,No,9,60.84,Banks-Regional,NA,1.5,42,Yes,1.21,8.4,No,270,14,-11.3,4.3,0,62.44,62,20,-14,4.49,Yes,15,0.03,-2.55,65,73,95,0.97,22628,3039.7,2.15,49978.1,9.3,-41.2,6.8,12.6,B+,-1.2,NA,91,46,A,-0.5,17,10,7.6,0.5,2.1,30,620.6,13,27,17,NA,29.5,404,Yes,0.02,13,248,NA,No,380,NA,No,No,Yes,4.35,0,No,30,1.6,32,13,New York Stock Exchange,No,65,No,1.57,-,97,48774.8,36,24,30.7,32,Yes,Yes,9.3,-1.3,BANKS,0.8,NA,No,47,3164.3,No,No,No,29.3,-7.3,NA,7,23,2026-08-07,FBK,22,12,0,0,0,10,5,49,79.66666666666667,30,FALSE,FALSE,Other,Momentum Leader,57.9,Strong
5473,WPM,Wheaton Precious Metals Corp.,NA,1.3,1.5,1.5,136.02,23.1,0,0,5,736.2,3147651,05/26/2026,0,E,No,No,No,No,Yes,0.55,57.3,0.7,4.53,32.03,1.58,1.63,81,130.17,26,73.4,4.37,3.91,NA,85.3,89.5,17,50,No,Yes,104.8,133.7,121.2,115.2,46,22,61,132,15,No,No,14.2,134.2,Mining-Gold/Silver/Gems,NA,5.6,19,Yes,4.35,0.1,No,89,36,-0.2,0.7,0,165.76,65,141,-18,4.32,Yes,32,7.1,-19.04,65,80,86,0.66,225692,56934.5,3.89,454125.1,7.7,60.9,19.9,2,D+,-1.3,NA,99,104,B-,4.5,63,9,16.1,15.4,19.8,11,2314.6,20,85,115,NA,88.1,2021,No,8.9,99,3448,NA,No,2102,NA,No,No,No,22.2,0,No,90,1,132,80,New York Stock Exchange,No,58,No,6.59,Yes,107,453585,179,84,111,101.2,Yes,Yes,2.8,-0.2,MINING,23.1,NA,Yes,55,54629.9,No,No,No,34.5,34,NA,18.5,58.5,2026-08-07,WPM,30,15,0,7,0,10,5,67,82,55,FALSE,FALSE,CANSLIM Growth,CANSLIM Growth,52.3,Improving
4707,HOMB,Home BancShares Inc.,NA,7,6.3,5.6,31.7,-0.8,0,0,4,534.9,9806849,08/11/2026,0.23,A+,No,No,No,No,Yes,-0.2,12,3,0.26,12.07,1.58,2.52,33,49.03,12,41.5,1.87,1.81,NA,6.9,7.1,10,3,No,Yes,14.2,12.5,14.9,14.2,200,5,7,14,7,No,No,10.9,30.81,Banks-Regional,NA,1.5,42,Yes,0.54,16.4,Yes,270,13,-10.8,5.2,0,31.7,62,20,-11,2.45,Yes,6,-0.06,-2.81,65,71,86,0.88,55279,6209.6,1.8,201413.4,10,-52.5,7.5,14.8,B+,0.7,NA,65,46,A-,5.1,7,3,6.2,-1.1,0.7,46,1090.9,2,9,17,NA,5.7,1913,Yes,-0.02,4,920,NA,No,502,NA,No,No,No,5.53,0,No,10,1.7,7,1,New York Stock Exchange,No,63,Yes,1.36,Yes,97,188583.2,20,22,8.7,6.9,Yes,Yes,9.6,-4.2,BANKS,-0.8,NA,No,52,7019,No,No,No,11.8,-27.6,NA,11.5,30.6,2026-08-07,HOMB,0,0,0,0,0,10,5,15,76,35,FALSE,FALSE,Other,Momentum Leader,57.9,Strong
4807,IDCC,InterDigital Inc.,NA,7.5,7.1,7.1,345,13,3.4,1,0,220.8,2742304,07/07/2026,0,B-,No,No,No,No,No,0.04,16.2,0.9,1.74,21.82,0.6,0.61,84,151.67,46,56.3,4.29,4.17,NA,1.8,-6.3,20,18,No,Yes,-3.3,-48.4,-18.9,-7.9,4,65,22,-40,28,Yes,No,8.2,344.56,Elec-Misc Products,NA,0,26,No,11.42,2.7,No,29,40,-0.2,10.8,249.14,412.6,6,67,-18,8.67,Yes,41,4.92,-16.49,65,93,80,0.98,97477,8475,4.28,25806,7,-49.8,24.8,23.6,A,-7.1,NA,49,23,B+,276.4,-23,2,24.8,13.9,22.5,21,834,58,-13,-2,NA,-7.9,354,Yes,16.15,-31,174,NA,No,796,NA,No,No,No,11.28,97,No,-36,1.3,-38,-4,NASDAQ,No,73,No,7.4,-,99,25284.8,-71,69,-37.2,-17.8,No,No,10.6,-0.4,ELECTRNCS,13,NA,No,69,7763.7,No,No,No,29.5,-42.2,NA,41.5,44.7,2026-08-07,IDCC,0,0,0,0,0,10,5,15,89.33333333333333,40,FALSE,FALSE,Other,Momentum Leader,49.3,Improving
5301,VIAV,Viavi Solutions Inc.,NA,2.3,1.3,1.6,42.2,5.9,0,0,0,169.1,12069921,NA,0,E,No,No,No,No,No,1.43,203.8,0,1.85,0,0,0,84,1131.88,25,1.1,8.42,8.12,NA,34.5,39.3,-1,11,Yes,Yes,112.2,103.6,115.2,104.7,6,-10,27,104,-3,Yes,No,119.6,39.14,Telecom - Equipment,NA,0,1,Yes,3.33,27.4,Yes,19,40,26.5,4.9,10.3,60.43,4,77,47,0.98,Yes,44,-3.57,-35.23,65,9,75,1.12,322485,10013,8.32,246685.6,20.2,17.4,-2.7,-23.3,A-,48.4,NA,98,34,E,14.1,59,23,-11.8,4.6,0.1,40,1518.3,42,53,113,NA,47.7,7138,No,-1.45,171,7746,NA,No,750,NA,No,No,No,6.36,19,No,162,0.6,80,40,NASDAQ,No,49,Yes,11.22,-,55,244428.8,69,150,120.8,43.9,No,Yes,3.7,15.2,TELECOM,5.9,NA,No,57,9859.4,Yes,No,No,285.2,-19.4,NA,-2.7,7.4,2026-08-07,VIAV,35,15,0,0,0,10,10,70,49.666666666666664,30,TRUE,TRUE,CANSLIM Growth,CANSLIM Growth,38.6,Weak
5066,TOL,Toll Brothers Inc.,NA,4.2,3.9,4.1,155.97,6.3,0,0,0,155.7,4730628,07/09/2026,0,E,No,No,No,No,No,0.32,12.7,0.7,3.83,13.91,0.52,0.53,29,45.2,12,16.3,3.32,3.07,NA,3,4.6,6,3,No,Yes,-6.7,0.6,1.3,-3.5,6,22,2,0,16,No,No,14.7,155.09,Bldg-Resident/Comml,NA,0,95,No,4.7,33.7,No,22,12,5,5.1,0,168.36,130,109,-13,13.22,Yes,22,2.48,-7.88,65,71,70,1.22,155321,14145,3.09,93471,8.2,-34.3,2.3,13.1,B-,1.2,NA,65,80,D,5.6,-5,11,3.5,2.2,2.8,70,10966.7,21,-8,-10,NA,3.9,1041,Yes,3.76,-22,587,NA,No,863,NA,No,No,No,1.31,0,No,-22,1.2,25,1,New York Stock Exchange,No,62,Yes,1.71,-,99,92692.6,-1,4,1.4,3.5,No,No,6.4,2,BUILDING,6.3,NA,Yes,58,16142.5,No,No,No,23.2,-34.5,NA,16.9,10.3,2026-08-07,TOL,0,0,0,0,0,10,5,15,70.66666666666667,45,FALSE,FALSE,Value + Quality,Value + Quality,53.7,Improving
5349,VRDN,Viridian Therapeutics Inc.,NA,5.3,6.5,6.9,23.61,24.7,0.9,5,16,484.8,18923758,NA,0,C,No,No,No,No,Yes,0.12,-4.7,0,15.15,-7.23,0,0,3,0,0,-483.6,4.86,4.97,NA,16484,20604,53,594,Yes,Yes,3.4,-13.9,7.2,6.1,409,48,16,18,-53,No,No,-24.2,23.59,Medical - Development Biotech,NA,2.9,46,No,0.95,8.5,Yes,553,0,7,18.5,13.18,34.29,37,30,-36,-3.37,Yes,0,4.8,-31.2,65,97,53,0.95,37390,2485.7,4.63,110427.7,-1.5,-16.3,15.2,38.8,A,-19.4,NA,17,11,A,-1.5,-18,34,28.5,14.9,19.8,3,70.8,29,279,12,NA,187.3,2034,Yes,1.08,-191,1660,NA,No,432,NA,No,No,No,36.62,98,No,-5,1.9,-3,23360,NASDAQ,No,67,No,4.8,-,100,102502,-33,70,-4.2,152.6,No,No,5.9,-1.6,MEDICAL,24.7,NA,No,83,1502.8,No,No,No,42.7,3.8,NA,-40.5,-44760.2,2026-08-07,VRDN,10,0,0,0,0,10,0,20,86.66666666666667,25,FALSE,TRUE,Other,Momentum Leader,55.5,Strong
4591,GTLB,GitLab Inc. Cl A,NA,3.1,3,3.2,39.49,12.9,1.1,1,2,799.5,19138615,NA,0,A+,No,No,No,No,Yes,0,9.3,0,2.49,27.91,0,0,83,0,48,-5,6.1,6.02,NA,25.4,25.1,41,29,No,Yes,113.6,11.6,23.7,112.3,52,-,-,12,-6,No,No,3.8,38.97,Computer-Tech Services,NA,2.2,118,No,1.95,0,No,93,38,5.2,13.3,18.73,52.38,136,125,3,1.02,Yes,0,9.22,-25.6,65,98,51,1.99,167793,6026.4,6.41,167800,22.1,94.7,19.6,50.3,D,21.3,NA,35,116,A+,11,-15,25,23.9,11,15.8,9,955.2,270,23,30,NA,23.2,5461,Yes,3.29,-25,10197,NA,No,445,NA,No,No,No,6.51,74,No,35,0.8,-9,26,NASDAQ,No,94,No,6.68,-,91,144351.1,9,60,13.1,23.6,Yes,No,37.4,4.5,BUSINS SVC,12.9,NA,No,51,4847.5,Yes,Yes,Yes,-6.3,-30.7,NA,-6.3,-1.9,2026-08-07,GTLB,20,0,0,7,0,10,10,47,91.33333333333333,25,TRUE,FALSE,Other,Momentum Leader,59.6,Strong
5551,XRX,Xerox Holdings Corp.,NA,5.1,4.9,6.3,3.78,9.8,0,0,2,2954.2,37128036,09/29/2026,0.03,B+,No,No,No,No,No,9.21,37.7,3.4,1.18,1.83,0,0,91,0,10,-6.9,8.64,8.46,NA,20.5,25.7,-1,1,No,No,-187.6,-195,-151.3,-185.2,8,-31,-87,-313,137,No,No,36.7,3.24,Computer-Hardware/Perip,NA,5.3,3,No,0.24,964.4,No,38,65,28.8,33.7,1.19,4.42,1,15,39,0.05,No,0,0.31,-26.7,65,88,51,1.39,14464,422.4,8.83,130779.6,31.2,-41,21.3,36.7,A,38.8,NA,27,27,A,414.6,124,202,6.6,6.1,13,10,7022,-47,22,-162,NA,24.3,4581,No,0.01,-152,2615,NA,No,226,NA,No,No,No,0.05,44,No,159,1.4,-617,13,NASDAQ,No,92,No,1.32,-,70,110335.2,-128,-20,-228.6,24.8,Yes,Yes,37.9,-3.4,COMPUTER,9.8,NA,Yes,46,4449.6,No,No,No,-23.2,-38.5,NA,-105.6,0.7,2026-08-07,XRX,30,0,0,0,0,10,10,50,80,5,TRUE,FALSE,Other,Momentum Leader,39.5,Weak
3815,AMP,Ameriprise Financial Inc.,NA,6.2,5.3,4.8,565.05,1.1,0,0,0,574.8,3277937,08/02/2026,0,A+,No,No,No,No,Yes,0.27,4.7,1.3,8.47,6.28,0.7,0.75,34,51.74,11,23.8,2.54,2.67,NA,8.9,11.5,8,8,Yes,Yes,16,17.9,19,16.6,29,17,17,18,51,Yes,No,12.6,551.98,Finance-Invest Bnk/Bkrs,NA,0,107,Yes,13.52,90.7,Yes,37,13,-9.9,3.7,0,565.05,127,64,-9,43.08,Yes,4,-1.4,-2.31,64,78,95,1.16,320083,49450.7,2.4,88333.2,15.4,-46.6,8.7,20.3,B-,1.7,NA,88,72,A+,2.4,18,11,11.7,0.5,3,67,18293,21,16,10,NA,14.5,687,Yes,-7.84,19,463,NA,No,2512,NA,No,No,No,2.49,0,No,22,1.2,19,5,New York Stock Exchange,No,73,Yes,7.67,Yes,98,88124.9,14,22,20,12.8,Yes,Yes,14.9,-0.8,FINANCE,1.1,NA,No,50,45485.7,No,No,No,10.7,-34.3,NA,60.5,22.2,2026-08-07,AMP,15,8,0,0,0,10,7,40,89,45,FALSE,FALSE,Other,Momentum Leader,50,Improving
4948,ISTR,Investar Holding Corp.,NA,1,1.1,0.9,30.75,-0.2,0,0,4,534.9,166732,06/29/2026,0,C-,No,No,No,No,No,-0.07,27.1,1.6,0.05,17.2,0.41,0.44,26,50.15,10,18.2,2.39,2.24,NA,33.5,38.9,-1,6,No,Yes,30.7,28.2,26.2,27.1,49,25,5,22,7,Yes,No,12.5,30.06,Banks-Regional,NA,1.5,42,No,0.67,17.3,No,270,11,-17.6,1.4,21.35,31.77,62,20,-12,2.74,Yes,60,-0.2,-5.38,64,50,86,0.49,5867,415,2.28,13777.4,8.6,-55.5,3,5.6,B+,-0.2,NA,90,46,D+,6.1,42,4,1.8,-0.3,0.6,78,90.2,-1,64,18,NA,69.6,201,Yes,-0.06,41,88,NA,No,174,NA,No,No,No,3.46,53,No,60,1.6,36,-2,NASDAQ,No,50,Yes,1.06,-,21,12084,-11,20,47.8,47.6,Yes,Yes,5.4,4.8,BANKS,-0.2,NA,No,28,548.3,No,No,No,40.8,-54.6,NA,8.4,16.9,2026-08-07,ISTR,30,12,0,0,0,10,5,57,68.66666666666667,30,TRUE,TRUE,CANSLIM Growth,CANSLIM Growth,57.9,Strong
4104,EQH,Equitable Holdings Inc.,NA,1.7,1.3,1.3,52.59,8.1,0,0,4,1107.7,5453324,08/02/2026,0,A,No,No,No,No,Yes,0.11,29,2.5,10.1,21.54,0,0,14,0,6,-9.9,3,3.05,NA,-27.8,-26.6,-4,3,No,No,9,29.8,21.5,12.6,88,-1,11,19,0,Yes,No,8.1,51.52,Finance-Investment Mgmt,NA,3.5,121,Yes,1.44,0,No,113,8,-3.4,2,0,55.24,79,70,7,6.53,Yes,13,-1.25,-6.73,64,83,86,1.29,178228,14240.2,3.07,272958.1,16.4,-47.4,9.7,20.2,B,13.2,NA,90,52,A+,3.2,27,25,12.5,4.3,5.6,71,15059,29,-30,-5,NA,-18.7,3978,Yes,-0.65,28,2027,NA,No,1047,NA,No,No,No,1.32,0,No,55,1.9,25,-16,New York Stock Exchange,No,84,No,-18.47,-,98,271291.6,10,-3,39.6,-17.8,Yes,Yes,18.8,-25.5,FINANCE,8.1,NA,No,61,5613.7,No,No,No,2.4,9.7,NA,-182.7,-17,2026-08-07,EQH,20,12,0,0,0,10,7,49,87.66666666666667,40,TRUE,FALSE,Other,Momentum Leader,50,Improving
4545,GPC,Genuine Parts Co.,NA,5.3,5.6,5,135.69,9.1,0,0,0,165.5,9114972,06/04/2026,0,B,No,No,No,No,Yes,4.76,29.5,3.4,1.16,21.2,4.12,18.21,55,2077.19,17,0.2,3.45,3.79,NA,5,5.4,6,3,No,Yes,-5,-0.1,1.3,-1.8,6,1,-9,1,1,Yes,No,10.3,135.63,Retail/Whlsle-Auto Parts,NA,0,113,No,4.65,118.4,No,12,18,-10.1,6.7,0,151.57,114,133,-23,7.45,No,12,2.14,-10.52,64,92,48,0.7,213119,18306.4,3.44,137859.8,13.9,-55.3,5.4,28.9,D-,-8.7,NA,28,119,A-,3.6,5,7,16.8,4.5,7.6,56,24300,-13,6,-10,NA,6.4,1866,Yes,2.84,3,827,NA,No,1710,NA,No,No,No,0.75,0,No,2,1.2,1,3,New York Stock Exchange,No,80,No,4.13,-,102,136961.8,-4,5,1.8,5.6,Yes,Yes,16.8,-0.6,RETAIL,9.1,NA,No,52,24556.4,No,No,No,1.2,-41.5,NA,1.5,3.5,2026-08-07,GPC,0,0,0,0,0,10,7,17,78,5,FALSE,FALSE,Other,Momentum Leader,50.2,Improving
3646,ADP,Automatic Data Processing Inc.,NA,5.6,4.9,5.2,280.59,1.8,0,0,0,296.4,14436618,09/10/2026,1.7,A+,No,No,No,No,No,1.95,17.3,2.5,1.05,20.11,1.57,1.88,69,96.84,22,26.1,3.04,3.3,NA,6.9,6.7,8,7,No,Yes,9.9,12.8,11.3,10.7,2,13,10,11,28,No,No,5.5,271.32,Comml Svcs-Outsourcing,NA,0,125,No,8.19,87.4,No,22,24,5,3.6,188.16,310.08,113,25,3,11.12,Yes,2,-0.8,-12.5,63,88,92,0.69,635932,108655.3,3.37,397262.7,15.2,-16.5,10.5,26.7,A,17.3,NA,82,28,A+,1.7,10,9,12.8,1.3,5.2,50,21947.4,9,7,11,NA,6.9,2723,Yes,-2.19,11,2119,NA,No,3263,NA,No,No,No,4.91,23,No,17,1,10,7,NASDAQ,No,82,No,17.9,Yes,65,396586.1,11,7,13.5,6.6,Yes,Yes,19.4,-0.9,BUSINS SVC,1.8,NA,No,50,109940,No,No,No,-10.6,-18.8,NA,72.2,17.9,2026-08-07,ADP,10,0,0,0,0,10,7,27,91,40,FALSE,FALSE,Other,Momentum Leader,59.6,Strong
3767,ALLE,Allegion PLC,NA,3.9,4.1,4.2,170.87,7.3,0,0,0,131.4,4654321,06/14/2026,0,B+,No,No,No,No,No,3.27,20.5,1.4,1.93,18.67,1.61,1.82,60,86.23,18,18.9,2.94,3.06,NA,9.6,10.6,9,6,Yes,Yes,8.2,6.2,6.3,5.9,17,11,8,5,27,No,No,6.1,168.94,Security/Sfty,NA,0,123,No,4.43,102,Yes,46,20,1.8,5.4,0,183.11,121,31,-17,8.44,Yes,6,0.14,-7.74,63,93,91,0.87,178301,14345.7,3.23,85036.8,11.3,-14.9,21.3,23.5,A,-6,NA,70,15,A-,8.3,10,9,19.8,4,11.9,58,4067.3,8,13,8,NA,11.2,1273,Yes,0.24,8,1066,NA,No,1894,NA,No,No,No,3.35,0,No,18,1.5,-3,8,New York Stock Exchange,No,77,No,6.78,-,100,84754,4,6,7.2,10.6,Yes,Yes,14.4,-2.3,BUSINS SVC,7.3,NA,No,59,16139.8,No,No,No,3.2,-2.9,NA,36.1,16,2026-08-07,ALLE,15,0,0,0,0,10,7,32,92.33333333333333,35,FALSE,FALSE,Other,Momentum Leader,59.6,Strong
4320,FNV,Franco-Nevada Corp.,NA,3.3,3.7,3.6,245.79,12.1,0,0,5,736.2,3089515,06/10/2026,0,C-,No,No,No,No,Yes,0,-113.3,0.8,6.15,30.84,3.92,4.32,80,130.38,28,77.7,3.74,3.38,NA,65,70.4,5,15,No,Yes,67.9,98.6,90.3,80.4,56,8,19,93,12,Yes,No,15.1,238.65,Mining-Gold/Silver/Gems,NA,5.6,19,Yes,7.12,0,No,89,35,-4.3,1.6,0,285.67,65,141,-10,6.9,Yes,16,3.28,-16.46,63,76,85,0.55,177503,44618.9,3.26,192855.5,5.4,65.2,13.9,4.6,D+,2.8,NA,98,104,B-,12.9,51,14,10.8,8.3,12.3,13,1822.8,-10,77,74,NA,81.4,855,No,7.57,58,1385,NA,No,1535,NA,No,No,No,21.86,0,No,122,1,95,64,New York Stock Exchange,No,54,No,5.68,Yes,103,191615,79,65,108.6,79.9,Yes,Yes,1.5,1.3,MINING,12.1,NA,No,58,43020.6,Yes,Yes,Yes,39.2,10.2,NA,16.3,72.1,2026-08-07,FNV,35,15,0,7,0,10,5,72,79.66666666666667,55,TRUE,FALSE,CANSLIM Growth,CANSLIM Growth,52.3,Improving
4064,EMBJ,Embraer S/A ADR,NA,1.7,1.4,1.4,73.25,6.8,2.1,2,0,2507.6,2072242,12/27/2018,0,B+,No,No,No,No,No,1.16,28.3,0.8,1.48,16.66,0,0,86,164.02,25,3.6,3.39,3.21,NA,21.8,21.5,15,19,No,Yes,47.2,-5.8,-9.6,71.9,28,-,78,-29,11,No,No,13.4,73.01,Aerospace/Defense,NA,0,66,No,2.11,75.5,Yes,97,43,2.1,1.2,0,80.75,104,87,-10,1.7,Yes,0,1.5,-9.59,63,87,83,1.27,71697,13002.2,2.97,183658.2,12.5,8.9,10.7,7.8,C+,2.8,NA,73,84,A,-24.6,46,32,15.3,4.2,8.2,39,7577.5,115,31,0,NA,22.9,1160,Yes,1.08,45,1235,NA,No,321,NA,Yes,No,No,1.69,0,No,-54,1.5,83,14,New York Stock Exchange,No,75,No,3.97,-,100,177942.6,-47,-21,14.8,21.4,No,No,11.9,-1.2,AEROSPACE/DEFENSE,6.8,NA,No,21,13038.2,No,No,No,26,1.7,NA,10.7,2.3,2026-08-07,EMBJ,7,0,0,0,0,10,7,24,82.66666666666667,25,FALSE,TRUE,Other,Momentum Leader,57.4,Strong
4309,FMX,Fomento Economico Mexicano S.A.B. de C.V. ADR,NA,4,3.8,3.5,141.47,-4.3,0,0,0,655.9,1914491,07/14/2026,0,E,No,No,No,No,No,4.28,16.5,2.2,1.14,11.56,5.61,11.66,67,91.6,24,6.3,2.82,3.06,NA,14.3,20,13,4,No,No,51.8,122.6,78.1,46.5,8,2,-31,95,-2,No,No,21.2,122.46,Beverages-Non-Alcoholic,NA,0,62,No,3.93,90.5,No,25,23,-8.7,1.1,0,141.47,58,24,0,5.25,Yes,62,0.23,-13.44,63,28,68,0.48,68972,24621.5,3.25,201518.5,9.4,-12.4,-5.4,2.1,B,11,NA,87,69,E,-13.4,72,-5,-3.1,-2.6,-4,27,48747.6,-27,17,-18,NA,18.5,549,No,0.28,195,530,NA,No,287,NA,Yes,No,No,0.5,0,No,124,1.1,193,3,New York Stock Exchange,No,47,Yes,3.34,-,95,173631.4,51,-55,158.6,20.7,Yes,Yes,5,9.1,FOOD/BEV,-4.3,NA,Yes,22,32261.7,No,No,No,38.8,-0.4,NA,6.7,2.4,2026-08-07,FMX,30,15,0,0,0,10,5,60,53,20,TRUE,FALSE,CANSLIM Growth,CANSLIM Growth,51.9,Improving
5497,WTI,W&T Offshore Inc.,NA,2.5,3,3.6,3.62,-4.5,1.4,1,0,745.5,19432059,08/18/2026,0.01,D-,No,No,No,No,Yes,21.97,18.1,1.1,1.17,6.5,0,0,40,0,0,-19.8,6.98,6.45,NA,8.1,13.7,-4,-6,Yes,No,16.9,83.7,80.4,52.3,45,-46,-102,63,0,Yes,No,110.4,3.43,Oil&Gas-Explorers/Producers,NA,0,56,No,0.22,0,Yes,72,0,21.9,20,0,5.08,67,44,46,-0.17,No,0,2.69,-32.48,63,23,30,0.84,16345,504.1,6.39,150943,21.1,30.7,3.6,-10.2,C,44.1,NA,37,96,E,-42.9,93,-264,-2.5,0.8,-1.5,40,501.5,-207,33,20,NA,24.2,4610,No,0.09,30,5845,NA,No,164,NA,No,No,Yes,0.92,0,No,125,1.1,104,-5,New York Stock Exchange,No,56,Yes,-2.64,Yes,97,98698.5,22,71,114.4,16.5,Yes,Yes,8.6,5.1,ENERGY,-4.5,NA,No,48,706.5,Yes,Yes,Yes,99.4,20.8,NA,0,7.7,2026-08-07,WTI,32,15,0,5,0,10,10,72,38.666666666666664,20,TRUE,TRUE,CANSLIM Growth,CANSLIM Growth,34,Weak
4159,EVER,EverQuote Inc. Cl A,NA,5,5.2,5.9,27.49,1.9,1.6,2,5,2437.5,5335958,NA,0,A,No,No,No,No,Yes,0.01,7,0,3.33,10.18,0,0,16,32.88,13,8.9,5.77,5.72,NA,25.1,23,12,42,No,Yes,226.3,141.2,121.2,122.8,90,-,-,130,53,No,No,-4.8,25.71,Insurance,NA,3.9,105,No,1.43,0.6,Yes,129,8,14.3,20.1,13.88,28.73,97,32,25,3.08,Yes,0,7.93,-10.51,62,76,83,1.23,17293,841.5,5.67,31769,21.6,-20.9,1.7,24.8,B,42.1,NA,52,60,A+,1.4,-24,12,11.5,2.2,1,74,692.5,157,25,199,NA,19.5,755,No,1.89,-2,583,NA,No,352,NA,No,No,No,1.08,62,No,36,1.7,21,38,NASDAQ,No,89,No,3.53,-,82,26584.6,367,61,28.4,23.8,Yes,No,29.6,-0.3,INSURANCE,1.9,NA,No,62,663.8,No,No,No,6.5,25,NA,53.2,9.8,2026-08-07,EVER,20,15,0,0,0,10,10,55,83.66666666666667,45,FALSE,TRUE,CANSLIM Growth,CANSLIM Growth,60.8,Strong
4521,GMAB,Genmab A/S ADR,NA,4.6,4.4,3.6,31.79,8.2,0,0,3,1298.7,7558770,NA,0,B,No,No,No,No,No,1.06,23.9,0,2.18,16.47,0.86,0.86,61,90.72,25,32.4,2.92,2.96,NA,22.5,23.9,29,22,No,Yes,7.5,-51.5,-7.4,8.2,12,24,26,-35,18,No,No,1.5,31.25,Medical - Profitable Biotech,NA,5.7,40,Yes,0.84,87.8,No,53,21,-17,1.3,21,35.43,94,84,-17,1.46,Yes,22,4.76,-11.8,62,85,79,0.7,51844,17294.7,2.68,623532.5,7.8,85.8,7.1,15.5,C+,1.1,NA,54,83,A+,37.9,-25,47,14.4,7.1,7.9,34,3720,77,25,-9,NA,25.1,1891,Yes,1.42,-41,3507,NA,No,131,NA,Yes,No,No,4.99,38,No,-9,1.1,-73,20,NASDAQ,No,72,No,3.38,Yes,85,591869.5,-72,125,-41.1,22.8,No,No,10.1,-5.1,MEDICAL,8.2,NA,No,7,21118.8,No,No,No,37.7,28.1,NA,17.7,5.9,2026-08-07,GMAB,5,0,0,7,0,5,5,22,85.33333333333333,25,FALSE,TRUE,Other,Momentum Leader,55.5,Strong
4124,ESE,ESCO Technologies Inc.,NA,2.3,2.6,2.5,336.77,-3,0,0,1,743.3,703152,07/01/2026,0,E,No,No,Yes,No,No,0.89,33,0.1,1.45,32.74,1.51,1.52,83,223.91,35,14,3.65,3.74,NA,16,16.6,12,11,No,Yes,45.5,45,48.4,45.8,21,25,33,46,8,No,No,56.5,305.72,Machinery-Gen Industrial,NA,1.5,41,Yes,12.32,14.6,No,66,38,-3.8,2.7,0,362.15,86,73,24,8.07,Yes,9,-6.8,-15.58,62,16,77,0.96,79757,8498.3,3.47,25907.2,13.1,81.5,-8.3,-8.1,B,20.8,NA,97,54,E,3.9,38,12,-5.2,-3.6,-5,20,1095.4,13,14,44,NA,15.5,247,No,-22.31,11,434,NA,No,659,NA,No,No,No,6.14,0,No,40,1.2,41,7,New York Stock Exchange,No,48,Yes,5,-,91,25768.5,53,59,40.8,16.1,Yes,Yes,5.3,5.8,MACHINE,-3,NA,No,67,8639.5,Yes,Yes,Yes,61,-5.4,NA,8.4,9.7,2026-08-07,ESE,20,12,0,7,0,10,7,56,51.666666666666664,35,FALSE,FALSE,CANSLIM Growth,CANSLIM Growth,43.1,Weak
4231,FDS,FactSet Research Systems Inc.,NA,5.9,5.8,5.2,295.58,8.5,0,0,0,189.7,5024927,05/28/2026,0,A+,No,No,No,No,No,16.53,14.3,1.8,0.68,15.09,1.38,1.63,49,72.62,15,31.1,5.11,5.15,NA,6.5,6.6,9,6,No,Yes,3.5,4.5,5.4,3.9,5,10,7,5,22,Yes,No,-1.6,285.57,Comml Svcs-Market Rsrch,NA,0,139,No,12.86,69.8,No,15,16,-9.7,14.2,0,389.96,133,113,18,17.55,Yes,4,4,-26.77,62,93,74,0.65,236051,9765.6,4.68,35565.5,15.4,-5.8,10.6,27.5,D+,37.7,NA,66,105,A+,1.8,5,10,14.3,4.2,8.6,54,2321.7,13,6,3,NA,6.7,986,Yes,10.99,7,941,NA,No,1158,NA,No,No,No,4.17,0,No,6,1.1,4,5,New York Stock Exchange,No,88,No,5.03,Yes,102,35459.9,3,8,5.1,6.8,Yes,No,20.7,-1.4,BUSINS SVC,8.5,NA,Yes,61,11085.2,Yes,No,No,-26.1,-20.1,NA,29.1,20.3,2026-08-07,FDS,0,0,0,0,0,10,7,17,86.33333333333333,30,FALSE,FALSE,Other,Momentum Leader,59.6,Strong
3786,ALTI,AlTi Global Inc.,NA,9,8.1,7.7,4.76,23.6,0,0,4,1107.7,1732591,NA,0,B,No,No,No,No,No,6.05,-67.8,0,1.06,-8.71,0,0,52,0,15,-41,7.03,7.26,NA,24.3,26.8,0,36,No,No,-19.6,6.3,-16.1,-29.1,34,-,-16,40,-30,No,No,-4.1,4.45,Finance-Investment Mgmt,NA,3.5,121,No,0.26,25.6,No,113,0,-3.9,2.4,2.75,5.45,79,70,-19,-1.21,No,0,2.53,-18.27,62,93,57,0.52,832,658,6.83,107438.1,13.4,32.3,11,16.5,B,-2.4,NA,26,52,A,-83.3,122,48,30.1,14,21.1,52,255,45,26,20,NA,45.8,228,Yes,0.11,118,296,NA,No,103,NA,No,No,No,1.76,94,No,-71,1.6,68,24,NASDAQ,No,77,No,1.83,-,73,72315.6,22,-83,-1.4,33.3,Yes,No,16.8,8.4,FINANCE,23.6,NA,Yes,16,504.4,No,No,No,-3.2,127,NA,-9.1,9.6,2026-08-07,ALTI,7,0,0,5,0,7,7,26,80.66666666666667,15,FALSE,FALSE,Other,Momentum Leader,50,Improving
5062,TNK,Teekay Tankers Ltd.,NA,2,2.4,2.4,81.5,-2.7,2,1,2,72.6,934829,08/09/2026,0.25,C-,No,No,No,No,Yes,0.02,2.9,1.3,9.99,8.78,0.16,0.17,8,17.28,6,36.5,4.08,4.31,NA,14,32.7,23,-24,Yes,Yes,74.1,195.3,142.4,103.1,37,34,-21,137,16,Yes,No,44.6,77.25,Transportation-Ship,NA,4.1,25,No,3.13,1.2,Yes,49,6,1.2,0,0,83.99,9,18,6,13.59,Yes,67,0.21,-8.02,61,45,83,0.47,25775,2673.5,4.01,30054.1,13.4,-42.2,11.4,-4.9,A-,15.7,NA,86,36,D,-0.8,139,-48,5.8,-0.2,2.8,65,506.6,-30,121,-32,NA,78.1,358,Yes,0.16,211,212,NA,No,332,NA,No,No,Yes,3.19,0,No,294,1,205,-23,New York Stock Exchange,No,62,Yes,1.13,-,95,0,87,-16,249.6,51.1,Yes,Yes,7.9,-2.1,TRANSPORTATION,-2.7,NA,No,44,1165.7,No,No,No,70,-5.7,NA,18.5,59.5,2026-08-07,TNK,35,15,0,0,0,10,7,67,65,55,TRUE,TRUE,CANSLIM Growth,CANSLIM Growth,49.2,Improving
4575,GSHD,Goosehead Insurance Inc. Cl A,NA,4.3,3.5,3.6,70.88,5.2,1.6,2,5,2437.5,1970534,NA,0,A,No,No,No,No,Yes,11.02,30.1,0,1.54,27.07,0.74,0.74,77,188.57,29,13.9,7.06,6.82,NA,18.4,17.9,24,19,No,Yes,8.8,18,11.5,12,71,42,27,2,0,No,No,-11.5,65.2,Insurance,NA,3.9,105,No,3.81,0,No,129,31,5.2,9.2,33.68,90.79,97,32,-9,2.11,Yes,21,-2.19,-28.19,61,92,83,1.29,30469,2367.5,7.37,23802.8,17,-29.8,17.3,54.8,B,-1.5,NA,91,60,A+,35,15,25,32.1,-1.3,9.1,6,365.3,50,21,-7,NA,21.9,621,Yes,-1.46,15,430,NA,No,323,NA,No,No,No,3.86,18,No,31,1.8,42,16,NASDAQ,No,85,No,-13.81,Yes,44,21578,-19,-8,36.5,18.6,Yes,Yes,29.6,-5.8,INSURANCE,5.2,NA,No,75,1907.9,No,No,No,-25.2,-33.7,NA,0,8.9,2026-08-07,GSHD,20,8,0,0,0,10,7,45,98.66666666666667,35,TRUE,TRUE,Other,Momentum Leader,60.8,Strong
4926,IR,Ingersoll Rand Inc.,NA,3.9,4,3.5,91.78,4.3,0,0,1,743.3,14070824,08/12/2026,0.02,B+,No,No,No,No,No,2.21,29.4,0.1,1.62,25.72,1.92,1.94,70,141.42,24,12.2,3.39,3.42,NA,7.2,7.8,9,6,No,Yes,3.3,9.6,7.8,5.5,24,13,7,8,6,No,No,9.8,86.97,Machinery-Gen Industrial,NA,1.5,41,No,2.81,49.1,Yes,66,25,-13.1,3.6,0,100.96,86,73,-21,3.45,Yes,6,-1.44,-13.86,61,79,81,1.19,334775,34237.1,3.51,387999.4,6.3,27.7,10.5,12.2,B,-11.7,NA,73,54,A-,4,6,10,9.6,0.4,3.7,70,7650.9,11,9,2,NA,8.1,4343,Yes,-1.27,5,5377,NA,No,2123,NA,No,No,No,4.25,0,No,7,1.5,7,6,New York Stock Exchange,No,57,No,3.32,Yes,95,387189.6,14,2,7.2,8.8,Yes,Yes,5,-1,MACHINE,4.3,NA,No,69,38688.6,No,No,No,14,22.9,NA,5.7,12.5,2026-08-07,IR,0,0,0,5,0,10,5,20,75.66666666666667,20,FALSE,FALSE,Other,Momentum Leader,43.1,Weak
4828,IGIC,International General Insurance Holdings Ltd.,NA,2.6,2.5,3.1,29.59,-3,1.6,2,5,2437.5,244326,08/17/2026,0.08,A-,No,No,No,No,No,0,0,1.1,0.86,10.93,0.36,0.37,25,40.99,10,24.6,2.86,2.99,NA,-2,-2,10,5,Yes,Yes,-9.2,-10.3,-7.8,-5.1,43,29,4,-6,8,No,No,7.9,27.06,Insurance,NA,3.9,105,No,0.82,0,Yes,129,11,20.9,1.8,20.82,29.59,97,32,-8,2.51,Yes,23,0.22,-8.53,61,47,74,0.31,2498,1151.7,2.87,42654.2,8,75.7,-4.2,4.6,B,5.7,NA,57,60,C+,-28.3,-9,17,1.4,-2.8,-3,54,516.9,17,8,-3,NA,2.7,93,No,0.06,-16,163,NA,No,40,NA,No,No,No,2.2,66,No,-43,1.1,-5,-3,NASDAQ,No,50,Yes,1.72,-,35,14394.1,17,0,-24,-0.4,No,No,6.1,0,INSURANCE,-3,NA,No,44,950.5,No,No,No,13,72.6,NA,18.5,14.6,2026-08-07,IGIC,0,0,0,7,0,10,5,22,62.666666666666664,30,FALSE,FALSE,Value + Quality,Value + Quality,60.8,Strong
4847,IMCR,Immunocore Holdings PLC ADR,NA,22.7,19.8,17.4,35.87,0.6,1.8,1,2,246.6,8940861,NA,0,A+,No,No,No,No,Yes,0.54,-38.6,0,4.18,0,0,0,56,0,0,-4.8,4.41,4.58,NA,23.1,21.4,0,26,No,Yes,41.4,70.8,28.8,25.7,35,-,-,-,-10,No,No,-2,34,Medical - Revenue Biotech,NA,3.6,86,No,1.51,114.1,Yes,55,0,-12.1,17.8,27.55,40.71,106,130,-2,-0.37,Yes,0,-1.45,-16.49,61,75,72,0.78,17788,1753.7,4.53,50865.6,4.6,-14.7,1.8,11,B-,6.3,NA,63,75,A+,-305.3,88,-623,7.7,1.2,0.2,56,400,10,18,30,NA,16,581,No,-0.5,-2633,492,NA,No,134,NA,Yes,No,No,4.01,55,No,90,1.7,150,29,NASDAQ,No,64,No,4.42,-,75,50342.9,-28,-97,120,18.8,Yes,No,8.1,-10.1,MEDICAL,0.6,NA,No,64,1264.7,No,No,No,6.5,-13.8,NA,-9.6,12.2,2026-08-07,IMCR,25,15,0,0,0,10,5,55,71.33333333333333,20,TRUE,FALSE,CANSLIM Growth,CANSLIM Growth,55.5,Strong
4853,IMO,Imperial Oil Ltd.,NA,28.1,29.5,35.4,129.96,-3.6,0,0,0,2245.1,20199258,06/03/2026,0,C,No,No,No,No,Yes,1.51,15.3,1.4,1.38,13.12,0,0,49,77.82,13,9.4,2.82,2.58,NA,2.4,6.9,3,-4,Yes,Yes,16.6,35.3,24.6,17.4,16,-,0,10,10,No,No,44.8,124.95,Oil&Gas-Integrated,NA,0,43,No,3.13,18.5,Yes,22,16,19.9,13.7,0,139.44,49,42,3,7.65,Yes,0,-1.06,-10.39,61,35,66,0.63,60111,61060,2.6,483592.7,10.9,-30.7,7.2,-0.7,C+,10.9,NA,66,87,C-,9.1,52,-11,3.3,-1.5,-0.2,22,34765.7,-1,41,1,NA,20.7,574,Yes,-1.34,91,365,NA,No,1091,NA,No,No,No,1.61,0,No,139,1,-22,-9,NYSE American,No,47,Yes,3.49,-,97,148022.5,-11,-7,58.5,12.4,Yes,Yes,4.5,5.1,ENERGY,-3.6,NA,No,60,62868.5,No,No,No,47.1,-13.5,NA,14.4,13.8,2026-08-07,IMO,32,12,0,0,0,10,7,61,56,40,TRUE,TRUE,CANSLIM Growth,CANSLIM Growth,34,Weak
5294,VG,Venture Global Inc.,NA,2,2.5,2.6,14.11,-0.9,0,0,0,2245.1,41503543,06/14/2026,0,B,No,No,No,No,No,-395.83,-11.6,0.5,0.87,4.96,0,0,43,53.4,8,24.4,5.74,5.8,NA,158.9,172.5,0,0,No,Yes,1002.6,1948,1482.6,1184.7,8,-,-,69,43,No,No,94.4,13.26,Oil&Gas-Integrated,NA,0,43,No,0.73,509.2,No,22,15,2.4,8.3,0,17.62,49,42,32,0.9,No,0,-2.36,-24.74,61,50,65,0.9,177119,33737.6,6.16,515753.6,22.6,-37,14.4,13.4,C+,33.9,NA,50,87,B,51.6,77,-53,6.1,2.1,-0.8,33,13769,-48,59,51,NA,125.3,14219,No,-0.32,246,8874,NA,No,299,NA,No,No,No,0.44,0,No,27,0.9,24,177,New York Stock Exchange,No,64,Yes,4.55,Yes,97,502672,5793,87,25.5,170,Yes,No,11.2,11.6,ENERGY,-0.9,NA,No,30,63551.6,No,No,No,-3,-20.2,NA,41.9,13,2026-08-07,VG,25,15,0,0,0,10,10,60,60.666666666666664,20,FALSE,FALSE,CANSLIM Growth,CANSLIM Growth,34,Weak
4537,GOLD,Gold.com Inc.,NA,6.3,6,6.2,44.96,5.2,0,0,0,574.8,3046848,05/19/2026,0,D,No,No,No,No,No,0.48,28.8,1.9,1.18,7.93,0,0,39,56.92,13,0.2,4.2,4.18,NA,86.1,103.8,16,25,Yes,No,49.5,234.7,159.6,73.4,10,-39,-57,85,2,Yes,No,27.8,43.51,Finance-Invest Bnk/Bkrs,NA,0,107,No,1.72,56.4,Yes,37,14,4.2,15.5,0,66.7,127,64,-30,3.16,No,68,3.55,-34.77,61,59,57,0.99,17014,1218.8,4.2,29004.4,6.1,12.8,0.4,0,B-,-21.3,NA,66,72,D,45.4,465,-15,5.4,3.8,7.6,60,10978.6,-69,244,-74,NA,190.1,413,No,1.49,130,455,NA,No,327,NA,No,No,No,0.05,0,No,681,1,70,13,New York Stock Exchange,No,37,No,1.46,-,97,19668.8,-47,-66,375.5,138.6,Yes,Yes,-3.4,5.8,FINANCE,5.2,NA,No,57,2085.7,No,No,No,96.2,18.1,NA,2.8,0.6,2026-08-07,GOLD,35,15,0,0,0,10,5,65,61,20,TRUE,TRUE,CANSLIM Growth,CANSLIM Growth,50,Improving
3629,ACTG,Acacia Research Corp. - Acacia Technologies,NA,8,7.5,6.5,4.99,8.8,0,0,2,2196.3,1674008,NA,0,E,No,No,No,No,Yes,0.26,5.3,0,4.76,6.22,0.87,0.87,91,78.34,0,11,3.01,3.26,NA,64.6,56.2,45,72,No,Yes,61.2,113,107.2,63.8,21,69,59,-213,4,No,No,28.9,4.82,Diversified Operations,NA,8,76,No,0.15,18.5,Yes,25,60,-12.9,1.8,3.13,5.27,72,46,4,0.08,Yes,0,3.21,-8.54,61,51,54,0.85,1201,451.1,3.55,96589.1,12.2,7.9,8.3,2.4,B+,14.8,NA,49,47,E,244.4,-213,-3,4.6,5,5.9,-,285.2,-49,124,114,NA,33.6,258,No,0.15,-900,276,NA,No,156,NA,No,No,No,1.67,95,No,317,1,-121,133,NASDAQ,No,58,Yes,0.7,-,69,94929,143,90,98,23.3,No,Yes,6.7,3.3,MISC,8.8,NA,No,80,226,No,No,No,45,31.3,NA,4.1,0,2026-08-07,ACTG,35,15,0,0,0,10,7,67,57.333333333333336,25,TRUE,TRUE,CANSLIM Growth,CANSLIM Growth,68.5,Leading
5284,VEEV,Veeva Systems Inc. Cl A,NA,2.3,2.2,2.4,231.66,13.1,8.3,2,0,53.7,7918041,NA,0,A+,No,No,No,No,Yes,0.01,11.4,0,4.74,27.2,1.26,1.26,74,157.27,25,37.4,4.47,4.15,NA,16.3,16.3,15,15,No,Yes,21.5,16.2,17.9,20.6,19,22,28,18,14,No,No,3.2,230.47,Computer Sftwr-Medical,NA,0,142,Yes,7.86,1.2,Yes,24,28,9.2,5.4,0,310.5,132,76,5,8.33,Yes,5,5.82,-25.77,60,97,94,1,420289,35380.2,4.07,162443.3,14,27.1,19.8,37,A,25.5,NA,91,16,A+,4.7,12,11,25.5,10.3,15.4,36,3195.3,36,16,23,NA,16.1,2343,Yes,12.67,12,2565,NA,No,2598,NA,No,No,Yes,11.28,0,No,14,1.4,18,16,New York Stock Exchange,No,91,No,5.14,Yes,106,147761.6,17,23,16,16.1,Yes,No,25.5,4.9,SOFTWARE,13.1,NA,No,59,28218.2,No,No,No,-17.6,-8.3,NA,13.9,29.6,2026-08-07,VEEV,15,8,0,0,0,10,7,40,98.66666666666667,50,FALSE,FALSE,Other,Momentum Leader,58.7,Strong
5559,YAHOY,LY Corp. ADR,NA,0,0,0,6.12,8.5,0,0,1,3815.1,0,03/30/2026,0,A,No,No,No,No,No,-2.14,8.2,0.9,0.81,5.01,0.96,1.02,41,60.97,0,14.8,1.2,1.28,NA,6.6,4.8,0,3,No,Yes,62.4,19.3,64,44.8,11,14,30,51,5,No,No,14.4,6.09,Retail-Internet,NA,1.7,126,Yes,0.07,37,No,60,14,0,0,0,6.85,34,29,0,0.43,Yes,24,3.57,-11.06,60,84,83,0.11,798,20046.7,1.19,3442392.3,15.2,-63.6,10.8,8.2,B+,12.9,NA,90,45,A+,0,0,0,13.5,6.1,8.7,54,13513.4,31,3,40,NA,5.1,154,Yes,0.21,0,51,NA,No,2,NA,Yes,No,No,1.54,0,No,50,1,-14,7,US OTC,No,84,No,1.13,Yes,103,0,23,198,17.7,2.8,Yes,Yes,16.8,0,RETAIL,8.5,NA,No,0,24233.4,Yes,No,No,-8,-80.3,NA,6.6,10.5,2026-08-07,YAHOY,15,8,0,0,0,0,7,30,80.66666666666667,25,TRUE,FALSE,Other,Momentum Leader,50.2,Improving
4193,EZPW,Ezcorp Inc. Cl A,NA,15,13.1,11.6,31.8,-6.3,0,0,0,123.2,11344144,NA,0,E,No,No,No,No,Yes,0.79,23.8,0,4.81,15.25,0.41,0.41,41,54.26,14,11.5,5.09,5.26,NA,24.9,28.5,15,14,No,Yes,39.9,48,43.7,43.6,12,35,28,47,12,No,No,43.7,27.9,Finance-Consumer Loans,NA,0,101,No,1.7,68.6,No,21,14,-11.2,20.9,15.22,37.13,107,47,14,1.94,Yes,12,-4.39,-24.85,60,6,77,0.58,32204,1795.6,5.14,58565.8,6.9,80.4,-21.3,-15.1,A-,8.9,NA,97,40,E,15.8,42,7,-12.2,-5.9,-9.8,35,1274.3,22,35,28,NA,40.3,1019,No,-1.28,26,1766,NA,No,364,NA,No,No,No,1.03,29,No,42,0.9,71,10,NASDAQ,No,32,Yes,1.47,-,15,54281.5,31,31,56.5,33.3,Yes,Yes,-2.1,9.6,FINANCE,-6.3,NA,No,84,2127.7,No,No,No,82.6,5.1,NA,12,9.1,2026-08-07,EZPW,22,12,0,7,0,10,5,56,47.666666666666664,35,FALSE,TRUE,CANSLIM Growth,CANSLIM Growth,50,Improving
5252,UTHR,United Therapeutics Corp.,NA,4.5,4.3,4.1,541.03,4.1,0,0,3,1298.7,2088748,NA,0,E,No,No,No,No,Yes,0,20.3,0,5.73,16.53,0.84,0.84,58,72.4,20,53.9,2.41,2.52,NA,4.5,2.6,17,16,No,Yes,9.1,8.5,9.4,9.4,40,23,17,8,20,No,No,10.6,538.84,Medical - Profitable Biotech,NA,5.7,40,No,13.51,0,No,53,19,-3.7,5.1,292.34,609.35,94,84,-2,27.95,Yes,9,1.11,-11.57,60,34,76,0.41,260413,22858.2,2.48,42890.7,4.3,160.2,-4.4,-5.3,C+,11,NA,79,83,D,6,-6,11,-0.2,2.7,1.9,40,3182.7,24,-2,13,NA,-1.8,509,No,5.9,-10,1199,NA,No,1841,NA,No,No,No,7.33,87,No,13,0.9,-12,11,NASDAQ,No,42,Yes,3.59,-,96,41408.3,24,12,0.6,1.3,Yes,No,1.4,1,MEDICAL,4.1,NA,No,60,19110,Yes,Yes,Yes,80,36.7,NA,19.7,42.5,2026-08-07,UTHR,10,0,0,10,0,10,5,35,56.666666666666664,50,FALSE,FALSE,Value + Quality,Value + Quality,55.5,Strong
4173,EVVTY,Evolution Gaming Group AB ADR,NA,0,0,0,77.85,1.5,6.1,2,0,189.8,0,05/14/2025,0,A+,No,No,No,No,Yes,0.08,8.6,3.4,2.04,11.1,0.56,0.66,33,222.67,12,60.3,1.51,1.54,NA,4.5,3.2,19,10,No,Yes,-1.1,0.9,-2.9,-2.1,22,19,8,-3,13,No,No,13.5,77.51,Leisure-Gaming/Equip,NA,0,128,No,1.1,1.8,No,33,13,0,0,0,92.52,123,89,12,6.2,Yes,10,1.21,-16.22,60,67,72,0.72,2199,15328.8,1.53,199226.6,14,-66.9,11.9,11.3,D,24.9,NA,69,111,A+,-2.1,-1,14,5.8,0.7,4.4,79,2437,15,-2,0,NA,-0.5,30,Yes,0.93,6,10,NA,No,3,NA,Yes,No,No,6.46,0,No,3,1.3,5,5,US OTC,No,72,No,3.11,Yes,100,0,-5,-14,3.8,2.6,Yes,No,14.1,0,LEISURE,1.5,NA,No,0,13751.2,No,No,No,-14.9,269.5,NA,26.9,48.6,2026-08-07,EVVTY,0,0,0,0,0,0,7,7,68.33333333333333,55,FALSE,FALSE,Value + Quality,Value + Quality,44.8,Weak
5131,TTAN,ServiceTitan Inc. Cl A,NA,5.6,6.3,5.8,88.63,3.3,0,0,0,271.3,9621042,NA,0,A+,No,No,No,No,Yes,0.2,44.8,0,4.32,71.99,0,0,93,0,63,-16.3,6.67,6.56,NA,24.6,24.1,0,26,No,No,252,360.1,315.9,278.5,33,-,95,154,-11,No,No,-19.4,85.83,Comp Sftwr - Specialty Enterprise,NA,0,130,No,4.99,2.4,Yes,48,71,-7.4,16.9,54.17,119.99,109,134,26,1.21,No,0,0.28,-28.47,60,91,62,0.82,128177,8165.1,6.75,82746.4,9.3,-35.9,7.7,31.4,E,34.7,NA,78,140,A+,34.1,28,25,15.4,3.7,8.7,8,961,113,25,206,NA,23,1739,Yes,0.24,6,1069,NA,No,385,NA,No,No,No,7,12,No,106,1.9,141,24,NASDAQ,No,83,No,5.25,-,61,56918.2,834,183,123.3,23.7,Yes,Yes,18.9,17,SOFTWARE,3.3,NA,No,62,7874.3,No,No,No,-22,-52.1,NA,-10.7,-8.5,2026-08-07,TTAN,30,15,0,0,0,10,5,60,86,35,FALSE,TRUE,CANSLIM Growth,CANSLIM Growth,58.7,Strong
3869,APEI,American Public Education Inc.,NA,8,7.7,6.8,54.94,5.6,0,0,0,45.1,1909105,NA,0,E,No,No,No,No,Yes,0.9,13.6,0,2.98,15.43,1.43,1.43,73,107.28,21,6.7,4.63,5.04,NA,4.5,3.9,13,4,No,No,272.3,261.9,213.1,327.1,23,19,120,81,9,No,No,35.6,51.24,Consumer Svcs-Education,NA,0,110,No,2.67,51.4,Yes,38,27,-11.5,11,27.74,61.59,76,58,1,1.89,Yes,99,0.91,-16.8,60,22,60,0.78,15550,931.5,5.28,18343.5,9.1,-4,-13.7,-6.3,B-,14.1,NA,60,79,D,46.8,87,17,-2.6,0.2,-0.3,17,648.9,119,6,147,NA,1.3,296,No,0.46,1892,273,NA,No,325,NA,No,No,Yes,1.43,9,No,129,1.3,6,4,NASDAQ,No,36,Yes,3.08,-,43,17365.4,650,67,67.8,3.1,Yes,Yes,0.8,5.5,CONSUMER,5.6,NA,No,60,917.9,No,No,No,76.5,2.8,NA,10.5,10.2,2026-08-07,APEI,25,15,0,0,0,10,5,55,47.333333333333336,35,FALSE,FALSE,CANSLIM Growth,CANSLIM Growth,55.4,Strong
5308,VIR,Vir Biotechnology Inc.,NA,10.8,9.9,9.6,9.7,1.8,0.9,5,16,484.8,18452974,NA,0,E,No,No,No,No,No,0.19,-6.3,0,6.04,-3.12,0,0,80,0,0,-638.6,5.2,4.97,NA,3949.8,4952.4,-51,-29,No,No,30.8,73.8,61.6,53.6,242,-39,-8,33,-46,No,No,46.3,8.82,Medical - Development Biotech,NA,2.9,46,No,0.47,11.6,Yes,553,0,-3.6,13.8,4.16,11.66,37,30,13,-1.86,No,0,0.63,-24.36,60,19,42,1.35,18134,1483.2,5.01,169216,8.3,-13.4,-14,-4.9,A,22.7,NA,48,11,E,41.3,46,-44,-5.1,-0.5,-3.7,80,68.6,17,19583,17,NA,9740.8,1954,No,0.06,38,1663,NA,No,394,NA,No,No,No,4.92,25,No,159,0.9,3,-8,NASDAQ,No,33,Yes,1.52,-,24,133733.8,59,25,81.1,6633.1,Yes,Yes,-0.4,3.1,MEDICAL,1.8,NA,No,63,1165.3,No,No,No,102.8,-21.3,NA,-45.7,33.5,2026-08-07,VIR,35,15,0,0,0,10,5,65,40.333333333333336,25,TRUE,TRUE,CANSLIM Growth,CANSLIM Growth,55.5,Strong
5358,VRT,Vertiv Holdings Co.,NA,2.6,2.2,1.8,296.71,12.8,1.8,1,2,959.4,11209855,06/14/2026,0,E,No,No,No,No,No,1.18,44.9,0.1,1.38,50.34,0.82,0.82,89,238.98,35,17,6.87,7.18,NA,28.2,26.5,19,22,No,Yes,64.5,60.1,60.8,67.6,14,63,60,57,40,No,No,68.1,272.4,Electrical-Power/Equipmt,NA,3.5,36,No,20.85,79.6,No,57,51,-18.6,2.9,0,379.94,15,71,41,5.29,Yes,57,-1.01,-28.3,59,9,77,2.15,1938046,105937.2,6.93,384988.2,9.5,-38.9,-10.9,-19.9,B,39.3,NA,97,68,E,6.9,60,36,-9.4,4.5,-3.3,5,10229.9,61,24,47,NA,27.1,6610,No,-2.77,47,3908,NA,No,3282,NA,No,No,No,9.14,0,No,60,0.9,83,28,New York Stock Exchange,No,40,Yes,22.04,-,95,383602,37,63,71.4,25.7,Yes,Yes,-0.3,7.1,MACHINE,12.8,NA,No,47,108342.2,No,No,No,95.4,-2.9,NA,41.8,15.2,2026-08-07,VRT,25,15,0,0,0,10,5,55,48.333333333333336,40,FALSE,FALSE,CANSLIM Growth,CANSLIM Growth,43.1,Weak
3688,AFRM,Affirm Holdings Inc. Cl A,NA,3.6,3.9,3.5,81.01,5.2,2.4,1,2,1830.5,16725898,NA,0,D,No,No,No,No,Yes,3.03,27.8,0,15.31,32.33,2.07,2.07,92,273.54,46,2.1,5.27,4.53,NA,33,32.2,43,40,No,Yes,602.1,1040.1,840.8,693.1,39,33,102,220,2,No,No,1.1,75.25,Finance-CrdtCard/PmtPr,NA,4.9,122,No,3.54,242.5,Yes,41,68,-10,5.9,42.09,100,120,36,15,1.1,Yes,0,-1.74,-24.75,59,53,67,3.19,309896,25646.5,4.59,294357.8,13.6,-28.5,-10,11.7,B,31.9,NA,75,70,D,76.1,734,44,0.4,1.1,-1.1,3,3224.4,50,33,109,NA,31.1,4142,No,-1.33,74,2901,NA,No,1233,NA,No,No,No,5.58,20,No,2900,1,46,39,NASDAQ,No,77,No,6.66,-,40,281285.6,174,243,1473.1,32,Yes,Yes,16.7,7.1,FINANCE,5.2,NA,No,65,30879.2,No,No,No,-4.7,-43.5,NA,1.8,10.6,2026-08-07,AFRM,32,15,0,0,0,10,7,64,61.666666666666664,20,TRUE,TRUE,CANSLIM Growth,CANSLIM Growth,50,Improving
5539,XOM,ExxonMobil Holdings Corp.,NA,2.7,2.2,2.5,159.07,-1.5,0,0,0,2245.1,42688964,08/16/2026,1.03,B-,No,No,No,No,Yes,3.71,19.9,2.6,1.13,12.68,1.74,2.31,56,75.62,13,12.7,2.43,2.35,NA,4.4,8.6,4,-2,Yes,Yes,7.2,27.6,20.2,11.5,12,8,-15,11,6,No,No,27.2,153.04,Oil&Gas-Integrated,NA,0,43,No,3.46,15.1,Yes,22,19,14.4,1,0,176.41,49,42,-7,8.27,No,60,-1.16,-13.25,59,46,67,0.41,2331949,636688.5,2.52,4111912,9.2,-16.2,8,4.4,C+,2.7,NA,66,87,B-,-1,62,-7,4.5,-1,1.1,11,332238,-18,39,-10,NA,20.5,16206,Yes,-1.8,85,18454,NA,No,4074,NA,No,No,No,1.72,0,No,115,0.9,-34,-5,New York Stock Exchange,No,43,No,2.43,-,98,4102333.4,2,-2,40.3,13.3,Yes,Yes,3.4,-2,ENERGY,-1.5,NA,No,37,663294.9,Yes,Yes,No,44.4,-18.9,NA,11,12.8,2026-08-07,XOM,32,12,0,0,0,10,5,59,59.333333333333336,40,TRUE,TRUE,CANSLIM Growth,CANSLIM Growth,34,Weak
3597,ABUS,Arbutus Biopharma Corp.,NA,10.6,8.5,9.6,4.69,6.7,0,0,3,1298.7,19653287,NA,0,E,No,No,No,No,Yes,0.03,-21.1,0,54.26,-22.38,0.15,0.15,7,21.49,0,-237.9,4.31,4.56,NA,2099.6,2620.8,7,9,Yes,Yes,172.6,305,256,198.8,48,36,56,269,-39,Yes,No,-3.7,4.63,Medical - Profitable Biotech,NA,5.7,40,No,0.21,4.8,Yes,53,6,12.7,12.5,3.31,5.38,94,84,10,0.83,Yes,0,1.98,-13.94,59,51,63,0.95,9792,896.8,4.45,197537.7,4,-62,-10.6,6.4,C+,20.6,NA,77,83,D-,3000,542,-112,2.3,4.2,2.9,88,14.1,14,10055,55,NA,5010.7,2134,No,0.09,-300,796,NA,No,226,NA,No,No,No,4.78,83,No,769,1.4,86,128,NASDAQ,No,58,No,3.5,-,84,157120.9,60,109,427.5,3320.3,Yes,Yes,4.7,7.1,MEDICAL,6.7,NA,No,62,809.5,No,No,No,36.2,-50.6,NA,-38.5,94.7,2026-08-07,ABUS,35,15,0,0,0,10,5,65,59.666666666666664,35,TRUE,TRUE,CANSLIM Growth,CANSLIM Growth,55.5,Strong
4082,ENTA,Enanta Pharmaceuticals Inc.,NA,13.8,11.8,10.5,13.87,9.3,0.9,5,16,484.8,2441185,NA,0,E,No,No,No,No,No,1.05,-40.5,0,3.84,-15.24,0,0,81,0,0,-127.9,5.61,5.02,NA,3.5,7.5,-9,-7,Yes,Yes,39.3,51.2,43.5,40.4,183,-,-,-,-85,No,No,-12.7,13.77,Medical - Development Biotech,NA,2.9,46,No,0.68,258.4,Yes,553,0,-11.4,8.8,6.45,17.15,37,30,-11,-2.59,Yes,0,3.22,-19.71,59,46,63,1,2820,387.9,5,29078.4,3.1,-10.1,-3.4,-8.7,A,1.9,NA,62,11,C+,7.7,40,10,5.5,5.9,4.8,81,65.3,14,15,30,NA,12.4,211,No,0.43,40,183,NA,No,218,NA,No,No,No,5.79,81,No,58,1,60,-3,NASDAQ,No,54,No,3.43,Yes,93,27600.8,36,21,58.8,9.4,Yes,No,2.5,-2.2,MEDICAL,9.3,NA,No,52,396.6,No,No,No,97,-15.9,NA,-84.6,-76.3,2026-08-07,ENTA,25,15,0,0,0,10,5,55,58,20,TRUE,FALSE,CANSLIM Growth,CANSLIM Growth,55.5,Strong
4938,IRWD,Ironwood Pharmaceuticals Inc. Cl A,NA,7.3,6.7,6.5,4.59,2.1,0,0,3,1298.7,17191892,NA,0,D,No,No,No,No,Yes,4.85,8.6,0,6.06,5.54,0,0,7,21.5,4,23.6,6.23,6.47,NA,33.5,44.4,-5,-9,No,No,343.2,58.6,306.4,545.2,42,-,-,-,0,No,No,28.2,4.32,Medical - Profitable Biotech,NA,5.7,40,No,0.27,0,No,53,6,-3.1,10.8,0.81,5.78,94,84,-18,0.77,No,0,1.41,-25.26,59,58,56,0.77,9534,701.3,6.37,164613.4,16.1,-20.9,-3.4,3.6,C+,-5.3,NA,62,83,C+,-3.1,717,3,11.1,6.2,7.7,86,296.2,100,33,1400,NA,95.7,2398,Yes,0.06,41,1843,NA,No,290,NA,No,No,No,1.83,58,No,121,1,204,-16,NASDAQ,No,62,No,-3.23,Yes,60,158479.2,-150,1050,162.9,48.1,Yes,No,8,1.8,MEDICAL,2.1,NA,No,62,1065.5,No,No,No,390.9,31.7,NA,0,45.4,2026-08-07,IRWD,32,15,0,0,0,10,7,64,62.666666666666664,35,TRUE,FALSE,CANSLIM Growth,CANSLIM Growth,55.5,Strong
5541,XPEL,XPEL Inc.,NA,10.4,9.1,9.1,52.05,12.8,0,0,1,220.9,2521797,NA,0,D,No,No,No,No,Yes,0.17,-486.1,0,2.61,20.71,2.09,2.09,70,91.81,22,13.5,4.21,4.54,NA,13.2,13.1,17,11,No,Yes,18.3,28.2,17.9,16.2,33,12,1,16,20,No,No,0.3,50.07,Auto/Truck Equipment Parts & Tires,NA,1.8,73,No,2.09,6,Yes,55,25,-0.2,10.1,31.5,55.91,57,60,-21,2,Yes,11,5.01,-10.45,58,75,87,1.25,11901,1314.1,4.58,27561,9.3,38.2,0.1,13.9,B+,-3.6,NA,82,50,B+,12.7,19,29,9.5,9.2,11.8,12,476.2,-14,15,12,NA,13.9,259,No,2.39,27,353,NA,No,325,NA,No,No,No,2.72,88,No,15,1.5,19,13,NASDAQ,No,69,No,4.51,Yes,76,24959.1,50,-13,17.3,13.8,Yes,Yes,7.8,0.6,AUTO,12.8,NA,No,56,1358,No,No,No,43.4,43.1,NA,20.3,12.6,2026-08-07,XPEL,15,12,0,5,0,10,5,47,75.33333333333333,55,FALSE,FALSE,Other,Momentum Leader,45.4,Improving
4675,HIPO,Hippo Holdings Inc.,NA,5.1,5.7,6,34.22,3.7,1.6,2,5,2437.5,887138,NA,0,A+,No,No,No,No,Yes,0.16,11.2,0,1.47,92.23,0,0,11,27.65,36,13.5,4.18,4.59,NA,21.8,19.5,59,48,No,Yes,328.3,229.2,474.1,399.9,68,-,-,79,14,Yes,No,8.4,32.62,Insurance,NA,3.9,105,No,1.34,11.3,Yes,129,7,5.1,4.5,0,38.98,97,32,2,4.65,Yes,0,-2.31,-16.32,58,86,76,1.42,4507,881.1,4.47,26389.4,11.9,-15.1,14.8,18.8,B,10.6,NA,49,60,A+,323.5,-59,86,16.8,3.1,8.4,84,468.6,86,23,235,NA,16.8,162,Yes,-0.77,-102,132,NA,No,214,NA,No,No,No,1.7,0,No,660,2,114,26,New York Stock Exchange,No,80,No,1.85,-,97,19772,-87,1209,387.1,17.2,Yes,No,16.8,-1.8,INSURANCE,3.7,NA,No,35,655.5,No,No,No,9.3,63.3,NA,14.5,7,2026-08-07,HIPO,30,15,0,0,0,10,7,62,83.33333333333333,30,TRUE,TRUE,CANSLIM Growth,CANSLIM Growth,60.8,Strong
3944,ASC,Ardmore Shipping Corp.,NA,3.2,3.5,3.5,17.66,-3.9,2,1,2,72.6,2490716,08/27/2026,0.79,D-,No,No,No,No,Yes,0.98,37.1,7.9,5.45,8.35,0.22,0.3,12,24.85,8,13.4,4.58,4.88,NA,5,16.4,21,-11,Yes,Yes,92.3,254.2,179.8,127.7,30,24,-33,107,2,Yes,No,57.8,16.71,Transportation-Ship,NA,4.1,25,No,0.78,20.2,Yes,49,7,-0.3,7.2,0,20.02,9,18,23,2.35,Yes,79,-1.82,-16.55,58,28,67,0.53,10158,695.3,4.47,40851.9,14.2,-42.9,8.2,-11.4,A-,27.2,NA,79,36,E,6.7,205,-43,2.9,-0.9,1.5,55,310.2,5,61,-67,NA,40.1,633,Yes,-0.31,114,366,NA,No,235,NA,No,No,No,1.85,0,No,436,1,314,-24,New York Stock Exchange,No,57,Yes,0.98,-,95,34515.2,12,-44,375.3,27.1,Yes,Yes,7.7,-3.3,TRANSPORTATION,-3.9,NA,No,55,777.3,No,No,No,55,2.3,NA,6.1,52.1,2026-08-07,ASC,35,15,0,0,0,10,7,67,53,30,TRUE,TRUE,CANSLIM Growth,CANSLIM Growth,49.2,Improving
5542,XPER,Xperi Inc.,NA,6.5,6.2,6.6,8.04,-7.4,0,0,0,3635.9,3341950,NA,0,C,No,No,No,No,Yes,0.4,-23.5,0,2.48,-635.93,0,0,11,131.48,8,-9.1,4.18,4.28,NA,-4.8,-3.1,0,-5,Yes,Yes,87.7,53.3,28.7,21.3,16,-,94,-13,-13,Yes,No,21.8,7.14,Elec-Semiconductor Mfg,NA,0,13,No,0.33,14.8,Yes,32,7,6.9,7.7,0,8.75,2,40,21,1.03,Yes,0,4.08,-18.4,58,21,49,1.1,3240,331.1,4.14,48271.5,8.4,65.6,-9.5,-7.5,A,32.7,NA,56,30,D,33.3,7,43,-7.9,-5.6,-5.7,91,448.1,9600,8,-20,NA,4.1,418,No,0.28,-45,667,NA,No,216,NA,No,No,No,0.75,0,No,155,1.2,44,-9,New York Stock Exchange,No,50,Yes,0.81,-,89,43452.2,-38,-45,99.1,1.2,Yes,Yes,6.1,0.9,CHIPS,-7.4,NA,No,66,351.5,No,No,No,18.8,60,NA,-13.4,-1.3,2026-08-07,XPER,25,15,0,7,0,10,5,62,42.666666666666664,25,TRUE,FALSE,CANSLIM Growth,CANSLIM Growth,38.7,Weak
3908,ARGX,argenx SE ADR,NA,4.5,4.1,4.4,919.16,1.3,0,0,3,1298.7,1539375,NA,0,D+,No,No,No,No,-,0,0,0,0,67.16,0.52,0.52,79,129.81,26,29.6,3.34,3.1,NA,77.8,72.8,87,85,No,Yes,254.9,59.2,112.6,236.3,-,64,109,24,20,No,No,2.9,865.04,Medical - Profitable Biotech,NA,5.7,40,No,27.34,0.5,No,53,33,5.1,2.5,631.47,953.58,94,84,-7,26.04,Yes,60,-1.17,-9.29,57,46,70,0.62,290980,54397.3,3.09,62561,4.1,-22.3,-6,9.9,C+,6.6,NA,62,83,D,14.3,46,32,-1.3,0,-0.5,24,4248.1,348,59,53,NA,61,336,No,-10.26,46,250,NA,No,845,NA,Yes,No,No,10.16,8,No,96,0.9,114,91,NASDAQ,No,51,No,NA,-,57,62379.4,-32,273,104.8,65.2,Yes,No,5.8,0.5,MEDICAL,1.3,NA,Yes,27,50366.8,No,No,No,28.7,-28.6,NA,20.2,29.8,2026-08-07,ARGX,30,15,0,0,0,10,5,60,57.666666666666664,40,TRUE,FALSE,CANSLIM Growth,CANSLIM Growth,55.5,Strong
3726,AIOT,PowerFleet Inc.,NA,9,7.4,7.9,4.43,12.5,0,0,0,131.4,12917131,NA,0,B+,No,No,No,No,No,16.35,76.4,0,1.13,19.37,0,0,43,0,78,-2.5,5.86,4.97,NA,60.7,25,34,67,No,No,-531.6,-33.2,-716.5,-554.3,7,-46,-7,11,-4,Yes,No,-17.1,4.41,Security/Sfty,NA,0,123,No,0.2,51.1,Yes,46,0,6.5,10.3,2.77,5.88,121,31,-23,-0.16,No,0,6.78,-25,57,89,67,1.31,6099,554.4,4.5,134225.9,5.1,-1,2.3,29.7,A,-8.9,NA,53,15,A+,-1299.6,139,260,8.9,8.3,7.2,43,443.8,-1657,10,65,NA,8.6,1550,No,0.28,81,1483,NA,No,208,NA,No,No,Yes,1.33,92,No,78,1.1,73,22,NASDAQ,No,78,No,1.24,Yes,95,125204.1,-250,-2767,75.3,20.7,No,Yes,13,-12.2,BUSINS SVC,12.5,NA,No,37,822.5,Yes,Yes,No,11.1,-36.1,NA,-4.5,-2.3,2026-08-07,AIOT,20,0,0,0,0,10,5,35,78,10,TRUE,FALSE,Other,Momentum Leader,59.6,Strong
5237,UROY,Uranium Royalty Corp.,NA,1.5,1.3,1.3,4.24,22.1,0,0,0,29.5,3443894,NA,0,C-,No,No,No,No,Yes,0,18.9,0,325.28,3.24,4.51,4.51,98,676.85,97,29.2,6.8,6.9,NA,0,0,31,31,No,Yes,37.2,183.6,108.2,60.3,8,40,47,118,15,Yes,No,17.2,4.15,Oil&Gas-Royalty Trust,NA,0,38,No,0.2,0,Yes,13,180,3,3,2.51,5.52,70,72,-8,0.02,Yes,0,4.8,-24.82,57,91,61,1.62,9257,580.1,7.6,381067.3,12.3,35.2,56.6,4.8,E,5.1,NA,75,133,B,200.6,-95,-25,36,22.7,34.3,-,187,-150,434741,1097,NA,217320.6,3044,Yes,0.19,4205,4009,NA,No,45,NA,No,No,No,39.98,63,No,206,1.1,196,1570,NASDAQ,No,72,No,2.16,-,91,143231.4,149,-118,200.9,0,No,Yes,13.6,-8.2,ENERGY,22.1,NA,No,15,227.2,No,No,No,56.6,-0.2,NA,15.3,11.8,2026-08-07,UROY,35,15,0,5,0,7,7,69,74.66666666666667,50,TRUE,TRUE,CANSLIM Growth,CANSLIM Growth,34,Weak
4553,GPRK,GeoPark Ltd.,NA,1.2,1.5,1.8,9.98,-3.3,1.4,1,0,745.5,1043521,08/18/2026,0.02,E,No,No,No,No,Yes,5.94,16,0.9,1.17,-18.31,0,0,9,24.51,0,9.9,4.38,3.71,NA,-13.7,-7.9,-8,-18,Yes,No,17.3,115.8,74.1,31.7,44,-,-29,69,21,No,No,27.3,9.43,Oil&Gas-Explorers/Producers,NA,0,56,No,0.36,225.4,Yes,72,6,19.5,3.7,0,11.87,67,44,3,1.48,No,0,-0.84,-20.56,57,21,57,0.74,5158,617.2,3.62,64896.4,7.2,0.6,-2,3.1,C,13.3,NA,77,96,E,67.6,13,35,-5.5,-0.5,-3.2,84,492.5,-10,20,-46,NA,6.6,510,No,-0.08,160,519,NA,No,33,NA,No,No,No,1.21,0,No,201,1.2,45,-25,New York Stock Exchange,No,35,Yes,1.39,-,98,28159.8,101,-51,122.9,-3.4,Yes,Yes,2.6,-2.9,ENERGY,-3.3,NA,No,30,1093,Yes,Yes,No,43.8,-25.9,NA,22.1,9.8,2026-08-07,GPRK,30,15,0,0,0,10,5,60,45,30,TRUE,FALSE,CANSLIM Growth,CANSLIM Growth,34,Weak
3925,ARQQ,Arqit Quantum Inc.,NA,3.5,3.5,3.3,23.19,33.7,0,0,1,787.5,3278186,NA,0,C,No,No,No,No,-,0,0,0,0,-11.15,0,0,3,0,0,-7097.4,13.27,11.9,NA,389.6,498,0,-43,No,Yes,-18.6,-61.5,-68.5,-38.6,-,-,57,-46,-181,No,No,4.7,22.9,Computer Sftwr-Security,NA,2.6,131,No,2.5,1.7,No,39,0,-5.3,46.9,11.52,62,30,2,20,-2.9,No,0,6.66,-63.06,57,92,40,1.64,18772,373.6,10.72,17402.4,9.1,-70.5,15.4,48.4,A+,23.2,NA,8,3,A-,20.4,41,0,18.3,19.4,24.2,3,0.5,66,830,46,NA,829.9,888,No,1.43,0,258,NA,No,32,NA,No,No,No,366.96,83,No,-47,1.4,-47,81,NASDAQ,No,92,No,NA,-,95,6988.1,-90,-90,-47.4,608.6,No,No,28.2,45.5,SOFTWARE,33.7,NA,No,83,337.4,No,No,No,-29.2,-67.8,NA,-181.4,-5305.9,2026-08-07,ARQQ,10,0,0,0,0,10,5,25,78,15,FALSE,TRUE,Other,Momentum Leader,58.7,Strong
3833,AMZN,Amazon.com Inc.,NA,2.2,1.9,2.2,287.2,1.1,0,0,1,3815.1,106566350,NA,0,C-,No,No,No,No,No,12.2,-233.8,0,1.03,21.3,0.65,0.65,64,85.63,29,13.6,3.44,3.57,NA,15.3,15.8,11,12,Yes,Yes,75.6,107.3,89.6,78.3,20,34,84,78,22,Yes,No,18.9,274.48,Retail-Internet,NA,1.7,126,No,8.72,37.2,Yes,60,22,11.9,1.1,196,287.2,34,29,9,12.43,Yes,41,0.82,-4.43,56,65,94,1.51,13172431,2936682.1,3.69,10786313,16,-32.9,11.6,1.2,B+,30.5,NA,99,45,B,215.4,72,-15,10.9,6.5,9.2,42,716924,91,20,30,NA,18.1,53981,Yes,2.22,0,33861,NA,No,9387,NA,No,No,No,3.82,31,No,242,1.1,75,12,NASDAQ,No,74,Yes,5.37,Yes,23,9815737.9,5,36,158.6,16.6,Yes,Yes,15.2,1.1,RETAIL,1.1,NA,No,40,2983283,No,No,No,23,-9.9,NA,22.3,31.2,2026-08-07,AMZN,30,15,0,0,0,10,7,62,76.66666666666667,45,TRUE,FALSE,CANSLIM Growth,CANSLIM Growth,50.2,Improving
5599,ZM,Zoom Communications Inc.,NA,1.5,1.5,1.6,105.53,8.8,0.9,1,8,5415.1,7130735,NA,0,A-,No,No,No,No,Yes,0,10.9,0,4.16,16.15,2.88,2.88,53,59.59,17,49.8,4.06,3.71,NA,4.6,5,6,4,Yes,Yes,6,6.9,7.7,7.3,85,6,9,7,20,No,No,21.1,104.5,Comp Sftwr - Enterprise,NA,7,137,Yes,3.34,0.3,Yes,114,17,6.1,2.7,69.15,114.74,108,39,0,6.04,Yes,6,3.16,-8.92,56,71,88,1.29,352457,29704.4,3.71,264645.6,18,-7.3,22,-3.6,A+,13.3,NA,67,9,A+,9.3,2,4,12.2,7.7,12.1,51,4868.8,6,5,7,NA,5.4,3737,Yes,3.2,-3,3361,NA,No,1892,NA,No,No,No,5.61,69,No,8,0.9,2,4,NASDAQ,No,82,Yes,3.08,Yes,88,264090,10,10,5.3,5.1,Yes,No,16.5,0.3,SOFTWARE,8.8,NA,No,44,21741.6,No,No,No,45.9,-31.1,NA,20.3,34.4,2026-08-07,ZM,0,0,0,0,0,10,7,17,76.66666666666667,50,FALSE,FALSE,Other,Momentum Leader,58.7,Strong
3690,AG,First Majestic Silver Corp.,NA,1.5,1.4,1.4,18.76,22.4,0,0,5,736.2,17288776,08/13/2026,0.02,E,No,No,No,No,No,0.34,12.4,0.4,2.57,16.03,0.85,0.86,61,101.23,21,31.4,6.22,5.93,NA,102.2,104.3,17,45,No,Yes,422.6,615,544.6,467.1,27,24,113,965,8,No,No,10.4,18.4,Mining-Gold/Silver/Gems,NA,5.6,19,No,0.97,10.8,No,89,21,0.1,3.6,0,32.03,65,141,-28,0.89,Yes,0,6.48,-42.56,56,54,65,1.23,190192,8524.8,5.91,492906.4,-2.7,7.6,11.9,-13.9,D+,-16.3,NA,83,104,D+,-14.8,77,22,6.6,12.7,12,32,1257.2,-75,57,429,NA,76.4,11352,No,1.12,182,11334,NA,No,418,NA,No,No,No,5.53,0,No,425,0.8,520,124,New York Stock Exchange,No,32,No,3.06,Yes,103,486132.5,900,333,472.5,107.3,Yes,Yes,-10.4,6.4,MINING,22.4,NA,No,36,8015,No,No,No,110.8,0.2,NA,8,26.3,2026-08-07,AG,35,15,0,0,0,10,0,60,60.333333333333336,40,FALSE,FALSE,CANSLIM Growth,CANSLIM Growth,52.3,Improving
5367,VSTM,Verastem Inc.,NA,9.7,9.5,7.3,7.1,16.2,0.9,5,16,484.8,20103345,NA,0,A,No,No,No,No,No,0.67,-2.8,0,3.04,-3.4,0,0,68,0,0,-677.6,7.83,8.04,NA,0,0,-20,191,No,Yes,2.6,47.5,4.3,-1.7,158,7,14,20,-1480,No,No,-12.7,6.74,Medical - Development Biotech,NA,2.9,46,No,0.41,142.2,No,553,0,-23.2,25.3,3.43,11.24,37,30,-19,-2.46,Yes,0,14.04,-40.06,56,94,59,1.56,12249,519.3,7.23,87873.6,5.8,69,39,19.1,A,1,NA,45,11,A+,18.7,47,23,38.6,11.9,14,68,30.9,8,1775,17,NA,0,2637,Yes,0.83,69,4319,NA,No,166,NA,No,No,No,6.77,67,No,10,1.6,61,209,NASDAQ,No,89,No,7.24,-,76,81056.8,71,-125,35.9,0,Yes,No,22,1.8,MEDICAL,16.2,NA,No,61,398,Yes,Yes,Yes,19.9,-26.8,NA,-1480.2,-86.5,2026-08-07,VSTM,10,12,0,7,0,10,5,44,79.66666666666667,10,FALSE,TRUE,Other,Momentum Leader,55.5,Strong
4357,FRPT,Freshpet Inc.,NA,6,5.6,5.1,74.04,12.4,2.1,1,0,820.3,8685116,NA,0,B,No,No,No,No,Yes,1.23,55.5,0,6.05,23.35,0,0,67,68.41,42,6.4,5.57,5.82,NA,12.7,12.8,27,20,Yes,Yes,316.3,64.4,217,413.6,36,-,-,249,12,No,No,9.8,66.91,Food - Packaged,NA,0,74,No,3.38,40.6,Yes,48,23,-10.2,18,46.45,86,92,97,-14,2.89,Yes,0,0.27,-22.2,56,88,58,1.16,85338,3206.9,5.61,48058.1,8.6,-39.2,22.7,19.8,D,-4.3,NA,57,115,B+,95.5,-26,-8,19.4,6.2,12.3,18,1102,233,15,184,NA,14.3,1509,Yes,0.18,-81,907,NA,No,525,NA,No,No,No,2.73,41,No,28,1.5,87,13,NASDAQ,No,59,No,2.63,Yes,57,47107.9,78,675,57.7,12.4,Yes,No,6.6,-3.1,FOOD/BEV,12.4,NA,No,79,3729.2,No,No,No,4.6,72.1,NA,12.3,6.4,2026-08-07,FRPT,20,15,0,0,0,10,5,50,77.33333333333333,25,FALSE,FALSE,Other,Momentum Leader,51.9,Improving
5299,VHI,Valhi Inc.,NA,4.4,4.5,4.8,16.25,18.2,0,0,1,588.3,66883,06/03/2026,0,D,No,No,No,No,Yes,0.72,39.7,2.4,3.25,-12.76,0,0,24,76.42,9,-2.1,4.48,4.55,NA,2,3.3,-2,4,Yes,No,327.2,693.1,485.1,369,39,-29,-8,-294,-6,Yes,No,31.9,15.89,Chemicals-Specialty,NA,2,91,No,0.63,59.3,Yes,51,0,6.9,2.8,0,17.67,45,102,-5,-1.79,No,0,-0.69,-10.07,56,86,52,1.04,174,452.8,4.14,28302.3,15.2,185.5,19.5,11.3,C+,2.5,NA,37,86,A+,0,0,0,12.8,12.1,13.7,24,2077,1002,12,-153,NA,8.1,12,No,-0.11,0,34,NA,No,84,NA,No,No,No,0.21,0,No,2500,1.3,-88,-1,New York Stock Exchange,No,77,No,0.44,Yes,99,2375.3,-332,-139,1205.9,6.3,Yes,Yes,12.8,0,CHEMICAL,18.2,NA,No,31,794.2,No,No,No,4,103.1,NA,-5.6,3.7,2026-08-07,VHI,30,15,0,10,0,10,7,72,69.66666666666667,15,TRUE,FALSE,CANSLIM Growth,CANSLIM Growth,44.6,Weak
5135,TTE,TotalEnergies SE,NA,2.9,3.7,4,88.62,-2.3,0,0,0,2245.1,5738075,NA,0,E,No,No,No,No,Yes,16.56,12.6,4.5,1.06,6.95,1.8,9.95,21,40.59,8,10.9,2.18,2.23,NA,2.4,5.3,-1,-8,Yes,Yes,10.4,31.9,24.3,15.3,11,1,-12,21,11,Yes,No,31.2,85.83,Oil&Gas-Integrated,NA,0,43,No,1.81,42.6,Yes,22,10,7.8,0.3,0,94.17,49,42,4,8.63,No,41,-0.51,-8.86,56,39,47,0.37,136268,191927.7,2.19,2283837,10.1,-15.7,10.1,-3.3,C+,16.3,NA,53,87,E,-0.6,56,-12,2.9,-0.1,2.3,67,182344,-17,28,-11,NA,15.6,1664,Yes,-0.44,64,1325,NA,No,4063,NA,No,No,No,1,0,No,71,1.1,34,-7,New York Stock Exchange,No,46,Yes,1.49,-,98,2116701.2,-9,2,52.3,9.6,Yes,Yes,4.1,0.2,ENERGY,-2.3,NA,No,42,220216,No,No,No,39.5,-12.8,NA,11.3,9.5,2026-08-07,TTE,27,12,0,0,0,10,7,56,49.333333333333336,20,TRUE,TRUE,CANSLIM Growth,CANSLIM Growth,34,Weak
4552,GPRE,Green Plains Inc.,NA,9,8.8,9,17.66,-13.1,1.5,1,0,702.8,13317802,05/22/2019,0,E,No,No,No,No,Yes,1.73,19.6,0,1.99,9.73,0,0,19,37.25,9,-6.8,4.91,5.23,NA,-21,-23.6,-8,-20,Yes,No,21.2,143.4,88.7,33.6,30,-,-,-,-15,Yes,No,49.5,14.65,Energy-Alternative/Other,NA,0,64,No,0.87,52.9,Yes,66,9,2.7,19.7,7.08,19.64,17,85,7,1.56,Yes,0,-3.62,-25.43,56,8,36,1.2,22949,1064.5,5.51,70030.2,6,-3.7,-7.3,-11,C,5.8,NA,58,94,E,53.3,206,-12,-8.2,-10.3,-13.2,82,2091.7,19,-19,-40,NA,-22.6,1438,No,-0.55,193,1290,NA,No,353,NA,No,No,Yes,0.56,19,No,176,1.1,134,-14,NASDAQ,No,29,Yes,1.36,Yes,8,67593.1,120,-75,155.2,-23.9,Yes,No,-2.9,16.9,ENERGY,-13.1,NA,Yes,68,1389.4,No,No,No,100.4,4.4,NA,-14.9,14.5,2026-08-07,GPRE,25,15,0,0,0,10,5,55,33.333333333333336,10,TRUE,FALSE,CANSLIM Growth,CANSLIM Growth,34,Weak
5408,WDAY,Workday Inc. Cl A,NA,5.5,5.5,5.3,182.72,12,0.9,1,8,5415.1,27369617,NA,0,A+,No,No,No,No,No,1.3,10.3,0,0.96,16.39,0.72,0.72,56,219.46,16,10.6,6.05,6.26,NA,13.2,13.3,17,15,No,Yes,24.6,23.6,24.2,25,24,26,30,24,8,No,No,-16.4,179.64,Comp Sftwr - Enterprise,NA,7,137,Yes,8.89,47.3,No,114,19,-4.3,13.8,110.36,249.85,108,39,-6,9.66,Yes,10,5.52,-28.1,55,97,91,1.14,687178,42049.3,6.47,201000,9.5,-29.9,25.1,37.3,A+,10.3,NA,94,9,A+,5.8,17,17,27.5,8.8,18.3,47,9552,25,13,26,NA,14,4989,Yes,9.4,18,3300,NA,No,2605,NA,No,No,No,3.66,64,No,19,1.1,29,13,NASDAQ,No,89,No,6.69,Yes,85,198909.2,23,26,24,13.5,Yes,No,25,0.7,SOFTWARE,12,NA,Yes,59,40516.8,No,No,No,-18.7,-43,NA,8.2,8.7,2026-08-07,WDAY,15,8,0,0,0,10,5,38,96,20,FALSE,FALSE,Other,Momentum Leader,58.7,Strong
4748,HTH,Hilltop Holdings Inc.,NA,7,5.8,7.2,40.37,-1,0,0,4,534.9,2140406,08/06/2026,0,B+,No,No,No,No,Yes,-0.03,-12.2,2.2,0.25,-31.28,0,0,42,55.86,17,13.5,2.4,2.22,NA,3.7,4,-8,2,No,No,53.1,104.2,93.4,70.2,197,-14,13,73,5,Yes,No,15,39.04,Banks-Regional,NA,1.5,42,Yes,0.86,10.1,Yes,270,14,23.9,5.4,0,40.41,62,20,-15,2.7,Yes,39,-0.2,-3.39,55,46,84,0.84,10999,2253.6,2.08,57286.4,6.9,-43.9,1.5,2.1,B+,-2,NA,96,46,C,28.6,31,-2,1.5,-1.1,0.2,22,1281.8,3,4,12,NA,-0.8,287,Yes,-0.08,-15,164,NA,No,380,NA,No,No,No,1.75,0,No,162,1.6,125,2,New York Stock Exchange,No,45,Yes,1.05,Yes,97,38575.2,25,61,143.6,2.7,Yes,Yes,4.3,-4.5,BANKS,-1,NA,No,58,1953.5,No,No,No,28.6,-10.5,NA,7.6,9.3,2026-08-07,HTH,25,15,0,0,0,10,5,55,63.666666666666664,30,TRUE,FALSE,CANSLIM Growth,CANSLIM Growth,57.9,Strong
3754,ALGM,Allegro MicroSystems Inc.,NA,5.9,5.3,4,47.62,5.5,0,0,0,9062.4,12560242,NA,0,D,No,No,No,No,Yes,0.83,125.3,0,3.7,49.67,0,0,91,2231.66,39,-1.7,8.61,8.88,NA,23.7,24.2,2,-8,No,No,106.6,151.1,128.9,143.1,21,-13,-38,129,-2,No,No,65.9,43.77,Elec-Semicondctor Fablss,NA,0,99,No,4.63,31.3,Yes,45,64,-24.1,10,22.41,71.77,10,43,-3,0.68,No,64,3.1,-39.01,55,19,67,1.87,160525,7913.7,7.97,186402,14,-46,-15.1,-8.7,A,5.3,NA,84,13,D,9.5,91,46,-13.9,2.1,-5.5,64,890.1,-82,27,125,NA,26.8,3033,No,1.31,88,1607,NA,No,599,NA,No,No,No,8.63,59,No,156,1,183,23,NASDAQ,No,60,Yes,8.46,-,88,125054.9,114,63,169.4,27.5,Yes,Yes,4,4.7,CHIPS,5.5,NA,No,91,8044.3,No,No,No,42.5,-40.6,NA,-1.6,6.1,2026-08-07,ALGM,32,15,0,0,0,10,7,64,47,35,TRUE,FALSE,CANSLIM Growth,CANSLIM Growth,38.7,Weak
4604,GWRE,Guidewire Software Inc.,NA,3.4,3.3,2.9,172.06,12.2,0,0,1,223.4,5101424,NA,0,A+,No,No,No,No,Yes,0.82,36.7,0,2.39,48.69,0,0,88,350.45,44,4.1,6.26,5.91,NA,24.4,25,13,18,No,Yes,76.8,58.7,52.9,90,31,-,-,49,5,No,No,-15.2,170.53,Comp Sftwr - Financial,NA,2.4,136,No,8.24,48.4,Yes,41,49,-13.3,6.2,0,272.6,134,129,14,3.49,Yes,0,6.56,-37.44,55,93,51,1.03,226271,13323.5,5.82,83256.4,5.5,-31.2,24.4,22.2,E,33,NA,40,129,A+,10.3,31,18,23.9,7.3,14,8,1202.5,286,27,96,NA,25.5,1699,Yes,10.5,11,1125,NA,No,799,NA,No,No,No,9.99,0,No,-7,0.8,129,23,New York Stock Exchange,No,87,No,10.78,Yes,104,82706,53,35,61.3,25.8,Yes,No,19,-4.9,SOFTWARE,12.2,NA,No,62,12913.5,No,No,No,-21.6,-37.1,NA,5,4.4,2026-08-07,GWRE,7,15,0,0,0,10,5,37,76.33333333333333,15,FALSE,TRUE,Other,Momentum Leader,58.7,Strong
4760,HURN,Huron Consulting Group Inc.,NA,3.1,3.2,2.3,172.9,0.2,0,0,2,81.2,673167,NA,0,B+,No,No,No,No,Yes,3.96,14.4,0,1.71,14.14,0.54,0.54,55,88.23,16,7.9,5.89,6.5,NA,12.9,14,16,11,Yes,Yes,20.2,15.8,18.1,17,13,33,25,16,19,No,No,-12.1,152.05,Comml Svcs-Consulting,NA,5.3,89,No,7.57,97.2,Yes,38,18,-29,4.3,84.88,186.78,119,100,-26,8.46,Yes,6,1.3,-18.59,54,92,84,0.48,40470,2388.1,6.6,15910.1,8.7,-46.6,43.5,21.9,C,-10.4,NA,91,93,B+,13.2,17,15,33.8,2.9,17.9,52,1662.8,32,16,21,NA,13.9,342,Yes,1.95,18,181,NA,No,376,NA,No,No,No,1.36,67,No,30,1,3,12,NASDAQ,No,75,No,6.31,Yes,50,15537.4,14,25,16.6,13,Yes,Yes,16.4,-8.1,BUSINS SVC,0.2,NA,No,57,2905.3,No,No,No,15.4,-20.4,NA,19.3,6.6,2026-08-07,HURN,20,8,0,0,0,10,5,43,86.66666666666667,35,TRUE,FALSE,Other,Momentum Leader,59.6,Strong
4480,GHC,Graham Holdings Co.,NA,6.3,6.3,6.9,1262.35,-1.5,3.7,2,0,573.2,128147,07/15/2026,0,A,No,No,No,No,Yes,1.09,25.1,0.6,1.86,15.27,0.35,0.35,20,37.01,32,9.2,2.95,3.12,NA,4.4,4.9,11,6,Yes,No,147,206,172,192.4,30,27,51,-42,6,Yes,No,7.9,1185.71,Media,NA,0,120,Yes,36.82,22.8,Yes,54,10,10.6,4,0,1262.35,100,99,-13,124.08,Yes,0,-0.79,-6.07,54,48,80,0.75,22753,5061.4,3.01,3270.9,6.5,9.8,2.6,4.8,C-,2.4,NA,94,102,B,337.4,4,-3,2.1,-1.8,0,81,4911.6,273,7,-59,NA,6.6,20,Yes,-9.45,-37,21,NA,No,441,NA,No,No,No,0.77,0,No,677,1.4,21,3,New York Stock Exchange,No,45,Yes,1.05,Yes,95,3099.9,-80,70,349.1,4.5,Yes,Yes,5.3,-3.1,MEDIA,-1.5,NA,No,57,5091.7,No,No,No,23.6,7.6,NA,6.4,21.5,2026-08-07,GHC,25,15,0,0,0,10,5,55,62.666666666666664,30,TRUE,FALSE,CANSLIM Growth,CANSLIM Growth,52.8,Improving
5070,TOST,Toast Inc.,NA,3.8,3.4,3,36.36,6.8,2.4,1,2,1830.5,40780362,NA,0,A+,No,No,No,No,Yes,0.01,25.5,0,2.3,31.66,0.41,0.41,76,173.34,22,5.6,4.57,4.42,NA,23.4,23,38,27,No,Yes,140.6,41.8,44.2,50.7,29,73,94,43,19,Yes,No,-2.9,34.48,Finance-CrdtCard/PmtPr,NA,4.9,122,No,1.32,0.9,Yes,41,30,-11.1,8.4,0,46.11,120,36,15,1.16,Yes,52,-0.69,-25.22,54,91,72,1.86,345350,20172.3,4.39,516000,13.7,-11.4,16.4,17.4,B,24.3,NA,55,70,A+,11.7,42,25,21.5,4,9.8,18,6153,510,23,76,NA,22.5,12232,Yes,-0.24,38,10403,NA,No,1407,NA,No,No,No,2.61,0,No,45,1.6,41,24,New York Stock Exchange,No,85,No,9.73,-,95,484896,40,51,42.6,22.4,Yes,No,21.1,1.4,FINANCE,6.8,NA,No,59,18247.8,No,No,No,-24.4,14.4,NA,18.6,8.1,2026-08-07,TOST,20,12,0,0,0,10,7,49,82.33333333333333,40,TRUE,TRUE,Other,Momentum Leader,50,Improving
3909,ARHS,Arhaus Inc.,NA,3.2,3.6,3.2,9.76,29.6,0,0,1,59,4564113,NA,0,D,No,No,No,No,No,3.5,104.1,0,1.25,9.94,9.68,9.68,58,78.99,19,6.7,5.84,5.58,NA,7.4,5.4,13,3,No,No,-7.8,-19.4,-7.4,5.1,7,2,-26,-3,18,No,No,-14.4,9.6,Retail - Home Furnishings/Electronics,NA,5.9,50,No,0.44,124.2,Yes,17,19,-11.3,8.9,5.57,12.93,110,9,-23,0.5,No,60,-0.83,-25.75,54,97,62,1.47,10286,1370.1,5.88,54424.5,11.7,52.6,17.9,35.7,A+,-13.5,NA,29,7,A,72.5,9,6,26.5,17.3,21.2,42,1379.2,-47,7,0,NA,4.2,1329,Yes,-0.08,-2,2022,NA,No,248,NA,No,No,No,0.37,71,No,13,1.6,-49,9,NASDAQ,No,85,No,3.64,-,93,51568.9,-22,28,-18.2,4.5,Yes,Yes,20,-1.2,RETAIL,29.6,NA,No,54,1694.2,No,No,No,-19.9,126,NA,17.7,10.3,2026-08-07,ARHS,10,0,0,7,0,10,7,34,86,20,FALSE,FALSE,Other,Momentum Leader,50.2,Improving
5164,TXO,TXO Partners L.P.,NA,4.5,4.6,3.9,13.79,2.4,1.4,1,0,745.5,821955,08/13/2026,0.4,A,No,No,No,No,Yes,-4.38,-9.9,11.9,1.05,5.79,0,0,33,117.59,21,-5.3,3.25,2.83,NA,51.7,56.7,0,7,No,No,63.1,263.7,150.8,84.9,40,-,-50,-139,1,No,No,28.9,13.75,Oil&Gas-Explorers/Producers,NA,0,56,No,0.36,42.1,Yes,72,13,-15,2.1,0,15,67,44,-2,1.09,No,0,2,-8.33,54,67,56,0.28,1953,747.4,2.86,55446.4,10.3,107,7,10,C,14.2,NA,45,96,A+,919,11,354,5.8,3.9,4.6,49,401,211,101,-154,NA,64.2,154,Yes,0.27,457,311,NA,No,20,NA,No,No,No,1.49,0,No,1066,1.2,-310,44,New York Stock Exchange,No,65,Yes,1.18,Yes,100,38621.3,35,-188,378.1,65.4,Yes,Yes,10.1,5.3,ENERGY,2.4,NA,No,10,1034.7,Yes,Yes,No,-8.1,21.9,NA,-3.3,28.4,2026-08-07,TXO,35,15,0,10,0,7,7,74,61,10,TRUE,TRUE,CANSLIM Growth,CANSLIM Growth,34,Weak
4540,GOOG,Alphabet Inc. Cl C,NA,2.6,2.6,2.5,381.81,-0.9,0,0,3,6062.3,55653051,09/03/2026,0.22,E,No,No,No,No,Yes,0.61,79.6,0.3,2.72,26.25,0.7,0.71,54,68.68,26,39.4,3.37,3.45,NA,18.8,20,13,15,Yes,Yes,85.6,135.8,110.7,93,34,25,48,102,34,Yes,No,12.6,353.47,Internet-Content,NA,4.6,85,Yes,12.06,14.8,Yes,65,18,-1.1,1.1,197.46,404.47,27,94,-6,19.91,Yes,21,-0.88,-12.61,53,24,72,1.27,8344952,4369037,3.68,5527000,7.7,-34.8,-2.8,-10.6,D-,9.4,NA,99,122,E,216.7,87,-26,-0.4,0.9,1.5,21,402836,39,24,34,NA,23,23878,No,-3.15,5,14517,NA,No,5383,NA,No,No,No,4.38,14,No,294,0.7,82,15,NASDAQ,No,42,Yes,6.95,Yes,2,5133245.5,31,35,188.1,21.3,Yes,Yes,4.4,0.7,INTERNET,-0.9,NA,No,34,4301615.5,No,No,No,79.2,-19.7,NA,35.7,93.7,2026-08-07,GOOG,30,15,0,0,0,10,5,60,49.666666666666664,60,TRUE,TRUE,CANSLIM Growth,CANSLIM Growth,40,Weak
4541,GOOGL,Alphabet Inc. Cl A,NA,3.1,2.6,2.5,384.48,-0.5,0,0,3,6062.3,78667609,09/03/2026,0.22,E,No,No,No,No,Yes,0.61,80.6,0.3,2.72,26.31,0.7,0.71,54,68.87,26,39.4,3.41,3.55,NA,18.8,20,13,15,Yes,Yes,85.6,135.8,110.7,93,34,25,48,102,34,Yes,No,13.2,354.3,Internet-Content,NA,4.6,85,Yes,12.46,14.8,Yes,65,18,-4.4,1.3,196.59,408.61,27,94,-5,19.91,Yes,21,-0.96,-13.29,53,23,72,1.27,12164592,4369037,3.76,5868000,7.7,-38.7,-3.5,-11,D-,9.7,NA,99,122,E,216.6,87,-26,-0.6,0.9,1.5,18,402836,39,24,34,NA,23,34795,No,-3.45,5,19860,NA,No,8759,NA,No,No,No,4.66,10,No,294,0.7,82,15,NASDAQ,No,41,Yes,6.96,Yes,2,5845443.4,31,35,188.1,21.3,Yes,Yes,4.2,0.3,INTERNET,-0.5,NA,No,44,4315435.5,No,No,No,80.3,-14.5,NA,35.7,93.7,2026-08-07,GOOGL,30,15,0,0,0,10,5,60,49.333333333333336,60,TRUE,TRUE,CANSLIM Growth,CANSLIM Growth,40,Weak
3811,AMKR,Amkor Technology Inc.,NA,1.8,1.5,1.6,64.98,10.8,0,0,0,3635.9,8672282,06/02/2026,0,E,No,No,No,No,No,0.79,-126.2,0.7,2.17,12.53,0,0,70,93.92,21,6.6,9.19,9.26,NA,15.8,18.9,2,2,No,No,78.1,181.8,137.3,106.2,10,-13,-2,84,7,No,No,40,55.27,Elec-Semiconductor Mfg,NA,0,13,Yes,6.02,32.1,No,32,25,2.4,14.3,22.68,96.68,2,40,9,2.23,No,26,2.05,-42.83,53,9,67,1.97,421915,13456.2,9.37,248452.5,1.8,-51,-15.4,-23.5,A,12,NA,91,30,E,46.6,68,9,-20.6,6.9,-6.7,70,6708,-2,26,5,NA,26.5,6143,No,1.11,52,2910,NA,No,710,NA,No,No,No,1.84,53,No,218,1,267,6,NASDAQ,No,41,Yes,2.95,-,82,60259.3,60,4,242.4,23,Yes,Yes,-8,2.9,CHIPS,10.8,NA,Yes,99,13130.8,No,No,No,141.7,-38.2,NA,8.7,9.2,2026-08-07,AMKR,32,15,0,0,0,10,5,62,43,35,TRUE,TRUE,CANSLIM Growth,CANSLIM Growth,38.7,Weak
5312,VIST,Vista Energy S.A.B. de C.V. ADR,NA,1.9,1.8,2.3,71.14,-6.4,1.4,1,0,745.5,2289761,NA,0,D+,No,No,No,No,No,-7.32,121.9,0,0.69,10.71,0.36,0.36,27,33.8,6,40.8,4.15,4.19,NA,67,70.2,38,44,Yes,Yes,54.3,135.2,97.8,65.9,23,31,1,40,35,Yes,No,35.6,65.96,Oil&Gas-Explorers/Producers,NA,0,56,No,2.73,115.2,Yes,72,11,27,2.4,0,81.44,67,44,9,5.89,Yes,35,-0.53,-19.01,53,26,56,0.83,58827,7403.6,4.16,111442.4,9.2,-30.5,6.3,0.2,C,17.9,NA,61,96,E,-6.7,36,4,-2.6,-1,-0.3,59,2482.2,-2,108,57,NA,83.5,877,No,-0.35,82,597,NA,No,359,NA,Yes,No,No,2.21,0,No,400,1.1,13,51,New York Stock Exchange,No,35,Yes,2.2,-,95,111436.1,-7,-14,206.3,73.9,No,Yes,2.1,18.9,ENERGY,-6.4,NA,No,31,9896.4,No,No,No,48.1,-4.3,NA,34.9,26.1,2026-08-07,VIST,35,15,0,0,0,10,5,65,45,30,TRUE,TRUE,CANSLIM Growth,CANSLIM Growth,34,Weak
4087,EOG,EOG Resources Inc.,NA,5,4.9,4.6,148.69,-9.4,1.4,1,0,745.5,17400049,10/15/2026,1.02,A,No,No,No,No,Yes,2.25,10.9,2.7,1.85,7.32,0.93,1.25,22,40.3,9,28.1,2.84,2.8,NA,13.9,19.6,7,-1,Yes,Yes,14.9,40.1,28.5,17.5,57,8,-2,19,12,Yes,No,28.3,134.74,Oil&Gas-Explorers/Producers,NA,0,56,No,3.89,28.9,Yes,72,10,-5.6,3.3,0,151.87,67,44,8,13.46,Yes,26,-1.07,-11.28,52,26,68,0.58,484813,71440.9,2.96,524529.2,8,-12,0.1,2.9,C,18.5,NA,81,96,D,2,63,-13,-1.9,-4.7,-4.5,65,22632,-1,57,-13,NA,39.7,3629,Yes,-1.46,51,3244,NA,No,2444,NA,No,No,No,2.62,0,No,119,0.9,19,-4,New York Stock Exchange,No,39,Yes,2.22,Yes,91,523300,-17,-6,68.7,26.8,Yes,Yes,3.1,1.7,ENERGY,-9.4,NA,No,61,77233.8,No,No,No,16.2,10.6,NA,16.8,32,2026-08-07,EOG,35,12,0,0,0,10,5,62,48.666666666666664,45,TRUE,TRUE,CANSLIM Growth,CANSLIM Growth,34,Weak
4686,HLMN,Hillman Solutions Corp.,NA,2.6,2.8,3.1,9.58,17.2,0,0,1,538.3,4747510,NA,0,D+,No,No,No,No,Yes,1.83,39.8,0,2.71,17.49,0,0,50,171.19,14,3.6,4.11,4.12,NA,6.3,6.3,16,3,No,Yes,2.3,-10,1.9,2.8,10,-,18,2,3,No,No,6.5,9.22,Retail/Whlsle-Bldg Prds,NA,8.3,88,No,0.34,59.6,Yes,12,16,11.2,2.5,6.96,10.85,135,119,-27,0.56,Yes,0,1.65,-15.02,52,89,62,1.12,13215,1764.5,4.25,194545,7.8,-18.7,18.5,17,C+,-12,NA,57,81,A-,1.4,0,17,15.6,8.1,11.7,89,1552.2,20,10,18,NA,6.4,1671,Yes,0.15,-8,1338,NA,No,397,NA,No,No,No,1.12,94,No,0,1.6,-30,5,NASDAQ,No,69,No,1.5,Yes,78,190821.4,0,38,-15,5.7,No,No,9.4,0.5,RETAIL,17.2,NA,No,55,2531.4,No,No,No,-7.2,30.9,NA,3.3,4.8,2026-08-07,HLMN,0,0,0,0,0,10,5,15,77.66666666666667,15,FALSE,FALSE,Other,Momentum Leader,50.2,Improving
4012,EE,Excelerate Energy Inc.,NA,5.4,5.6,5.4,39.63,-11.2,0,0,0,1910.2,2029456,08/18/2026,0.09,D,No,No,No,No,Yes,3.38,160.3,0.8,1.8,2.32,0,0,68,99.33,21,15.9,3.33,3.29,NA,45.6,54.1,0,-2,Yes,No,29.2,32.4,31.4,16.7,69,-,23,0,5,Yes,No,24.3,34.87,Utilities,NA,0,92,No,1.26,197.5,Yes,86,24,-2.9,6.5,0,43.17,83,83,-8,1.47,No,0,-7.9,-19.24,52,19,54,0.81,12748,4310.7,3.19,31837.8,3.8,39.6,-10.1,5.5,D-,-6,NA,86,120,E,6.1,20,29,-4.7,-8,-9.5,10,1228.3,14,61,1,NA,49.2,349,No,-2.99,-10,489,NA,No,305,NA,No,No,No,0.75,0,No,147,1.2,-20,44,New York Stock Exchange,No,25,Yes,1.79,-,88,31176.4,-30,29,63.6,38,Yes,Yes,-2.5,-11.6,UTILITY,-11.2,NA,No,42,2115.2,No,No,No,42.8,29.1,NA,6.7,3.7,2026-08-07,EE,35,12,0,5,0,10,5,67,41.666666666666664,20,TRUE,TRUE,CANSLIM Growth,CANSLIM Growth,35.8,Weak
4955,ITRI,Itron Inc.,NA,7.4,7.6,9.4,108.2,4.1,0,0,0,271.8,6124005,NA,0,B+,No,No,No,No,No,1.24,13.1,0,2.75,11.9,0.29,0.29,43,66.3,16,14.5,3.72,4.18,NA,-4.6,-5.7,6,5,No,Yes,19.8,26.1,15.5,19.2,7,50,45,17,19,No,No,11.7,103.75,Elec-Scientific/Msrng,NA,0,21,No,3.72,47.1,No,17,15,23,14,77.77,142,7,13,-10,7.08,Yes,34,0.9,-26.94,51,89,80,1.27,76672,4502.2,4.45,43786.8,10.5,-54.9,22.9,27.9,A,-0.3,NA,77,12,A,23.7,-10,7,19.6,2.5,12.3,92,2367.2,67,-7,27,NA,-5.3,856,Yes,0.93,1,371,NA,No,773,NA,No,No,No,1.97,80,No,-2,1.6,-2,-3,NASDAQ,No,73,No,2.81,Yes,53,43045.5,82,-16,-1.9,-5.8,No,No,14.4,-4.8,ELECTRNCS,4.1,NA,No,82,4886,No,No,No,-16.8,-15.8,NA,19.4,9.5,2026-08-07,ITRI,0,12,0,0,0,10,7,29,83.33333333333333,40,FALSE,FALSE,Other,Momentum Leader,49.3,Improving
4199,FANG,Diamondback Energy Inc.,NA,3.5,4,3.7,203.79,-7.3,1.4,1,0,745.5,9172001,08/12/2026,1.1,C,No,No,No,No,No,-5.73,10.4,2.2,0.47,6.21,1.96,3.03,31,138.88,10,12.5,3.25,3.12,NA,22.8,16.5,22,30,Yes,Yes,5.8,27.9,18.7,6.8,5,4,-14,0,3,Yes,No,25.1,188.04,Oil&Gas-Explorers/Producers,NA,0,56,No,5.93,37.1,Yes,72,12,-7.1,4.5,134.3,214.51,67,44,2,15.53,No,38,-0.84,-12.34,51,25,54,0.77,455146,53101,3.25,280024.3,7.5,-35,4.1,-1.3,C,12.6,NA,60,96,E,6.6,49,-12,-1.5,-3.2,-3.5,51,13453,-8,31,-19,NA,17.9,2409,No,-1.59,57,1507,NA,No,2164,NA,No,No,No,3.29,76,No,143,0.7,-7,36,NASDAQ,No,38,Yes,1.39,-,22,204460.9,-52,-9,67.9,5.9,Yes,Yes,2.4,4.9,ENERGY,-7.3,NA,No,63,67873.9,No,No,No,33.2,-12.6,NA,4.4,33.6,2026-08-07,FANG,32,12,0,0,0,10,5,59,43.333333333333336,20,TRUE,TRUE,CANSLIM Growth,CANSLIM Growth,34,Weak
4286,FLG,Flagstar Bank N.A.,NA,8.4,7.7,7.5,14.48,-1.9,0,0,0,26.1,34814937,09/03/2026,0.01,E,No,No,No,No,No,-0.52,-423.1,0.3,0.16,-10.85,0,0,99,2685.25,18,-4.1,2.48,2.41,NA,9.3,18.2,15,-25,No,No,100.9,118.4,110.3,104.9,8,-,-,-,1,No,No,10.8,13.95,Banks-Savings & Loan,NA,0,29,No,0.35,72.5,Yes,21,465,-2.1,11.6,0,15.44,52,10,-12,0.03,No,0,-1.48,-9.65,51,29,33,1.05,72085,5905,2.39,417019,4.4,-35.5,-5.4,-2.4,B+,-2.2,NA,40,43,E,-6.1,169,285,-4.2,-1.2,-3.8,-,2062,-135,4,85,NA,2.8,4946,No,-0.21,193,3189,NA,No,478,NA,No,No,No,2.17,0,No,132,1.4,112,-25,New York Stock Exchange,No,37,Yes,0.76,-,96,301032.7,112,86,121.6,29.8,Yes,No,1,2.8,BANKS,-1.9,NA,No,64,17938.4,No,No,No,22.7,-22.8,NA,-2.2,3.2,2026-08-07,FLG,25,15,0,0,0,10,5,55,37.666666666666664,0,TRUE,FALSE,CANSLIM Growth,CANSLIM Growth,57.9,Strong
4669,HIFS,Hingham Institution for Savings,NA,8.2,10.4,11.9,307.38,5.7,0,0,4,534.9,319011,08/02/2026,0,E,No,No,No,No,Yes,-0.57,58.9,0.9,0.15,18.56,0,0,22,38.79,0,30.7,3.64,3.7,NA,10.9,12.5,19,11,No,No,86.1,63.4,96.3,102.6,147,-7,28,78,11,No,No,6.2,301.57,Banks-Regional,NA,1.5,42,Yes,10.95,166.4,Yes,270,10,14.6,18,238.85,338,62,20,-22,30.02,Yes,43,0.72,-10.78,50,61,84,0.92,10208,652.8,3.55,2180.3,4,21.6,2.6,5.1,B+,-9.5,NA,91,46,C,0,0,0,3.2,3.2,3.6,88,236.7,7,33,93,NA,7.6,35,No,2.15,0,42,NA,No,214,NA,No,No,No,2.68,69,No,169,0.8,-60,9,NASDAQ,No,51,Yes,1.31,Yes,77,1776,82,195,54.3,9.7,Yes,Yes,3.8,0.9,BANKS,5.7,NA,No,53,2119.1,No,No,No,24.2,26.1,NA,12,35.3,2026-08-07,HIFS,32,15,0,0,0,10,5,62,67,25,TRUE,TRUE,CANSLIM Growth,CANSLIM Growth,57.9,Strong
3595,ABT,Abbott Laboratories,NA,1.7,1.8,1.9,110.04,2,1.6,2,5,1088.6,24846147,07/14/2026,0,A,No,No,No,No,No,2.43,23.7,2.4,1.38,19.7,0,0,61,134.14,19,19.1,2.88,3.18,NA,7.9,8,1,5,Yes,No,8.4,7.1,7.2,7.9,16,-1,8,8,7,No,No,-14,107.81,Medical-Products,NA,3.9,117,Yes,3.09,20.8,Yes,127,20,8.9,1.4,0,137.49,142,90,-14,5.26,No,9,-0.14,-21.59,50,86,59,0.5,1207689,186812.2,3.22,1730383.3,0,-49.5,12.5,23.9,C,-2.7,NA,46,98,A,2.6,7,10,13.2,1.2,6.1,47,44328,5,13,10,NA,10.4,13020,Yes,-0.15,9,6606,NA,No,3596,NA,No,No,No,4,0,No,4,1.5,6,6,New York Stock Exchange,No,60,No,3.65,Yes,99,1718635.9,12,7,4.7,8.4,Yes,No,6,-5.2,MEDICAL,2,NA,No,45,192008.8,No,No,No,-18.4,-37.2,NA,13,7.4,2026-08-07,ABT,5,0,0,0,0,10,0,15,75,25,FALSE,FALSE,Other,Momentum Leader,55.5,Strong
4456,GEHC,GE HealthCare Technologies Inc.,NA,3.1,2.6,3.6,72.04,5.5,4.6,3,2,401.8,18451068,07/23/2026,0,A-,No,No,No,No,No,5.19,23.9,0.2,1.21,16.54,0,0,46,63.17,14,13.4,3.2,3.37,NA,5.9,6.5,0,3,No,No,2.7,1.3,-0.6,0.8,11,-,6,-1,21,No,No,-12.5,71.77,Medical-Systems,NA,3.1,103,No,2.19,94.6,No,65,16,39.3,4.1,58.75,89.77,126,127,-28,4.63,No,0,2.08,-20.05,50,86,59,1.08,332623,31758.1,3.71,451686.3,-1.7,-40.9,10.6,17,D,-11,NA,53,109,A,9.1,7,10,11,4.4,9.2,73,20625,14,6,2,NA,6.7,5293,Yes,1.46,13,2939,NA,No,2265,NA,No,No,No,1.52,93,No,7,1.3,-2,5,NASDAQ,No,54,No,2.95,Yes,95,450343.8,-1,-6,2.3,6.8,Yes,Yes,1,0.9,MEDICAL,5.5,NA,No,55,37677.4,No,No,No,0.9,-41.3,NA,22.1,10.6,2026-08-07,GEHC,0,0,0,0,0,10,0,10,75,20,FALSE,FALSE,Other,Momentum Leader,55.5,Strong
5136,TTEK,Tetra Tech Inc.,NA,3.2,3.2,3.3,35.49,6.9,2.9,1,0,395.5,12159832,08/12/2026,0.07,B,No,No,No,No,No,3.28,15.3,0.9,1.18,20.68,1.2,1.26,66,81.47,21,6.9,3.33,3.3,NA,-3.3,-5.1,15,7,Yes,Yes,11.8,0.2,4.8,10.9,12,18,16,4,11,No,No,5.7,35.44,Pollution Control,NA,0,111,No,1.04,51.6,Yes,35,23,3.1,4.7,25.81,43.14,129,98,-28,1.56,Yes,3,2.04,-17.85,49,88,67,0.86,102192,8892.4,3.43,256044.4,8.5,-45.5,14.6,15.5,C+,-14.2,NA,71,88,B,5.9,1,10,17.4,4.8,9.2,71,4617.4,13,-4,24,NA,-4.3,3430,Yes,0.71,4,1816,NA,No,999,NA,No,No,No,2.08,95,No,-2,1.3,3,5,NASDAQ,No,71,No,4.9,Yes,97,254747.1,0,18,0.4,-7.3,Yes,No,9.8,-3.8,MACHINE,6.9,NA,Yes,63,9599.4,No,No,No,-4.8,-41.8,NA,13.7,8.4,2026-08-07,TTEK,0,0,0,0,0,10,5,15,78,30,FALSE,FALSE,Other,Momentum Leader,43.1,Weak
4988,JCAP,Jefferson Capital Inc.,NA,4,4,3.7,21.63,5.5,0,0,0,786.3,1113555,05/25/2026,0,C,No,No,No,No,No,-3.76,8,4.8,0.16,2.37,0,0,12,29.65,8,35.6,3.58,3.6,NA,0,0,0,0,No,No,0,186609.8,139969,0,2,-,-,71,33,Yes,No,-5,21.22,Financial Svcs-Specialty,NA,0,116,No,0.69,233.8,No,48,7,-7.9,4.7,15.5,23.8,87,88,-14,2.97,No,0,1.48,-10.84,49,80,60,0.9,5934,1288.3,3.5,61613.6,5.7,44.3,16.7,4,D+,-3.4,NA,70,108,C,4,-21,5,15.3,3.4,7,77,613.3,0,0,2779110,NA,0,333,Yes,0.31,-16,458,NA,No,162,NA,No,No,No,2.06,64,No,559763,1.6,49,42,NASDAQ,No,65,No,2.65,-,72,23839.6,17,47,279906.2,0,No,No,7,7.3,FINANCE,5.5,NA,No,50,2624.4,No,No,No,24,10.8,NA,43.8,19.2,2026-08-07,JCAP,25,15,0,5,0,10,5,60,68,30,TRUE,FALSE,CANSLIM Growth,CANSLIM Growth,50,Improving
4137,ET,Energy Transfer LP,NA,2.3,2.7,3.2,20.81,-1.1,0,0,0,766.2,33648079,08/06/2026,0,E,No,No,No,No,Yes,17.75,42.2,6.7,1.17,6.8,0,0,39,65.38,13,7.1,1.76,1.7,NA,25.8,34,7,6,Yes,No,9.9,22.6,13.8,9.3,13,-3,6,9,1,Yes,No,22.1,20.13,Oil&Gas - Pipeline,NA,0,84,Yes,0.34,225.1,Yes,22,14,17.4,1.1,0,20.81,63,59,0,1.47,Yes,15,-0.98,-3.27,49,38,57,0.65,177466,71128.8,1.65,3441159.2,9.1,26.9,1.6,1.1,C-,12.2,NA,73,100,E,55.3,30,4,2.5,-0.7,-0.5,75,85536,17,78,-5,NA,55.3,8963,Yes,-0.2,32,11092,NA,No,200,NA,No,No,No,0.65,0,No,84,1.2,-3,3,New York Stock Exchange,No,46,Yes,2.23,-,97,3032928.3,-14,-12,40.8,46.7,Yes,Yes,5.6,-2,ENERGY,-1.1,NA,No,13,138762.2,No,No,No,14.2,57,NA,12.7,4.5,2026-08-07,ET,30,8,0,5,0,7,5,55,50,25,TRUE,TRUE,CANSLIM Growth,CANSLIM Growth,34,Weak
4994,JEF,Jefferies Financial Group Inc.,NA,2.4,1.9,2.1,57.84,3.7,0,0,0,574.8,4659283,08/17/2026,0.4,B+,No,No,No,No,Yes,0.76,4.4,2.9,1.51,2.3,0,0,47,60.48,14,9.7,4.05,4.38,NA,17.5,22.2,0,20,Yes,No,25.5,56.4,51,33.3,19,-11,39,28,3,Yes,No,-8.6,56.62,Finance-Invest Bnk/Bkrs,NA,0,107,Yes,2.38,155.9,Yes,37,16,8.9,3,0,71.04,127,64,-14,3.58,No,54,0.53,-20.3,48,58,78,1.37,118586,12984.7,3.81,193742.7,5.6,-54,7.2,10,B-,-3.9,NA,95,72,A,-11.8,26,34,1.8,1.3,2.1,43,7343.8,172,35,-5,NA,30.8,2173,No,0.3,-9,1154,NA,No,625,NA,No,No,No,1.32,0,No,155,1.1,23,-16,New York Stock Exchange,No,62,No,1.09,-,99,154978.9,-9,35,88.9,22.5,Yes,Yes,8.3,-2.3,FINANCE,3.7,NA,No,46,33833.7,No,No,No,-1.7,-9.3,NA,6.1,7.5,2026-08-07,JEF,32,15,0,0,0,10,5,62,63.333333333333336,20,TRUE,TRUE,CANSLIM Growth,CANSLIM Growth,50,Improving
3669,AEM,Agnico Eagle Mines Ltd.,NA,1.9,1.8,1.6,181.4,23.1,0,0,5,736.2,4247717,08/31/2026,0.45,D,No,No,No,No,No,0.1,16.6,1.2,2.86,13.22,0.45,0.47,48,59.43,15,56.6,4.26,3.92,NA,47.8,50.8,30,34,No,Yes,94.2,97.6,95.6,92.7,34,34,85,97,17,No,No,5.5,178.82,Mining-Gold/Silver/Gems,NA,5.6,19,Yes,5.83,1.2,No,89,16,-8.3,0.8,0,255.24,65,141,-25,11.3,Yes,35,6.49,-29.94,48,72,76,0.57,427098,85529.9,3.88,509477.1,-2.2,80.1,19,-4.8,D+,-9,NA,99,104,C+,4.8,45,3,14.2,16.1,20.9,45,11907.9,90,35,96,NA,50.6,2847,No,10.9,27,5020,NA,No,2686,NA,No,No,No,6.27,0,No,57,0.9,122,44,New York Stock Exchange,No,43,No,3.17,Yes,106,507224.2,113,89,89.7,53.8,Yes,No,-4.9,-0.6,MINING,23.1,NA,No,51,82997.9,No,No,No,31.7,40.9,NA,19.6,42.1,2026-08-07,AEM,27,15,0,7,0,10,0,59,70.33333333333333,55,FALSE,FALSE,CANSLIM Growth,CANSLIM Growth,52.3,Improving
5499,WTM,White Mountains Insurance Group Ltd.,NA,5.7,5.9,6.3,2231,2.5,1.6,2,5,2437.5,138306,03/15/2026,0,D-,No,No,No,No,Yes,1.01,9.7,0.1,1.35,8.16,0.16,0.16,6,18.69,0,46,2.33,2.42,NA,33.6,23.4,25,15,No,Yes,136.7,205.9,145.3,181.2,65,30,25,775,22,No,No,3.4,2149.44,Insurance,NA,3.9,105,No,51.86,16.8,Yes,129,5,6,5.8,0,2333,97,32,-13,439.4,Yes,93,0.39,-7.87,48,41,75,0.32,42643,5302.8,2.37,2476.7,2.2,56.5,-0.8,2.7,B,-1.6,NA,85,60,D,7.4,-69,13,2.2,0.5,-0.6,95,2885.7,-55,-9,379,NA,-10,20,No,8.35,57,30,NA,No,425,NA,No,No,No,1.93,0,No,69,0.6,-195,29,New York Stock Exchange,No,39,No,0.95,Yes,100,2399.7,744,-37,-63.3,30.2,Yes,Yes,0.2,2.2,INSURANCE,2.5,NA,Yes,53,5965.2,Yes,Yes,Yes,22.8,29,NA,22,31.9,2026-08-07,WTM,20,15,0,5,0,10,5,55,56.666666666666664,50,FALSE,FALSE,CANSLIM Growth,CANSLIM Growth,60.8,Strong
5041,TLS,Telos Corp.,NA,2.3,2.6,2.7,4.95,7.7,0,0,1,787.5,2230825,NA,0,D,No,No,No,No,Yes,0.12,8.8,0,2.18,11.54,0,0,72,0,38,-22.6,6.01,5.13,NA,55.9,69,-12,-6,No,No,154.1,246.7,201.7,173.8,24,-7,8,316,-33,Yes,No,-6.3,4.78,Computer Sftwr-Security,NA,2.6,131,No,0.24,6,No,39,27,3,4.3,2.37,8.36,30,2,-17,0.18,No,0,4.6,-42.82,48,59,71,1.6,3417,341.9,4.73,74819.2,-3.5,-60.4,0.8,8.1,A+,-2.2,NA,79,3,A,261.4,40,85,3.6,3.9,3,52,164.8,-35,56,129,NA,66.7,717,No,0.21,176,273,NA,No,195,NA,No,No,No,1.97,66,No,300,1.6,250,52,NASDAQ,No,51,No,3.7,Yes,63,52018.8,190,67,275,83.2,Yes,Yes,4,0,SOFTWARE,7.7,NA,No,47,305,No,No,No,93.5,-64.4,NA,-32.8,4.2,2026-08-07,TLS,35,15,0,0,0,10,0,60,61.333333333333336,35,TRUE,FALSE,CANSLIM Growth,CANSLIM Growth,58.7,Strong
3837,ANDE,Andersons Inc.,NA,2.7,3.2,3.1,77.81,-7.6,0,0,0,87.6,1083528,06/30/2026,0,E,No,No,No,No,Yes,0.86,56.5,1.1,1.51,12.69,2.46,3.16,33,49.54,11,1.3,3.52,3.84,NA,-1.4,-4.8,-5,-13,No,No,1678.3,3422.6,2560.4,2032.7,5,4,18,136,6,No,No,23,65.39,Food - Wholesale,NA,0,72,Yes,2.79,50.7,No,9,13,-2.1,3.3,37.43,82.11,102,21,-10,5.18,Yes,28,-3.77,-20.36,48,8,63,0.65,23432,2308.6,4.1,33975.6,1.3,64.3,-3.8,-7.7,A-,-2.2,NA,98,33,E,11.2,96,15,-9.3,-7.6,-11.6,75,11008.9,13,-1,-16,NA,-1.2,328,No,-2.56,81,516,NA,No,455,NA,No,No,No,0.2,12,No,617,0.9,9600,-2,NASDAQ,No,19,Yes,1.7,Yes,3,32544.2,50,-26,5108.7,-7.1,Yes,Yes,-5.6,0.4,FOOD/BEV,-7.6,NA,No,67,3181.8,No,No,No,73.7,25,NA,7.3,1.8,2026-08-07,ANDE,25,15,0,7,0,10,5,62,39.666666666666664,25,FALSE,FALSE,CANSLIM Growth,CANSLIM Growth,51.9,Improving
3577,AAP,Advance Auto Parts Inc.,NA,6.6,6,5.2,60.27,4.1,0,0,0,165.5,10770232,07/09/2026,0,D+,No,No,No,No,Yes,1.77,-33.2,1.8,1.78,-76.15,0,0,54,305.43,18,-1.1,4.8,4.88,NA,-10.9,-7.6,-5,-11,Yes,No,233.7,547.6,408.7,300.4,10,-51,-84,304,2,No,No,47.1,57.8,Retail/Whlsle-Auto Parts,NA,0,113,No,2.77,237.7,Yes,12,18,-14.4,18.2,0,65.21,114,133,-4,3.24,No,0,-0.21,-11.36,48,50,52,0.95,99267,3492.6,5.09,60300,9.8,-55.9,3.5,1,D-,4.5,NA,79,119,B-,80.2,30,37,0.3,0.3,3.2,67,8601,-158,1,879,NA,0,1729,No,-0.12,16,767,NA,No,502,NA,No,No,No,0.4,0,No,450,1,173,-5,New York Stock Exchange,No,55,Yes,1.57,-,96,59206.6,1020,-8,311.4,-1.7,Yes,Yes,7.1,-2,RETAIL,4.1,NA,No,77,6028.6,No,No,No,-0.9,-42.7,NA,3.1,0.9,2026-08-07,AAP,25,15,0,0,0,10,5,55,52,15,FALSE,FALSE,CANSLIM Growth,CANSLIM Growth,50.2,Improving
5432,WGS,GeneDx Holdings Corp.,NA,4.3,4,3.9,79.38,18.4,3.4,2,3,224.8,5830669,NA,0,A,No,No,No,No,Yes,0.81,-27.4,0,3.3,66.34,0,0,98,4925.03,131,-4.9,7.58,7.37,NA,30.7,26.9,38,34,No,Yes,248.4,-127.2,184.9,261.4,38,-,137,-78,-8,No,No,-40.7,77.08,Medical-Services,NA,5.1,104,No,4.83,33.8,No,59,214,-3.6,21.3,32.21,170.87,91,8,-31,0.36,Yes,0,10.76,-54.89,48,98,43,1.89,59657,2075.4,8.07,29822.5,-14.2,29.1,17.8,90.3,A+,-8.6,NA,5,6,A+,105.3,-102,3516,23.6,14.1,18.5,4,427.5,105,11,451,NA,14.4,977,Yes,7.49,-87,1233,NA,No,339,NA,No,No,No,5.06,87,No,-98,1.6,-202,40,NASDAQ,No,72,No,9.41,-,86,27534.7,-82,1121,-149.9,18.4,No,No,6.5,-24.3,MEDICAL,18.4,NA,No,78,2026.8,No,No,No,-27.2,38.9,NA,-7.6,-15.5,2026-08-07,WGS,5,0,0,5,0,10,0,20,83,20,FALSE,FALSE,Other,Momentum Leader,55.5,Strong
4462,GENI,Genius Sports Ltd.,NA,3.9,4.5,5.1,8.59,9.5,6.1,2,0,189.8,33008525,NA,0,A+,No,No,No,No,Yes,0.13,35.7,0,1.59,22.38,0,0,21,0,42,-17.6,7,6.89,NA,39,42.6,32,28,No,Yes,-156.7,-186.5,-219.9,-202.6,18,-,-,-,-17,No,No,-31.1,7.59,Leisure-Gaming/Equip,NA,0,128,No,0.46,3.5,Yes,33,0,12.4,14.2,0,13.73,123,89,13,-0.63,Yes,0,-3.07,-44.72,48,93,32,1.61,45328,2094.8,7.05,257538.2,3.2,37.7,17.3,58.8,D,24.6,NA,13,111,A,-306.2,20,216,16,1.6,9.5,21,669.5,29,65,-15,NA,47.6,6800,Yes,-0.24,125,9281,NA,No,223,NA,No,No,No,2.47,0,No,-33,1.6,-600,31,New York Stock Exchange,No,77,No,2.81,-,88,233151.7,74,-320,-316.7,44.1,No,No,21.2,-6.3,LEISURE,9.5,NA,No,56,1895.2,No,No,No,-36.5,115.3,NA,-17.2,-29.5,2026-08-07,GENI,10,0,0,5,0,10,5,30,77.66666666666666,20,FALSE,TRUE,Other,Momentum Leader,44.8,Weak
3866,APAM,Artisan Partners Asset Management Inc.,NA,6.1,5.9,5.3,43.81,8.4,0,0,4,1107.7,4251460,08/16/2026,0.8,B,No,No,No,No,Yes,0.98,5.1,8.8,2.89,6.64,0,0,23,41.61,11,38.1,2.94,3.06,NA,8.7,9.7,1,10,No,No,9.9,12.7,12.2,10,68,-3,16,13,1,No,No,4.4,42.55,Finance-Investment Mgmt,NA,3.5,121,Yes,1.16,65.9,No,113,10,-10.9,6.1,0,48.46,79,70,-16,4.09,No,20,-1.16,-12.2,47,81,86,1.22,33207,3489.9,3.12,70996.4,7.1,16.8,18.1,13.1,B,-5.7,NA,84,52,A,3,-2,4,13.3,2.9,6.8,51,1196.7,23,9,11,NA,9.1,885,Yes,-0.5,-5,1050,NA,No,461,NA,No,No,No,2.42,0,No,13,1.1,5,8,New York Stock Exchange,No,65,No,7.19,Yes,98,69362.3,20,11,9,10.4,Yes,No,9.6,-4.4,FINANCE,8.4,NA,No,54,3110.9,No,No,No,-6,13.6,NA,64.2,21.1,2026-08-07,APAM,10,0,0,0,0,10,5,25,76.33333333333333,45,FALSE,FALSE,Other,Momentum Leader,50,Improving
4510,GLP,Global Partners LP,NA,3.5,1,1.2,50.36,1.4,0,0,0,362.7,133246,08/09/2026,0.78,D,No,No,No,No,No,9.74,24.7,6.3,1.12,6.03,0.97,1.74,40,52.62,15,0.5,3.52,2.85,NA,17,20,8,7,Yes,Yes,126.6,218.6,153.1,112.5,9,8,-11,107,4,No,No,19.9,50.18,Oil&Gas-Refining/Mktg,NA,0,31,No,1.36,312.9,Yes,27,14,15.7,0.5,0,53.25,22,1,-11,4.91,No,0,3.42,-5.77,47,60,84,0.65,4975,1649.5,2.68,33977.6,8.6,43.3,3.5,5.1,A,6.9,NA,91,25,B+,50,123,-21,5.1,2.4,3,21,18561.4,-36,47,-12,NA,31.3,106,Yes,1.66,45,149,NA,No,22,NA,No,No,No,0.09,0,No,238,1.1,414,8,New York Stock Exchange,No,57,Yes,2.68,-,100,29384.8,4,-44,326,24.6,Yes,Yes,6.6,15.8,ENERGY,1.4,NA,No,39,3717.7,Yes,Yes,Yes,-0.1,-14.1,NA,11.4,1,2026-08-07,GLP,32,15,0,5,0,10,5,67,65.66666666666666,30,TRUE,TRUE,CANSLIM Growth,CANSLIM Growth,34,Weak
3765,ALKT,Alkami Technology Inc.,NA,5.7,4.7,4,20.21,8.6,0,0,1,223.4,7686611,NA,0,A+,No,No,No,No,Yes,4.59,35,0,1.92,49.99,0.43,0.43,77,0,21,-13.3,5.09,4.94,NA,29.5,27.8,30,29,No,Yes,156,297,233.9,176.1,28,73,100,146,-13,Yes,No,-14.5,19.73,Comp Sftwr - Financial,NA,2.4,136,No,0.87,101.4,No,41,31,-14.2,12.6,13.98,26.89,134,129,4,0.63,Yes,14,0.2,-26.63,47,88,57,1.35,30465,2105.7,4.83,106942,6.1,-17,6.6,13.2,E,13.2,NA,81,129,A+,7.4,55,38,14.9,6,9.9,16,443.6,591,16,142,NA,22.4,1810,Yes,0.04,44,1474,NA,No,293,NA,No,No,Yes,4.31,41,No,625,1.4,165,33,NASDAQ,No,69,No,5.82,-,77,60773.4,100,44,395.3,26.5,Yes,Yes,12.3,-6.4,SOFTWARE,8.6,NA,No,96,2375.1,No,No,No,-5.5,-15.9,NA,-13.3,-6.8,2026-08-07,ALKT,30,15,0,0,0,10,5,60,69,20,TRUE,FALSE,CANSLIM Growth,CANSLIM Growth,58.7,Strong
5342,VOXR,Vox Royalty Corp.,NA,3.7,3.6,3.4,5.22,15.9,0,0,5,736.2,1695644,06/29/2026,0,E,No,No,No,No,Yes,0.68,53.3,1.4,4.94,26.91,0.21,0.21,43,45.95,25,42.6,4.95,4.48,NA,140,176.7,58,19,Yes,Yes,541,1216.7,912.5,669.2,51,69,90,347,7,Yes,No,6.3,5.04,Mining-Gold/Silver/Gems,NA,5.6,19,No,0.2,6.3,Yes,89,15,-5.1,2.8,3.13,6.7,65,141,-10,0.34,Yes,0,1.41,-24.78,47,47,56,0.52,2365,342.4,4.3,68901.8,-0.9,32.9,12.2,-13.5,D+,-2.7,NA,66,104,C,827.3,2674,-24,4.8,10.8,13.4,49,16.6,-712,498,133,NA,326.2,484,No,0.07,640,630,NA,No,100,NA,No,No,Yes,11.58,18,No,3500,1,150,50,NASDAQ,No,33,No,2.6,-,80,59955.4,0,0,1825,236.5,Yes,Yes,-4.1,1,MINING,15.9,NA,No,25,338.3,No,No,No,50.4,-13.8,NA,7.8,152.7,2026-08-07,VOXR,35,15,0,5,0,10,0,65,52,35,TRUE,TRUE,CANSLIM Growth,CANSLIM Growth,52.3,Improving
3937,AS,Amer Sports Inc.,NA,2.8,3.1,3,37.65,3.7,2,1,1,910.6,12877485,NA,0,B,No,No,No,No,No,1.08,44,0,1.66,28.45,0,0,80,173.69,27,9.5,3.63,3.61,NA,27.8,28.7,0,0,No,Yes,128.5,86.3,69.7,103.3,13,-,-,82,8,No,No,-1.4,36.84,Apparel - Clothing & Shoes,NA,2,106,No,1.26,25,Yes,51,34,-2.9,7.8,0,42.76,124,122,-12,1.08,No,0,2.02,-13.84,47,61,55,1.53,137728,20881.4,3.65,578271.8,3.9,46.4,8.3,1,D-,-1.8,NA,64,123,B,24.1,30,23,5,2.1,3.9,15,6566.2,234,32,106,NA,30.3,3892,Yes,0.73,75,6134,NA,No,524,NA,No,No,No,3.03,0,No,41,1,82,27,New York Stock Exchange,No,55,No,3.16,-,98,166126.5,136,20,61.5,30.1,Yes,No,3.3,8.9,CONSUMER,3.7,NA,No,71,21982.2,No,No,No,-2.6,26.2,NA,7.9,8.5,2026-08-07,AS,22,15,0,7,0,10,5,59,56.333333333333336,25,FALSE,TRUE,CANSLIM Growth,CANSLIM Growth,55.4,Strong
5568,YEXT,Yext Inc.,NA,3.3,3.1,3.8,5.81,4.9,0.9,1,8,5415.1,5284561,NA,0,A+,No,No,No,No,No,-9.48,10.9,0,0.72,13.6,0.18,0.18,24,296.16,8,9,5.6,4.81,NA,5.1,2.8,4,4,No,Yes,48,16.7,32,53.6,14,60,48,24,24,No,No,-28.9,5.73,Comp Sftwr - Enterprise,NA,7,137,No,0.25,100.3,No,114,11,24.2,6.3,0,9.2,108,39,2,0.54,Yes,27,2.87,-37.72,46,93,80,1.11,6152,558.4,4.91,100248.1,-2.3,-44.4,11.7,39.1,A+,16.9,NA,89,9,A+,7.7,28,-3,20.6,1.8,5.8,74,446.6,6,-1,51,NA,-1.2,1360,Yes,0.16,42,739,NA,No,239,NA,No,No,No,1.29,0,No,17,1.6,17,6,New York Stock Exchange,No,70,No,23.44,-,99,83819.2,17,78,16.7,-1.4,Yes,No,14.4,-14.3,SOFTWARE,4.9,NA,No,36,597.3,No,No,No,-27.7,-48.7,NA,24.2,2.4,2026-08-07,YEXT,10,8,0,0,0,10,0,28,88,30,FALSE,FALSE,Other,Momentum Leader,58.7,Strong
4949,IT,Gartner Inc.,NA,7.8,7.2,6.8,194.53,22.9,0,0,0,189.7,11490480,NA,0,A,No,No,No,No,Yes,-4.22,10.1,0,0.88,10.87,1.07,1.07,35,67.09,12,14.9,5.58,6.01,NA,1.7,0.7,8,4,No,Yes,4.9,2.5,4.5,5.5,8,12,9,-4,87,Yes,No,-26.4,185.6,Comml Svcs-Market Rsrch,NA,0,139,No,8.66,1014.9,Yes,15,13,-4.8,17.6,0,265.85,133,113,8,14.39,Yes,9,0.42,-30.19,46,92,65,1,238611,11671.2,6.48,63149,1.7,-18.6,31.8,17.6,D+,18.7,NA,74,105,A+,16.3,10,14,25.8,11.3,22.8,77,6500,24,-1,-7,NA,-1.1,1617,Yes,0.78,4,1195,NA,No,1412,NA,No,No,No,1.81,0,No,24,1.1,11,4,New York Stock Exchange,No,70,No,-71.43,Yes,96,61548.4,-28,10,17.6,0,Yes,Yes,13.4,-21.6,BUSINS SVC,22.9,NA,No,60,14105.9,No,No,No,-19.2,41.6,NA,86.9,14.7,2026-08-07,IT,10,0,0,0,0,10,5,25,77.66666666666667,30,FALSE,FALSE,Other,Momentum Leader,59.6,Strong
5249,USPH,U.S. Physical Therapy Inc.,NA,5.2,4.7,4.3,82,1.3,3.4,2,3,224.8,1015175,08/20/2026,0.46,A+,No,No,No,No,No,15.4,26.3,2.3,1.27,15.89,0,0,78,1803.6,26,10,4.04,4.29,NA,12.8,11.5,12,13,No,No,3.4,6.6,3.9,5.3,14,-6,0,4,1,No,No,2.5,80.05,Medical-Services,NA,5.1,104,Yes,3.16,55.2,Yes,59,32,-9.4,6.8,0,93.5,91,8,-22,2.54,No,6,4.7,-14.38,44,84,70,0.78,16337,1163.6,4.52,15218.8,5.5,18.2,11.5,35.7,A+,-6.5,NA,47,6,A+,-7.8,6,23,14.4,2.3,5.9,32,781,-4,8,7,NA,8.2,232,Yes,3.59,19,272,NA,No,346,NA,No,No,No,1.5,0,No,-7,1.2,-4,16,New York Stock Exchange,No,64,No,2.66,Yes,98,14844.4,31,-4,-5.8,9.6,No,No,6.9,-3.4,MEDICAL,1.3,NA,No,64,1462.2,No,No,No,-4.4,41.7,NA,4.5,1.8,2026-08-07,USPH,0,0,0,0,0,10,5,15,81,10,FALSE,FALSE,Other,Momentum Leader,55.5,Strong
4615,HAFN,Hafnia Ltd.,NA,1.1,1.1,0.7,7.71,-2.3,2,1,2,72.6,1201214,06/03/2026,0,E,No,No,No,No,No,2.61,11.2,9.5,1.6,6.93,0,0,17,31.82,6,14.2,3.33,3.21,NA,-15.7,-9.1,11,-20,Yes,Yes,-14.4,35.7,9.2,-6.6,12,-,-31,-32,-1,Yes,No,40.9,7.51,Transportation-Ship,NA,4.1,25,No,0.23,39.1,Yes,49,9,-41.2,0.5,0,9.54,9,18,10,0.84,Yes,0,-0.53,-21.24,44,25,50,0.19,12888,3733.7,2.91,499842.3,7,-59.6,4.6,-15,A-,20.4,NA,63,36,E,-0.4,100,-36,1.8,-0.3,0.3,50,955.9,-3,29,-55,NA,20,1723,Yes,-0.04,271,686,NA,No,301,NA,No,No,Yes,3.68,0,No,127,0.8,38,-20,New York Stock Exchange,No,47,Yes,1.43,-,98,242858.2,-57,-71,82.2,2.8,Yes,Yes,1.9,-0.3,TRANSPORTATION,-2.3,NA,No,33,4458.3,No,No,No,33.4,-39.6,NA,14.8,26.8,2026-08-07,HAFN,32,12,0,0,0,10,5,59,41.666666666666664,35,TRUE,TRUE,CANSLIM Growth,CANSLIM Growth,49.2,Improving
3940,ASAN,Asana Inc. Cl A,NA,4.5,5.3,5.6,9.42,11.3,0.9,1,8,5415.1,35653631,NA,0,A+,No,No,No,No,No,2,12.4,0,1.1,24.27,0.53,0.53,76,0,24,-23.3,7.6,7.36,NA,9.3,9.5,23,11,No,Yes,433,694.2,575.7,497.2,34,56,118,374,-99,No,No,-32.5,9.26,Comp Sftwr - Enterprise,NA,7,137,No,0.55,119.2,Yes,114,30,5.6,39.5,0,15.71,108,39,-11,0.31,Yes,0,6.68,-41.06,43,96,69,2.2,46234,2000.8,7.79,160969.5,0.4,-1.4,23.6,31.3,A+,5.7,NA,80,9,A+,33.2,38,26,22.1,9.2,17.5,31,790.8,35,10,308,NA,9.3,6172,Yes,0.58,46,6053,NA,No,291,NA,No,No,No,1.84,0,No,100,1.2,1533,9,New York Stock Exchange,No,85,No,15.81,-,104,90244.1,450,220,816.3,9.3,Yes,No,19.5,-4.3,SOFTWARE,11.3,NA,No,67,1815.8,Yes,No,No,-34.5,-25,NA,-99.1,-7,2026-08-07,ASAN,20,15,0,0,0,10,5,50,84.33333333333333,20,FALSE,FALSE,Other,Momentum Leader,58.7,Strong
5029,TK,Teekay Corp. Ltd.,NA,5.9,5.7,5.3,11.87,-2.8,2,1,2,72.6,3315190,01/30/2019,0,D,No,No,No,No,-,0.02,3,0,0,3.25,0.17,0.17,7,42.88,0,36.6,3.95,4.22,NA,8.5,17.8,-4,-15,Yes,Yes,72.7,169,135.7,101,-,32,-6,121,14,Yes,No,25.4,11.32,Transportation-Ship,NA,4.1,25,No,0.47,3.5,Yes,49,5,-7.4,6,0,14.38,9,18,-3,2.09,Yes,51,0.44,-21.28,43,21,58,0.53,6429,980.6,3.81,87011.8,1.9,-22.3,5.7,-19.7,A-,7.9,NA,88,36,D-,0,0,0,0.3,-0.1,1.5,72,949.5,-5,63,-23,NA,43.5,575,No,0.05,259,449,NA,No,252,NA,No,No,Yes,0.86,0,No,259,1,207,-22,New York Stock Exchange,No,35,No,1.57,Yes,95,54869.7,41,36,233.2,29.1,Yes,Yes,-2.8,-0.4,TRANSPORTATION,-2.8,NA,No,51,18.8,No,No,No,49.3,-6.9,NA,13.7,18.3,2026-08-07,TK,35,15,0,0,0,10,5,65,42.666666666666664,40,TRUE,TRUE,CANSLIM Growth,CANSLIM Growth,49.2,Improving
4017,EFOR,Everforth Inc.,NA,2.6,2.5,3.7,33.06,13.3,1.1,1,2,799.5,4154298,NA,0,A+,No,No,No,No,Yes,2.73,9.4,0,2.13,4.28,0,0,14,65.36,8,4.1,7.4,8.06,NA,-1,-0.9,-2,-5,No,No,-16.7,-19.1,-16.4,-15.9,46,-6,-14,-15,6,No,No,-33.1,32.22,Computer-Tech Services,NA,2.2,118,No,1.64,67.1,No,93,8,44.9,10.6,0,54.94,136,125,-54,4.06,No,11,2.06,-41.35,43,98,30,1.1,23250,1294.4,8.17,41000,-9.4,-31.4,75.4,54.4,D,-38.6,NA,23,116,A+,11.4,-20,18,53,15,39.5,80,3980.4,-14,-1,-13,NA,-0.7,1096,Yes,0.65,-21,765,NA,No,452,NA,No,No,No,0.33,0,No,-22,1.5,-25,-3,New York Stock Exchange,No,56,No,0.73,Yes,101,39330.8,-10,-8,-23.6,-0.6,No,No,0.2,-12.1,BUSINS SVC,13.3,NA,No,67,2376.7,No,No,No,-35.8,10,NA,6.3,1.4,2026-08-07,EFOR,0,0,0,0,0,10,0,10,77,10,FALSE,FALSE,Other,Momentum Leader,59.6,Strong
3916,ARLO,Arlo Technologies Inc.,NA,8.8,9.1,9,16.61,3.5,0,0,0,131.4,12441709,NA,0,A,No,No,No,No,No,0.07,20.7,0,1.52,21.31,0.23,0.23,49,216.96,18,3,4.46,4.74,NA,13.2,16.1,5,5,No,Yes,75.6,90.5,79.2,77.4,12,72,66,83,13,No,No,8.9,15.23,Security/Sfty,NA,0,123,No,0.63,5.3,No,46,16,-1.4,11.8,0,19.94,121,31,15,0.94,Yes,26,-1.55,-23.62,42,74,72,1.56,15901,1680.2,4.26,108609.8,9.1,120,15.6,2.2,A,22.8,NA,70,15,A,43.5,34,11,13.8,2,9.3,71,529.3,43,21,75,NA,23.4,1184,Yes,-0.24,21,2594,NA,No,381,NA,No,No,No,2.82,0,No,65,1.7,87,4,New York Stock Exchange,No,73,No,10.39,-,95,105369.1,120,45,75.7,21,Yes,No,12.7,0.8,BUSINS SVC,3.5,NA,No,63,1522.4,Yes,Yes,Yes,-7.3,27.5,NA,13.1,1.9,2026-08-07,ARLO,25,15,0,10,0,10,5,65,67.66666666666666,40,FALSE,FALSE,CANSLIM Growth,CANSLIM Growth,59.6,Strong
5472,WPC,W. P. Carey Inc.,NA,7.6,6.5,5.6,77.22,-2.4,0.5,1,4,1651.4,8654313,06/29/2026,0,E,No,No,No,No,No,-20.02,24.8,5.1,0.3,12.38,0,0,39,94.51,13,29.4,1.94,1.9,NA,9.7,9.5,6,1,No,No,36.3,84.7,71.7,47,38,-5,-8,60,2,No,Yes,11.6,71.81,REITs,NA,2.1,94,No,1.39,98.2,No,194,14,-14.2,3.9,0,77.22,41,45,-13,5.26,No,13,-0.06,-7,42,30,62,0.42,117692,16368.6,1.93,227816.9,1.8,-32.7,0.8,-2.8,B,0.8,NA,85,67,E,13.2,36,2,-2.3,-2.3,-2.8,42,1716.5,-17,7,-2,NA,9.3,1598,No,-0.04,21,1347,NA,No,1359,NA,No,No,Yes,9.13,0,No,165,0.9,36,8,New York Stock Exchange,No,32,Yes,1.89,Yes,97,225327,53,33,100.6,9.6,Yes,Yes,-0.3,2.8,REAL EST,-2.4,NA,No,45,25259.5,No,No,No,9.2,-20.4,NA,5.6,40.2,2026-08-07,WPC,25,15,0,0,0,10,5,55,44.666666666666664,15,TRUE,FALSE,CANSLIM Growth,CANSLIM Growth,39.8,Weak
5241,USAS,Americas Gold & Silver Corp.,NA,2.2,2.5,2.8,5.1,31.2,0,0,5,736.2,12928593,NA,0,E,No,No,No,No,No,1.42,-29.1,0,1.69,-339.51,0,0,9,0,18,-70.5,7.66,7.41,NA,54.2,62.7,28,18,No,Yes,60.8,94.9,75,71.5,15,52,45,100,-64,No,No,-2,5.01,Mining-Gold/Silver/Gems,NA,5.6,19,No,0.32,21.5,Yes,89,0,13.7,4.9,0,10.5,65,141,-42,-0.07,Yes,0,7.28,-52.29,42,46,38,1.23,19152,1578.8,7.46,337968.8,-12.5,43.5,14.4,-21.5,D+,-29.7,NA,63,104,D+,-14.5,148,132,5.8,18.3,21.6,9,117.9,-6,189,22,NA,109.8,4102,No,0.34,151,5615,NA,No,178,NA,No,No,No,10.44,0,No,186,1,28,19,NYSE American,No,22,No,6.86,Yes,103,273001.6,72,15,106.6,88.4,Yes,Yes,-18.1,21.1,MINING,31.2,NA,No,46,1507.7,No,No,No,85.6,47.4,NA,-63.6,14.7,2026-08-07,USAS,35,15,0,5,0,10,0,65,44,25,TRUE,TRUE,CANSLIM Growth,CANSLIM Growth,52.3,Improving
5446,WK,Workiva Inc. Cl A,NA,4.6,4.9,5.3,65.77,8.9,0,0,1,487.2,5961577,NA,0,A+,No,No,No,No,Yes,2.15,13.4,0,1.38,26.17,0.45,0.45,66,306.39,18,-2.5,5.13,5.15,NA,20,19.7,19,18,No,Yes,172.7,297.2,263.4,214.5,11,50,107,235,0,No,No,-24.5,65.14,Computer Sftwr-Database,NA,5,140,No,2.8,0,No,20,23,9.6,11.9,0,97.09,51,137,-23,2.87,Yes,95,4.98,-32.91,41,93,59,1.25,48034,3376.5,5.62,50846.9,-2.8,4.8,23,24.6,D-,-6.7,NA,82,121,A+,21.3,89,21,23.7,7.6,13.8,53,884.6,324,19,89,NA,19.3,930,Yes,3.09,45,877,NA,No,433,NA,No,No,No,3.43,0,No,305,1.2,450,20,New York Stock Exchange,No,71,No,-36.3,Yes,102,48275.6,136,162,377.6,19.4,Yes,Yes,9,-3.1,SOFTWARE,8.9,NA,No,61,3367.6,No,No,No,-14.2,8.1,NA,0,5.3,2026-08-07,WK,30,15,0,0,0,10,0,55,74.33333333333333,35,TRUE,FALSE,CANSLIM Growth,CANSLIM Growth,58.7,Strong
4468,GFI,Gold Fields Ltd. ADR,NA,1.6,1,1.4,41.61,25.9,0,0,5,736.2,5210996,03/12/2026,0,E,No,No,No,No,-,0,0,3.7,0,8.05,0.46,0.54,23,40.28,9,60.5,4.6,4.11,NA,61.4,67.8,12,23,No,Yes,166.2,185.8,179.5,171.5,-,19,56,190,25,No,No,-6.5,40.82,Mining-Gold/Silver/Gems,NA,5.6,19,Yes,1.37,34.8,No,89,10,37.9,0.6,0,61.64,65,141,-39,3.95,Yes,37,9.32,-33.78,40,70,71,0.6,133803,33427.8,4.02,895024.2,-5.5,98.7,21.5,-9.1,D+,-23.7,NA,99,104,C+,-18.8,75,5,16.7,17.5,21.2,81,8751.3,36,72,119,NA,71.9,3843,No,3.48,118,6845,NA,No,496,NA,Yes,No,No,4.17,0,No,199,0.8,199,69,New York Stock Exchange,No,40,No,NA,-,108,895013.3,160,160,198.5,69.2,Yes,Yes,-6.7,2.7,MINING,25.9,NA,No,14,34817.4,Yes,Yes,Yes,31.1,29.1,NA,52.5,48.2,2026-08-07,GFI,35,15,0,7,0,7,0,64,65.33333333333334,45,TRUE,TRUE,CANSLIM Growth,CANSLIM Growth,52.3,Improving
5450,WLDN,Willdan Group Inc.,NA,2.8,4,4.7,88.72,25.8,2.8,1,1,368.9,1907811,NA,0,E,No,No,No,No,Yes,0.8,29.4,0,1.68,16.23,0.38,0.38,44,83.64,17,5.9,4.55,4.3,NA,20.3,17.5,16,17,No,Yes,81.3,63.9,64.4,86.1,23,39,67,60,19,No,No,-16.8,86.24,Bldg-Heavy Construction,NA,2.8,34,Yes,3.19,20,Yes,36,15,16.8,13.1,64.67,137,14,69,-45,5.76,Yes,34,17.03,-37.05,40,72,67,1.09,25312,1113.5,4.34,15110.6,-7.8,118.2,12.2,15.8,B-,-25.1,NA,98,73,D,59.6,3,3,5.6,17.7,18,87,364.8,39,23,101,NA,15.9,307,No,12.55,0,664,NA,No,389,NA,No,No,No,3.31,74,No,38,0.6,44,20,NASDAQ,No,44,No,4.16,Yes,88,14582.4,109,66,41.2,14.9,Yes,No,-5.8,-0.3,BUILDING,25.8,NA,No,50,1123.5,Yes,Yes,Yes,-3.2,10.2,NA,19.5,10.5,2026-08-07,WLDN,20,15,0,10,0,10,0,55,66.66666666666666,45,FALSE,TRUE,CANSLIM Growth,CANSLIM Growth,53.7,Improving
4338,FPH,Five Point Holdings LLC Cl A,NA,2.5,2.1,2.3,5.53,0.6,0,0,0,226,372212,NA,0,E,No,No,No,No,-,0,37.8,0,0,7.41,0,0,12,28.12,0,193.1,3.15,3.24,NA,-13.9,4,2,2,Yes,Yes,194.2,21.4,100,64.3,-,-,55,-47,9,No,No,-6.6,5.22,Real Estate Dvlpmt/Ops,NA,0,81,No,0.17,61.4,Yes,60,7,9,0.7,0,6.64,60,106,-12,0.72,Yes,0,1.36,-21.39,40,53,44,0.76,828,564.8,3.18,71783.3,-2.8,39.8,2.8,7.2,E,-0.8,NA,90,132,E,0,0,0,1.3,-0.7,0.2,84,110,160,86,-51,NA,44.6,158,Yes,0.07,0,222,NA,No,81,NA,No,No,No,3.21,0,No,228,1.4,-112,-54,New York Stock Exchange,No,43,No,0.44,-,98,50038.3,-52,336,58.2,12.3,Yes,Yes,0.6,0,REAL EST,0.6,NA,No,20,462.1,No,No,No,-2.8,53.4,NA,8.9,78.5,2026-08-07,FPH,35,8,0,5,0,10,0,58,47.666666666666664,15,TRUE,TRUE,CANSLIM Growth,CANSLIM Growth,39.8,Weak
3901,ARCO,Arcos Dorados Holdings Inc. Cl A,NA,5.6,5.5,2.5,8.54,0.9,3.6,2,2,558.1,3486026,12/22/2026,0.07,E,No,No,No,No,No,-20.74,64.7,3.4,0.8,5.86,0.21,0.23,12,28.65,11,7.3,2.85,2.68,NA,6.2,7.9,17,6,Yes,Yes,57.6,134.5,97,67.6,22,32,8,85,25,No,No,12.3,8.24,Retail-Restaurants,NA,3.6,87,No,0.22,276,Yes,56,7,-54.5,3,0,9.75,117,104,-16,1.11,Yes,35,-1.2,-15.49,40,28,42,0.79,10571,1737.7,2.63,128354,1.8,-37.9,0,-7.9,E,-3.6,NA,81,128,E,53.4,-25,10,-1.3,-0.8,-0.6,94,4678.3,-17,13,42,NA,11.8,1281,No,-0.1,34,785,NA,No,144,NA,No,No,No,0.22,0,No,143,1,-57,5,New York Stock Exchange,No,31,No,2.24,Yes,96,127397.9,318,-15,42.9,9.6,Yes,Yes,-1.4,8.3,RETAIL,0.9,NA,No,35,3560.7,No,No,No,18.1,-21.1,NA,33.2,3,2026-08-07,ARCO,30,15,0,0,0,10,5,60,36.666666666666664,35,TRUE,FALSE,CANSLIM Growth,CANSLIM Growth,50.2,Improving
5175,UAA,Under Armour Inc. Cl A,NA,5.9,6.3,6,7.25,-8.1,2,1,1,910.6,53772299,NA,0,B,No,No,No,No,No,1.07,-21.8,0,1.62,-34.71,0,0,89,0,57,-4,4.82,4.94,NA,-3.6,-3.5,-2,-6,No,No,10.9,75,34.6,47.7,12,-32,-52,-28,-30,Yes,No,22.9,6.11,Apparel - Clothing & Shoes,NA,2,106,No,0.33,83.9,No,51,51,-5.5,28.6,0,8.15,124,122,-11,0.15,No,62,-4.53,-25.03,40,30,36,1.5,51188,2702.1,4.85,188839.5,3.9,126.3,-9.3,-4.4,D-,-19.2,NA,70,123,C-,192,-11,90,-4.5,-9.7,-11.5,8,4966.4,-43,-3,-61,NA,-2,8037,No,-0.29,-55,15959,NA,No,324,NA,No,No,No,0.23,0,No,150,1.5,63,-3,New York Stock Exchange,No,32,Yes,1.84,-,88,188221.2,12,-87,106.3,-3.1,Yes,Yes,-3.3,-7.2,CONSUMER,-8.1,NA,No,51,3904.1,Yes,Yes,Yes,-8,15.9,NA,-30,0.1,2026-08-07,UAA,25,15,0,7,0,10,5,62,35.333333333333336,15,TRUE,FALSE,CANSLIM Growth,CANSLIM Growth,55.4,Strong
5174,UA,Under Armour Inc. Cl C,NA,8.7,8.3,7.8,7.06,-8.6,2,1,1,910.6,26948164,NA,0,B,No,No,No,No,No,1.07,-21.5,0,1.62,-33.69,0,0,88,0,55,-4,4.63,4.76,NA,-3.6,-3.5,-2,-6,No,No,10.9,75,34.6,47.7,12,-32,-52,-28,-30,Yes,No,23.5,5.93,Apparel - Clothing & Shoes,NA,2,106,No,0.31,83.9,No,51,49,-6.6,24.2,0,7.91,124,122,-11,0.15,No,62,-5.42,-25,40,30,34,1.45,19586,2702.1,4.61,203035.4,3.9,121,-9.7,-4.7,D-,-19.2,NA,70,123,D,194,-10,87,-4.8,-10.3,-12.1,10,4966.4,-43,-3,-61,NA,-2,3173,No,-0.34,-61,5615,NA,No,271,NA,No,No,No,0.24,0,No,150,1.6,63,-3,New York Stock Exchange,No,30,Yes,1.79,-,87,111581.9,12,-87,106.3,-3.1,Yes,Yes,-3.6,-4.6,CONSUMER,-8.6,NA,No,57,3840.2,No,No,No,-5.4,26.8,NA,-30,0.1,2026-08-07,UA,25,15,0,7,0,10,5,62,34.666666666666664,15,TRUE,FALSE,CANSLIM Growth,CANSLIM Growth,55.4,Strong
4182,EXLS,ExlService Holdings Inc.,NA,5.5,4.6,4.5,36.2,2.8,0,0,0,296.4,12022753,NA,0,A,No,No,No,No,No,0.8,15.1,0,1.23,16.16,0.85,0.85,49,85.44,15,15.1,4.26,4.67,NA,13.8,13.6,16,13,Yes,Yes,18.8,18.3,16,17.3,7,19,17,17,27,No,No,-17.8,34.89,Comml Svcs-Outsourcing,NA,0,125,No,1.36,42,Yes,22,16,-3.3,8.1,24.85,45.08,113,25,-2,2.15,Yes,2,0.66,-22.6,39,88,86,0.83,79758,5254.9,4.91,151612.5,3.1,-4.8,25.3,11.3,A,10.1,NA,91,28,A+,7.8,17,13,20.5,4.1,14.5,78,2087.7,15,16,18,NA,14.7,2776,Yes,0.23,16,2547,NA,No,712,NA,No,No,No,2.36,52,No,20,1.3,21,14,NASDAQ,No,68,No,6.11,Yes,81,146537.6,14,9,20.6,14.1,Yes,Yes,10.6,-2.5,BUSINS SVC,2.8,NA,No,64,5171.3,No,No,No,-17,-13.9,NA,27.2,10.8,2026-08-07,EXLS,15,8,0,0,0,10,5,38,76,45,FALSE,FALSE,Other,Momentum Leader,59.6,Strong
4526,GNE,Genie Energy Ltd.,NA,8.2,7.6,6.3,14.79,4.6,0,0,0,1910.2,553549,05/21/2026,0,E,No,No,No,No,Yes,0.04,9.4,2.2,2.89,8.33,0,0,46,58.65,21,7.2,2.88,2.82,NA,11.4,10.3,5,9,No,Yes,42.2,118.1,75.6,56.4,73,-,-32,204,9,No,No,5.6,14.55,Utilities,NA,0,92,No,0.4,2.9,No,86,15,-16.9,4.2,0,16.6,83,83,-8,0.94,Yes,0,-1.29,-12.35,39,54,35,0.48,1256,389.2,2.8,24829.4,2.4,-30.6,2,-0.9,D-,2.8,NA,47,120,C+,72,-37,42,2.7,2.3,2.3,77,502,-31,-5,-1,NA,-0.3,89,Yes,-0.19,-15,62,NA,No,199,NA,No,No,No,0.72,0,No,291,1.1,-65,18,New York Stock Exchange,No,49,No,1.47,-,99,13251.4,128,-52,113.1,5.9,No,Yes,3.1,0,UTILITY,4.6,NA,No,47,161.8,No,No,No,-9.6,0.5,NA,12.8,11.3,2026-08-07,GNE,25,15,0,0,0,10,5,55,44.666666666666664,35,TRUE,FALSE,CANSLIM Growth,CANSLIM Growth,35.8,Weak
4811,IDR,Idaho Strategic Resources Inc.,NA,4.8,4.8,4.8,35.4,25.5,0,0,5,736.2,1264926,NA,0,E,No,No,No,No,Yes,0.04,64.1,0,12.77,27.12,0,0,70,94.08,25,40.2,6.86,6.16,NA,69.8,81.4,52,66,Yes,Yes,172.9,168.6,130.8,98.8,64,-,-,142,23,No,No,-12.6,35.24,Mining-Gold/Silver/Gems,NA,5.6,19,No,1.88,1.2,Yes,89,25,-0.1,8.5,0,54.7,65,141,-19,1.42,Yes,0,8.33,-35.58,38,51,61,0.66,7830,514.3,6.08,15809.9,-5.5,23.2,12.5,-25.9,D+,-5.2,NA,77,104,C,-7,21,5,8.5,16.2,18.1,23,42.4,656,99,68,NA,95.5,238,No,2.71,20,302,NA,No,140,NA,No,No,No,11.23,0,No,233,0.9,239,65,NYSE American,No,46,No,4.77,Yes,105,14930.4,33,18,236.2,90.3,Yes,No,-5.5,-9.1,MINING,25.5,NA,No,31,480.5,No,No,No,56.2,18.2,NA,22.9,44.1,2026-08-07,IDR,35,15,0,5,0,10,0,65,52,50,TRUE,TRUE,CANSLIM Growth,CANSLIM Growth,52.3,Improving
3566,AA,Alcoa Corp.,NA,1.7,1.7,1.6,50.24,10.8,0,0,0,934.2,8981785,08/10/2026,0.1,E,No,No,No,No,No,1.33,41.6,0.9,1.53,11.05,0,0,24,38.83,8,8.1,4.97,4.53,NA,6.4,7.1,2,9,No,No,139.3,143.3,81.6,94,16,-16,84,5,19,No,No,-5.6,50.17,Mining-Metal Ores,NA,0,15,No,2.17,44.1,Yes,69,11,-6.2,3.4,0,84.38,18,95,-29,4.76,No,99,5.67,-40.54,38,27,40,1.6,317839,12530.4,4.01,263909.5,-11,3.8,2.4,-19.9,B,-15.2,NA,47,56,D,-5.9,74,-5,-9.8,9.4,8.8,94,12831,159,31,179,NA,13.1,5790,No,2.69,7983,5991,NA,No,915,NA,No,No,No,0.97,0,No,444,0.6,-35,8,New York Stock Exchange,No,19,No,1.8,-,104,0,21,-104,204.4,8.4,Yes,Yes,-17.8,1.8,MINING,10.8,NA,No,48,13536.4,Yes,Yes,No,66.7,-18.4,NA,20.5,10.8,2026-08-07,AA,32,15,0,0,0,10,0,57,35,25,TRUE,TRUE,CANSLIM Growth,CANSLIM Growth,52.3,Improving
5574,YMM,Full Truck Alliance Co. Ltd. ADR,NA,2.9,2.4,2,9.76,1.5,0,0,3,6062.3,18850569,04/07/2026,0,A+,No,No,No,No,Yes,0,0,2.5,6.93,15.66,0.22,0.23,46,66.64,13,43.1,3.69,3.42,NA,12.7,15.8,28,21,Yes,Yes,43.1,68.1,66.2,53,47,67,53,49,10,Yes,No,-10.3,9.63,Internet-Content,NA,4.6,85,No,0.3,0,Yes,65,15,-19.1,2.1,0,14.07,27,94,-15,0.63,Yes,33,1.05,-31.56,36,77,72,1.23,79350,9887.8,3.11,932510.2,-0.8,-25.7,15.3,8,D-,-2.9,NA,98,122,A+,19.2,7,20,10.1,1,4,39,1811,39,33,63,NA,22.3,8892,Yes,0.1,5,6124,NA,No,541,NA,Yes,No,No,5.04,0,No,117,0.8,85,11,New York Stock Exchange,No,60,No,1.73,-,99,877255.3,2,60,101.4,15.4,No,Yes,6.7,20.5,INTERNET,1.5,NA,No,45,6451.4,No,No,No,-17.2,-39.7,NA,11.3,34.8,2026-08-07,YMM,32,15,0,0,0,10,0,57,66.66666666666666,50,TRUE,TRUE,CANSLIM Growth,CANSLIM Growth,40,Weak
4110,EQX,Equinox Gold Corp.,NA,3.1,3.1,3.5,11.87,29.4,0,0,5,736.2,42836168,08/18/2026,0.02,E,No,No,No,No,No,3.58,105,1,1.33,10.64,0,0,39,50.78,8,7.2,5.78,5.32,NA,81,81.8,26,56,No,Yes,213,126.9,100.7,320.6,12,-,-,426,0,No,No,-17.5,11.58,Mining-Gold/Silver/Gems,NA,5.6,19,No,0.51,27.5,No,89,14,11.2,5.5,0,18.96,65,141,-35,0.84,Yes,0,7.82,-38.92,36,58,51,0.92,140565,12555.9,5.3,1167459.8,-12,133.8,18,-19.4,D+,-20.5,NA,67,104,C,-6.4,75,27,14.4,18.9,22.5,55,1817.2,243,61,179,NA,82.1,14484,No,0.84,136,32242,NA,No,796,NA,No,No,Yes,3.93,0,No,45,1,235,20,NYSE American,No,32,No,1.44,Yes,107,1121397.9,100,22,140.4,78.7,Yes,No,-12.7,43.4,MINING,29.4,NA,No,40,13282.6,Yes,Yes,Yes,76.8,87.4,NA,-0.4,28.4,2026-08-07,EQX,25,15,0,10,0,10,0,60,53.333333333333336,25,FALSE,FALSE,CANSLIM Growth,CANSLIM Growth,52.3,Improving
4685,HLLY,Holley Inc.,NA,3.1,3.8,3.3,3.26,18.7,0,0,1,220.9,3099295,NA,0,B,No,No,No,No,Yes,2.64,24.4,0,3.06,8.23,0,0,21,143.5,9,4.7,5.48,6.19,NA,2.4,3.4,4,-3,No,No,695.8,69.5,152.1,119.7,38,-,45,31,4,No,No,-23.2,3.17,Auto/Truck Equipment Parts & Tires,NA,1.8,73,No,0.16,121.3,Yes,55,10,-12.8,4.1,0,4.48,57,60,-40,0.32,No,0,5.32,-29.24,35,83,68,1.07,2288,362.3,6.58,120369.9,-5,55.1,28.9,25.3,B+,-25.8,NA,96,50,B+,66.7,118,3,21.3,11.6,16.9,79,613.5,-5,3,-10,NA,-0.3,872,Yes,0.16,126,1321,NA,No,193,NA,No,No,No,0.62,0,No,122,1.4,150,2,New York Stock Exchange,No,58,No,0.85,-,97,75303.4,-64,400,136.1,3.5,Yes,Yes,-0.7,3.2,AUTO,18.7,NA,No,56,885.9,No,No,No,8.9,29.5,NA,4.4,-1.4,2026-08-07,HLLY,25,15,0,7,0,10,0,57,72,25,TRUE,FALSE,CANSLIM Growth,CANSLIM Growth,45.4,Improving
3747,ALB,Albemarle Corp.,NA,5.1,4.8,4.6,132.99,11.5,0,0,1,588.3,10733519,09/10/2026,0.41,E,No,No,No,No,Yes,1.21,42.8,1.4,2.09,12.03,0,0,64,0,12,-10.7,4.64,4.46,NA,13.8,19.1,7,-22,No,No,865.5,1699.8,1296.8,1072.4,25,-21,-113,244,-7,Yes,No,-7.3,131.11,Chemicals-Specialty,NA,2,91,No,5.61,44.2,No,51,22,-3.1,9.1,0,221,45,102,-33,5.98,No,0,4.54,-40.67,35,23,44,1.56,329544,14800.2,4.15,118005.1,-14.4,14,1.6,-33.9,C+,-19.7,NA,82,86,D,17.1,1637,-10,-5.5,9.9,9,45,5142.7,-111,31,66,NA,31.9,2399,No,5.69,1684,2632,NA,No,1474,NA,No,No,No,2.62,0,No,3309,0.7,1739,-4,New York Stock Exchange,No,16,No,1.92,Yes,101,117671,51,88,2524,26.6,Yes,Yes,-20.3,9.5,CHEMICAL,11.5,NA,No,61,16503.4,No,No,No,87.1,25.6,NA,-5.2,27.5,2026-08-07,ALB,32,15,0,0,0,10,0,57,34,30,TRUE,TRUE,CANSLIM Growth,CANSLIM Growth,44.6,Weak
3582,AAUC,Allied Gold Corp.,NA,4,4,5.3,22.66,19.5,0,0,5,736.2,3075711,NA,0,E,No,No,No,No,No,-0.06,0,0,0.6,4.9,0,0,35,0,3,17.8,4.76,5.24,NA,60,67.8,0,35,No,No,1520.2,243.1,169.4,130,4,-,94,48,-14,No,No,-4.8,21.78,Mining-Gold/Silver/Gems,NA,5.6,19,No,1.11,3.1,Yes,89,13,32.9,2.9,0,32.2,65,141,-47,1.68,No,0,5.37,-32.36,33,18,36,0.58,9204,2611.8,5.66,126500,-15.3,223.5,-7.6,-25.3,D+,-30.2,NA,56,104,D,27.9,144,109,-5.7,11.8,5.8,62,1331.8,300,45,238,NA,29.6,727,No,1.11,186,1644,NA,No,233,NA,No,No,No,1.84,0,No,214,1.1,-7,82,New York Stock Exchange,No,13,No,5.48,-,105,105968.3,522,-52,103.6,69.9,Yes,Yes,-21.6,3.6,MINING,19.5,NA,No,49,2305.7,No,No,No,80.6,62.5,NA,-13.8,10.2,2026-08-07,AAUC,32,15,0,10,0,10,0,67,29,15,FALSE,FALSE,CANSLIM Growth,CANSLIM Growth,52.3,Improving
4937,IRTC,iRhythm Holdings Inc.,NA,5.9,5.7,5.9,136.69,9.1,3.4,2,3,224.8,3430153,NA,0,A,No,No,No,No,Yes,1.3,214.2,0,5.17,50.6,0,0,44,0,265,-5.8,4.86,4.68,NA,25.9,25.9,22,23,No,Yes,139,226.1,191.9,160,46,-,-,-,-37,No,No,-28,127.84,Medical-Services,NA,5.1,104,No,5.51,467.8,No,59,0,3.5,10.6,100.85,212,91,8,-26,-0.43,Yes,0,-0.22,-39.7,32,78,64,1.23,67747,4210.3,4.65,32862.4,-8.9,216.3,2.2,2.4,A+,-12.7,NA,72,6,A,75,92,1150,11.2,4.7,9.5,44,747.1,10,20,62,NA,22.9,591,Yes,-0.28,119,1828,NA,No,491,NA,No,No,No,5.09,33,No,98,1.4,56,26,NASDAQ,No,54,No,26.05,-,52,32278.2,525,89,76.7,24.3,Yes,No,-0.2,-6.7,MEDICAL,9.1,NA,No,70,4238.8,Yes,Yes,Yes,-20.6,51.3,NA,-36.6,-0.2,2026-08-07,IRTC,25,15,0,10,0,10,0,60,63,20,FALSE,FALSE,CANSLIM Growth,CANSLIM Growth,55.5,Strong
3696,AGI,Alamos Gold Inc.,NA,2.3,1.5,1.8,33.76,19.1,0,0,5,736.2,7452552,03/11/2026,0,E,No,No,No,No,No,0.53,39.1,0.6,1.78,18.07,0.42,0.43,49,46.52,13,60.2,5.01,4.26,NA,45.5,49,22,33,No,Yes,104.4,160.8,144.3,123.8,16,38,65,131,21,No,No,-14.1,33.15,Mining-Gold/Silver/Gems,NA,5.6,19,Yes,1.26,4.8,No,89,16,17.1,1.8,0,55.41,65,141,-31,2.05,Yes,33,6.59,-40.17,32,39,63,0.66,145595,13028.5,4.09,418604.5,-14.4,75.6,8.6,-21.8,D+,-17.5,NA,99,104,C,11.9,57,29,2.9,11.9,12.9,43,1808.8,53,36,73,NA,57.4,4916,No,2.05,40,8000,NA,No,1414,NA,No,No,No,6.23,0,No,74,0.7,293,34,New York Stock Exchange,No,24,No,2.89,Yes,105,417112.9,116,95,183.2,56,Yes,Yes,-17.1,2.5,MINING,19.1,NA,No,55,12559.6,No,No,No,25.7,50.5,NA,22.1,45.5,2026-08-07,AGI,27,15,0,7,0,10,0,59,46.666666666666664,50,FALSE,FALSE,CANSLIM Growth,CANSLIM Growth,52.3,Improving
4162,EVH,Evolent Health Inc. Cl A,NA,5.3,6,5.7,4.32,27.8,8.3,2,0,53.7,14685004,NA,0,D+,No,No,No,No,No,7.96,770.3,0,1.24,11.61,0,0,76,0,13,-28.5,8.42,8.86,NA,-6.4,-0.2,22,3,Yes,Yes,49.3,162.2,127.9,75.7,6,-,-,-,-82,No,No,-1.3,3.95,Computer Sftwr-Medical,NA,0,142,No,0.42,234.7,Yes,24,30,-5.7,13.6,0,10.08,132,76,11,0.13,No,0,10.03,-60.81,32,33,28,0.95,13875,403.8,9.55,112481.1,-1.9,72.2,-27.9,-7.5,A,38.6,NA,33,16,C-,292.1,89,92,-16.2,16.2,-13.2,29,1876.2,-53,47,-78,NA,24.7,3072,No,0.36,19,5083,NA,No,225,NA,No,No,No,0.21,0,No,120,0.7,-133,-27,New York Stock Exchange,No,71,No,1.16,-,95,107677.4,500,25,-6.7,7.3,Yes,No,5.7,-4.3,SOFTWARE,27.8,NA,No,56,1158.1,No,No,No,-59.2,56.4,NA,-75.5,-4.3,2026-08-07,EVH,32,15,0,7,0,10,0,64,31,5,FALSE,TRUE,CANSLIM Growth,CANSLIM Growth,58.7,Strong
3768,ALLT,Allot Ltd.,NA,3.2,2.8,2.8,8.24,2.8,0,0,1,730.8,1298519,NA,0,D,No,No,No,No,Yes,0.07,9.5,0,2.39,20.3,1.81,1.81,75,250.61,26,4.8,4.97,4.98,NA,11.3,12.6,-10,-1,Yes,Yes,170.3,164.4,185.8,182,9,16,96,232,5,No,No,-20.4,7.82,Computer-Networking,NA,5.9,58,No,0.4,4.8,Yes,17,29,-1.4,2.8,6.12,11.92,24,7,-30,0.27,Yes,99,2.76,-34.4,29,40,50,1.22,2778,372.3,4.58,48923.1,-7.2,-37.6,-7.2,2.2,A+,-19.9,NA,75,8,D,36.5,30,23,-0.6,1.3,-1.5,50,102,103,14,475,NA,14.1,360,No,0.21,91,221,NA,No,52,NA,No,No,No,3.63,38,No,200,1.4,60,11,NASDAQ,No,39,No,3.29,Yes,41,46521,233,250,130,14,Yes,Yes,-3.6,-8.8,COMPUTER,2.8,NA,No,31,293.6,No,No,No,4.3,-48,NA,4.5,7.3,2026-08-07,ALLT,30,15,0,0,0,10,0,55,39.666666666666664,35,TRUE,FALSE,CANSLIM Growth,CANSLIM Growth,39.5,Weak
4889,INSM,Insmed Inc.,NA,5.6,3.9,2.7,137.7,33,1.8,1,2,246.6,11624756,NA,0,E,No,No,No,No,Yes,0.55,-36.5,0,3.72,-27.9,0,0,35,0,0,-209.7,4.95,4.87,NA,149.9,182.7,34,49,Yes,No,11.1,42.1,22.1,20.2,30,-,-,-,-249,Yes,No,-24.7,131.1,Medical - Revenue Biotech,NA,3.6,86,No,5.13,99.7,Yes,55,0,-30.8,5.4,90.39,212.75,106,130,-26,-4.11,No,0,-1.09,-38.38,29,79,36,0.99,396404,28730.5,5.18,216752.5,-10.4,34.5,16.2,24.9,B-,-12.5,NA,55,75,C-,91.1,74,158,24.5,22.3,21.3,35,606.4,-4,296,-15,NA,262.9,3834,No,-1.45,77,4905,NA,No,1797,NA,No,No,Yes,24.98,52,No,96,0.9,46,67,NASDAQ,No,51,No,37.78,-,84,214690.9,-17,-38,71.5,226.1,Yes,No,-0.8,-0.8,MEDICAL,33,NA,No,74,20788.7,No,No,No,19.9,46.2,NA,-249.3,-3.1,2026-08-07,INSM,30,12,0,5,0,10,0,57,58,10,TRUE,TRUE,CANSLIM Growth,CANSLIM Growth,55.5,Strong
5086,TRC,Tejon Ranch Co.,NA,11.4,10.6,11.3,17.88,-1.4,0,0,0,226,1092693,NA,0,E,No,No,No,No,Yes,3.98,-15.4,0,2.92,73.35,0,0,93,278.95,209,2.3,2.37,2.37,NA,32.3,28.8,-6,2,No,No,31.8,107.3,126.9,51.5,35,-25,-87,375,0,Yes,Yes,5.8,16.69,Real Estate Dvlpmt/Ops,NA,0,81,No,0.42,19.8,Yes,60,73,7,4.4,0,21.31,60,106,-13,0.23,No,0,1.4,-21.68,29,12,22,0.61,1940,444.5,2.44,27004.2,-5.5,64.2,-8.6,-18.5,E,0.5,NA,50,132,E,400,1000,0,-8.9,-1.3,-4.9,8,49.6,-17,72,-90,NA,43.7,106,No,0.23,-67,172,NA,No,192,NA,No,No,No,7.93,0,No,267,0.7,120,18,New York Stock Exchange,No,20,Yes,0.94,-,97,24818.7,-65,186,193.3,35,Yes,Yes,-8.3,2.7,REAL EST,-1.4,NA,No,54,513.3,No,No,No,-1.9,58,NA,0,18.5,2026-08-07,TRC,35,15,0,7,0,10,0,67,21,25,TRUE,TRUE,CANSLIM Growth,CANSLIM Growth,39.8,Weak
4457,GEL,Genesis Energy L.P.,NA,10.5,8,8.9,15.85,-1.5,0,0,0,362.7,2977711,07/30/2026,0,D,No,No,No,No,No,-82.68,31.1,5.2,0.93,6.71,0,0,93,288.16,69,1.9,3.33,3.19,NA,-15.7,-7,-3,-22,Yes,Yes,13.9,171.2,149.5,130,5,-,-,-,0,No,No,-3.3,15.08,Oil&Gas-Refining/Mktg,NA,0,31,No,0.47,0,Yes,27,79,10.6,3.2,0,18.64,22,1,-26,0.19,Yes,0,-0.66,-19.1,24,30,41,0.77,4581,1859,3.16,122424.3,-6.8,-25.3,0.9,-8.5,A,-12.3,NA,70,25,E,1200,108,430,1.7,0.1,1.2,-,1630.4,-664,41,41,NA,26.5,308,Yes,-0.1,160,228,NA,No,38,NA,No,No,No,1.01,0,No,317,1.2,90,-45,New York Stock Exchange,No,24,No,-5.47,-,95,92151.9,107,84,203.3,4.6,Yes,No,-7.7,-5,ENERGY,-1.5,NA,No,70,4928,No,No,No,-11.8,-16.5,NA,-2.5,8.1,2026-08-07,GEL,32,15,0,0,0,10,0,57,33.66666666666667,25,TRUE,TRUE,CANSLIM Growth,CANSLIM Growth,34,Weak
3932,ARVN,Arvinas Inc.,NA,5.4,4.9,4.7,9.65,9,0.9,5,16,484.8,3979917,NA,0,B-,No,No,No,No,-,0.01,-0.3,0,0,-2.27,7.29,7.29,94,212.96,0,-30.7,4.97,4.73,NA,141.8,195,53,37,No,Yes,54.9,51.2,45.8,22.3,-,12,49,-158,-16,No,No,-26.2,8.75,Medical - Development Biotech,NA,2.9,46,No,0.39,1.7,Yes,553,88,-4.4,7.1,6.08,14.51,37,30,-46,0.1,Yes,0,0.81,-39.7,24,44,31,1.39,6675,567.6,4.62,65386.2,-17.6,52.2,1.9,-14.1,A,-35.1,NA,36,11,B,789.6,55,-549,8.2,4.3,5.9,5,262.6,58,1015,59,NA,461.5,825,Yes,0.07,-58,1218,NA,No,324,NA,No,No,No,1.81,32,No,407,1.1,-179,0,NASDAQ,No,22,No,1.02,-,48,56617.1,-75,29,114.1,279.7,Yes,Yes,-15.8,-1.8,MEDICAL,9,NA,Yes,63,-108.7,No,No,No,40.2,123.5,NA,-16.2,-369.2,2026-08-07,ARVN,35,15,0,5,0,10,0,65,35,15,TRUE,TRUE,CANSLIM Growth,CANSLIM Growth,55.5,Strong
4554,GRAB,Grab Holdings Ltd.,NA,4.5,4.8,6.3,3.97,4.6,3.2,2,1,479.9,315168660,NA,0,D,No,No,No,No,Yes,0.11,-625.5,0,1.52,66.64,0,0,72,102.6,23,8,4.32,4.31,NA,21.8,21.4,69,21,No,Yes,219.9,328.7,246.5,237.2,36,-,-,272,4,No,No,-26.7,3.66,Leisure-Services,NA,1.6,112,No,0.16,5.5,No,62,26,30.3,12.3,3.18,6.62,116,74,-25,0.14,Yes,0,-0.27,-44.71,22,42,59,1.2,178261,14965.3,4.1,3972726,-14.2,-35.6,-6.9,-3.4,B,-14.3,NA,83,63,A-,21.2,141,18,2.5,3.1,2,33,3370,73,22,300,NA,22.6,51143,No,-0.01,253,30881,NA,No,1221,NA,No,No,No,3.9,20,No,500,1.5,200,20,NASDAQ,No,30,No,2.21,-,28,2560921.1,286,0,350,21.3,Yes,No,-5.9,-2.1,LEISURE,4.6,NA,No,45,10499.7,No,No,No,-26.1,11.7,NA,4.1,25.3,2026-08-07,GRAB,30,15,0,0,0,10,0,55,43,35,TRUE,TRUE,CANSLIM Growth,CANSLIM Growth,44.8,Weak
4886,INR,Infinity Natural Resources Inc.,NA,6.1,6.7,6.6,13.52,-1.4,1.4,1,0,745.5,2938178,NA,0,E,No,No,No,No,No,-8.09,-2.5,0,0.87,0.77,0,0,4,17.11,4,16.6,4.56,4.46,NA,48.3,43,0,0,Yes,No,-12.7,154,95,-3.4,30,-,-,-,3,No,No,-11.9,12.98,Oil&Gas-Explorers/Producers,NA,0,56,No,0.57,49.4,Yes,72,3,-1.4,18.1,0,19.59,67,44,-35,3.82,No,0,1.88,-33.72,21,21,32,0.61,4998,809.4,4.72,18751.2,-11.2,-48.2,2.1,-15.3,C,-24.8,NA,64,96,D-,141.2,27,19,0,1.2,0.1,96,356.4,-6,82,128,NA,75.6,381,No,0.24,176,199,NA,No,139,NA,No,No,No,0.57,0,No,193,0.8,296,38,New York Stock Exchange,No,15,No,1.35,Yes,98,16256.4,-27,-82,244.8,55.5,Yes,No,-14.1,1.5,ENERGY,-1.4,NA,No,59,388.4,No,No,No,-7.6,-41.1,NA,3.4,-1.2,2026-08-07,INR,35,15,0,0,0,10,0,60,24.666666666666668,15,TRUE,TRUE,CANSLIM Growth,CANSLIM Growth,34,Weak
5454,WLK,Westlake Corp.,NA,3.7,4.4,4.5,80.64,9.9,0,0,0,95.1,5275584,05/26/2026,0,E,No,No,No,No,-,1.77,-38.2,3,0,21.37,0,0,96,0,21,-14.3,3.42,3.6,NA,-4.8,-4,-2,-6,Yes,No,220.1,556.1,386.9,288.8,-,-35,-85,-314,32,Yes,No,4.8,77.47,Chemicals-Basic,NA,0,39,No,2.69,65.7,Yes,12,111,3.9,15.9,0,124.23,35,111,-29,0.7,No,0,0,-37.64,20,21,13,1.02,89161,9900.4,3.74,127796.6,-11.2,-24.8,1.6,-20.4,D+,-19.2,NA,36,106,D,9.8,438,7,-1.6,4.2,2.8,-,11170,-37,11,-117,NA,2,1146,No,0,585,919,NA,No,468,NA,No,No,No,0.88,0,No,2333,0.7,-148,-8,New York Stock Exchange,No,17,No,1.14,-,96,33188.8,-517,-121,1092.5,-2.3,Yes,Yes,-17,-9.5,CHEMICAL,9.9,NA,No,72,13598.4,No,No,No,-5.6,75.1,NA,-15.5,-6.3,2026-08-07,WLK,30,15,0,0,0,10,0,55,18,0,TRUE,FALSE,CANSLIM Growth,CANSLIM Growth,44.6,Weak
4566,GROY,Gold Royalty Corp.,NA,4.2,4.1,4,3.08,16.5,0,0,5,736.2,7364358,06/15/2023,0,D-,No,No,No,No,Yes,0.84,80.5,0,4.8,530.21,0,0,95,2822.54,37,-27.3,4.5,4.06,NA,94.9,90.3,0,113,No,No,82.3,142.9,86.2,98.8,50,-,-,-,-1,No,No,-25,3.03,Mining-Gold/Silver/Gems,NA,5.6,19,No,0.11,0,No,89,102,-2.9,3.8,0,5.45,65,141,-43,0.03,Yes,0,5.57,-44.45,19,55,38,0.91,5476,664.9,3.89,230809.2,-16.9,108.5,14.3,-15.8,D+,-28.2,NA,71,104,C,5.1,595,83,9.1,11.4,14.5,4,15.6,67,76,0,NA,102.4,1982,No,0.16,155,4083,NA,No,55,NA,No,No,Yes,30.06,0,No,104,1.2,200,55,NYSE American,No,27,No,0.97,-,103,177472.3,124,-84,152,86.7,Yes,No,-15.3,7.8,MINING,16.5,NA,No,18,721.5,Yes,Yes,Yes,-1.6,63.8,NA,-0.7,26.5,2026-08-07,GROY,35,15,0,10,0,7,0,67,39.333333333333336,35,FALSE,FALSE,CANSLIM Growth,CANSLIM Growth,52.3,Improving
3759,ALHC,Alignment Healthcare Inc.,NA,4.3,3.9,3.9,19.6,-3.2,0,0,1,746.9,24812050,NA,0,E,No,No,No,No,Yes,0.8,30.7,0,1.7,20.33,3.6,3.6,93,294.55,47,0,6.54,6.5,NA,40.4,38.2,35,44,No,Yes,126.6,137.2,131.5,135.9,10,21,58,288,-1,No,No,-27.2,14.37,Medical-Managed Care,NA,8.3,115,No,1.31,187.5,No,12,76,-0.6,12.7,13.05,25.12,19,26,-50,0.19,Yes,0,7.4,-42.79,16,7,40,0.82,111823,2775.5,6.63,207435.1,-25.3,-3.2,-40.2,-21.3,A-,-33.9,NA,76,31,E,31.8,3587,139,-25.2,-9.3,-21.4,8,3948.7,15,32,101,NA,32.4,6051,No,0.99,-151,5675,NA,No,558,NA,No,No,No,0.65,79,No,143,1,200,46,NASDAQ,No,8,No,11.23,-,68,196451.9,69,114,171.4,36.4,Yes,Yes,-26.6,16,MEDICAL,-3.2,NA,No,78,2535.6,No,No,No,3.7,24.9,NA,-0.5,2.7,2026-08-07,ALHC,32,15,0,0,0,10,0,57,21,15,TRUE,FALSE,CANSLIM Growth,CANSLIM Growth,55.5,Strong
5414,WEAV,Weave Communications Inc.,NA,4.2,4.1,4.4,7.07,-19.1,8.3,2,0,53.7,5068300,NA,0,B,No,No,No,No,No,6.33,50.3,0,1.07,23.01,0.68,0.68,86,0,27,-12.1,5.47,5.49,NA,16.5,16.7,20,18,No,Yes,185.1,100,66.7,182.2,4,65,124,38,-38,No,No,-30.3,5.29,Computer Sftwr-Medical,NA,0,142,No,0.36,49.5,No,24,44,6.9,7.6,0,8.11,132,76,-1,0.12,Yes,64,-20.57,-34.77,15,9,43,1.47,6299,529.9,5.44,79565.6,-12.3,277.4,-22.3,-12.6,A,-15.4,NA,67,16,B-,14.3,113,46,-15.2,-19.8,-21.6,14,239,142,15,60,NA,16.4,1030,No,-1.37,113,3711,NA,No,167,NA,No,No,No,1.63,0,No,100,1.1,200,17,New York Stock Exchange,No,20,No,5.04,-,75,66930.7,0,-33,150,16.6,Yes,No,-9.3,-2.3,SOFTWARE,-19.1,NA,No,49,511.5,Yes,Yes,Yes,-31.7,46.9,NA,-37.6,-6.3,2026-08-07,WEAV,25,15,0,10,0,10,0,60,22.333333333333332,20,FALSE,FALSE,CANSLIM Growth,CANSLIM Growth,58.7,Strong
3976,ATEC,Alphatec Holdings Inc.,NA,3.6,3.8,3.7,10.39,-2.2,1.6,2,5,1088.6,13748220,NA,0,B+,No,No,No,No,No,2.4,807.7,0,1.89,30.89,1.38,1.38,90,0,20,-18.8,5.47,5.52,NA,21.3,19.8,33,25,No,Yes,151.8,210.3,189.7,174.5,29,41,56,297,0,No,No,-55.8,9.31,Medical-Products,NA,3.9,117,No,0.51,4227.2,Yes,127,56,-2.8,11.4,6.82,23.29,142,90,-45,0.16,Yes,0,1.09,-60.03,13,43,29,1.18,24787,1422.5,5.42,154451.1,-30.8,-13.3,-0.7,20.1,C,-32.6,NA,61,98,B,0,544,85,6.4,-2.4,2,13,764.2,24,15,113,NA,14.3,2826,Yes,0.1,219,2413,NA,No,298,NA,No,No,No,1.76,91,No,250,1.7,104,25,NASDAQ,No,25,No,-117.77,-,28,121572.4,277,128,177.2,16.3,Yes,Yes,-17.8,-7.2,MEDICAL,-2.2,NA,No,55,1857.8,No,No,No,-37.5,34,NA,-630.7,-12.1,2026-08-07,ATEC,30,15,0,0,0,10,0,55,35.33333333333333,15,TRUE,FALSE,CANSLIM Growth,CANSLIM Growth,55.5,Strong
4449,GDS,GDS Holdings Ltd. ADR,NA,4.8,4.3,5.2,33.75,-2.3,0,0,0,118.4,13606820,NA,0,D,No,No,No,No,Yes,4.03,-83,0,1.87,14.04,0,0,97,84.14,61,6.2,5.26,5.05,NA,10.2,11.9,9,8,Yes,Yes,158.7,168.5,150.2,144.6,11,-,-,-61,4,No,No,-8.4,31.98,Internet-Network Sltns,NA,0,83,No,1.59,169.7,Yes,19,162,22.6,7,26.97,48.61,38,114,-39,0.2,Yes,0,0.44,-34.21,13,13,28,1.83,74374,6524.3,4.5,200377.6,-15.6,-30.2,5.2,-26.7,C-,-31.2,NA,55,103,D,677.4,1233,-86,-1.7,0.3,-0.6,-,1665,177,31,-75,NA,23,2306,No,0.14,232,1571,NA,No,163,NA,Yes,No,No,3.7,10,No,226,1.1,-112,11,NASDAQ,No,10,No,1.6,-,29,194928.8,391,95,57.2,15,Yes,No,-18.3,4.5,INTERNET,-2.3,NA,No,24,11008.4,No,No,No,-14.2,-47.8,NA,3.7,78.7,2026-08-07,GDS,32,15,0,0,0,10,0,57,18,5,TRUE,TRUE,CANSLIM Growth,CANSLIM Growth,40,Weak
3882,APP,AppLovin Corp.,NA,2.7,2.4,2.3,437.79,-12.4,0,0,0,271.3,12561495,NA,0,D-,No,No,No,No,Yes,1.08,30.6,0,4.3,29.86,0.34,0.34,72,101.17,19,72.1,6.53,6.62,NA,26.3,28.8,23,33,Yes,Yes,111.9,85.9,88.4,104.5,32,78,338,88,213,No,No,-48.5,346.8,Comp Sftwr - Specialty Enterprise,NA,0,130,No,30.41,165.4,Yes,48,27,-5.8,4.9,332.19,745.61,109,134,-24,13.01,Yes,65,3.32,-53.49,10,3,36,2.22,2832997,112765,6.24,305732,-32.7,31,-34.3,-30.5,E,-14.7,NA,98,140,E,0.1,64,32,-27.5,-12.3,-16.5,40,5480.7,362,53,115,NA,38.5,6095,No,11.13,65,7737,NA,No,3297,NA,No,No,No,15.53,71,No,57,0.7,113,16,NASDAQ,No,4,No,36.76,Yes,14,268043.2,87,96,85.2,32.6,Yes,No,-27.1,2.1,SOFTWARE,-12.4,NA,No,55,113822.6,No,No,No,-20.7,38.6,NA,212.9,65.8,2026-08-07,APP,30,15,0,5,0,10,0,60,16.333333333333332,45,FALSE,TRUE,CANSLIM Growth,CANSLIM Growth,58.7,Strong
5088,TREE,LendingTree Inc.,NA,4.5,5.7,6.6,41.98,0.8,0,0,0,64.3,1725168,NA,0,E,No,No,No,No,Yes,4.09,12.7,0,1.85,6.18,0,0,22,9.66,12,1.9,5.69,5.95,NA,24.2,25.5,1,24,No,No,-155.1,63.4,76.8,63.8,16,-1,81,296,76,No,Yes,-39.5,32.13,Finance-Mrtg&Rel Svc,NA,0,114,No,2.42,150.4,No,26,10,16,14.7,29.77,77.34,98,136,-39,3.15,Yes,0,0.88,-58.46,9,6,18,1.88,11880,447.2,6.3,14039.6,-30.8,150.1,-28.8,-19.3,E,-32.3,NA,60,130,E,-12.6,56,25,-18.6,-7.7,-18.7,30,1117.3,67,25,208,NA,30.9,314,No,0.28,73,774,NA,No,315,NA,No,No,No,0.36,36,No,90,1.4,271,24,NASDAQ,No,5,No,1.41,Yes,24,11795,-171,117,180.6,28,No,Yes,-26.1,5.4,FINANCE,0.8,NA,Yes,46,833.2,No,No,No,-40.7,142.8,NA,76.5,3,2026-08-07,TREE,25,15,0,10,0,10,0,60,11,35,TRUE,FALSE,CANSLIM Growth,CANSLIM Growth,50,Improving
3775,ALNY,Alnylam Pharmaceuticals Inc.,NA,5,5,4.5,290.6,6.7,0,0,3,1298.7,5773373,NA,0,E,No,No,No,No,No,0.98,52,0,3.05,56.33,0.95,0.95,85,139.12,25,8.7,4.84,5.7,NA,83,99.4,46,46,No,Yes,173.5,335.5,329.5,205.2,21,43,97,308,73,No,Yes,-44.9,219.2,Medical - Profitable Biotech,NA,5.7,40,No,16.06,342.5,No,53,41,-10.6,4.3,197.81,495.55,94,84,-48,5.38,Yes,0,1.43,-55.77,7,4,37,0.86,472729,28918.8,6.72,133809.1,-36.1,1.4,-31.8,-25.9,C+,-33.2,NA,81,83,E,-25.8,190,49,-21.8,-7.4,-15,20,3713.9,38,67,207,NA,81.6,1751,No,3.08,-3,1736,NA,No,2243,NA,No,No,No,6.11,95,No,337,0.7,443,65,NASDAQ,No,4,No,21.65,-,43,133235,226,311,390.2,82.7,Yes,Yes,-29.7,-1.7,MEDICAL,6.7,NA,No,74,28979.1,No,No,No,-49.6,44,NA,73.3,12.7,2026-08-07,ALNY,35,15,0,0,0,10,0,60,16,45,TRUE,FALSE,CANSLIM Growth,CANSLIM Growth,55.5,Strong
3703,AGNT,AGNT Inc.,NA,11.6,9.2,8.6,4.42,8.4,0,0,0,226,11952166,08/13/2026,0.05,E,No,No,No,No,No,0,7.5,4.9,1.52,5.81,0,0,42,0,48,-0.4,6.63,6.96,NA,6.5,7.9,6,5,No,No,59.5,259.9,179.9,121.4,22,-53,-104,-162,-10,Yes,No,-51.5,4.39,Real Estate Dvlpmt/Ops,NA,0,81,No,0.32,0,Yes,60,0,-6.3,12.3,3.69,12.23,60,106,-64,-0.01,No,0,6.3,-64.09,6,19,17,1.72,6950,690.2,7.11,167117.9,-39.8,-3.3,-11.5,-34.9,E,-49.3,NA,60,132,C,373.5,193,-56,-5.4,7.4,3.5,42,4772.3,-64,11,-275,NA,8,1501,No,0.26,125,1418,NA,No,290,NA,No,No,No,0.15,88,No,889,1.1,57,4,NASDAQ,No,12,No,2.61,Yes,95,99063.9,-167,-60,473.2,8.2,Yes,Yes,-29.4,-1.7,REAL EST,8.4,NA,No,42,511.4,No,No,No,-57.1,-0.7,NA,-10.1,-0.2,2026-08-07,AGNT,30,15,0,0,0,10,0,55,14,30,TRUE,FALSE,CANSLIM Growth,CANSLIM Growth,39.8,Weak
