#,Symbol,Name,Company Description,Days Vol Short 2 Periods Ago,Days Vol Short 1 Period Ago,Days Vol Short Current,Pr Wk High($),Index % Chg 5 Days,% New Lows in Group,# New Lows in Group,# New Highs in Group,Ind Mkt Val (bil),Short Volume,Ex-Dividend Date,Expected X Dividend Amount,A/D Rating - Pr Wk,IBD Big Cap 20,IBD 85-85 Index,IBD New America,IBD 50,Liab to Assets Lss Ind Median,LT Debt to Working Cap,EV to FCF,Yield %,Current Ratio,Price to CF,Dividend-Adjusted PEG,PEG,P/E Percent Rank,P/E vs S&P 500 P/E (%),Forward P/E,Pre-tax Margins,50 Day ATR %,30 Day ATR %,Avg Sales % Chg 6Q,Avg Sales % Chg 5Q,Avg Sales % Chg 4Q,Sales Growth 5 Yr,Sales Growth 3 Yr,Sales Accel 3 Qtrs,EPS Lst Yr Gtr EPS 4 Yrs Ago,Avg EPS % Chg 6Q,Avg EPS % Chg 3Q,Avg EPS % Chg 4Q,Avg EPS % Chg 5Q,EPS % Growth 5 Yr Pct Rnk,EPS % Growth 5 Yr,EPS % Growth 3 Yr,EPS % Growth 1 Yr,Sustainable Growth %,EPS Accel 3 Qtrs,RS Line New Low,% Chg YTD,Current Price,Industry Name,State,% New Highs in Group,Ind Grp Rnk 6 Mo Ago,3-Yr EPS Growth Geq 5-Yr,Avg True Range,Debt %,Sales Accel 2 Qtrs,Number of Stocks,P/E,Shrt Int % Chg,Shrt Int % of Float,52-Wk Low,52-Wk High,Ind Grp Rnk 3 Mo Ago,Ind Grp Rnk Last Week,Trl 26 Wk % Perf vs S&P 500,EPS Trailing 4 Qtrs,EPS Trl 4Q Gtr EPS 4 Yrs Ago,Earnings Stability,Price % Chg,% Off High,RS Rating,RS 3-Month Rating,Comp Rating,Beta,50-Day Avg $ Vol (1000s),Market Cap (mil),21 Day ATR %,Shares (1000s),Price vs 200-Day,Vol % Chg vs 50-Day,% Chg 1 Month,% Chg 3 Months,Ind Group RS,% Chg 6 Months,SMR Rating,EPS Rating,Ind Group Rank,A/D Rating,EPS Surprise,EPS Est Cur Yr %,EPS Est Next Yr %,Price vs 50-Day,Price vs 10-Day,Price vs 21-Day,P/E Ratio Rank in Grp,Annual Sales (mil),EPS % Chg 1 Yr Ago,Sales % Chg Lst Qtr,EPS % Chg Lst Yr,EPS Lst Rptd,Avg Sales % Chg 2Q,50-Day Avg Vol (1000s),10 Day > 21 Day > 50 Day,Price $ Chg,EPS Est Cur Qtr %,Volume (1000s),IPO Date,ETF/Closed-End Fund,Number of Funds,Incorp Date,ADR,ETF,AT Margin Accel,Price to Sales,Daily Closing Range,RS Line Within 5% of New High,EPS % Chg Last Qtr,Up/Down Vol,EPS % Chg 1 Q Ago,Sales % Chg Lst Yr,Exchange,RS Line New High,RS 6-Month Rating,50-Day > 150-Day > 200-Day,Price to Book,P/E Lss 5-Yr Avg,Weekly Closing Range,Shares in Float (1000s),EPS % Chg 2 Q Ago,EPS % Chg 3 Q Ago,Avg EPS % Chg 2Q,Avg Sales % Chg 3Q,EPS Trl 4Q Geq EPS Lst Fiscal Yr,EPS % Chg Lst Q Gtr 3-Yr Growth,Price vs 150-Day,Funds % Increase,Sector,% Chg Cur Week,City,New CEO 12 Months,Funds %,Enterprise Val (mil),Current day's Volume greater than previous 5 days' Volume,Current day's Volume greater than previous 10 days' Volume,Current day's Volume greater than previous 20 days' Volume,% Chg 12 Months,Vol % Chg vs 10-Week,EPS Due Date,ROE,AT Margin,timestamp,symbol,C_Score,A_Score,N_Score,S_Score,L_Score,I_Score,M_Score,CANSLIM_Score,Momentum_Score,Quality_Score,EPS_Accel,Sales_Accel,Setup_Type,List,Sector_RS3M,Theme_Strength
3620,SIMO,Silicon Motion Technology Corp. ADR,NA,1.1,0.9,0.7,338.94,0,5.3,2,0,2936.1,781088,08/06/2026,0.5,C,No,No,No,No,Yes,0,-44,0.6,2.85,145,0,0,90,198.6,27,15.8,8.42,8.95,NA,29.5,39.8,1,10,Yes,No,28.8,69.6,45.2,35,24,-11,5,33,9,Yes,No,185.1,264.32,Computer-Hardware/Perip,NA,0,2,Yes,26.9,0,Yes,38,58,-22.6,2.3,0,355,3,3,132,4.53,No,35,-2.98,-25.54,99,62,95,1.12,282238,9143.8,9.01,33907.8,69.4,-30.7,-13.9,89.2,NA,134.2,NA,87,14,D,23.1,144,27,-7.6,-13.4,-15.3,14,885.6,51,105,6,NA,75.6,1006,No,-8.13,209,688,NA,No,277,NA,Yes,No,Yes,8.45,0,No,162,1.4,38,10,NASDAQ,No,84,Yes,9.79,-,83,33520.4,9,-28,100,55,Yes,Yes,49.2,11.7,COMPUTER,-19,NA,No,45,9576.3,No,No,No,261.3,-43.9,NA,15.3,19.5,2026-07-24,SIMO,35,15,5,0,15,10,10,90,100.33333333333333,55,TRUE,TRUE,Earnings Accelerator,CANSLIM Growth,49.2,Improving
4165,UMC,United Microelectronics Corp. ADR,NA,1.9,1.6,1.5,26.78,0,0,0,0,3635.6,26177159,07/08/2026,0,C+,No,No,No,No,Yes,0.47,12.3,1.3,2.72,16.71,0,0,78,123.72,29,19.9,6.93,7.43,NA,0.6,3.7,0,-1,Yes,No,8.6,48.8,29.2,18.1,19,-7,-20,18,4,Yes,No,170.4,21.25,Elec-Semiconductor Mfg,NA,0,9,No,1.76,12.9,Yes,33,33,-8.3,1,0,28.96,16,14,146,0.65,No,28,-4.67,-26.62,99,65,89,1.25,390112,62341.4,7.5,2515397,75.3,36.9,-2.3,82.2,NA,128.5,NA,72,32,D+,51.6,38,26,-1.2,-12.4,-15,65,7596.2,-26,8,-8,NA,7.8,18328,No,-1.04,33,20772,NA,No,139,NA,Yes,No,No,6.86,0,No,114,1.2,25,5,New York Stock Exchange,No,90,Yes,4.2,-,82,2515347.2,8,-30,69.2,5.8,Yes,Yes,55.4,3.7,CHIPS,-12.7,NA,Yes,3,61111.7,No,No,No,182.2,7.9,NA,11.3,26.5,2026-07-24,UMC,25,12,5,0,15,0,10,67,99.33333333333333,45,TRUE,FALSE,CANSLIM Growth,CANSLIM Growth,40.1,Weak
3037,PENG,Penguin Solutions Inc.,NA,4,3.6,2.7,89.86,0,5.3,2,0,2936.1,8750900,NA,0,B+,No,No,No,No,No,0.92,-49.4,0,1.54,30.11,0,0,72,173340.57,19,3.6,12.1,12.87,NA,11.7,12.7,-5,-2,No,No,35.8,26.2,23.7,24.4,15,-13,-3,18,4,No,No,208.8,60.41,Computer-Hardware/Perip,NA,0,2,Yes,8.75,126.8,Yes,38,26,-24.7,17.9,0,89.86,3,3,221,2.28,No,32,-8.43,-32.77,99,78,87,1.87,253165,3380.5,13.32,51242.7,94.9,1.8,1.2,125.9,NA,202.7,NA,57,14,C,55.8,38,28,0.2,-16.6,-12.7,43,1368.8,-50,48,52,NA,20.7,4224,Yes,-5.56,78,4131,NA,No,438,NA,No,No,No,2.06,0,No,79,1.4,0,17,NASDAQ,No,91,Yes,7.05,-,73,49004.8,0,16,39.4,14,Yes,Yes,77.7,4.5,COMPUTER,-22.9,NA,Yes,77,4012.3,No,No,No,142.8,14.5,NA,6.1,8.4,2026-07-24,PENG,27,12,5,0,15,10,10,79,105,5,TRUE,TRUE,Momentum Leader,CANSLIM Growth,49.2,Improving
4322,VSTS,Vestis Corp.,NA,4.9,5.2,4.8,16.9,0,0,0,1,291,7913698,02/21/2025,0,A+,No,No,No,No,Yes,3.12,24.3,0,2.13,33.85,0,0,90,0,32,-1.6,5.14,4.34,NA,-1.9,-1,0,0,No,No,6.3,106.2,53.1,14.8,12,-,-,-45,-5,Yes,No,147.4,16.5,Comml Svcs-Outsourcing,NA,4.5,123,No,0.6,153,Yes,22,59,-6.7,6.1,0,16.9,136,56,131,0.28,No,0,0.49,-2.37,99,99,85,1.2,21283,2169.2,4.27,132105.1,96.4,22.2,28.9,66.8,NA,139.8,NA,39,19,A+,92.8,96,37,28.3,12.6,16.5,11,2734.8,-62,-1,-60,NA,-2,1675,Yes,0.08,0,2028,NA,No,361,NA,No,No,No,0.8,0,Yes,420,2.6,-29,-3,New York Stock Exchange,Yes,99,Yes,2.51,-,98,129624,-73,-106,195.7,-0.1,Yes,No,75.5,0.8,BUSINS SVC,13.6,NA,No,61,3437.9,No,No,No,161.9,-10.2,NA,-4.5,0.4,2026-07-24,VSTS,25,15,10,5,15,10,10,90,114.33333333333333,10,TRUE,FALSE,Breakout,CANSLIM Growth,53.3,Improving
4112,TXG,10x Genomics Inc.,NA,6.3,7.6,5.1,46.32,0,3.1,4,2,1057.2,16339596,NA,0,A+,No,No,No,No,Yes,0.14,18.5,0,5.9,40.11,0,0,48,0,0,-6.2,7.42,7.7,NA,3.8,2.3,11,5,No,Yes,65.4,52.8,86.5,78,100,32,42,166,-6,No,No,168.2,43.74,Medical-Products,NA,1.6,116,No,2.7,8.6,No,128,0,-33.4,14.4,0,46.32,142,122,101,-0.17,Yes,0,-1.66,-5.57,99,98,84,2.08,102751,5647,7.44,116877.3,103.9,-20.9,36.1,67.7,NA,113.2,NA,63,111,A+,63.7,-130,12,40.6,4.7,14.4,48,642.8,30,-3,77,NA,-1,3305,Yes,-0.74,-187,2567,NA,No,489,NA,No,No,No,8,0,Yes,64,1.5,68,5,NASDAQ,No,98,Yes,6.93,-,94,113090.8,27,188,65.9,-1.2,Yes,Yes,84.1,3.6,MEDICAL,2.4,NA,No,73,5207.9,No,No,No,251.3,0.7,NA,-5.8,-8.9,2026-07-24,TXG,20,15,7,0,15,10,10,77,113.66666666666667,35,TRUE,FALSE,CANSLIM Growth,CANSLIM Growth,53.3,Improving
4298,VPG,Vishay Precision Group Inc.,NA,2.8,2.6,2,130.48,0,5.9,1,0,250.7,1167244,NA,0,C-,No,No,No,No,Yes,0.22,-532,0,4.47,96.18,0,0,97,855.16,82,2.9,9.86,9.27,NA,3.9,7.7,0,-7,Yes,No,2.4,81.7,50,21.9,11,-25,-50,10,2,No,No,169.8,103.89,Elec-Scientific/Msrng,NA,0,21,No,11.87,11.9,Yes,17,182,-22.4,9.9,0,151.78,5,22,122,0.57,No,54,3.21,-31.55,99,61,84,1.2,74854,1338.9,8.81,12278.1,71.8,-38.1,-22.2,95.2,NA,138.2,NA,75,24,D,52731.6,106,79,-10.2,-6.6,-17.1,-,307.2,-56,18,-48,NA,14.2,646,No,3.23,12,384,NA,No,230,NA,No,No,No,3.99,0,No,75,1.2,133,0,New York Stock Exchange,No,89,Yes,4.13,-,92,11814.4,37,-45,104.2,11.3,Yes,Yes,50.1,1.3,ELECTRNCS,-7.8,NA,No,59,1387.8,No,No,No,274.4,-21.8,NA,1.6,-0.4,2026-07-24,VPG,25,15,5,0,15,10,10,80,96.33333333333333,35,FALSE,FALSE,CANSLIM Growth,CANSLIM Growth,48.6,Improving
3693,SNDK,Sandisk Corp.,NA,0.6,0.8,0.6,1952.59,0,5.3,2,0,2936.1,7197631,NA,0,E,No,No,No,No,Yes,0.25,23.9,0,4.78,760.78,0,0,85,188.12,8,-20.1,10.24,11.43,NA,68.5,85.7,0,0,Yes,No,1397.3,2841.9,2114.2,1647.7,28,-,-,915,0,Yes,No,470.7,1354.82,Computer-Hardware/Perip,NA,0,2,No,214.77,1.3,Yes,38,44,-28.8,4.9,0,2354.39,3,3,236,31.12,No,0,-3.99,-42.46,99,49,80,2.78,21359199,208966.5,11.8,148089.8,74.7,59,-30.8,47.1,NA,227.6,NA,72,14,E,60.1,2129,210,-21.5,-20.6,-29.1,29,7355,60,251,166,NA,156.1,12809,No,-56.26,11754,19811,NA,No,2096,NA,No,No,Yes,15.22,0,No,7903,1.1,644,10,NASDAQ,No,77,Yes,14.55,-,75,146127.3,-22,-69,4273.8,111.6,Yes,No,39.4,23.3,COMPUTER,-29.3,NA,No,49,239752,Yes,Yes,Yes,3163.1,11,NA,-16.2,60.8,2026-07-24,SNDK,35,15,5,7,15,10,10,97,86,35,TRUE,TRUE,CANSLIM Growth,CANSLIM Growth,49.2,Improving
3656,SLS,SELLAS Life Sciences Group Inc.,NA,7.6,8.4,6.7,15.57,0,3.9,21,3,457.1,63307462,NA,0,A-,No,No,No,No,Yes,0,-22.1,0,17.22,-50.67,0,0,15,0,0,0,11.13,11.19,NA,0,0,-87,0,No,Yes,45.3,28.4,32.8,39.6,416,31,65,44,-67,No,No,249.9,13.19,Medical - Development Biotech,NA,0.6,18,No,1.23,0.3,No,545,0,-19.8,34.4,0,15.88,17,13,198,-0.23,Yes,0,12.26,-16.92,99,96,79,1.21,100486,2185.9,12.16,186032.6,170.6,13.2,70,152.7,NA,231.4,NA,45,17,B+,16.7,16,40,42,-0.8,11,15,0,63,0,50,NA,0,10428,Yes,1.44,36,11293,NA,No,140,NA,No,No,No,NA,0,No,29,1.7,17,0,NASDAQ,No,99,Yes,22.27,-,96,183788.5,40,46,22.6,0,Yes,No,122.9,28.4,MEDICAL,3.4,NA,No,20,2308.5,Yes,No,No,594.2,-35.7,NA,-66.9,0,2026-07-24,SLS,15,12,5,0,15,10,10,67,111.33333333333333,25,TRUE,FALSE,CANSLIM Growth,CANSLIM Growth,53.3,Improving
3270,QTTB,Q32 Bio Inc.,NA,1.1,1.1,0.8,23.57,0,3.9,21,3,457.1,677047,NA,0,D,No,No,No,No,No,0.21,-1.9,0,5.33,-5.53,0.22,0.22,7,21.92,0,55.5,15.6,15.49,NA,0,0,-8,133,No,Yes,134.4,197.9,159.7,144.9,218,26,87,247,125,No,No,353.3,15.05,Medical - Development Biotech,NA,0.6,18,No,2.04,14.5,No,545,6,-28,6.5,0,23.57,17,13,314,2.66,Yes,0,-1.05,-36.15,99,98,77,1,25389,360.2,16.4,23681.4,161,-18.9,16.6,157.3,NA,318.1,NA,66,17,D,20.6,-172,-13,37.9,1.5,10.5,60,53.7,81,0,137,NA,0,1703,Yes,-0.16,31,1316,NA,No,35,NA,No,No,No,6.63,0,No,40,2.4,495,0,NASDAQ,No,98,Yes,4.75,-,64,9502.5,59,45,267.4,0,Yes,No,121.7,45.8,MEDICAL,34.3,NA,No,72,338.8,No,No,No,548.7,689.3,NA,125.1,0,2026-07-24,QTTB,15,15,5,0,15,10,10,70,111.33333333333333,55,FALSE,FALSE,CANSLIM Growth,CANSLIM Growth,53.3,Improving
3876,SYRE,Spyre Therapeutics Inc.,NA,11.2,10.6,10.8,105.09,0,3.9,21,3,457.1,12627576,NA,0,A,No,No,No,No,Yes,0,-5.3,0,8.97,-37.9,0,0,36,0,0,0,6.4,7.11,NA,0,0,-70,-122,No,Yes,42,26.4,30.6,34.4,316,23,90,68,-27,No,No,206,100.23,Medical - Development Biotech,NA,0.6,18,No,6.18,0,No,545,0,1.1,16.3,0,105.09,17,13,176,-2.08,Yes,0,6.49,-4.62,99,98,77,1.14,117204,8173.5,7.01,86841.3,109.5,-19.1,14.6,37.3,NA,201.5,NA,26,17,A,-11.2,-52,-7,22.5,5.5,8.6,36,0,94,0,38,NA,0,1429,Yes,6.11,-55,1091,NA,No,401,NA,No,No,No,NA,0,Yes,-23,1.2,14,0,NASDAQ,Yes,99,Yes,15.34,-,95,77446.5,89,43,-4.9,0,No,No,79.1,12,MEDICAL,2.5,NA,No,60,8107.4,No,No,No,493.4,-1.2,NA,-20.5,0,2026-07-24,SYRE,0,12,10,0,15,10,10,57,106.33333333333333,25,FALSE,FALSE,CANSLIM Growth,CANSLIM Growth,53.3,Improving
3198,PSNL,Personalis Inc.,NA,5.9,4.4,3.7,16.39,0,1.6,1,2,225.3,11306678,NA,0,A+,No,No,No,No,Yes,0.18,-5.5,0,6.57,-18.33,0,0,12,0,0,-116.7,9.9,9.6,NA,-16.7,-22.3,-2,1,No,Yes,13.4,-3.9,-1.9,4.7,50,7,35,34,-35,No,No,93.3,15.39,Medical-Services,NA,3.3,76,No,1.15,12.2,No,61,0,-17,16,0,16.39,108,18,54,-1.02,Yes,0,-1.22,-6.1,99,99,76,2.3,39818,1631.6,9.56,104721.1,75.7,79.4,57.8,128.7,NA,55.6,NA,17,11,A+,-6.8,-13,12,47.2,5.3,17.8,12,69.6,39,-25,34,NA,-10.8,3774,Yes,-0.19,-13,6619,NA,No,236,NA,No,No,No,24.98,0,Yes,-61,1.6,-13,-18,NASDAQ,Yes,99,Yes,6.32,-,95,70572.8,63,4,-37.1,-21.8,No,No,75.6,4.4,MEDICAL,9.4,NA,No,70,1454.4,No,No,No,137.5,103.5,NA,-35,-194.1,2026-07-24,PSNL,0,0,10,7,15,10,10,52,111.33333333333333,25,FALSE,FALSE,Other,Momentum Leader,53.3,Improving
3421,ROMA,Roma Green Finance Ltd. Cl A,NA,4.2,8.9,12.5,10.94,0,2.6,1,0,78.6,828393,NA,0,D,No,No,No,No,-,0,0,0,0,-89.42,0,0,3,0,0,-227.6,10.98,11.18,NA,34.8,52.8,0,-7,No,No,-260.7,24.8,0.6,-156.1,-,-,-81,46,-52,No,No,449.1,9.28,Comml Svcs-Consulting,NA,0,64,No,0.9,0,No,38,0,40.1,1.6,0,11.77,111,127,299,-0.14,No,0,-2.21,-21.16,99,96,58,0.8,398,507.7,11.24,53493.5,110.6,-48.4,6.8,73,NA,314.3,NA,53,119,D-,0,0,0,19.6,5,10.3,3,1.6,-478,18,-220,NA,17.6,51,Yes,-0.21,0,25,NA,No,3,NA,No,No,No,302.95,0,No,73,0.6,73,24,NASDAQ,No,98,Yes,NA,-,85,51760.1,-72,-72,73,41.1,Yes,Yes,86.8,0,BUSINS SVC,9.6,NA,No,0,592.4,No,No,No,173.7,-51.2,NA,-52.1,-470.6,2026-07-24,ROMA,25,8,5,0,15,0,10,63,104.33333333333333,15,TRUE,FALSE,CANSLIM Growth,CANSLIM Growth,53.3,Improving
3075,PHOE,Phoenix Asia Holdings Ltd.,NA,0.3,0.2,0.1,36.29,0,2.8,1,0,363.8,9746,NA,0,D,No,No,No,No,-,0,0,0,0,4466.25,0,0,100,34362.37,0,17.6,26.04,15.92,NA,14.5,11.3,0,0,No,No,-21.9,-56.7,-50.7,-33.4,-,-,-,-51,43,No,No,95.8,31.32,Bldg-Heavy Construction,NA,0,31,No,3.1,0,No,36,8883,-18.8,0.2,0,133.12,27,51,66,0,No,0,26.55,-76.47,99,99,52,-2.87,2359,534.6,18.64,21600,85.4,41.1,100.1,78,NA,120.3,NA,7,70,C-,0,0,0,70.7,43,62.4,-,0.9,202,-7,-2,NA,-7.4,88,Yes,6.57,0,118,NA,No,1,NA,No,No,No,743.5,0,No,-69,4.7,-69,29,NASDAQ,No,99,Yes,NA,-,86,5500,-33,-33,-68.6,5.1,No,No,81.3,0,BUILDING,45,NA,No,0,531.1,No,No,No,185.8,23.4,NA,42.6,5.7,2026-07-24,PHOE,0,0,5,5,15,0,10,35,103.33333333333333,35,FALSE,FALSE,Other,Momentum Leader,46.5,Improving
3463,RXT,Rackspace Technology Inc.,NA,0.7,0.8,0.9,7.74,0,8.7,10,0,4502,24709592,NA,0,C,No,No,No,No,No,-14.07,43.9,0,0.68,6.54,0,0,42,0,0,-7.5,21.01,17.01,NA,-1.1,-0.5,-2,-5,Yes,No,21.5,8.3,12.5,19.1,9,-66,-54,9,0,No,No,327.4,4.15,Comp Sftwr - Enterprise,NA,0,136,No,0.99,0,Yes,115,0,12.1,25.7,0,8.6,114,124,315,-0.18,No,0,-1.43,-51.74,99,56,46,2.11,159624,1069,17.42,253908.6,80.9,-72.2,-44.9,182.3,NA,327.2,NA,30,108,D+,-86.5,8,204,-23.2,-21.7,-31.3,42,2685.7,-80,2,33,NA,0.8,30462,No,-0.06,-16,8344,NA,No,125,NA,No,No,No,0.39,0,No,0,1.6,50,-2,NASDAQ,No,83,Yes,-0.85,Yes,79,98006.1,-25,25,25,0.3,Yes,Yes,58.7,13.6,SOFTWARE,-22.3,NA,Yes,24,4308,No,No,No,173,-54.2,NA,0,1.2,2026-07-24,RXT,0,0,5,0,15,10,10,40,82,15,FALSE,FALSE,Other,Momentum Leader,59.1,Strong
4490,XMTR,Xometry Inc. Cl A,NA,4.1,3.8,3.9,102,0,0,0,0,167.5,3538013,NA,0,C,No,No,No,No,No,1.4,-204.4,0,1.78,822.71,3.26,3.26,97,0,117,-8.9,6.52,5.29,NA,27.7,28.9,33,22,Yes,Yes,488.9,372.2,529.2,446.7,7,63,120,404,-21,No,No,65.7,98.54,Elec-Contract Mfg,NA,0,11,No,4.74,89.4,Yes,15,205,0.8,7.1,0,102,4,23,43,0.48,Yes,48,2.2,-3.39,98,95,96,1.7,80793,5326.8,5.12,53770.5,58.5,82.9,10.9,99.5,NA,59.6,NA,83,39,A-,30.3,87,87,11.6,4,5.4,-,686.6,90,36,1050,NA,32.7,951,Yes,2.12,62,1641,NA,No,369,NA,No,No,Yes,7.15,0,Yes,500,1.8,167,26,NASDAQ,Yes,97,Yes,18.25,-,99,49863.6,450,1000,333.3,31,Yes,Yes,52.4,3.9,ELECTRNCS,2.6,NA,Yes,73,5571.9,Yes,Yes,Yes,179.8,-20.3,NA,-20.9,-2.6,2026-07-24,XMTR,32,15,10,7,15,10,10,99,116.33333333333333,20,TRUE,TRUE,Breakout,CANSLIM Growth,48.6,Improving
3830,STX,Seagate Technology Holdings PLC,NA,2.2,2.1,1.5,937.54,0,5.3,2,0,2936.1,6584569,06/24/2026,0,E,No,No,No,No,No,6.76,42,0.3,1.33,157.82,7.62,7.93,91,267.39,31,16.6,7.53,8.64,NA,29.4,29.1,-5,15,Yes,Yes,408,78.1,95.2,171.3,10,8,94,83,0,No,No,186,787.66,Computer-Hardware/Perip,NA,0,2,No,80.29,345.2,Yes,38,63,-29.7,2.9,0,1145,3,3,124,12.41,Yes,68,5.66,-31.21,98,58,86,1.41,3813992,167160.5,8.99,224229,62.3,68,-26.1,43.8,NA,141.4,NA,72,14,E,16.6,84,91,-10.4,-7.2,-15.4,10,9097,579,44,528,NA,32.8,4327,No,42.17,97,7013,NA,No,3182,NA,No,No,Yes,16.04,0,No,116,1.4,53,39,NASDAQ,No,84,Yes,161.42,-,87,223632.8,65,147,84.5,28.9,Yes,Yes,39.7,10.9,COMPUTER,-13.5,NA,No,55,190208.9,Yes,Yes,No,436.8,6,NA,0,24,2026-07-24,STX,32,15,5,7,15,10,10,94,90.66666666666667,15,TRUE,TRUE,CANSLIM Growth,CANSLIM Growth,49.2,Improving
3381,RLAY,Relay Therapeutics Inc.,NA,9.2,9.6,9.8,20.79,0,3.9,21,3,457.1,43041464,NA,0,B+,No,No,No,No,Yes,0.05,-5.5,0,22.13,-14.51,0,0,44,0,0,-1800.6,7.33,6.8,NA,0,0,-3,39,No,Yes,28.5,23.8,28,27.6,445,24,20,36,-41,No,No,135.3,19.91,Medical - Development Biotech,NA,0.6,18,No,1.16,4.3,No,545,0,1.9,26.3,0,20.79,17,13,145,-1.57,Yes,0,2.79,-4.23,98,96,83,1.81,68063,4221.5,6.77,217940.3,87.4,-47.8,28,18.8,NA,170.9,NA,40,17,B+,-12.9,4,-3,27.5,2.4,8.3,44,15.4,15,-61,32,NA,0,4394,Yes,0.54,5,2157,NA,No,390,NA,No,No,No,405.53,0,Yes,11,1.4,29,53,NASDAQ,No,98,Yes,5.87,-,99,164040.4,32,41,19.9,0,Yes,No,66.9,21.1,MEDICAL,-0.5,NA,No,68,3729.9,No,No,No,445.5,-55.8,NA,-41.1,-2443,2026-07-24,RLAY,10,8,7,0,15,10,10,60,102.33333333333333,25,FALSE,FALSE,CANSLIM Growth,CANSLIM Growth,53.3,Improving
4367,WDC,Western Digital Corp.,NA,4.1,3.7,2.6,601.5,0,5.3,2,0,2936.1,22377149,06/05/2026,0,E,No,No,No,No,No,1.38,38.8,0.1,1.49,91.81,9.44,9.59,90,103.65,29,11.9,8.32,9.64,NA,-15.9,-11.5,-9,-1,Yes,Yes,131.1,63.9,61,86,13,6,101,59,19,Yes,No,177,477.22,Computer-Hardware/Perip,NA,0,2,No,57.65,1.1,Yes,38,58,-29.6,6.6,0,799.87,3,3,102,8.29,Yes,87,2.23,-40.34,98,51,83,1.66,4815078,160901.1,9.93,344682.1,53.8,45.7,-33,28.1,NA,115.4,NA,69,14,E,13.6,103,85,-13.8,-12.6,-21.7,19,9520,94,45,3362,NA,7.9,8460,No,10.41,99,11777,NA,No,3448,NA,No,No,Yes,13.97,0,No,100,1.2,59,-27,NASDAQ,No,80,Yes,17.01,-,81,341451,32,53,79.6,-5.1,Yes,No,30.3,8.3,COMPUTER,-18.1,NA,No,64,179724.4,Yes,Yes,No,612.1,-17,NA,20,95,2026-07-24,WDC,27,15,5,5,15,10,10,87,82.33333333333333,45,TRUE,TRUE,CANSLIM Growth,CANSLIM Growth,49.2,Improving
4189,URGN,UroGen Pharma Ltd.,NA,8.5,7.9,7.7,41.88,0,1.8,1,2,243.9,6218229,NA,0,A,No,No,No,No,Yes,0.96,-5.4,0,4.69,-11.92,0,0,38,0,0,-139.7,6.1,5.46,NA,46.7,56.4,30,19,Yes,Yes,5.8,18.7,10.1,9.1,43,13,15,12,0,Yes,No,71.8,40.23,Medical - Revenue Biotech,NA,3.6,62,No,1.84,0,Yes,55,0,-2.8,16.1,0,41.88,83,69,96,-2.75,Yes,0,0.57,-3.94,98,99,79,0.95,25556,1948.9,5.38,48721.7,69.1,60.6,22.6,78.5,NA,114,NA,46,96,B+,2.6,76,277,25.9,3.6,9.4,38,109.8,17,152,-8,NA,102.8,819,Yes,0.23,73,1265,NA,No,211,NA,No,No,Yes,13.95,0,Yes,49,2.1,33,21,NASDAQ,Yes,99,Yes,-15.77,-,97,40542.8,-25,-15,40.7,71.6,Yes,Yes,63.3,6,MEDICAL,4.3,NA,No,52,1947.4,No,No,No,161.1,-1,NA,0,-46.3,2026-07-24,URGN,25,8,10,7,15,10,10,85,112,25,TRUE,TRUE,Breakout,CANSLIM Growth,53.3,Improving
4318,VSH,Vishay Intertechnology Inc.,NA,2.9,2.8,2.2,50.39,0,0,0,0,505.6,15801988,06/18/2026,0,C-,No,No,No,No,Yes,0.88,-35.1,0.9,2.64,27.85,0,0,100,8513.48,36,0.8,9.67,10.43,NA,7.1,9.9,-1,-6,Yes,No,-5.5,106.9,44.9,13.2,13,-32,-100,-226,5,Yes,No,160.9,37.81,Electronic-Parts,NA,0,14,No,5.75,51.8,Yes,23,1260,-20.4,11.3,0,69.47,7,6,95,0.03,No,0,3.76,-45.57,98,53,76,1.55,403650,5589.1,9.77,139030.8,47.6,-14.4,-37.3,45.9,NA,106.7,NA,64,26,D,114.3,1636,114,-22.7,-11.2,-25.6,-,3069,-80,17,-110,NA,14.7,8001,No,1.37,312,6686,NA,No,465,NA,No,No,No,1.65,0,No,267,1,104,4,New York Stock Exchange,No,84,Yes,2.48,-,86,139867.1,-50,-141,185.4,12.3,Yes,Yes,30,10.5,ELECTRNCS,-15.4,NA,No,63,6762.2,No,No,No,118.8,-22.5,NA,-0.4,0.8,2026-07-24,VSH,30,15,5,0,15,10,10,85,85.66666666666667,25,TRUE,FALSE,CANSLIM Growth,CANSLIM Growth,48.6,Improving
3220,PTRN,Pattern Group Inc.,NA,2,1.6,2.4,29.8,0,8.7,10,0,4502,4321456,NA,0,C,No,No,No,Yes,Yes,0.05,0,0,2.45,49.88,0,0,60,0,47,0,5.91,5.94,NA,39.9,42,0,0,No,No,-427,-893.6,-659,-519.3,75,-,-,-207,-45,Yes,No,143.6,28.11,Comp Sftwr - Enterprise,NA,0,136,No,1.37,3.6,Yes,115,0,45.4,10.3,0,29.8,114,124,95,-1.78,No,0,-2.8,-5.67,98,97,71,1.52,45669,5115,5.92,155163.6,83,-12.6,37.5,107.8,NA,102.5,NA,51,108,C,57.7,141,27,32.7,-0.9,11.4,60,2501.3,114,43,-663,NA,41.7,2171,Yes,-0.81,27,1841,NA,No,103,NA,No,No,No,1.59,0,Yes,80,2.4,55,39,NASDAQ,No,98,Yes,8.14,Yes,94,41883.6,-2815,45,67.4,43,No,No,83,32.1,SOFTWARE,-2.9,NA,No,46,4902.7,No,No,No,0,-19.5,NA,-32.6,3.8,2026-07-24,PTRN,27,0,7,0,15,10,10,69,108.66666666666667,25,TRUE,FALSE,Pullback to 10SMA,CANSLIM Growth,59.1,Strong
4110,TWST,Twist Bioscience Corp.,NA,10.5,11.3,7.7,104.4,0,1.8,1,2,243.9,13949973,NA,0,B,No,No,No,No,No,0.32,-30.1,0,2.7,-117.85,0,0,51,0,0,-20.4,7.2,7.22,NA,18.8,17.7,29,23,Yes,Yes,31.7,7.3,36.1,32.1,26,11,33,93,-16,No,No,195.9,93.85,Medical - Revenue Biotech,NA,3.6,62,No,6.18,18.8,Yes,55,0,-32.5,23.4,0,105.47,83,69,113,-1.33,Yes,0,2.87,-11.02,98,95,66,2.36,140025,5681,6.98,62271.3,90.5,-34.5,13.2,56.9,NA,126.6,NA,24,96,B-,-48.7,-61,33,24.2,0.8,1.2,51,376.6,0,19,64,NA,18.1,1808,Yes,2.62,-249,1162,NA,No,488,NA,No,No,No,14.27,0,No,-8,1.4,6,20,NASDAQ,No,98,Yes,12.82,-,99,59689.7,24,122,-1,17.7,No,No,69.2,7.3,MEDICAL,3.5,NA,No,80,5610.1,No,No,No,161.8,-40.7,NA,-16.4,-39.8,2026-07-24,TWST,5,0,5,0,15,10,10,45,106.33333333333333,25,FALSE,FALSE,Other,Momentum Leader,53.3,Improving
3818,STRL,Sterling Infrastructure Inc.,NA,4.9,3.2,3,745.68,0,2.8,1,0,363.8,1745130,NA,0,E,No,No,No,No,No,2.77,28.3,0,1.1,45.06,1.08,1.08,88,208.47,33,16.4,8.32,8.07,NA,32.5,41.1,11,11,Yes,Yes,73.9,102.5,92.1,86.2,6,46,55,92,30,Yes,No,108.5,638.56,Bldg-Heavy Construction,NA,0,31,Yes,66.2,26.1,Yes,36,50,-6.7,5.8,0,1005.68,27,51,82,12.84,Yes,7,-0.43,-36.5,97,53,90,1.55,657322,19680.4,7.48,30686,30.8,55.9,-23.8,37.7,NA,81.9,NA,99,70,E,57.8,74,27,-21,-6,-17,21,2490,36,92,78,NA,71.5,818,No,-2.79,86,1206,NA,No,892,NA,No,No,No,6.79,0,No,120,0.9,111,18,NASDAQ,No,74,Yes,16.47,-,90,29942.4,76,61,115.6,53,Yes,Yes,19.8,5.3,BUILDING,-6.4,NA,No,58,20482.6,Yes,Yes,No,154.7,-19,NA,30.3,11.6,2026-07-24,STRL,35,15,5,5,15,10,10,95,90,50,TRUE,TRUE,Earnings Accelerator,CANSLIM Growth,46.5,Improving
4018,TOELY,Tokyo Electron Ltd. ADR,NA,0,0,0,228.94,0,0,0,0,2382.4,0,03/31/2026,0,B,No,No,No,No,No,0.03,47.7,0.7,2.7,52.04,13.6,16.78,88,184.07,41,30.6,3.63,4.69,NA,2.6,-2.3,0,6,No,Yes,14.2,2.3,1.8,6.3,13,3,13,2,16,No,No,85.4,202.94,Elec-Semiconductor Equip,NA,0,1,Yes,9.8,1.4,No,33,50,0,0,0,242.6,9,4,49,4.03,No,18,-4.06,-16.35,97,73,90,0.35,80392,198359.2,3.81,936065.5,47.3,42.8,-10.4,45.6,NA,52.2,NA,60,16,C,-11.6,25,34,4.7,-7.5,-9.9,61,15597.7,62,-10,-2,NA,-10.5,382,No,-8.59,30,489,NA,No,31,NA,Yes,No,No,12.08,0,No,3,1.7,3,2,US OTC,No,88,Yes,14.19,-,89,0,0,0,3.2,-5.1,Yes,No,35.5,-3.1,CHIPS,-10,NA,No,0,203681.7,No,No,No,117,16.2,NA,30,30.1,2026-07-24,TOELY,0,0,5,5,15,0,10,35,98.66666666666667,55,FALSE,FALSE,Other,Momentum Leader,40.1,Weak
4065,TRVG,trivago N.V. ADR,NA,0.3,0.2,0.3,5.67,0,0,0,0,278.9,24815,NA,0,A-,No,No,No,No,Yes,0.3,5.3,0,1.91,46.23,24.39,24.39,99,109.15,57,1.5,7.41,7.73,NA,27.3,27.1,15,5,No,No,62.6,158.4,109.5,89.7,11,15,79,262,6,No,No,94.5,5.64,Leisure-Travel Booking,NA,0,127,No,0.36,15.9,No,17,366,15.9,0.1,0,5.7,82,85,86,0.02,No,0,2.55,-1.05,97,99,88,0.86,479,2739.4,6.61,23124.3,72.6,-12.2,25.6,102.2,NA,100.7,NA,49,80,A+,-84.1,83,57,32,5.1,9.4,-,657.2,83,19,149,NA,32.2,111,Yes,0.14,65,96,NA,No,15,NA,Yes,No,No,0.2,0,Yes,3,1.9,361,24,NASDAQ,No,99,Yes,11.69,-,101,22931.8,111,-37,182.2,27.9,No,No,69.4,7.1,LEISURE,6,NA,No,21,2.4,No,No,No,53.7,-40.2,NA,5.6,-5.1,2026-07-24,TRVG,5,15,7,0,15,10,10,62,114.66666666666667,20,FALSE,FALSE,Momentum Leader,CANSLIM Growth,50.7,Improving
4323,VSXY,Victoria's Secret & Co.,NA,6.2,4.9,4.6,86.44,0,0,0,2,931.7,11041019,NA,0,C-,No,No,No,No,No,7.8,22.8,0,1.26,13.55,0,0,67,130.19,17,3.2,6.53,5.19,NA,7,8.8,-1,2,No,No,96.2,206.4,150.4,115.3,3,-20,1,33,22,No,No,50.4,81.45,Apparel - Clothing & Shoes,NA,4,103,Yes,4.12,327,Yes,50,24,-6.6,15.7,0,88.57,130,130,27,3.43,No,33,-1.13,-8.04,97,91,84,1.53,163956,6548.5,4.76,79491.7,53.9,-58.9,3.7,48.8,NA,36.1,NA,67,112,C+,90.2,54,18,19.4,2.9,1.2,30,6553.4,19,15,12,NA,11.5,2426,No,-0.93,128,920,NA,No,552,NA,No,No,No,0.96,0,No,567,1.3,7,5,New York Stock Exchange,No,92,Yes,8.14,-,94,70117,46,-17,286.6,10.8,Yes,Yes,37.9,1.3,CONSUMER,3.9,NA,No,72,9035.5,No,No,No,343.1,-38,NA,21.5,3.1,2026-07-24,VSXY,30,15,5,0,15,10,10,85,105.66666666666667,30,TRUE,FALSE,CANSLIM Growth,CANSLIM Growth,55.2,Strong
3652,SLN,Silence Therapeutics PLC ADR,NA,6.2,6.8,4.7,11.19,0,3.9,21,3,457.1,1733018,NA,0,B,No,No,No,No,Yes,0,-2.7,0,9.83,-7.95,0,0,60,0,0,-15849.9,8.96,9.44,NA,-32.3,-15.6,-20,-65,No,No,-177,-48.5,-44.6,-241.2,337,33,-44,-9,-90,No,No,72.7,10.5,Medical - Development Biotech,NA,0.6,18,No,0.77,0.1,Yes,545,0,-30.4,4.3,0,11.19,17,13,88,-0.54,Yes,0,-3.85,-6.17,97,96,76,0.74,3449,515.8,9.51,47234.6,61.1,-29.7,55.3,39.4,NA,108.3,NA,34,17,A,14.9,15,-17,35,4.6,11.8,60,0.6,34,197,-91,NA,48.7,400,Yes,-0.42,27,277,NA,No,33,NA,Yes,No,No,587.63,0,Yes,45,2.5,-229,-99,NASDAQ,Yes,98,Yes,10.04,-,96,39860.9,38,-33,-91.8,2.8,Yes,Yes,60.1,3.1,MEDICAL,15.5,NA,Yes,21,408.6,No,No,No,68.8,0.7,NA,-90.5,-294.7,2026-07-24,SLN,25,0,10,0,15,10,10,70,104.66666666666667,25,TRUE,TRUE,CANSLIM Growth,CANSLIM Growth,53.3,Improving
3461,RXO,RXO Inc.,NA,5.8,5.5,5.9,29.5,0,0,0,0,160.3,14735466,NA,0,C,No,No,No,No,Yes,2.03,-210,0,1.27,96.75,0,0,39,0,180,-2,6.43,5.31,NA,26.7,19.2,0,15,No,No,-77.2,-165.6,-115.8,-92.7,9,-,-109,-260,-6,No,No,131.7,29.29,Transportation-Truck,NA,0,26,No,1.44,40.6,Yes,20,0,6.1,9,0,29.86,6,16,75,-0.11,No,0,2.63,-1.91,97,97,74,1.54,60243,4706.8,5.23,164920.3,65.6,-25.3,18,56.6,NA,95.4,NA,4,6,A,7.3,232,910,16.2,8.2,9.6,39,5742,-60,-1,-133,NA,-6.2,2464,Yes,0.75,-13,1886,NA,No,384,NA,No,No,No,0.84,0,Yes,-200,1.5,-217,26,New York Stock Exchange,No,99,Yes,3.2,Yes,101,163639.7,-80,33,-208.3,8.1,No,No,57.8,0.8,TRANSPORTATION,11.6,NA,No,67,5116.4,No,No,No,76.3,-12.8,NA,-6.3,-2.5,2026-07-24,RXO,0,0,7,0,15,10,10,42,109.33333333333333,10,FALSE,FALSE,Other,Momentum Leader,48.8,Improving
3812,STM,STMicroelectronics N.V.,NA,1.1,0.9,0.8,73.05,0,0,0,0,3635.6,10255686,03/16/2027,0.09,D+,No,No,No,No,Yes,0.28,176.1,0.4,3.31,26.54,0,0,95,1504.35,39,3.4,6.13,6.32,NA,-4.1,1.7,-1,-15,Yes,No,-40.8,-2.1,-22.6,-35.5,22,-20,-57,-53,0,No,No,139.2,62.06,Elec-Semiconductor Mfg,NA,0,9,No,4.64,12.7,Yes,33,105,-11.2,1.2,0,81.42,16,14,116,0.59,No,81,-1.13,-23.78,97,55,67,1.76,857892,57211.7,5.92,902771.1,53.3,33.7,-15.4,40.3,NA,121.4,NA,37,32,D,-25.1,144,103,-10.6,-9.7,-13.4,9,11800,-63,23,-68,NA,11.6,12428,No,-0.71,326,15891,NA,No,190,NA,Yes,No,No,4.53,0,No,86,1,-70,-11,New York Stock Exchange,No,81,Yes,3.1,-,87,888794.1,-22,-84,7.7,7.1,Yes,Yes,36.7,25.8,CHIPS,-13.2,NA,No,9,57750.8,Yes,No,No,93.3,12.7,NA,0.9,16.9,2026-07-24,STM,25,0,5,5,15,5,10,65,83,25,TRUE,TRUE,CANSLIM Growth,CANSLIM Growth,40.1,Weak
3824,STRZ,Starz Entertainment Corp.,NA,3.3,2.9,3,30.76,0,10.5,2,0,341.6,485490,NA,0,D,No,No,No,No,No,-1.34,-8.4,0,0.31,-12.68,0,0,22,0,0,-16.3,7.51,7,NA,-54.5,-50.5,-12,-31,No,No,0,0,0,0,1,-,-,-,-95,No,No,128.8,26.77,Leisure-Movies & Related,NA,0,140,No,1.96,135.6,Yes,19,0,3.3,4.4,0,32.58,103,142,133,-18.2,No,0,1.13,-17.83,97,76,27,1.16,4048,444.4,7.35,16789.4,72.3,19.4,-6,33.3,NA,142.5,NA,2,141,E,-879.8,-9,77,4.8,-5.3,-5.2,22,1283.1,0,-7,0,NA,-37.1,164,Yes,0.3,-115,192,NA,No,211,NA,No,No,No,0.35,0,No,0,2.1,-6862,-66,NASDAQ,No,93,Yes,0.94,-,91,11134.6,-354,-1310,0,-46.8,No,No,58.6,3.4,LEISURE,-3.9,NA,No,54,1528.5,No,No,No,67.3,6,NA,-94.9,-53.7,2026-07-24,STRZ,0,0,5,0,15,10,10,40,78.66666666666667,0,FALSE,FALSE,Other,Momentum Leader,50.7,Improving
4235,VCYT,Veracyte Inc.,NA,7.4,8.2,5.4,60.82,0,1.6,1,2,225.3,6717490,NA,0,A-,No,No,No,No,Yes,0.09,14.3,0,9.31,34.95,0.48,0.48,75,203.43,34,13.2,5.55,4.99,NA,17.2,16.9,28,20,Yes,Yes,552.2,339.8,387,639.6,52,62,110,218,5,No,No,40.5,59.13,Medical-Services,NA,3.3,76,No,2.69,2.6,Yes,61,30,-34.4,8.7,0,60.91,108,18,36,2,Yes,59,-0.15,-2.92,96,96,99,1.9,65020,4725.3,5.04,79792.6,45.2,57.3,15.3,74.9,NA,42.2,NA,77,11,A+,55.9,2,4,19.3,2.6,4,46,517.1,130,21,474,NA,20,1315,Yes,-0.09,-3,2010,NA,No,570,NA,No,No,No,8.71,0,Yes,68,1.3,783,16,NASDAQ,No,97,Yes,3.51,-,97,77642,168,529,425.5,17.9,Yes,No,43.5,1.1,MEDICAL,3.8,NA,No,79,4375.2,Yes,Yes,No,144.1,-26.1,NA,5.3,20.6,2026-07-24,VCYT,25,15,7,7,15,10,10,89,117,35,FALSE,TRUE,Momentum Leader,CANSLIM Growth,53.3,Improving
4258,VICR,Vicor Corp.,NA,1.7,1.8,1.4,303.61,0,0,0,0,505.6,1302786,NA,0,E,No,No,No,No,Yes,0.01,82.6,0,14.3,77.39,8.83,8.83,93,288.14,64,23.2,9.72,9.65,NA,25.3,28.6,5,3,No,Yes,711.5,371.6,1062,849.6,19,9,34,411,19,Yes,No,116.8,237.62,Electronic-Parts,NA,0,14,Yes,29.59,0.8,Yes,23,79,-22,5.2,0,382.65,7,6,50,2.99,Yes,59,3.13,-37.9,96,33,92,1.94,260613,10502.4,9.65,33863.7,33.7,14.5,-26.9,9,NA,58.5,NA,99,26,E,17.7,17,96,-20.4,-10.2,-22.1,11,452.7,-88,20,1764,NA,15.9,872,No,7.21,-28,966,NA,No,526,NA,No,No,No,17.06,0,No,633,0.8,339,14,NASDAQ,No,65,Yes,14.36,-,85,25194.5,142,3133,486.2,16.8,Yes,Yes,12.5,7.8,ELECTRNCS,-12.7,NA,No,46,11464.7,Yes,No,No,391.1,-27.2,NA,18.5,18.3,2026-07-24,VICR,30,15,5,0,15,10,10,85,73.66666666666667,55,TRUE,FALSE,CANSLIM Growth,CANSLIM Growth,48.6,Improving
4106,TWLO,Twilio Inc. Cl A,NA,2.1,1.9,1.6,229.22,0,8.7,10,0,4502,4396191,NA,0,A,No,Yes,No,No,Yes,0.38,20.6,0,4.66,32.93,0.64,0.64,83,1224.88,36,1.1,5.33,5.33,NA,14.9,15.6,17,10,No,Yes,30.4,29,31,33.3,90,61,100,30,0,No,No,45.4,206.78,Comp Sftwr - Enterprise,NA,0,136,No,11.07,13.3,Yes,115,39,-19.6,2.9,0,238.48,114,124,64,5.27,Yes,31,0.04,-13.29,96,89,91,1.67,504674,31371.7,5.08,151773.9,42.8,-3.6,9.9,47.6,NA,73.7,NA,95,108,B,18,17,16,2.3,-3.1,2.1,21,5067.2,50,20,33,NA,17.2,2499,Yes,0.08,11,2414,NA,No,1822,NA,No,No,No,5.92,0,No,32,1.1,33,14,New York Stock Exchange,No,89,Yes,4.04,Yes,92,151228.4,23,37,32.3,16.3,Yes,No,34.6,4.8,SOFTWARE,-3.6,NA,No,59,30717.3,Yes,Yes,No,63.6,-22.8,NA,0.4,6.4,2026-07-24,TWLO,20,12,5,0,15,10,10,72,104,40,TRUE,FALSE,Momentum Leader,CANSLIM Growth,59.1,Strong
4460,WTTR,Select Water Solutions Inc.,NA,2.3,2.2,2.9,20.48,0,1.1,1,13,2004.3,5796568,04/30/2026,0,C-,No,No,No,No,Yes,1.6,-22,1.4,1.92,9.83,1.34,1.38,91,376,37,1.8,4.14,4.02,NA,-2.9,-4.1,20,-4,No,Yes,56.7,123.6,87,89.6,76,46,-33,-10,0,No,No,93.3,20.33,Utilities,NA,14.9,83,No,0.76,22.5,No,87,64,31.5,5.1,0,20.48,64,81,58,0.32,Yes,85,2.47,-0.73,96,93,90,0.95,34235,2789,4.03,124353.9,44.9,24.4,12.7,36.7,NA,72,NA,65,75,A,86.7,22,32,8.6,5.9,7,4,1407.3,-58,-2,45,NA,-1.5,1842,Yes,0.49,33,2179,NA,No,380,NA,No,No,No,1.81,0,Yes,67,1.6,384,-3,New York Stock Exchange,Yes,95,Yes,2.5,-,99,113699.2,-80,-23,225.5,-5.4,No,Yes,34.5,4.1,UTILITY,5.6,NA,No,68,2821,Yes,No,No,115.8,-18.6,NA,2.7,2.4,2026-07-24,WTTR,20,15,10,0,15,10,10,80,105,25,FALSE,FALSE,Momentum Leader,CANSLIM Growth,47.4,Improving
3441,RSI,Rush Street Interactive Inc.,NA,4.6,5.2,4.1,34.51,0,0,0,0,194.9,10925581,NA,0,A+,No,No,No,Yes,Yes,0.07,13.9,0,1.96,46.51,1.07,1.07,93,383.3,50,-1,4.16,4.26,NA,26.3,27.7,30,27,Yes,Yes,187.5,49.9,81.2,105,26,72,114,60,29,No,No,67.3,32.5,Leisure-Gaming/Equip,NA,0,139,No,1.27,7.2,Yes,33,77,-20.3,10.9,0,34.51,125,93,58,0.42,Yes,39,-0.91,-5.82,96,92,89,1.69,76897,7642.6,4.42,104107.4,48.2,-21.1,14.9,42,NA,68.4,NA,54,99,A-,24.5,59,39,12,-1,3.6,5,1134.4,236,41,95,NA,34.5,2706,Yes,-0.3,33,2564,NA,No,396,NA,No,No,No,2.72,0,Yes,56,1.6,14,23,New York Stock Exchange,No,94,Yes,21.07,-,94,100524.6,80,175,34.9,29.6,Yes,No,40.4,12.2,LEISURE,-2.7,NA,No,69,3104.5,No,No,No,120.6,-6.3,NA,29.5,2.5,2026-07-24,RSI,27,12,7,0,15,10,10,81,107.33333333333333,40,TRUE,TRUE,Pullback to 10SMA,CANSLIM Growth,50.7,Improving
3683,SMTC,Semtech Corp.,NA,2,2.4,1.5,148,0,2.2,1,0,8530.1,5564789,NA,0,E,No,No,Yes,No,No,1.39,68.6,0,2.37,65.15,0,0,92,1096.08,42,-2,8.74,8.62,NA,15.9,14.4,9,11,No,No,283.6,42.9,100.4,187,9,-22,54,56,-7,No,No,69.6,124.96,Elec-Semicondctor Fablss,NA,0,77,Yes,13.22,89.2,Yes,45,68,-37.6,6,0,177.35,29,12,57,1.84,No,0,-2.11,-29.54,96,53,88,2.02,581594,11890.7,8.63,93151.2,29.6,-6.2,-16.8,16,NA,61.1,NA,92,36,E,12.4,55,44,-15.3,-6.7,-14.9,56,1050,529,16,94,NA,12.6,3905,No,-2.69,50,3453,NA,No,669,NA,No,No,No,10.68,0,No,34,1.2,10,15,NASDAQ,No,76,Yes,20.3,-,84,92647.9,85,273,22.1,12.7,Yes,No,18.6,7,CHIPS,-8.2,NA,No,60,12923.1,Yes,No,No,145.6,-41.4,NA,-7.4,9.1,2026-07-24,SMTC,20,12,5,0,15,10,10,72,84,25,FALSE,FALSE,CANSLIM Growth,CANSLIM Growth,40.1,Weak
3092,PKOH,Park-Ohio Holdings Corp.,NA,1.5,1.3,1.6,39.07,0,0,0,0,134.5,141060,05/01/2026,0,A-,No,No,No,No,Yes,1.31,3283.9,1.4,2.4,12.78,0.35,0.36,39,83.54,12,1.5,4.66,4.51,NA,-1.9,-1.6,3,-1,Yes,Yes,-11.4,-14.6,-17.6,-18.5,15,39,15,-22,6,Yes,No,80.3,37.76,Metal Products - Distributors/Fabrication,NA,0,13,No,1.61,177.8,Yes,29,14,29.8,1.5,0,39.33,39,52,57,2.7,Yes,43,-1.77,-3.99,96,92,88,1.08,2898,553.5,4.7,14398.2,46,-9,9.1,38.3,NA,64,NA,50,45,A,0,14,11,11.5,3.3,2.7,76,1599.1,17,4,-25,NA,2.8,85,No,-0.68,8,76,NA,No,181,NA,No,No,No,0.34,0,Yes,-2,2.3,-3,-3,NASDAQ,No,96,Yes,1.43,-,97,9695.6,-39,-26,-2.3,0.3,Yes,No,36.3,-0.5,METALS,4.2,NA,No,50,1162.9,No,No,No,113.2,-35.8,NA,7,1.9,2026-07-24,PKOH,0,0,7,0,15,10,10,42,107,10,FALSE,FALSE,Other,Momentum Leader,56.2,Strong
3213,PTGX,Protagonist Therapeutics Inc.,NA,10.6,12.5,11.2,141.1,0,1.5,1,3,4274.5,7691347,NA,0,A,No,No,No,No,Yes,0.01,-58.5,0,17.76,155.33,0,0,14,491.29,35,-281,4.61,4.72,NA,-10.3,9.3,40,-32,No,Yes,35.3,-7.6,-8.2,-27.7,56,35,28,-265,-20,No,No,61.3,140.91,Medical - Pharmaceuticals,NA,4.4,41,No,5.54,1.1,Yes,68,0,-9.8,12.6,0,141.1,109,59,47,-1.81,Yes,0,6.73,-0.13,96,98,80,1.02,82563,8490.4,4.48,64311.4,50.6,-25.7,26.4,33,NA,71.9,NA,25,41,A+,110,296,-120,26,5,11.8,14,46,404,99,-148,NA,1.7,741,Yes,8.89,490,519,NA,No,598,NA,No,No,No,122.36,0,Yes,127,1.1,-135,-89,NASDAQ,Yes,98,Yes,13.81,-,101,61029.5,-15,-10,-3.9,1.4,Yes,Yes,43.1,1,MEDICAL,7.2,NA,No,80,8154.6,No,No,No,149.7,-27,NA,-20.2,6.7,2026-07-24,PTGX,35,0,10,0,15,10,10,80,106.33333333333333,25,TRUE,TRUE,CANSLIM Growth,CANSLIM Growth,53.3,Improving
4066,TRVI,Trevi Therapeutics Inc.,NA,8.8,9.9,7.7,20.22,0,3.9,21,3,457.1,13870118,NA,0,B+,No,No,No,No,Yes,0,-8.6,0,24.75,-61.05,0,0,7,0,0,0,5.52,5.91,NA,0,0,0,0,No,Yes,14.9,28,27.2,25.4,458,41,-5,38,-30,No,No,52.3,19.07,Medical - Development Biotech,NA,0.6,18,No,0.98,0.2,No,545,0,-22,15,0,20.22,17,13,53,-0.32,Yes,0,9.85,-5.69,96,96,75,0.77,32061,2464.8,6.4,141979.7,50.1,341.4,16.5,25.2,NA,82,NA,38,17,B,-19,-47,-25,22,5.9,7.4,7,0,-62,0,32,NA,0,1990,Yes,1.71,-20,8312,NA,No,266,NA,No,No,No,NA,0,Yes,0,1.9,45,0,NASDAQ,Yes,98,Yes,14.23,-,104,92617.5,38,25,22.7,0,Yes,Yes,44,3.9,MEDICAL,6.9,NA,No,64,2388.7,Yes,Yes,Yes,178.8,86,NA,-30.2,0,2026-07-24,TRVI,0,12,10,10,15,10,10,67,99,25,FALSE,FALSE,CANSLIM Growth,CANSLIM Growth,53.3,Improving
4101,TVTX,Travere Therapeutics Inc.,NA,5.9,5.3,5.4,59.69,0,1.8,1,2,243.9,12687615,NA,0,B+,No,No,Yes,Yes,No,1.33,70.5,0,3.13,133.9,0,0,64,0,75,-10,4.68,4.38,NA,92.9,95.3,13,36,No,Yes,75.8,86.3,85.9,83.4,27,22,40,214,-58,No,No,48.4,56.71,Medical - Revenue Biotech,NA,3.6,62,No,2.32,325.8,No,55,0,3.4,14,0,60.1,83,69,86,-0.23,Yes,0,2.59,-5.64,96,88,75,1.18,110764,5140.6,3.77,92992.9,54.8,-30.9,4.7,39.1,NA,103.5,NA,36,96,A-,-65.3,167,1145,12.9,-0.7,-0.1,64,490.7,-172,68,93,NA,72,2231,Yes,1.43,41,1476,NA,No,463,NA,No,No,No,10.21,0,No,15,0.9,104,110,NASDAQ,No,96,Yes,53.08,-,98,90365.5,140,85,59.5,102,Yes,No,47.2,0.7,MEDICAL,0.2,NA,No,70,5282.4,Yes,No,No,243.5,-57.2,NA,-57.8,-28.8,2026-07-24,TVTX,20,15,5,0,15,10,10,75,101.33333333333333,10,FALSE,FALSE,CANSLIM Growth,CANSLIM Growth,53.3,Improving
3454,RVMD,Revolution Medicines Inc.,NA,3.6,3.6,4,193.82,0,3.9,21,3,457.1,12882513,NA,0,B,No,No,No,No,Yes,0.15,-16.6,0,6.8,-39.43,0,0,47,0,0,0,4.01,3.95,NA,0,0,-54,-134,No,No,-60.2,-80,-75.4,-72.6,262,-20,-25,-57,-58,No,No,133.7,186.16,Medical - Development Biotech,NA,0.6,18,No,6.69,28,No,545,0,10.7,6.8,0,193.82,17,13,37,-7.07,No,0,3.9,-3.95,96,90,57,1.33,468208,38093,3.88,212596.5,72.7,-32.2,18,25.3,NA,54.8,NA,6,17,C,-24.7,-33,33,14.3,-0.4,3.4,47,0,7,0,-66,NA,0,2890,Yes,6.98,-50,1833,NA,No,1130,NA,No,No,No,NA,0,Yes,-103,1.9,-66,0,NASDAQ,No,97,Yes,24.84,-,99,190104.2,-71,-62,-84.4,0,No,No,50.6,13.2,MEDICAL,-0.4,NA,No,75,37612.7,No,No,No,376.7,-40.4,NA,-58.1,0,2026-07-24,RVMD,0,0,7,0,15,10,10,42,91,20,FALSE,FALSE,Pullback to 10SMA,Momentum Leader,53.3,Improving
4316,VSAT,ViaSat Inc.,NA,4.9,5.1,4.6,90.3,0,8.7,2,0,1147,11821553,NA,0,E,No,No,No,No,Yes,4.74,19.8,0,2.41,6.06,0,0,68,0,0,2.3,8.48,9.34,NA,2.1,2.7,18,19,No,No,-178.5,98.1,57.2,-91.7,16,-62,-78,130,-1,Yes,No,107.4,71.48,Telecom-Infrastructure,NA,0,53,No,6.57,146.4,No,23,0,-8.6,9.1,0,93.03,2,58,47,-0.29,No,0,4.03,-23.16,96,72,54,1.62,201861,9383.7,8.79,136569,43.1,32.9,10.7,13.7,NA,55.6,NA,43,105,E,235.2,-434,-2,0,-3.4,0.5,68,4640.3,-458,2,94,NA,2.5,2824,No,2.77,26,3650,NA,No,573,NA,No,No,No,2.1,0,No,122,0.8,115,3,NASDAQ,No,90,Yes,2.09,Yes,99,129456.9,58,-65,118.2,2.2,No,Yes,30.2,8.3,TELECOM,-2.8,NA,No,66,14812.7,Yes,Yes,No,354.7,-22.6,NA,-0.7,5,2026-07-24,VSAT,25,15,5,5,15,10,10,85,74,10,TRUE,FALSE,CANSLIM Growth,CANSLIM Growth,34.8,Weak
3394,RMIX,Suncrete Inc.,NA,0.5,0.6,0.6,22.4,0,0,0,0,263.5,247304,NA,0,A,No,No,No,No,-,0,-1203.2,0,0,-760.36,0,0,-,150.13,135,0,8.2,7.59,NA,0,0,0,0,No,No,-93.5,-163.1,-127.3,-105.9,-,-,-,-227,-1,No,No,72.1,19.58,Bldg-Cement/Concrt/Ag,NA,0,51,No,1.57,0,No,14,0,8.2,0.6,0,25.5,105,129,67,-0.08,No,0,-2.3,-23.22,96,73,45,0.1,8909,1434.9,7.33,47455,44.7,-19.4,-16.4,53.8,NA,71.6,NA,12,120,B+,98.6,2923,203,2.6,-3.1,-7.8,-,0,141,0,-101,NA,0,431,No,-0.46,-150,330,NA,No,11,NA,No,No,No,15.03,0,No,-101,2.5,-345,0,NASDAQ,No,90,Yes,-22505.75,-,94,38536.7,-44,-20,-222.5,0,No,No,37.2,0,BUILDING,-3.9,NA,Yes,14,1426.7,No,No,No,75.6,-36,NA,-0.6,0,2026-07-24,RMIX,0,0,5,0,15,7,10,37,88.33333333333333,15,FALSE,FALSE,Other,Momentum Leader,46.5,Improving
3560,SEZL,Sezzle Inc.,NA,7,6.5,6.2,195.71,0,0,0,0,1787.8,4210690,NA,0,A,No,Yes,No,Yes,Yes,0.52,9.3,0,3.65,29.74,0.55,0.55,85,157.08,33,36.2,7.97,7.67,NA,65.6,51.1,42,62,No,Yes,204.7,51.4,61.3,109.5,35,79,378,56,103,No,No,175.2,174.67,Finance-CrdtCard/PmtPr,NA,0,129,No,11.7,73.7,No,41,43,-4.7,25.1,0,195.71,119,74,152,4.04,Yes,65,-3.2,-10.75,95,94,99,2.81,94221,6067.7,7.61,33627,103.5,3.7,19,116.4,NA,155,NA,97,54,B+,18.7,43,28,29,-1.6,3.4,11,450.3,747,29,95,NA,30.7,711,Yes,-5.77,49,728,NA,No,351,NA,No,No,No,12.21,0,No,43,2.1,65,66,NASDAQ,No,97,Yes,29.83,Yes,89,16767.6,46,91,54.2,42.8,Yes,No,90.3,9,FINANCE,-2.6,NA,No,45,6408.7,No,No,No,24.3,10.6,NA,103.3,-63.7,2026-07-24,SEZL,22,15,5,0,15,10,10,77,116,45,FALSE,FALSE,Pullback to 10SMA,CANSLIM Growth,49.6,Improving
4275,VLO,Valero Energy Corp.,NA,2.6,3.7,3.3,309.9,0,3.7,1,11,372.5,10378936,05/21/2026,0,A,No,Yes,No,No,Yes,1.1,14.8,1.7,1.58,16.42,2.28,2.77,64,84.07,9,2.4,3.8,3.93,NA,-2.9,-2.4,5,-10,Yes,Yes,152.9,364,269.1,199.9,18,8,-41,192,6,No,No,90.2,309.65,Oil&Gas-Refining/Mktg,NA,40.7,80,No,10.31,43.8,Yes,27,22,-9.4,3.5,0,309.9,48,7,54,13.98,Yes,77,3.13,-0.08,95,98,98,0.66,783456,89157,3.83,296932.8,47,-11.8,29.1,38.5,NA,68.8,NA,86,2,A+,33.5,199,-31,20.4,9.1,16.1,24,122687,-66,7,25,NA,2.9,3140,Yes,9.39,344,2641,NA,No,2644,NA,No,No,Yes,0.74,0,Yes,374,1,497,-5,New York Stock Exchange,Yes,97,Yes,3.85,-,102,295742,221,-16,435.5,1.2,Yes,Yes,38.2,4.7,ENERGY,10.3,NA,No,48,93888.4,No,No,No,114,15.3,NA,9.7,3.9,2026-07-24,VLO,25,15,10,0,15,10,10,85,112,25,TRUE,FALSE,Momentum Leader,CANSLIM Growth,48.8,Improving
3027,PEB,Pebblebrook Hotel Trust,NA,6,6,6.4,19.21,0,1.5,3,41,1680.7,17473110,06/30/2026,0,C+,No,Yes,No,No,Yes,18.27,19.4,0.2,7.66,8.91,0.28,0.28,25,0,12,-3.8,3,3.06,NA,2.9,3.1,27,2,Yes,Yes,14.5,40.5,28.9,18.4,162,39,-1,5,-4,Yes,No,67.9,19.01,REITs,NA,21,87,No,0.56,86.4,Yes,195,11,5.9,15.8,0,19.75,41,46,46,1.75,Yes,51,1.6,-3.75,95,88,93,1.41,44024,2121.1,3.09,113369.2,44.3,-28.1,3.7,35.8,NA,54.7,NA,85,21,C+,47.1,5,3,12.7,3.1,1.8,65,1475.5,5,8,-6,NA,5.7,2545,No,0.3,-6,1784,NA,No,500,NA,No,No,No,1.44,0,Yes,100,1.9,35,2,New York Stock Exchange,No,96,Yes,0.88,Yes,99,110352,-14,-6,67.5,3.3,Yes,Yes,36.5,1.4,REAL EST,4.6,NA,No,71,4451.2,No,No,No,83.7,-8.4,NA,-2.5,-5.6,2026-07-24,PEB,20,12,7,0,15,10,10,74,107,25,TRUE,FALSE,CANSLIM Growth,CANSLIM Growth,59.7,Strong
3626,SITM,SiTime Corp.,NA,2,2.5,1.6,672.63,0,2.2,1,0,8530.1,977927,NA,0,D,No,No,No,No,Yes,0,153.2,0,12.48,158.98,0,0,96,0,64,-13,8.16,8.02,NA,68.1,64.5,8,25,Yes,Yes,267.8,263.4,270.4,301.4,39,-5,281,249,-5,Yes,No,57.1,554.97,Elec-Semicondctor Fablss,NA,0,77,No,54.17,0,Yes,45,129,-35.2,4.4,0,901.81,29,12,51,4.31,Yes,0,-1.7,-38.46,95,40,88,2.6,437495,14903.4,8.03,26396.8,24.8,-18.8,-18.1,10.2,NA,49.4,NA,99,36,E,24.4,148,39,-20.6,-9,-15.9,16,326.7,417,88,244,NA,77.3,628,No,-9.62,316,490,NA,No,765,NA,No,No,No,38.56,0,No,454,0.9,219,61,NASDAQ,No,66,Yes,12.64,-,87,18756.7,117,292,336.3,66.5,Yes,Yes,12.1,7.6,CHIPS,-11.8,NA,No,80,15360.1,No,No,No,165.3,-45.4,NA,-4.6,-4.6,2026-07-24,SITM,35,15,5,0,15,10,10,90,74.33333333333333,40,TRUE,TRUE,Earnings Accelerator,CANSLIM Growth,40.1,Weak
3384,RLJ,RLJ Lodging Trust,NA,5.7,4.3,6,11.98,0,1.5,3,41,1680.7,14830262,06/30/2026,0,B,No,No,No,No,No,-5.1,23.4,5.2,0.51,7.32,0.22,0.26,16,2121.3,8,2.2,2.92,2.8,NA,-0.4,-0.8,22,2,Yes,Yes,-7.3,-9.7,-8.7,-8.2,63,33,-5,-11,0,Yes,No,59.9,11.91,REITs,NA,21,87,No,0.31,89.1,Yes,195,9,39.1,11.2,0,12.03,41,46,45,1.4,Yes,44,1.62,-1,95,94,85,1.16,23257,1789.7,2.87,151929.7,43.4,21.8,7.3,47.2,NA,55.5,NA,43,21,B,20.7,1,1,13.6,3.4,3.4,78,1349.9,-5,4,-11,NA,1.6,2293,No,0.19,1,2732,NA,No,407,NA,No,No,No,1.33,0,Yes,6,2.9,-3,-1,New York Stock Exchange,No,97,Yes,1.02,Yes,100,131875.2,-32,-6,1.7,-0.4,Yes,Yes,37,1.8,REAL EST,3.8,NA,No,60,3652.4,Yes,Yes,No,58.6,-29.6,NA,1.3,0,2026-07-24,RLJ,0,0,7,0,15,10,10,42,106.33333333333333,0,FALSE,FALSE,Other,Momentum Leader,59.7,Strong
3972,TIGO,Millicom International Cellular S.A.,NA,2.4,3,2.5,100.08,0,2.6,1,1,898.7,4489868,04/08/2027,0.75,C-,No,No,No,No,No,-11.91,16.1,3.1,0.61,9.01,0.19,0.2,38,50.67,24,26.8,4.38,4.13,NA,9.2,13.4,6,2,Yes,Yes,369,393.6,490.3,414.9,6,69,113,212,21,No,No,77.4,98.34,Telecom Svcs- Foreign,NA,2.6,125,No,3.73,323.9,Yes,38,14,-17.1,5.2,0,100.08,61,96,62,7.16,Yes,85,2.89,-1.74,95,92,68,0.68,163294,16013.6,4.04,167540.8,44.8,-42.6,10.6,20.8,NA,67.5,NA,38,104,E,-67,-51,54,12.4,3.4,7.3,43,5819,390,44,474,NA,30.1,1882,Yes,2.76,-82,996,NA,No,687,NA,No,No,No,2.56,0,Yes,-61,1.9,949,0,NASDAQ,Yes,95,Yes,5.26,Yes,98,86072.5,293,780,444.1,19.8,No,No,32.7,25.4,TELECOM,1.4,NA,No,51,23735.1,No,No,No,151.3,-39.7,NA,36.2,5.5,2026-07-24,TIGO,7,15,10,0,15,10,10,67,95,20,FALSE,TRUE,CANSLIM Growth,CANSLIM Growth,34.8,Weak
3230,PVLA,Palvella Therapeutics Inc.,NA,9.2,8.8,9,158.08,0,3.9,21,3,457.1,2366341,NA,0,B,No,No,No,No,Yes,0.16,-47.7,0,28.88,-70.75,0,0,5,0,0,0,6.55,7.02,NA,0,0,0,0,No,Yes,0,0,0,0,466,-,-,-,-92,No,No,50.2,157.24,Medical - Development Biotech,NA,0.6,18,No,9.03,8.7,No,545,0,1.3,23.4,0,161.38,17,13,34,-4.17,Yes,0,6.41,-2.57,95,96,66,0.83,34755,2119.4,6.92,14342.8,49.2,-5.8,39.6,20.9,NA,57.7,NA,11,17,B+,-28.3,-49,-16,26.3,7,13.8,5,0,40,0,53,NA,0,278,Yes,9.47,-35,258,NA,No,263,NA,No,No,No,NA,0,Yes,-62,1.3,0,0,NASDAQ,No,97,Yes,9.69,-,102,10126.4,53,69,0,0,No,No,38,6.5,MEDICAL,8.6,NA,No,84,2140.1,No,No,No,403.5,-25.6,NA,-92.1,0,2026-07-24,PVLA,0,0,7,0,15,10,10,42,95.66666666666667,25,FALSE,FALSE,Other,Momentum Leader,53.3,Improving
4014,TNGX,Tango Therapeutics Inc.,NA,11,9.7,10.9,32.17,0,3.9,21,3,457.1,33488854,NA,0,E,No,No,No,No,Yes,0.12,-18.6,0,27.38,-23.89,0,0,93,0,0,-162.8,8.46,8.78,NA,12.6,19.9,40,23,No,Yes,20.3,60,33.6,26.3,462,-15,8,49,-37,No,No,222.3,28.56,Medical - Development Biotech,NA,0.6,18,No,2.41,7.7,No,545,0,11.8,31.6,0,34.39,17,13,128,-0.82,Yes,0,3.33,-16.95,95,66,63,1.29,122217,4500.2,6.61,162814.6,74.3,-46.3,-11.6,7.2,NA,119.5,NA,39,17,E,-2,-48,-16,8.1,-4,-4.8,93,62.4,-10,-100,27,NA,-100,4449,No,0.92,9,2290,NA,No,298,NA,No,No,No,81.59,0,No,11,1.6,17,48,NASDAQ,No,90,Yes,10.52,-,93,119316.7,152,-46,14.1,54.5,Yes,Yes,50.3,13.3,MEDICAL,-8,NA,Yes,89,4615.2,No,No,No,316.3,-50.4,NA,-37.2,0,2026-07-24,TNGX,10,15,5,0,15,10,10,65,76.66666666666667,25,FALSE,FALSE,CANSLIM Growth,CANSLIM Growth,53.3,Improving
4139,UCTT,Ultra Clean Holdings Inc.,NA,2.9,3.2,2.6,116.55,0,0,0,0,2382.4,3221999,NA,0,D,No,No,No,No,Yes,0.98,-72.7,0,3.07,64.42,0,0,94,0,27,-7.1,9.49,10.91,NA,-0.7,-3.1,2,3,No,No,15.1,-22,-20.4,-15.6,17,-28,-11,-30,-23,No,No,264.9,92.43,Elec-Semiconductor Equip,NA,0,1,Yes,11.6,121,Yes,33,86,-19.1,7.4,0,144.22,9,4,105,1.08,No,55,-0.18,-35.91,95,59,51,2.13,133869,4151.1,11.04,44828.4,61,75.2,-17.2,16.2,NA,111.3,NA,23,16,E,18.1,147,87,-5.5,-8.7,-17.1,21,2054,157,3,-27,NA,-3.6,1352,No,-0.17,96,2307,NA,No,448,NA,No,No,No,2,0,No,11,1,-57,-2,NASDAQ,No,86,Yes,6.59,-,84,43481.4,-20,-16,-23.1,-4.3,Yes,Yes,36.7,3.2,CHIPS,-13,NA,Yes,65,4919.3,Yes,No,No,255.8,-5.8,NA,-22.9,-3.4,2026-07-24,UCTT,10,0,5,7,15,10,10,57,73.33333333333333,10,FALSE,FALSE,CANSLIM Growth,CANSLIM Growth,40.1,Weak
3107,PLSE,Pulse Biosciences Inc.,NA,10.1,8.6,7.9,29.93,0,3.1,2,0,402.5,2856310,NA,0,C+,No,No,No,No,Yes,0.08,-25.3,0,7.26,-35.71,0,0,2,0,0,-20794.6,7.28,6.98,NA,0,0,-38,101,No,Yes,-17.7,-26.8,-20,-19.8,53,31,14,-18,-74,No,No,108.9,28.68,Medical-Systems,NA,0,79,No,1.85,8.3,No,65,0,-7.7,15.5,0,31,126,131,86,-0.82,Yes,0,4.75,-7.48,95,95,47,1.45,9208,1895,6.15,69209.7,46.2,-7.5,12.7,22.6,NA,101.3,NA,12,137,A,11.8,-52,-5,12.9,5,6.1,2,0.3,10,0,-19,NA,0,360,Yes,1.3,-48,328,NA,No,141,NA,No,No,No,2646.58,0,Yes,-40,1.7,-11,0,NASDAQ,No,97,Yes,29.51,-,105,18540.3,-30,1,-25.3,0,No,No,37.9,0,MEDICAL,9.1,NA,No,26,1748.4,Yes,No,No,83.3,-46.4,NA,-74.4,-4633.7,2026-07-24,PLSE,0,0,7,0,15,10,10,42,89,25,FALSE,FALSE,Other,Momentum Leader,53.3,Improving
3131,PNTG,Pennant Group Inc.,NA,2.5,2.6,2.8,42.47,0,0,0,1,32.3,780224,NA,0,A,No,Yes,No,No,No,19.87,38.8,0,1.19,30.68,1.71,1.71,79,187.86,30,4.8,4.85,4.55,NA,35.9,36.5,19,28,No,Yes,22,25.2,22,24.6,4,20,27,23,9,No,No,49,41.95,Medical - Home & Nursing Care,NA,11.1,15,Yes,1.61,120.6,No,9,34,9.5,2.4,0,42.47,58,39,31,1.23,Yes,17,0.58,-1.22,94,98,99,1.02,10821,1450.2,4.54,34767.6,37.5,-14.9,21.3,36.5,NA,43.9,NA,94,12,A+,3.6,15,18,19.1,5,12,-,947.7,29,36,26,NA,44.6,313,Yes,0.24,23,260,NA,No,319,NA,No,No,No,1.43,0,Yes,19,2,42,36,NASDAQ,Yes,96,Yes,4.21,-,99,33022.7,15,13,30.1,38.6,Yes,No,30.6,0.6,MEDICAL,3.6,NA,No,48,1835.9,No,No,No,75.4,-26.8,NA,9.5,3,2026-07-24,PNTG,17,12,10,0,12,10,10,71,112,20,FALSE,FALSE,Momentum Leader,CANSLIM Growth,53.3,Improving
3310,RCRUY,Recruit Holdings Co. Ltd. ADR,NA,0,0,0,16.5,0,4,1,5,137.1,0,03/31/2026,0,A+,No,No,No,No,No,0.27,12.4,0.1,1.78,25.68,2.44,2.47,79,129.89,0,17.7,2.26,1.92,NA,4,5.1,0,-1,Yes,Yes,41.9,34.8,34,47.5,9,14,21,31,31,Yes,No,41.4,15.96,Comml Svcs-Staffing,NA,20,74,Yes,0.27,9,Yes,25,35,0,0,0,16.5,117,2,28,0.46,Yes,15,0.25,-3.27,94,99,99,0.25,8582,105423,1.96,7362520.5,49.8,58.3,21.6,67.4,NA,37.2,NA,96,1,A+,0,0,0,22.5,4.9,10.4,7,24535.8,11,8,24,NA,6.1,647,Yes,0.04,0,895,NA,No,12,NA,Yes,No,No,4.79,0,Yes,55,1.9,29,5,US OTC,Yes,98,Yes,11.2,-,97,0,20,32,42.3,5.2,Yes,Yes,48,-7.7,BUSINS SVC,5.5,NA,No,0,104941.9,No,No,No,47.2,130.1,NA,31.8,10.6,2026-07-24,RCRUY,20,12,10,5,12,0,10,69,117.33333333333333,55,TRUE,FALSE,Breakout,CANSLIM Growth,53.3,Improving
4281,VMD,Viemed Healthcare Inc.,NA,1.9,1.9,1.9,12.61,0,0,0,0,212.5,519096,NA,0,A+,No,Yes,No,No,Yes,1.27,14.6,0,1.22,9.55,6.57,6.57,78,122,24,8.1,3.85,3.4,NA,21.7,23,21,24,Yes,Yes,31.9,10,32.5,36,4,5,29,22,11,No,No,63.5,12.15,Medical-Distribution,NA,0,36,Yes,0.38,7.2,Yes,5,33,-0.4,1.6,0,12.61,78,106,52,0.37,Yes,39,0.5,-3.65,94,92,96,0.61,3218,463.5,3.62,38336.8,42.4,-29.2,15.4,24.7,NA,65.8,NA,85,91,A-,-33.3,23,34,15.9,0.3,4.7,-,270.3,12,28,32,NA,26.6,304,Yes,0.06,50,213,NA,No,192,NA,No,No,No,1.63,0,Yes,0,1.6,40,21,NASDAQ,No,95,Yes,3.25,-,96,33095.7,-10,100,20,25.7,Yes,No,32.8,7.9,MEDICAL,-1.3,NA,No,38,457.9,No,No,No,82.2,3.1,NA,10.9,3.4,2026-07-24,VMD,7,0,7,0,12,10,10,46,104,45,FALSE,TRUE,Pullback to 10SMA,Momentum Leader,53.3,Improving
3163,PRG,PROG Holdings Inc.,NA,6.5,7.3,6.4,47.73,0,0,0,2,175.6,3477376,05/19/2026,0,A,No,No,No,No,Yes,0.73,7.1,1.2,8.06,5.66,0,0,30,48.36,10,7.2,4.15,4.38,NA,1.5,0.3,-4,1,No,No,11.2,15.7,14.3,11.2,17,-1,2,13,15,No,No,57.4,46.42,Comml Svcs-Leasing,NA,11.1,69,Yes,1.79,120.9,Yes,18,12,-12.7,9,0,47.73,74,34,40,3.9,Yes,17,-2.34,-2.74,94,96,95,1.29,20299,1904.3,4.46,40065.6,40.7,-32.1,23.4,43.6,NA,42.9,NA,68,46,A+,55.8,33,15,19.8,3.9,7.2,67,2409.2,-7,9,3,NA,0.4,518,Yes,-1.11,-7,338,NA,No,481,NA,No,No,No,0.74,0,Yes,38,1.4,-8,-2,New York Stock Exchange,Yes,95,Yes,2.4,-,97,38616.2,17,10,15.1,-0.4,Yes,Yes,36.3,-4,FINANCE,4.9,NA,No,66,2156.8,No,No,No,61,-27.1,NA,17.8,4.9,2026-07-24,PRG,15,8,10,0,12,10,10,65,110,35,TRUE,FALSE,Momentum Leader,CANSLIM Growth,49.6,Improving
3961,TGTX,TG Therapeutics Inc.,NA,13.6,12.9,13.8,59.3,0,0,0,2,1294.3,28182602,NA,0,A+,No,No,No,Yes,Yes,0.65,-391.5,0,5.81,-357.53,0.26,0.26,57,72.49,32,17.4,4.96,5.38,NA,84.6,83.1,299,195,No,Yes,2179.6,4114.4,3167.1,2562.2,42,74,128,169,103,No,No,84.1,54.87,Medical - Profitable Biotech,NA,3.8,55,No,2.68,128.9,No,52,19,7.4,19.8,0,59.3,70,99,70,2.86,Yes,37,-0.11,-7.47,94,91,92,1.86,119812,8408.9,4.72,153083.6,53.8,38.7,6.5,55.3,NA,79.5,NA,58,79,B+,-56.4,-52,117,16.7,-2.3,0,37,616.3,67,70,1747,NA,73.8,2526,Yes,-0.06,86,3409,NA,No,441,NA,No,No,No,11.99,0,No,300,1.6,-7,87,NASDAQ,No,95,Yes,14.41,-,96,141645.3,12050,325,146.7,80.1,Yes,Yes,50.7,2.1,MEDICAL,-3.9,NA,No,50,8747.2,Yes,Yes,No,40,-22.6,NA,102.8,9.7,2026-07-24,TGTX,35,15,5,5,12,10,10,92,112.33333333333333,30,FALSE,FALSE,Momentum Leader,CANSLIM Growth,53.3,Improving
4378,WERN,Werner Enterprises Inc.,NA,3.5,3.3,4,46.22,0,0,0,0,160.3,4387123,07/06/2026,0,A,No,No,No,No,Yes,3.33,-63.3,1.3,1.46,15.35,0,0,98,344.31,35,-0.7,3.66,3.5,NA,1.3,3.4,3,-4,No,No,-56.9,-13.6,-19,-52.4,11,-59,-80,-82,3,Yes,No,53.4,46.04,Transportation-Truck,NA,0,26,No,1.51,70.8,Yes,20,307,19.4,7.4,0,46.22,6,16,29,0.15,No,0,0.11,-0.39,94,95,82,0.78,42947,2757.1,3.53,59950.1,39.4,58.4,15.4,41.3,NA,38.9,NA,22,6,A+,134.4,5309,105,11.7,4.7,7.2,-,2974.4,-73,14,-104,NA,5.6,1051,Yes,0.05,108,1625,NA,No,408,NA,No,No,No,0.9,0,Yes,117,1.6,-37,-2,NASDAQ,Yes,96,Yes,2.04,-,100,58898.5,-120,-35,39.6,4.9,Yes,Yes,30.7,2.5,TRANSPORTATION,5,NA,No,71,3348.4,Yes,Yes,No,63.1,-19.6,NA,-1,-0.5,2026-07-24,WERN,30,0,10,7,12,10,10,79,105.33333333333333,5,TRUE,FALSE,Breakout,CANSLIM Growth,48.8,Improving
3987,TKR,Timken Co.,NA,3.5,3.3,3.2,143.27,0,0,0,0,134.5,3427263,05/19/2026,0,C,No,No,No,No,Yes,1.19,23.6,1.1,2.88,17.46,4.87,6.15,68,118.01,22,9.1,3.61,3.36,NA,1.8,3.4,3,-1,Yes,Yes,-3.4,9.6,4,-1,18,4,-10,4,7,No,No,63.8,137.78,Metal Products - Distributors/Fabrication,NA,0,13,No,4.65,66.3,Yes,29,25,-3.3,5.4,0,146.37,39,52,38,5.6,Yes,13,0.07,-5.87,94,77,82,1.18,138893,9568.7,3.23,69494.5,35.8,-24.7,-1.2,28,NA,47.3,NA,56,45,D+,11,16,18,5.2,-0.7,-1.7,43,4581.8,-18,8,-8,NA,5.7,1071,No,0.09,14,809,NA,No,701,NA,No,No,No,2.05,0,No,19,1.1,-2,0,New York Stock Exchange,No,89,Yes,2.98,-,97,63269,11,-13,8.8,4.7,Yes,Yes,25.8,1.2,METALS,0.3,NA,Yes,65,11361.8,No,No,No,74.1,-30.2,NA,9.6,8,2026-07-24,TKR,10,0,5,0,12,10,10,47,91.33333333333333,10,FALSE,FALSE,Other,Momentum Leader,56.2,Strong
3018,PDFS,PDF Solutions Inc.,NA,2.6,2.9,2.5,60.88,0,2.2,1,0,290.1,2166315,NA,0,C-,No,No,No,No,Yes,0.81,-75.4,0,2.31,83.59,1.35,1.35,87,1070.06,40,1.5,7.58,7.73,NA,22.7,24.4,18,13,Yes,Yes,30,22.5,18.3,22.6,24,36,13,17,0,Yes,No,79.2,51.14,Comp Sftwr - Specialty Enterprise,NA,0,95,No,4.63,24.1,Yes,45,49,-12,5.8,0,71.69,106,87,41,1.05,Yes,21,-1.52,-28.66,94,61,79,1.55,47943,2174.2,7.67,41867.7,36.4,-62.5,-16.3,16.3,NA,43,NA,89,126,D,33.3,33,24,-7,-6,-14.5,17,219,15,26,12,NA,25.2,887,No,-0.79,38,328,NA,No,336,NA,No,No,No,9.25,0,No,48,0.8,20,22,NASDAQ,No,82,Yes,7.28,Yes,93,37106.7,0,6,33.8,24.5,Yes,Yes,24.8,7.3,SOFTWARE,-7.9,NA,No,51,2267.6,No,No,No,117.4,-62.1,NA,-0.2,8,2026-07-24,PDFS,22,8,5,0,12,10,10,67,83,35,TRUE,TRUE,Earnings Accelerator,CANSLIM Growth,59.1,Strong
3557,SEPN,Septerna Inc.,NA,8.4,8,8.1,38.04,0,3.9,21,3,457.1,3154131,NA,0,B,No,No,No,No,No,0.06,7,0,4.71,13.42,0,0,85,0,0,-106.3,6.97,6.84,NA,7060.3,8833.2,0,0,No,No,-4.7,87.6,52.9,31.6,199,-,-,89,-12,No,No,19.8,33.4,Medical - Development Biotech,NA,0.6,18,No,2.35,5.5,Yes,545,0,1.8,11.5,0,38.04,17,13,7,-0.81,No,0,5.83,-12.2,94,74,79,1.31,14066,1422.6,7.24,45075.5,25.8,-28.4,-6.7,27.8,NA,28.1,NA,64,17,E,54.4,-50,-45,6.2,-4,-4.9,85,46,-53881,12011,85,NA,11643.7,435,No,1.84,24,306,NA,No,213,NA,No,No,No,20.84,0,No,61,1.1,63,4175,NASDAQ,No,84,Yes,3.96,-,93,27423,139,-51,61.9,11800.1,Yes,No,19.7,8.7,MEDICAL,-7,NA,No,41,1168.3,No,No,No,164.7,-11.9,NA,-12.2,-32.6,2026-07-24,SEPN,30,15,5,0,12,10,10,82,89.33333333333333,35,FALSE,TRUE,CANSLIM Growth,CANSLIM Growth,53.3,Improving
3875,SYNA,Synaptics Inc.,NA,6.7,6,5.1,135.79,0,2.2,1,0,8530.1,4467484,NA,0,D,No,No,No,No,No,1.75,32.5,0,3.04,31.56,0,0,70,0,22,-10.6,7.28,6.97,NA,12.7,12.8,-9,-5,No,No,46,29.1,36.3,43,13,-26,-18,34,-3,No,No,54.1,114.05,Elec-Semicondctor Fablss,NA,0,77,Yes,9.07,63.9,No,45,26,-15.1,11.9,0,149.11,29,12,19,4.4,No,55,-1.3,-23.52,94,58,72,2.13,148449,4513.7,6.69,39062.7,27.2,2.5,-14.6,42.2,NA,25.3,NA,52,36,D,8.1,27,13,-11.6,-6.7,-9.8,84,1074.3,-72,10,61,NA,11.8,1168,No,-1.5,19,1168,NA,No,500,NA,No,No,No,3.8,0,No,21,0.9,32,12,NASDAQ,No,75,Yes,3.25,-,91,38030.1,35,58,26.3,12.4,Yes,Yes,17.9,3.1,CHIPS,-10,NA,No,71,5180,Yes,No,No,70.2,-48.2,NA,-3.3,-2.7,2026-07-24,SYNA,10,12,5,0,12,10,10,59,84.66666666666667,10,FALSE,FALSE,CANSLIM Growth,CANSLIM Growth,40.1,Weak
4538,ZBIO,Zenas BioPharma Inc.,NA,14.6,20.6,17.6,30.26,0,3.9,21,3,457.1,12196436,NA,0,A+,No,No,No,No,Yes,0.3,-3.4,0,11.94,-7.66,0,0,24,0,0,-3778.2,7.29,7.47,NA,0,0,0,0,No,No,-67.3,-89.2,-73.5,-61.2,371,-,-,-2,-136,No,No,-18.7,29.53,Medical - Development Biotech,NA,0.6,18,No,1.68,104.4,No,545,0,-14.2,35.2,0,44.6,17,13,33,-8.47,No,0,4.57,-33.79,94,99,62,1.3,17395,1782.9,7.21,63133.4,16.7,2.9,58.9,35.3,NA,46.5,NA,11,17,A+,1,43,2,37.4,4.5,16.7,24,10,-379,-100,-126,NA,-100,784,Yes,1.29,10,769,NA,No,248,NA,No,No,No,114.32,0,No,-82,1.4,-261,100,NASDAQ,No,96,No,5.49,-,100,34676.6,76,-26,-171.6,0,No,No,25.5,6.4,MEDICAL,2.7,NA,No,86,1593.5,No,No,No,124.1,-14.3,NA,-136.2,0,2026-07-24,ZBIO,0,0,5,0,12,10,7,34,100,10,FALSE,FALSE,Other,Momentum Leader,53.3,Improving
4453,WTI,W&T Offshore Inc.,NA,2.3,2.5,3,3.75,0,0,0,0,726,18395119,05/21/2026,0,D,No,No,No,No,Yes,22.44,23.4,1.2,0.99,6.62,0,0,26,0,0,-19.8,7.39,7.21,NA,-0.1,1.9,-2,-12,No,No,-37.2,65.5,34.1,-4.7,39,-46,-102,63,0,No,No,114.1,3.49,Oil&Gas-Explorers/Producers,NA,0,111,No,0.26,0,Yes,72,0,17.8,19,0,5.08,44,92,72,-0.27,No,0,4.8,-31.3,94,67,53,0.89,20446,495.4,6.22,148777.7,28.2,-8.6,5.4,21.6,NA,92.8,NA,37,58,D,110.6,88,-195,-7.2,3.4,6,26,501.5,-207,16,20,NA,8.3,5284,No,0.16,116,4623,NA,No,162,NA,No,No,No,1,0,No,104,1.2,22,-5,New York Stock Exchange,No,75,Yes,-2.34,Yes,96,96977.2,71,-60,63,7.2,Yes,Yes,17.7,3.8,ENERGY,3.6,NA,No,44,730.3,No,No,No,105.3,-19.8,NA,0,-15,2026-07-24,WTI,30,15,5,0,12,10,10,82,76.33333333333333,15,TRUE,FALSE,CANSLIM Growth,CANSLIM Growth,48.8,Improving
3206,PSX,Phillips 66,NA,2.7,3.3,3.1,207.14,0,3.7,1,11,372.5,8062970,08/18/2026,1.27,C,No,No,No,No,Yes,5.95,811.7,2.7,1.13,17.01,5.6,13.16,71,77.07,9,4.1,3.18,3.17,NA,-3.6,-0.6,8,-7,Yes,Yes,279.2,641.5,481.9,356.1,13,2,-43,160,6,No,No,60.3,206.86,Oil&Gas-Refining/Mktg,NA,40.7,80,No,5.7,65.5,Yes,27,26,-4.8,2,0,207.14,48,7,35,7.86,No,69,2.75,-0.14,93,97,96,0.69,449664,80716.2,3.06,400935,32.6,-10,23.7,32.3,NA,49.6,NA,71,2,A,190.3,202,-8,16,9.1,15.2,12,132189,-61,12,5,NA,6.3,2590,Yes,5.54,209,2363,NA,No,2225,NA,No,No,No,0.61,0,No,154,1.3,1747,-8,New York Stock Exchange,No,94,Yes,2.91,-,102,400445.1,24,3,950.6,3.5,Yes,Yes,27,2.1,ENERGY,9.8,NA,No,46,99117.4,No,No,No,65.3,9.8,NA,15.6,0.6,2026-07-24,PSX,30,15,5,0,12,10,10,82,110.33333333333333,30,FALSE,FALSE,Momentum Leader,CANSLIM Growth,48.8,Improving
4228,VBNK,VersaBank,NA,6,2.8,2.2,22.86,0,0,0,1,2038.4,193882,07/10/2026,0,A,No,No,No,No,Yes,-0.17,4.2,0.3,68.29,6.2,2.24,2.32,61,116.62,13,13.6,4.64,5.83,NA,23,27.2,10,8,No,Yes,8.8,53,35.1,19.6,35,9,-7,33,6,No,No,41.2,21.15,Banks-Foreign,NA,2.4,67,No,1.19,18.9,No,42,21,-23.4,1,0,25.05,67,61,27,1.01,Yes,23,-1.58,-15.57,93,84,94,0.6,2022,694.7,4.5,32195.7,35.2,83.2,10.2,31.6,NA,35.4,NA,89,62,B,10.9,50,48,8.6,-2.7,1.3,12,90,-9,25,-20,NA,31.7,103,Yes,-0.34,53,180,NA,No,55,NA,No,No,No,6.65,0,No,48,2,43,0,NASDAQ,No,89,Yes,1.68,-,94,20022.6,68,-19,45.4,31.5,Yes,Yes,25.5,0,BANKS,-2.8,NA,No,10,345.1,No,No,No,83,14.5,NA,6.1,8.8,2026-07-24,VBNK,20,15,5,7,12,7,10,76,102.33333333333333,40,FALSE,FALSE,Momentum Leader,CANSLIM Growth,67.7,Leading
4105,TWIN,Twin Disc Inc.,NA,1,1,2.9,23.82,0,0,0,1,53.4,348028,05/18/2026,0,C+,No,No,No,No,Yes,0.43,349.7,0.7,2.09,13.05,0.24,0.24,31,45.98,36,0.5,6.46,6.19,NA,10.6,10.9,11,10,No,Yes,422,921.4,670.8,508.5,6,51,9,252,-1,No,No,35.4,22.59,Transportation-Equip Mfg,NA,11.1,42,No,1.32,31.9,Yes,9,12,191.1,2.7,0,24.5,38,48,13,1.84,Yes,0,1.3,-7.8,93,91,91,0.97,2832,321.6,5.96,14422.8,31.6,-29.1,8.6,28.1,NA,17.7,NA,82,44,D,-8,1521,-65,14,1,1,67,340.7,5,19,-118,NA,9.7,133,No,0.29,130,91,NA,No,121,NA,No,No,No,0.9,0,No,309,1.6,2375,15,NASDAQ,No,93,Yes,1.75,-,97,12699.4,80,-81,1341.9,9.7,Yes,Yes,26.8,8,TRANSPORTATION,-0.1,NA,No,40,364.3,No,No,No,158.5,-47.1,NA,-1.2,3.4,2026-07-24,TWIN,30,15,5,0,12,10,10,82,101.66666666666667,35,FALSE,FALSE,CANSLIM Growth,CANSLIM Growth,48.8,Improving
4144,UFCS,United Fire Group Inc.,NA,2.3,2.2,3,54.38,0,1.5,2,20,2363,423071,06/05/2026,0,A-,No,No,No,No,No,-0.14,3.9,1.6,0.4,4.99,0.23,0.23,21,38.36,11,10.7,3.5,3.19,NA,10.1,10.2,7,11,Yes,Yes,279,57,389.2,316.3,16,43,99,82,12,No,No,40.6,51.09,Insurance,NA,15.4,115,No,1.58,15.4,Yes,130,10,34,2,0,54.42,91,54,31,5.06,Yes,78,2.2,-6.12,93,85,89,0.57,7315,1282.6,3.24,25656.2,30.6,19.1,6.5,26.5,NA,44.2,NA,57,35,C,28.2,-2,3,5.6,-1.4,-0.1,62,1292.7,310,11,80,NA,10.9,156,Yes,1.1,-23,176,NA,No,358,NA,No,No,No,0.99,0,Yes,66,1.4,20,11,NASDAQ,No,91,Yes,1.38,Yes,96,21264.7,85,1386,42.9,10.4,Yes,No,24.4,0.3,INSURANCE,-1.1,NA,No,49,1267.5,No,No,No,85.8,8.5,NA,13.7,8.1,2026-07-24,UFCS,25,15,7,0,12,10,10,79,96,25,TRUE,FALSE,Momentum Leader,CANSLIM Growth,71.2,Strong
3171,PRLB,Proto Labs Inc.,NA,3.7,3.8,3.2,78.81,0,6.1,4,1,712.1,679916,NA,0,D,No,No,No,No,Yes,0.01,22.1,0,3.51,25.26,0,0,84,274.51,39,5.8,3.77,3.81,NA,7.3,9.4,3,3,No,Yes,8.7,26.5,21.8,14,49,-1,7,17,3,Yes,No,53.4,77.62,Machinery-Gen Industrial,NA,1.5,40,Yes,2.94,0.2,No,66,42,-17.3,2.9,0,83.15,88,84,32,1.86,Yes,12,0.34,-6.65,93,78,88,1.34,17365,1840.7,3.44,23794,28.2,-15.1,-2.5,20.3,NA,41.7,NA,84,88,C,36.1,22,10,3.2,2.6,-0.6,18,533.1,3,10,2,NA,11.3,231,No,0.26,29,193,NA,No,436,NA,No,No,No,3.38,0,No,64,1.6,16,6,New York Stock Exchange,No,88,Yes,2.7,-,98,23433.1,0,8,39.7,10.1,Yes,Yes,21.6,1.4,MACHINE,4.3,NA,No,57,1710.9,No,No,No,93.5,-10.9,NA,3.2,5.8,2026-07-24,PRLB,20,12,5,0,12,10,10,69,93.33333333333333,40,TRUE,FALSE,CANSLIM Growth,CANSLIM Growth,38.5,Weak
3332,RELY,Remitly Global Inc.,NA,3.2,3.3,3.2,25.75,0,0,0,0,1787.8,16113645,NA,0,A-,No,No,No,Yes,Yes,0.09,11.6,0,2.84,16.15,0.4,0.4,74,188.39,38,4.4,4.32,4.21,NA,28.9,27.5,40,34,No,Yes,1033.6,8.3,19.8,57.3,33,71,76,15,9,No,No,74.9,24.13,Finance-CrdtCard/PmtPr,NA,0,129,No,0.9,3.3,No,41,28,-4.1,9.1,0,25.75,119,74,74,0.85,Yes,40,-4.36,-6.29,93,89,82,1.28,111369,5312.5,4.29,210561.1,42,-26,18.1,20.6,NA,75.5,NA,28,54,A,91.2,107,38,10.9,0.6,6.3,29,1635.1,450,25,-48,NA,25.4,5041,Yes,-1.1,-37,3549,NA,No,427,NA,No,No,Yes,2.94,0,Yes,8,0.9,6,29,NASDAQ,No,92,Yes,5.59,-,94,177062.3,11,54,6.8,25.2,Yes,No,35.7,12.7,FINANCE,1.5,NA,Yes,58,4904.4,No,No,No,40.5,-40.6,NA,8.9,10.8,2026-07-24,RELY,5,0,7,0,12,10,10,44,98,25,FALSE,FALSE,Pullback to 10SMA,Momentum Leader,49.6,Improving
4491,XNCR,Xencor Inc.,NA,13.3,15.2,14,17.68,0,3.9,21,3,457.1,11506336,NA,0,A,No,No,No,No,Yes,0.34,-3.4,0,6.57,-9.6,0,0,88,0,0,-71.4,5.83,5.88,NA,55.2,30.1,-13,-2,No,No,2.9,5,19.2,23.5,257,-39,2,50,-14,No,No,14.1,17.47,Medical - Development Biotech,NA,0.6,18,No,0.82,28.1,No,545,0,-7.9,16.5,0,18.69,17,13,5,-2.29,No,0,16.86,-6.53,93,99,78,1.19,10904,1108.4,6.24,74141.6,30.4,109,36.7,33.8,NA,36.6,NA,30,17,A+,-106.4,-215,17,33.3,13.6,18,88,125.6,-72,-86,65,NA,-66.4,830,Yes,2.52,-98,1684,NA,No,349,NA,No,No,No,13.3,0,No,-159,1,85,14,NASDAQ,No,97,No,2.51,Yes,112,69775.8,89,62,-36.8,-12.2,No,No,34,-0.3,MEDICAL,10.2,NA,No,72,750.7,Yes,Yes,No,92.6,-16.4,NA,-14,-2854.7,2026-07-24,XNCR,0,0,5,10,12,10,10,47,105,20,FALSE,FALSE,Other,Momentum Leader,53.3,Improving
3180,PRSU,Pursuit Attractions & Hospitality Inc.,NA,5.6,5.7,4.6,55.69,0,0,0,1,474.3,1203330,03/13/2020,0,A-,No,No,No,No,Yes,9.86,-100.9,0,1.54,20.32,0.71,0.71,89,190.38,33,12.2,3.27,3.15,NA,-28.1,-13.6,16,-32,Yes,Yes,228.5,-10.6,-27.8,-19.5,38,76,75,-95,4,No,No,57.8,53.15,Leisure-Services,NA,1.6,133,No,1.6,42.4,Yes,62,54,-19,5.9,0,56.52,96,75,48,0.99,Yes,97,-0.04,-5.95,93,87,73,1.23,14281,1452.5,3.39,27318.5,36,6.9,9.2,28.6,NA,58.8,NA,35,83,B,5,104,13,11,-0.9,0,25,452.4,3192,37,-94,NA,31,293,Yes,-0.02,136,310,NA,No,318,NA,No,No,No,3.11,0,Yes,19,1.7,-108,23,New York Stock Exchange,No,94,Yes,2.32,-,98,20232.7,58,-79,-44.7,5,Yes,No,31.4,1,LEISURE,-1.3,NA,No,70,1589.3,No,No,No,76.6,20.8,NA,4.5,-48.3,2026-07-24,PRSU,17,0,7,0,12,10,10,56,94.33333333333333,10,FALSE,TRUE,CANSLIM Growth,CANSLIM Growth,50.7,Improving
3416,ROIV,Roivant Sciences Ltd.,NA,6.1,6,5.3,37,0,3.9,21,3,457.1,33212917,NA,0,B,No,No,No,No,Yes,0.02,-25.1,0,18.37,-31.91,0,0,11,0,0,-3203.1,3.62,3.48,NA,-75.9,-76.4,0,-53,No,Yes,-66.9,19.1,-63.1,-61,424,-,-25,-36,-7,No,No,59,34.51,Medical - Development Biotech,NA,0.6,18,No,1.13,2.1,Yes,545,0,-11.7,6.4,0,37,17,13,37,-0.34,Yes,0,1.71,-6.73,93,83,72,0.93,191193,24404.8,3.61,719270.4,35.8,-35.5,10.6,15.7,NA,49.2,NA,42,17,C-,196.5,-123,25,10.1,-2.5,1,11,8.3,-105,-67,-125,NA,-72.3,6105,Yes,0.58,-14,3835,NA,No,686,NA,No,No,No,3005.09,0,No,196,1.4,-174,-72,NASDAQ,No,89,Yes,5.49,-,97,517623.4,35,-310,11.3,-69.8,Yes,Yes,25.1,6,MEDICAL,-4.1,NA,No,67,20907.1,No,No,No,196.2,-45.8,NA,-6.5,12023.6,2026-07-24,ROIV,25,8,5,0,12,10,10,70,92.66666666666667,25,TRUE,FALSE,CANSLIM Growth,CANSLIM Growth,53.3,Improving
4380,WEST,Westrock Coffee Co.,NA,7.5,6.2,5.3,7.92,0,0,0,1,657.4,4604610,NA,0,C-,No,No,No,No,No,-696.87,-19.4,0,0.97,-38.51,0,0,12,0,0,-8.2,7.29,6.93,NA,39.8,47,0,11,No,No,-254.2,25.7,-311.4,-264.7,2,-,11,-1,-188,Yes,No,88.7,7.68,Beverages-Non-Alcoholic,NA,4,97,No,0.57,0,No,25,0,-13.5,9.7,0,10.19,80,38,60,-0.51,No,0,0.26,-24.63,93,77,70,0.59,7514,747.3,6.78,97558,41.3,-54,-12,39.6,NA,68.4,NA,45,52,C-,62.1,73,83,-5,6,-5.2,12,1189,-81,44,-62,NA,46.4,905,No,0.02,64,414,NA,No,117,NA,No,No,No,0.58,0,No,78,1.3,9,40,NASDAQ,No,92,Yes,-37.03,-,99,48473.3,-9,-1323,43.3,51.1,Yes,Yes,33.4,3.5,FOOD/BEV,3.4,NA,No,26,1216.9,No,No,No,20.9,-54.2,NA,-28.1,-2.8,2026-07-24,WEST,27,12,5,0,12,10,10,76,90,15,TRUE,FALSE,CANSLIM Growth,CANSLIM Growth,49.8,Improving
3694,SNDR,Schneider National Inc. Cl B,NA,6.1,6.5,5.2,38.88,0,3.1,1,1,180.7,5482227,06/12/2026,0,D+,No,No,No,No,Yes,0.76,18.4,1.1,1.95,10.54,0,0,91,262.09,35,2.4,3.62,3.45,NA,5.8,5.6,0,-2,No,No,-3.8,-31.1,-23.3,-9.6,13,-27,-38,-25,1,No,No,44,38.19,Transportation-Logistics,NA,3.1,22,No,1.27,12.8,No,32,66,-20.9,10.5,0,39.27,26,55,21,0.58,No,41,-0.78,-2.75,93,89,66,0.86,35915,6740.5,3.39,92094.8,34.8,215.4,8.1,29.9,NA,30.3,NA,14,34,C,22.9,52,72,8.9,4.6,5.3,6,5674.3,-50,0,-9,NA,2.1,1031,Yes,-0.3,10,3238,NA,No,386,NA,No,No,No,0.62,0,Yes,-25,1.2,-35,7,New York Stock Exchange,No,93,Yes,2.21,-,99,52205.7,-33,0,-30,4.9,No,Yes,26.1,0.3,TRANSPORTATION,4.9,NA,Yes,61,6635,Yes,Yes,Yes,49.9,46.7,NA,3.4,1.5,2026-07-24,SNDR,0,0,7,10,12,10,10,49,89.66666666666667,20,FALSE,FALSE,Other,Momentum Leader,48.8,Improving
3548,SEDG,SolarEdge Technologies Inc.,NA,2.5,2.5,2.7,58.45,0,0,0,0,56.5,10402264,NA,0,D,No,No,No,No,Yes,0.42,37.4,0,2.02,30.23,0,0,22,0,94,-33,10.32,9.24,NA,31.8,38,-14,-38,No,No,11.4,85.4,77.8,70.2,12,-52,-67,223,-75,No,No,85.3,53.47,Energy-Solar,NA,0,47,No,5.35,94.9,No,23,0,5.6,17.4,0,81.25,141,73,46,-1.69,No,0,2.16,-34.19,93,59,60,1.8,206266,3183.2,9.22,60818.2,26.6,-48.7,-2.2,39.6,NA,57.7,NA,71,110,D,-59.1,101,5475,-6.2,-0.8,-1.7,22,1184.4,-658,41,90,NA,56.2,3642,No,1.13,99,1843,NA,No,424,NA,No,No,No,2.55,0,No,62,1.1,96,31,NASDAQ,No,83,Yes,7.92,Yes,92,59756.7,98,55,79.2,47.6,Yes,Yes,21.2,3.2,ENERGY,-3.1,NA,No,65,3145.8,No,No,No,111.7,-56.9,NA,-74.7,-18.5,2026-07-24,SEDG,27,15,5,0,12,10,10,79,80.66666666666667,20,FALSE,FALSE,CANSLIM Growth,CANSLIM Growth,48.8,Improving
3288,RAL,Ralliant Corp.,NA,4.2,4,4.2,71.31,0,5.9,1,0,250.7,7126363,06/08/2026,0,D,No,No,No,No,No,5.32,0,0.3,1.61,19.93,0,0,73,203.03,25,-58.8,4.07,3.81,NA,0,0,0,0,No,No,0,0,0,0,3,-,-,-,-43,No,No,37.8,70.17,Elec-Scientific/Msrng,NA,0,21,No,2.57,73.4,No,17,28,4.4,6.4,0,75.41,5,22,16,2.53,No,0,4.86,-6.95,93,91,53,1.64,111068,7490.6,3.67,111933.1,38.1,14.5,4.4,48,NA,31.1,NA,12,24,D-,16.3,-1,16,10.4,2.9,1,62,2068.8,-15,11,-15,NA,0,1789,No,3.25,-7,2032,NA,No,562,NA,No,No,No,3.7,0,No,1,1.5,-26,-4,New York Stock Exchange,No,96,Yes,5.02,-,101,111547.3,-26,17,0,0,No,No,33.3,-0.9,ELECTRNCS,1.3,NA,No,73,8463,Yes,Yes,No,46.1,-20.1,NA,-45.3,8.3,2026-07-24,RAL,5,0,5,0,12,10,10,42,94,5,FALSE,FALSE,Other,Momentum Leader,48.6,Improving
3607,SI,Shoulder Innovations Inc.,NA,3,3.1,1.8,23,0,3.1,4,2,1057.2,195425,NA,0,C-,No,No,No,No,Yes,0.12,-4.7,0,11.81,-15.56,0,0,26,0,0,-85.3,7.08,8.19,NA,52.4,55.3,0,0,No,No,-13239.5,-129.8,-19839.4,-15877.4,112,-,-,-100,-94,Yes,No,51,21.59,Medical-Products,NA,1.6,116,No,1.56,11.2,No,128,0,-40.9,1.7,0,23,142,122,54,-166.96,No,0,-4.17,-6.13,93,94,46,0.45,2133,467.2,8.5,20738.2,47.2,-31.3,20.1,43.9,NA,54.7,NA,5,111,C,-0.1,63,20,25,0.9,4.8,26,47.3,-30,65,-496,NA,65.1,119,Yes,-0.94,100,81,NA,No,95,NA,No,No,Yes,8.31,0,No,-75,2.5,-100,50,New York Stock Exchange,No,96,Yes,3.36,-,94,11170,-214,-78968,-87.4,62.6,No,No,42.3,2.2,MEDICAL,7.1,NA,No,53,343.2,No,No,No,0,-11.8,NA,-50.3,-50.1,2026-07-24,SI,10,0,5,0,12,10,10,47,92.66666666666667,25,FALSE,TRUE,Pullback to 10SMA,Momentum Leader,53.3,Improving
4232,VCTR,Victory Capital Holdings Inc. Cl A,NA,5.5,5.9,5.2,102.05,0,0.9,1,3,1060.8,2599075,06/10/2026,0,B,No,Yes,No,Yes,Yes,5.57,12.2,2.1,1.79,16.96,1.59,2.07,41,84.33,13,33.1,3.34,3.33,NA,51.9,64.4,7,20,Yes,Yes,22,25.8,24.3,21.2,53,7,16,24,11,Yes,No,56.2,98.52,Finance-Investment Mgmt,NA,2.7,85,Yes,2.92,42.9,Yes,113,14,-12.5,4.8,0,102.05,110,86,41,6.8,Yes,8,-2.05,-3.46,92,95,99,1.22,45534,6289.4,3.33,62531.1,36.3,11.1,13.3,33.4,NA,45.2,NA,93,71,A+,11.8,17,9,13.2,6.3,11,31,1306.1,19,77,19,NA,68.8,526,Yes,-2.06,14,568,NA,No,463,NA,No,No,No,4.18,0,Yes,34,1.8,23,45,NASDAQ,Yes,94,Yes,2.61,-,97,53931.5,21,20,28.3,65.9,Yes,Yes,31.1,2.2,FINANCE,6.8,NA,No,52,7045.6,No,No,No,38.8,10,NA,18.6,28.9,2026-07-24,VCTR,25,12,10,0,12,10,10,79,110.33333333333333,40,TRUE,TRUE,Momentum Leader,CANSLIM Growth,49.6,Improving
3825,STT,State Street Corp.,NA,2.3,2.6,2.2,192.51,0,0.9,1,3,1060.8,5016917,10/01/2026,0.92,A,No,Yes,No,Yes,Yes,0.18,-10.1,2,3.2,9.87,1.24,1.49,43,61.43,13,17.3,2.5,2.81,NA,11.4,12.1,4,4,Yes,Yes,26.5,32.6,30.2,27.7,74,10,17,29,8,Yes,No,41.5,182.5,Finance-Investment Mgmt,NA,2.7,85,Yes,4.8,104,Yes,113,15,-13.6,1.8,0,192.51,110,86,28,12.24,Yes,7,-1.7,-5.2,92,87,98,1.15,379791,51384.6,2.94,276767,34.1,43.2,6.7,25.5,NA,42.6,NA,94,71,A,9.4,31,12,11.1,1.5,4.4,29,13944,14,17,19,NA,16.1,2326,Yes,-3.16,29,3190,NA,No,2510,NA,No,No,No,3.35,0,Yes,44,1.1,39,2,New York Stock Exchange,Yes,92,Yes,2.03,-,95,275413.1,14,23,41.7,13.3,Yes,Yes,27.9,3.2,FINANCE,1.3,NA,No,54,77876.9,No,No,No,69.8,67.5,NA,11.1,18,2026-07-24,STT,20,12,10,5,12,10,10,79,102.33333333333333,35,TRUE,FALSE,Pullback to 10SMA,CANSLIM Growth,49.6,Improving
3941,TENB,Tenable Holdings Ltd.,NA,4.4,4.8,3.4,43.67,0,7.7,3,1,774.6,12130763,NA,0,A+,No,Yes,No,No,No,-3.69,8.1,0,0.78,17.96,0.49,0.49,66,0,20,-2.3,6.36,6.5,NA,10.8,10.8,17,13,No,Yes,32.8,26.3,22.1,26.5,8,48,52,23,-10,No,No,69.5,39.88,Computer Sftwr-Security,NA,2.6,132,Yes,2.14,165.7,No,39,23,-29.7,11.3,0,43.67,116,5,67,1.71,Yes,29,0.28,-8.68,92,97,98,1.24,106950,4385.5,7.07,110272,59.9,-21.1,48.4,106.1,NA,80.3,NA,95,3,A+,15.2,23,11,36.6,-1,14.5,59,999.4,61,10,23,NA,10.1,3630,Yes,0.11,39,2810,NA,No,468,NA,No,No,No,4.3,0,No,31,1.4,17,11,NASDAQ,No,98,No,18.41,Yes,91,108688.8,31,10,23.8,10.4,Yes,No,67.2,-1.3,SOFTWARE,0.3,NA,No,75,4446.8,No,No,No,19.8,-19.2,NA,-9.9,0.5,2026-07-24,TENB,15,12,5,0,12,10,10,64,115.66666666666667,15,TRUE,FALSE,Pullback to 10SMA,CANSLIM Growth,59.1,Strong
4485,XHR,Xenia Hotels & Resorts Inc.,NA,6.8,4.8,5.5,21.03,0,1.5,3,41,1680.7,4823722,06/30/2026,0,B,No,No,No,No,Yes,10.64,27,2.8,1.78,11.56,0.31,0.34,26,113.67,10,6.3,2.52,2.45,NA,3.4,2.2,22,2,Yes,Yes,8.6,10.3,10.1,11.3,119,33,4,11,4,Yes,No,48.5,21,REITs,NA,21,87,No,0.48,120.9,Yes,195,11,15.1,5.3,0,21.03,41,46,31,1.88,Yes,37,1.2,-0.14,92,93,95,1.25,15410,1914.1,2.37,92245.8,34.9,-41.2,7.5,29.2,NA,43.1,NA,71,21,A,11,8,2,13,3.7,4,61,1078.5,3,2,11,NA,1.8,834,Yes,0.25,9,495,NA,No,544,NA,No,No,No,1.79,0,Yes,24,1.7,15,4,New York Stock Exchange,No,95,Yes,1.7,Yes,100,91572.4,-8,10,19.5,1.2,Yes,Yes,28.8,1.5,REAL EST,4.1,NA,No,59,3108.2,No,No,No,64.2,-36,NA,5.3,6.7,2026-07-24,XHR,10,0,7,0,12,10,10,49,103.33333333333333,15,FALSE,FALSE,Momentum Leader,Momentum Leader,59.7,Strong
3903,TBLA,Taboola.com Ltd.,NA,3,1.3,1.9,5.71,0,7.8,4,1,104.6,4279525,NA,0,A,No,No,No,No,No,3.66,3.9,0,1.13,8.08,0,0,38,53.97,18,1.7,4.83,4.48,NA,8.4,9.7,0,14,No,Yes,333.2,345.6,259.2,219.8,10,-,110,928,4,No,No,14.5,5.28,Comml Svcs-Advertising,NA,2,131,No,0.22,12.7,Yes,51,14,47.5,3.2,0,5.71,113,67,20,0.38,Yes,0,-2.4,-7.53,92,84,92,1.34,17514,1478.7,4.58,243284.7,32.6,-39.6,10.5,40.8,NA,26.3,NA,79,82,B+,805.9,237,-32,6.4,-3.2,3.4,50,1912,96,9,1400,NA,7.7,3614,Yes,-0.13,600,2101,NA,No,143,NA,No,No,Yes,0.66,0,Yes,767,1.7,70,8,NASDAQ,No,87,Yes,1.51,-,93,117973.5,200,0,418.3,10.1,Yes,Yes,28.7,15.3,BUSINS SVC,-4.3,NA,No,39,1560.1,No,No,No,47.5,-46,NA,4.3,12.7,2026-07-24,TBLA,25,15,7,0,12,10,10,79,101.33333333333333,30,TRUE,FALSE,Momentum Leader,CANSLIM Growth,53.3,Improving
4358,WBI,WaterBridge Infrastructure LLC,NA,4.9,6.4,4.9,36.37,0,4.3,1,0,119.8,6357825,06/04/2026,0,C,No,No,No,No,No,8.84,0,0.6,1.29,9.4,0,0,33,130.12,85,-0.2,5.43,6.25,NA,0,0,0,0,No,No,0,0,0,0,4,-,-,-,0,No,No,73.5,34.71,Oil&Gas-Machinery/Equip,NA,0,17,No,1.98,223,No,23,0,-22.7,24.3,0,36.37,31,65,48,0.35,No,0,-0.46,-4.56,92,91,75,0.46,41269,4304.9,6.31,47016.1,34.4,-12.3,13,38.1,NA,61.1,NA,62,93,C,13.5,79,43,11.8,2.3,6.8,33,790,-60,105,116,NA,122.4,1319,Yes,-0.16,0,1233,NA,No,150,NA,No,No,No,2.29,0,Yes,74,1.4,705,66,New York Stock Exchange,No,94,Yes,2.49,-,95,24666.3,0,0,389.4,0,Yes,No,31.5,7.1,ENERGY,3,NA,No,99,3025.5,Yes,Yes,No,0,-52.8,NA,-0.7,1.8,2026-07-24,WBI,30,0,7,0,12,10,10,69,101,15,TRUE,TRUE,CANSLIM Growth,CANSLIM Growth,48.8,Improving
3292,RAPP,Rapport Therapeutics Inc.,NA,7.4,6.8,6.4,43.63,0,3.9,21,3,457.1,2260158,NA,0,C,No,No,No,No,Yes,0.02,-12.5,0,27.08,-18.97,0,0,6,0,0,-536.4,6.49,6.64,NA,0,0,0,0,No,No,-11.9,-10,6.5,-3.3,461,-,-,19,-28,Yes,No,40.5,42.62,Medical - Development Biotech,NA,0.6,18,No,2.57,1.7,No,545,0,-4.9,7.9,0,43.76,17,13,41,-2.6,No,0,6.2,-2.61,92,90,71,1.36,14832,1919.3,6.53,47826.9,36,25.8,15.6,7.3,NA,59,NA,27,17,B,30.6,-21,-26,11.3,5.2,7.1,6,0,-307,0,24,NA,0,384,Yes,2.49,-28,470,NA,No,258,NA,No,No,No,101.92,0,Yes,38,2.1,-26,0,NASDAQ,Yes,95,Yes,4.32,-,100,28574.9,-42,56,6,0,Yes,No,29.9,8.9,MEDICAL,2.1,NA,No,83,1430.6,Yes,No,No,187.2,-15.1,NA,-28.2,-99.3,2026-07-24,RAPP,15,0,10,5,12,10,10,62,89.33333333333333,25,TRUE,FALSE,Breakout,CANSLIM Growth,53.3,Improving
3949,TFII,TFI International Inc.,NA,2.7,2.5,2.5,158.35,0,0,0,0,160.3,966942,06/30/2026,0,D,No,No,No,No,No,46.18,18.6,1.3,1.07,13.29,0,0,81,166.16,26,5.1,3.09,3.15,NA,-4.7,-7.1,7,1,Yes,No,-22.2,-14.2,-16.1,-20.6,4,-1,-16,-18,7,No,No,50.8,155.83,Transportation-Truck,NA,0,26,No,4.73,105.2,Yes,20,36,-0.7,1.3,0,167.69,6,16,31,4.32,No,25,-0.5,-7.07,92,80,71,1.15,51960,12911.4,3.07,82186,33.7,-21.2,7.8,18.4,NA,39.9,NA,27,6,D+,13.6,25,36,5.5,6.1,6.7,73,7884.7,-7,-1,-24,NA,-4.3,379,No,-0.79,19,273,NA,No,956,NA,No,No,No,1.63,0,No,-9,1.2,-8,-6,New York Stock Exchange,No,91,Yes,4.81,-,99,76950.5,-25,-22,-8.8,-6.2,No,Yes,24,2.1,TRANSPORTATION,5.5,NA,No,48,15031.9,No,No,No,74.2,-4.1,NA,11.6,2.2,2026-07-24,TFII,0,0,5,0,12,10,10,37,88,15,FALSE,FALSE,Other,Momentum Leader,48.8,Improving
4329,VTRS,Viatris Inc.,NA,3.7,4.1,4.2,17.67,0,1.5,1,3,4274.5,48017941,05/22/2026,0,E,No,No,No,No,No,5.31,15.7,3,1.52,8.74,0,0,11,0,7,-25.6,3.1,2.93,NA,-0.7,1.9,-3,-4,Yes,No,-5.9,4.3,0.7,-4.5,21,-2,-10,-2,-17,Yes,No,38.9,17.29,Medical - Pharmaceuticals,NA,4.4,41,No,0.47,85.8,Yes,68,7,1.4,4.2,0,17.67,109,59,26,2.45,No,23,-0.23,-2.15,92,88,71,0.78,180980,20339.9,3.12,1173682,27.7,-10.2,9.9,17.8,NA,34.4,NA,44,41,D+,17.6,4,9,6,3.9,6.4,85,14299.9,-10,8,-11,NA,6.5,11200,No,-0.04,-3,9521,NA,No,1327,NA,No,No,No,1.39,0,Yes,18,1.3,6,-3,NASDAQ,No,86,Yes,1.37,-,99,1149782.7,-11,-10,11.8,4.4,Yes,Yes,18.5,6.2,MEDICAL,6.3,NA,No,60,32824,Yes,No,No,86.5,-34.9,NA,-21.1,5,2026-07-24,VTRS,10,0,7,0,12,10,10,49,90.66666666666667,5,FALSE,FALSE,Other,Momentum Leader,53.3,Improving
3042,PESI,Perma-Fix Environmental Services Inc.,NA,6.7,9.5,6.7,18.4,0,0,0,0,405.7,1736470,NA,0,B,No,No,No,No,No,0.2,-11.2,0,1.25,-29.98,0,0,30,0,0,-17.3,7.82,8.14,NA,-0.6,-1.3,-7,-13,No,No,-96.1,1.1,12.4,14.7,12,-45,-55,65,-19,No,No,38.7,17.46,Pollution Control,NA,0,112,No,1,6.4,No,35,0,-29.2,9.8,0,18.4,133,79,-3,-0.79,No,0,13.6,-5.11,92,99,70,0.76,4090,325.9,8.54,21203.6,38.4,655.6,60.5,35.3,NA,17.8,NA,24,66,A,-70.1,-16,196,54,22.2,33.1,30,61.7,-1957,-20,55,NA,-6.6,344,Yes,2.09,-23,2544,NA,No,141,NA,No,No,No,6.29,0,Yes,-111,1.9,32,4,NASDAQ,Yes,97,No,7.53,Yes,104,17741.9,82,46,-39.4,-3.1,No,No,37.7,0,MACHINE,25.9,NA,No,34,307,Yes,Yes,Yes,48.8,182.6,NA,-19,-66.3,2026-07-24,PESI,0,0,10,10,12,10,10,52,102,20,FALSE,FALSE,Other,Momentum Leader,38.5,Weak
3919,TDAY,USA TODAY Co. Inc.,NA,9.8,9.9,10.7,8.84,0,0,0,0,556.3,17737233,10/31/2019,0,A-,No,No,No,No,No,-7.7,40.4,0,0.79,10.85,1.5,1.5,92,729.87,60,-0.1,3.8,3.49,NA,-7.4,-6.7,-8,-7,Yes,No,-214.1,-637.9,-377.7,-285.1,8,45,-6,-76,1,Yes,No,65,8.5,Media,NA,0,120,No,0.29,726.4,Yes,53,67,7.8,15,0,8.89,102,133,34,0.13,No,0,-2.07,-4.44,92,77,67,1.34,12347,1273.4,3.44,146702.1,36.6,-35.4,7.3,16.3,NA,42.6,NA,30,118,A,225.1,302,19,7,-0.9,1.7,6,2302.2,185,-4,-65,NA,-4.9,1561,Yes,-0.18,-103,1032,NA,No,261,NA,No,No,No,0.55,0,Yes,208,1.2,-419,-8,New York Stock Exchange,No,87,Yes,8.79,-,97,118040.8,-1703,403,-105.5,-6.1,Yes,Yes,24.7,4.4,MEDIA,-0.1,NA,No,69,2301.1,No,No,No,134.8,-23.9,NA,1.1,3.6,2026-07-24,TDAY,25,0,7,0,12,10,10,64,85.66666666666667,0,TRUE,FALSE,CANSLIM Growth,CANSLIM Growth,49.4,Improving
4220,VAC,Marriott Vacations Worldwide Corp.,NA,4.8,5,5.1,102.3,0,0,0,0,237.3,2687252,05/27/2026,0,B,No,No,No,No,Yes,12.09,-209.1,3.3,1.19,124.62,0.86,1.06,42,53.8,13,-5.9,4.64,4.21,NA,2.2,2.6,10,3,Yes,Yes,6.3,-10.5,11.7,7.8,8,14,-12,3,-7,No,No,73.3,99.98,Leisure-Lodging,NA,0,39,No,4.01,275.4,Yes,13,15,1.3,8.6,0,105.97,18,72,54,6.75,Yes,45,-1.82,-5.65,92,90,65,1.35,44483,3497.2,4.16,34343.1,45.4,-10.5,6.4,33.3,NA,67,NA,26,90,B,-25.6,4,13,12.9,1.5,1.5,82,5032,-16,5,9,NA,2.2,506,No,-1.85,1,451,NA,No,371,NA,No,No,No,0.67,0,Yes,-25,1.4,0,1,New York Stock Exchange,No,95,Yes,1.72,-,98,31360,-6,78,-12.7,0.4,No,No,39.5,-3.4,LEISURE,1.7,NA,Yes,70,8441.3,Yes,No,No,25.1,-23.7,NA,-13.9,1.8,2026-07-24,VAC,0,0,7,0,12,10,10,39,97.33333333333333,5,FALSE,FALSE,Other,Momentum Leader,50.7,Improving
3389,RMAX,RE/MAX Holdings Inc. Cl A,NA,1.5,1.8,1.6,11.8,0,1.7,1,1,229.7,1324241,08/14/2023,0,B+,No,No,No,No,No,9.78,-3.8,0,1.57,5.54,0,0,18,2326.02,9,6.7,4.86,4.9,NA,-5.3,-5.4,-2,-6,No,No,-3.5,-12,-10.2,-4.2,22,-14,-9,-7,2,No,No,46.2,11.1,Real Estate Dvlpmt/Ops,NA,1.7,50,Yes,0.49,99.3,No,60,9,-11.2,6.8,0,11.8,79,119,32,1.22,No,13,-3.39,-5.97,92,85,59,1.13,4276,389.3,5.13,21317.7,36.8,-29.6,15.7,73.2,NA,34.1,NA,28,106,B+,-28.7,-1,2,12.4,-0.3,6.3,74,291.6,-4,-6,0,NA,-3.8,426,Yes,-0.39,-6,296,NA,No,180,NA,No,No,No,0.82,0,No,-33,1.1,0,-5,New York Stock Exchange,No,92,No,0.53,Yes,95,19756.8,-3,-5,-16.7,-4.7,No,No,37.5,-9.1,REAL EST,4.9,NA,No,48,513.7,No,No,No,35.2,-5.8,NA,1.8,-13.9,2026-07-24,RMAX,0,0,5,0,12,10,10,37,98.66666666666667,5,FALSE,FALSE,Pullback to 10SMA,Momentum Leader,59.7,Strong
4159,ULCC,Frontier Group Holdings Inc.,NA,4,4.1,4.3,7.98,0,10,2,0,240,23658419,NA,0,B-,No,No,No,No,No,-3.44,-11,0,0.49,-2.7,0,0,65,0,0,-3.6,7.72,7.42,NA,2.4,1.6,22,2,Yes,Yes,655.6,-212.6,-239.8,-214.1,6,46,-117,-167,-25,No,No,32.3,6.23,Transportation-Airline,NA,0,35,No,0.51,1898.6,Yes,20,0,3.9,27.5,0,8.4,90,33,20,-0.72,Yes,0,-4.59,-25.88,92,70,48,1.81,28725,1500.5,6.83,229789.3,28.5,-6.2,-6.2,36.9,NA,18.2,NA,11,42,D+,16.6,-20,143,1.1,-11.7,-13.8,65,3724,83,17,-373,NA,8.1,4773,No,-0.3,-51,4432,NA,No,213,NA,No,No,No,0.37,0,No,-58,1.5,0,-1,NASDAQ,No,84,Yes,6.45,-,90,85894,-580,-321,-28.9,3.7,No,Yes,23.1,-4.5,TRANSPORTATION,-10.2,NA,Yes,47,6294.8,No,No,No,48.7,-15.5,NA,-25,-27.4,2026-07-24,ULCC,5,0,5,0,12,10,10,42,82,0,FALSE,FALSE,Other,Momentum Leader,48.8,Improving
3062,PGNY,Progyny Inc.,NA,3.4,3.1,2.9,33.06,0,1.6,1,2,225.3,4493605,NA,0,A+,No,Yes,No,No,Yes,0.07,6.7,0,2.13,13.65,3.77,3.77,84,157.67,24,7.4,3.93,3.14,NA,8.7,6.7,28,12,No,No,21.3,41.2,33.8,27.1,35,11,12,32,12,No,No,24.3,31.93,Medical-Services,NA,3.3,76,Yes,0.88,5.3,No,61,41,-8.4,6.5,0,33.06,108,18,23,0.77,Yes,23,0.22,-3.43,91,98,99,1.04,40165,2495.7,3.07,78332.4,40.3,-36.8,21.4,76.2,NA,30.2,NA,92,11,A+,13.3,98,16,20.8,2,9.1,31,1288.7,-8,1,14,NA,4,1559,Yes,0.07,76,962,NA,No,513,NA,No,No,No,1.93,0,Yes,71,1.8,17,10,NASDAQ,Yes,94,Yes,5.69,Yes,97,69245.1,36,12,43.6,5.8,Yes,Yes,38.8,-3.4,MEDICAL,4.2,NA,No,74,2250.9,No,No,No,38.8,-32.6,NA,12.5,7.4,2026-07-24,PGNY,20,12,10,0,12,10,10,74,116,50,TRUE,FALSE,Pullback to 10SMA,CANSLIM Growth,53.3,Improving
4042,TRGP,Targa Resources Corp.,NA,3.4,4.1,3.7,285.56,0,0,0,3,786.9,4644849,04/30/2026,0,C,Yes,No,No,No,No,-18,279.1,1.8,0.72,15.66,0.39,0.4,72,109.93,24,14.5,2.78,2.72,NA,1.8,2.3,3,-2,No,Yes,43.4,48.2,45.8,44.3,7,66,52,45,39,Yes,No,53.3,282.91,Oil&Gas - Pipeline,NA,13.6,84,No,7.27,587.8,No,22,27,-7.8,2.2,0,285.56,62,57,46,10.6,Yes,39,0.94,-0.93,91,84,99,0.87,324318,60158.2,2.68,214643.9,30.8,-9,8.5,20.1,NA,52.6,NA,97,29,B+,22.5,16,15,6.2,3.3,4.9,15,17028.3,141,-10,39,NA,-9.1,1247,Yes,2.64,23,1140,NA,No,2169,NA,No,No,No,3.67,0,Yes,67,1.2,53,3,New York Stock Exchange,No,87,Yes,19.37,-,100,211265.9,25,39,60.1,-3.5,Yes,Yes,21,1.7,ENERGY,3.5,NA,No,62,76906.6,No,No,No,69.9,-3.4,NA,65.1,11,2026-07-24,TRGP,20,12,7,0,12,10,10,71,98.33333333333333,35,TRUE,FALSE,Momentum Leader,CANSLIM Growth,48.8,Improving
4404,WKC,World Kinect Corp.,NA,7.6,7.5,6.9,37.88,0,3.7,1,11,372.5,6747097,06/30/2026,0,A+,No,No,No,No,No,2.45,34.9,2.6,1.05,8.22,0.85,0.98,51,0,15,-2,2.65,2.71,NA,-9.3,-8.3,7,-14,Yes,Yes,5.3,-2.8,3.7,3.4,9,17,3,-8,-23,No,No,55.8,36.5,Oil&Gas-Refining/Mktg,NA,40.7,80,No,0.88,65.6,Yes,27,17,-8.2,13.7,0,37.88,48,7,23,2.18,Yes,17,-1.22,-3.64,91,97,94,0.77,30233,1897.6,2.63,51355.4,38.1,14.6,16.8,55.8,NA,32.2,NA,77,2,A+,139.4,46,-13,18.1,4.5,8.9,35,36916.6,12,2,-12,NA,-2.5,974,Yes,-0.45,21,1093,NA,No,436,NA,No,No,No,0.05,0,Yes,56,1.9,-52,-13,New York Stock Exchange,Yes,95,Yes,1.56,-,96,49215.7,-13,23,2.3,-5.2,Yes,Yes,35.6,-3.3,ENERGY,3.3,NA,Yes,71,2559.5,No,No,No,28.7,52.9,NA,-37.8,0.3,2026-07-24,WKC,20,0,10,0,12,10,10,62,114,15,TRUE,FALSE,Momentum Leader,CANSLIM Growth,48.8,Improving
3202,PSTL,Postal Realty Trust Inc. Cl A,NA,8.7,8.8,2.8,25.04,0,1.5,3,41,1680.7,984697,05/15/2026,0,D,No,Yes,No,No,Yes,30.03,26.6,4.1,26.05,13.16,1.73,2.9,53,179.73,17,18.8,2.72,2.59,NA,26.5,25.8,27,22,No,Yes,32.7,26.4,32.9,34.3,175,6,14,31,1,No,No,49,24.05,REITs,NA,21,87,Yes,0.61,139.8,No,195,17,-68.5,3.8,0,25.22,41,46,33,1.38,Yes,9,-1.92,-4.64,91,68,91,0.49,8528,811,2.6,27623.9,26.7,-4.1,6.7,13.1,NA,37.3,NA,86,21,E,1.4,7,7,2.2,-0.8,0.1,25,93.3,2,22,37,NA,23,364,Yes,-0.47,2,343,NA,No,280,NA,No,No,No,6.78,0,Yes,14,1.6,23,26,New York Stock Exchange,No,80,Yes,2.28,-,98,26079.7,42,52,18.8,24.1,Yes,Yes,18.9,0.7,REAL EST,-0.4,NA,No,45,1042,Yes,No,No,64.5,-37.1,NA,4.3,11.4,2026-07-24,PSTL,15,12,7,0,12,10,10,66,85.33333333333333,25,FALSE,FALSE,CANSLIM Growth,CANSLIM Growth,59.7,Strong
3494,SANM,Sanmina Corp.,NA,2.6,2.4,0.8,231.37,0,0,0,0,167.5,1008896,NA,0,E,No,No,No,No,No,0.48,11.2,0,1.71,17.54,1.88,1.88,65,156.98,17,4.2,6.15,6.36,NA,36.8,44,5,2,Yes,Yes,41.3,68.7,57.1,47.4,6,12,6,55,11,Yes,No,31.4,197.24,Elec-Contract Mfg,NA,0,11,No,15.38,90.9,Yes,15,23,-66.8,2,0,288.68,4,23,5,8.74,Yes,12,-0.41,-31.68,91,35,87,1.25,274473,10615,6.01,53597.7,14.1,-37.4,-18.8,13.3,NA,11.2,NA,95,39,E,31.8,85,16,-17.8,-5.6,-13.7,82,8128.4,-16,102,14,NA,80.6,1144,No,-0.81,81,661,NA,No,744,NA,No,No,No,0.93,0,No,124,0.5,65,7,NASDAQ,No,63,Yes,4.36,-,93,50622.2,17,22,94.7,55.1,Yes,Yes,8.1,3.9,ELECTRNCS,-5.5,NA,No,63,10504.4,No,No,No,88.5,-54.2,NA,10.8,2.3,2026-07-24,SANM,35,15,5,0,12,10,7,84,71,30,TRUE,TRUE,Earnings Accelerator,CANSLIM Growth,48.6,Improving
4071,TSEM,Tower Semiconductor Ltd.,NA,1,1.1,1.1,274,0,0,0,0,3635.6,2517608,NA,0,E,No,No,No,No,Yes,0.09,58.7,0,5.63,67.24,9.44,9.44,94,399.41,62,15.3,8.94,8.95,NA,10.3,10.5,0,1,Yes,Yes,12.1,24.4,16.9,13.1,28,10,-4,16,8,Yes,No,99.4,234.1,Elec-Semiconductor Mfg,NA,0,9,No,22.65,4.4,Yes,33,94,0.2,2.4,0,319.94,16,14,83,2.48,Yes,22,-1.61,-26.83,91,51,87,1.18,530983,26589.1,9.04,111756.6,46.8,20.2,-12.4,3.4,NA,80.3,NA,83,32,E,15.6,46,75,-7.4,2.2,-6.7,13,1566.1,-3,15,7,NA,14.6,2120,No,-3.82,52,2512,NA,No,883,NA,No,No,No,16.13,0,No,44,1.1,32,9,NASDAQ,No,82,Yes,8.8,-,85,103833.3,-4,-6,38.3,12,Yes,Yes,27.6,13.5,CHIPS,5.1,NA,No,39,27060.5,No,No,No,378.3,17.4,NA,7.9,15.7,2026-07-24,TSEM,20,8,5,0,12,10,10,65,76.33333333333333,40,TRUE,FALSE,CANSLIM Growth,CANSLIM Growth,40.1,Weak
3484,SAH,Sonic Automotive Inc. Cl A,NA,8.3,9.8,7.9,104.3,0,0,0,1,136.7,2181148,06/15/2026,0,A+,No,No,No,No,No,18.99,29.6,1.7,1.03,6.35,0,0,43,121.65,14,1.1,3.89,3.86,NA,5.6,5,6,2,No,No,12.1,7.3,17.8,16,6,-5,-8,15,9,No,No,62.3,100.37,Retail/Whlsle-Automobile,NA,4.8,93,No,3.34,219.1,Yes,21,15,-19.5,20.3,0,104.3,98,97,51,6.74,No,20,-2.29,-3.77,91,97,85,1.07,23494,3246.4,4.21,19574.7,43.8,-32.1,28.5,42,NA,59.5,NA,41,72,A+,15.5,5,10,20.6,9.1,15.3,60,15153.6,-18,1,18,NA,0.2,284,Yes,-2.35,-20,195,NA,No,372,NA,No,No,Yes,0.13,0,Yes,9,1.9,1,7,New York Stock Exchange,Yes,97,Yes,3.24,-,96,10763.2,12,49,5.1,4.7,Yes,Yes,42,2.5,RETAIL,6.2,NA,No,89,7373.7,No,No,No,31.5,7.5,NA,11.1,1.6,2026-07-24,SAH,0,0,10,0,12,10,10,42,106,15,FALSE,FALSE,Momentum Leader,Momentum Leader,48,Improving
3418,ROKU,Roku Inc. Cl A,NA,3.1,3.3,1.3,144.71,0,10.5,2,0,341.6,5959833,NA,0,D,No,No,No,No,Yes,0.21,30.2,0,2.91,68.36,0,0,95,411.16,54,2,3.28,3.27,NA,16.6,16.8,16,17,Yes,No,219.8,362.5,304.2,252.5,16,-11,94,314,3,No,No,33.1,144.43,Leisure-Movies & Related,NA,0,140,No,4.21,15.5,Yes,19,109,-61.8,4.6,0,148.88,103,142,29,1.33,Yes,0,0.42,-2.99,91,90,82,2.08,625348,21334.6,1.61,131950.1,32.8,-35.9,5.2,24.3,NA,39.3,NA,82,141,C+,72.6,319,46,9.5,1.9,3.8,-,4737.3,82,22,166,NA,19.2,4666,Yes,0.61,761,2865,NA,No,899,NA,No,No,Yes,3.84,0,Yes,400,1,321,15,NASDAQ,Yes,94,Yes,7.98,-,100,130927.8,367,129,360.4,17.5,Yes,Yes,28.9,5.8,LEISURE,2.7,NA,No,58,19466.4,No,No,No,58.5,-50.6,NA,3.4,6.9,2026-07-24,ROKU,30,15,10,0,12,10,10,87,94.66666666666667,40,TRUE,TRUE,Pullback to 10SMA,CANSLIM Growth,50.7,Improving
3811,STLD,Steel Dynamics Inc.,NA,3.1,3.2,3.2,238.65,0,0,0,0,201.7,3789571,06/30/2026,0,E,No,No,No,No,Yes,0.95,44.8,0.9,3.13,24.11,0,0,69,95.82,13,8.2,3.51,3.67,NA,7.2,10.7,3,-5,Yes,No,4.2,53.5,33.6,14.8,9,-8,-30,26,10,Yes,No,39,235.51,Steel-Producers,NA,0,28,No,9.26,45.6,Yes,16,25,1.4,2.8,0,288.74,37,70,26,9.35,No,59,0.23,-18.44,91,57,81,1.14,292509,33887.1,3.58,144212.8,22.1,-30.1,-12.8,17.6,NA,35.7,NA,74,64,D-,-0.2,106,18,-4.3,2.6,-1.2,56,18176.6,-33,19,-19,NA,16.6,1203,No,0.53,81,812,NA,No,2284,NA,No,No,No,1.79,0,No,93,0.8,34,4,NASDAQ,No,75,Yes,3.71,-,99,134460.9,34,-26,63.4,14.8,Yes,Yes,14.3,1.6,METALS,3.1,NA,No,59,37583.8,No,No,No,79.6,-26.9,NA,13.3,7.8,2026-07-24,STLD,25,15,5,0,12,10,10,77,81.33333333333333,35,TRUE,FALSE,CANSLIM Growth,CANSLIM Growth,56.2,Strong
3826,STTK,Shattuck Labs Inc.,NA,2.2,3.5,5.4,7.64,0,3.9,21,3,457.1,5929245,NA,0,C-,No,No,No,No,Yes,0.02,0.1,0,22.06,-13.14,0,0,39,0,0,-4880.9,9.72,11.27,NA,0,0,-28,11,No,Yes,42.8,59,55,49.4,444,12,36,78,-60,No,No,106.3,7.53,Medical - Development Biotech,NA,0.6,18,No,0.62,2.1,No,545,0,54.3,7.6,0,8.33,17,13,50,-0.63,Yes,0,6.51,-9.6,91,86,80,1.4,7671,638.9,9.71,90372.4,65.8,137.4,58.9,0,NA,62.3,NA,63,17,C+,6.1,27,-2,27,9.7,19.8,39,1,27,0,53,NA,0,1304,Yes,0.46,45,2969,NA,No,93,NA,No,No,No,680.5,0,No,52,1.4,68,-83,NASDAQ,No,94,Yes,5.94,-,105,79975.4,58,43,59.7,0,Yes,Yes,40.7,20.8,MEDICAL,13.4,NA,No,42,536.2,No,No,No,910.7,38.3,NA,-60.3,0,2026-07-24,STTK,20,15,5,10,12,10,10,82,90.66666666666667,35,FALSE,FALSE,CANSLIM Growth,CANSLIM Growth,53.3,Improving
3173,PRM,Perimeter Solutions Inc.,NA,3.1,3.6,3.2,35.99,0,3.9,2,1,608.4,5207323,NA,0,D,No,No,No,No,Yes,2.95,52.4,0,3.09,21.73,0,0,68,196.81,20,-36.2,5.16,4.84,NA,30.4,32.5,0,36,Yes,Yes,144.3,111.2,128,123.5,38,-,73,215,-18,No,No,25,34.42,Chemicals-Specialty,NA,2,81,No,1.65,113.4,Yes,51,25,-13.4,3.5,0,38.17,52,47,10,1.4,Yes,0,-1.23,-9.82,91,76,78,1.07,56187,5685,5.16,163127.1,24.5,8.5,-3.4,23.8,NA,20.3,NA,55,68,D,210.4,24,14,3.4,1.5,-1.3,36,652.9,103,74,21,NA,46.4,1688,No,-0.43,11,1712,NA,No,436,NA,No,No,No,7.95,0,No,100,1.1,0,16,New York Stock Exchange,No,84,Yes,4.66,-,99,148373.2,234,179,50,34.1,Yes,Yes,19.6,4.6,CHEMICAL,0.3,NA,No,44,5968,Yes,Yes,No,101.5,-13.5,NA,-18,58.3,2026-07-24,PRM,30,15,5,0,12,10,10,82,88.66666666666667,10,FALSE,TRUE,CANSLIM Growth,CANSLIM Growth,37.2,Weak
3703,SNX,TD SYNNEX Corp.,NA,1.7,2,1.9,257.93,0,2.2,2,0,721,1614286,07/17/2026,0,D,No,No,No,No,No,0.81,65.3,0.8,1.2,13.06,1.46,1.59,40,65.65,12,1.7,3.75,3.97,NA,14.5,16.3,15,5,Yes,Yes,30.6,51.7,45.1,38,17,9,11,45,9,No,No,61.5,242.62,Computer-Tech Services,NA,0,96,Yes,10.63,40.2,Yes,92,14,-3,2.2,0,296.47,127,136,53,16.99,Yes,9,-0.2,-18.16,91,54,76,1.08,225992,19477.2,4.11,79958.8,29.7,-13.4,-14.5,13.2,NA,61.7,NA,94,139,D-,17.1,44,13,-5.2,-1.5,-7.6,38,62508.1,4,31,13,NA,24.5,878,No,-0.49,29,752,NA,No,1044,NA,No,No,No,0.28,0,No,62,0.9,69,7,New York Stock Exchange,No,80,Yes,2.15,-,94,73709.9,24,25,65.6,19.6,Yes,Yes,22.4,6.7,BUSINS SVC,-3.5,NA,No,62,22642.7,No,No,No,70.3,-13.2,NA,9.9,1.7,2026-07-24,SNX,27,15,5,0,12,10,10,79,73.66666666666667,25,TRUE,TRUE,Earnings Accelerator,CANSLIM Growth,53.3,Improving
3682,SMSMY,Sims Ltd. ADR,NA,0,0,0,18.35,0,0,0,0,134.5,0,03/04/2026,0,E,No,No,No,No,-,0,0,0.8,0,17.59,0,0,83,0,0,-1.1,2.02,1.97,NA,11.1,17.5,0,-8,No,No,73.1,119,133.7,97.3,-,-30,-59,704,0,No,No,46.2,17.54,Metal Products - Distributors/Fabrication,NA,0,13,No,0.38,0,No,29,40,0,0,0,21.17,39,52,25,0.44,No,0,-0.41,-17.14,91,56,74,0.35,54,3486.3,1.87,193233,27.8,42.6,-17.1,21.8,NA,30.8,NA,74,45,D-,0,241,37,-3.1,-0.1,-6.2,14,4864.2,-131,15,274,NA,15.3,3,No,-0.07,0,3,NA,No,2,NA,Yes,No,No,0.66,0,No,90,1.1,90,3,US OTC,No,74,Yes,NA,-,96,192991,178,178,89.7,16.8,Yes,Yes,15.3,0,METALS,-0.8,NA,No,0,3926.3,No,No,No,64.4,1.8,NA,0.1,-0.8,2026-07-24,SMSMY,25,15,5,0,12,0,10,67,78.66666666666667,25,FALSE,FALSE,CANSLIM Growth,CANSLIM Growth,56.2,Strong
4019,TOI,Oncology Institute Inc.,NA,4,4,3.8,6.67,0,0,0,1,121.2,6846316,NA,0,A,No,No,No,No,Yes,2.36,-15,0,1.47,-20.1,0,0,10,0,0,-12.1,7.37,8.21,NA,30.2,35.3,46,24,No,No,36.6,56.6,45.4,37.2,5,-15,19,53,0,Yes,No,50.3,5.35,Medical-Hospitals,NA,10,91,No,0.43,0,No,10,0,-3.5,10.8,0,6.67,120,132,48,-0.37,Yes,0,1.71,-19.79,91,83,67,1.13,9914,525.9,7.39,99982.9,41.8,-25.9,1.9,51.1,NA,59.7,NA,65,136,C+,77.1,74,82,9.3,-6.7,-2.6,10,502.7,23,41,24,NA,41.4,2036,Yes,0.09,57,1484,NA,No,116,NA,No,No,Yes,0.98,0,No,90,2.2,57,28,NASDAQ,No,90,Yes,-32.84,-,80,63497.7,22,12,73.8,39.8,Yes,Yes,41.4,8.4,MEDICAL,-9.2,NA,No,41,636.1,No,No,No,46.6,17.4,NA,0,-1.4,2026-07-24,TOI,27,15,5,0,12,10,10,79,97.33333333333333,30,TRUE,TRUE,CANSLIM Growth,CANSLIM Growth,53.3,Improving
4479,XENE,Xenon Pharmaceuticals Inc.,NA,3.7,4,4.6,72.66,0,3.9,21,3,457.1,6257737,NA,0,A+,No,No,No,No,Yes,0.01,-13,0,27.79,-19.38,0,0,6,0,0,-4598.6,3.45,3.77,NA,0,0,-50,93,No,No,-41.1,-46.3,-45.4,-43.1,463,-23,-22,-38,-52,No,No,52.3,68.26,Medical - Development Biotech,NA,0.6,18,No,2.22,0.4,No,545,0,15.4,6.9,0,72.66,17,13,56,-4.7,No,0,1.91,-6.06,91,93,66,0.86,88090,6474.7,4.04,96665.6,40.1,-11.5,28.3,14.3,NA,70.7,NA,9,17,A+,0.8,-9,-3,19.6,2.7,11.6,6,7.5,-10,-100,-45,NA,0,1544,Yes,1.28,-7,1343,NA,No,569,NA,No,No,No,712.52,0,Yes,-41,1.4,-56,0,NASDAQ,No,95,Yes,4.93,-,100,90779.5,-42,-43,-48.5,0,No,No,33.3,4.2,MEDICAL,-1,NA,No,78,6004.3,No,No,No,112.5,-29.5,NA,-51.8,0,2026-07-24,XENE,0,0,7,0,12,10,10,39,88.33333333333333,25,FALSE,FALSE,Other,Momentum Leader,53.3,Improving
3524,SCHL,Scholastic Corp.,NA,3.5,4.2,4,47.75,0,0,0,0,556.3,1708002,04/30/2026,0,B+,No,No,No,No,No,1.78,47.5,1.8,1.18,10.44,0,0,91,70.92,24,-0.1,3.04,2.94,NA,1,0.4,4,-2,No,No,-26.5,-59,-56.7,-26.6,18,-10,-44,-22,0,No,No,58.5,46.96,Media,NA,0,120,No,1.3,28.8,No,53,61,-3.6,10.2,0,48.07,102,133,26,0.77,No,49,0.92,-2.31,91,86,63,0.56,13615,1011.7,3.01,20914.3,33.2,8.4,9.8,18.1,NA,36.5,NA,18,118,A,58.9,273,46,9.7,2,4.3,10,1625.5,-54,-2,-58,NA,-0.3,319,Yes,0.43,148,338,NA,No,358,NA,No,No,No,0.61,0,Yes,-200,1.3,41,2,NASDAQ,No,92,Yes,1.17,-,98,16678.8,-18,-50,-79.4,-1.9,Yes,No,25.3,1.1,MEDIA,3.1,NA,No,69,1290.6,Yes,Yes,No,119.4,-27.5,NA,-0.2,19,2026-07-24,SCHL,0,0,7,0,12,10,10,39,87,15,FALSE,FALSE,Pullback to 10SMA,Momentum Leader,49.4,Improving
4489,XMAX,XMAX Inc.,NA,3.4,4.2,3.8,9.06,0,8.7,10,0,4502,5861564,NA,0,E,No,No,No,No,Yes,0.28,-410.7,0,12.96,-381.13,0,0,16,0,0,-23.9,4.14,4.06,NA,47,56,-1,12,No,Yes,83.6,73.4,77.7,81.6,97,55,95,213,-22,No,No,41.8,8.51,Comp Sftwr - Enterprise,NA,0,136,No,0.35,13.1,No,115,0,-9.1,9.2,0,9.31,114,124,35,-0.13,Yes,0,-0.23,-8.59,91,65,61,0.58,12978,542.5,3.93,63602.3,26.6,-64.3,3.8,16.9,NA,41.4,NA,67,108,E,0,0,0,0.5,-2.2,-1.5,16,16.7,70,-32,89,NA,-22.1,1534,Yes,-0.02,0,530,NA,No,32,NA,No,No,No,34.11,0,No,57,1.5,72,73,NASDAQ,No,79,Yes,11.29,-,97,63602.3,91,90,64.5,76.3,Yes,No,19.4,60,SOFTWARE,-1,NA,No,9,548.4,No,No,No,166.8,-35.4,NA,-22,10.8,2026-07-24,XMAX,20,15,5,0,12,5,10,67,79.33333333333333,35,FALSE,FALSE,CANSLIM Growth,CANSLIM Growth,59.1,Strong
4421,WNC,Wabash National Corp.,NA,4.2,4.9,3.8,13.63,0,0,0,1,53.4,3531435,07/02/2026,0,B+,No,No,No,No,No,2.95,-20.4,2.5,1.33,48.09,0,0,22,5.44,0,18.4,6.14,7.21,NA,-20.8,-19.4,-2,-19,No,No,-915.7,-1673.4,-1285.9,-1078.5,3,-18,-96,-217,76,No,No,55.4,13.44,Transportation-Equip Mfg,NA,11.1,42,No,0.78,162.5,Yes,9,0,-21.3,9.2,0,14.32,38,48,7,-2.76,No,0,7.18,-6.15,91,97,60,1.11,11268,510.1,7.13,40674,43.3,28,24.4,40,NA,28.7,NA,4,44,A,-15.9,21,183,37.3,5.2,6.3,22,1542.8,-75,-20,-276,NA,-21.6,1084,Yes,0.9,-230,1324,NA,No,248,NA,No,No,No,0.37,0,No,-102,0.9,-4550,-21,New York Stock Exchange,No,96,Yes,1.71,Yes,99,38453.5,-368,-123,-2325.9,-20.3,No,No,39.4,-3.5,TRANSPORTATION,4.2,NA,No,62,961.6,No,No,No,35.5,246.2,NA,76,-14.9,2026-07-24,WNC,0,0,5,5,12,10,10,42,97.66666666666667,25,FALSE,FALSE,Other,Momentum Leader,48.8,Improving
3321,RDVT,Red Violet Inc.,NA,5.9,5.7,5.3,69.65,0,0,0,1,291,888960,NA,0,A+,No,Yes,No,No,Yes,0.05,15.1,0,11.22,31.99,0.84,0.84,87,254.74,45,16.1,5.5,4.56,NA,19.6,18.1,20,21,No,Yes,86.3,83.3,62.5,60,19,58,75,51,14,No,No,14.5,65.21,Comml Svcs-Outsourcing,NA,4.5,123,No,2.71,2.2,No,22,49,-7.4,7.8,0,69.65,136,56,20,1.34,Yes,38,-1.38,-6.37,90,93,99,1.1,10280,932.9,4.4,14108.9,31.3,-21.5,17.5,65.4,NA,29.9,NA,98,19,A,43.8,14,9,16.7,-2.9,4.4,17,90.3,-14,17,59,NA,18.5,185,Yes,-0.91,20,142,NA,No,217,NA,No,No,No,9.78,0,Yes,39,2.1,133,20,NASDAQ,No,92,No,8.8,-,94,11420.5,77,0,86.4,19.4,Yes,No,35.1,-4.4,BUSINS SVC,-3.5,NA,No,45,894.8,No,No,No,43.3,-28.9,NA,14,17,2026-07-24,RDVT,20,15,7,0,12,10,10,74,114,50,FALSE,FALSE,Pullback to 10SMA,CANSLIM Growth,53.3,Improving
3687,SN,SharkNinja Inc.,NA,3.7,4.4,4.3,156.87,0,0,0,1,32.5,9082219,NA,0,A+,Yes,Yes,No,Yes,Yes,0.51,40,0,2.38,34.63,0,0,74,119.15,25,14.1,4.31,4.12,NA,15.6,15.8,0,22,No,Yes,25.8,29,30.9,21.2,7,-,49,33,30,No,No,38.1,154.53,Hsehold-Appliances/Wares,NA,7.7,46,No,5.63,29.7,No,13,28,-0.7,10.9,0,156.87,63,15,14,5.49,No,0,0.21,-1.49,90,95,99,1.61,265847,21823.9,3.64,141520.4,35.9,-17.3,15.7,29.2,NA,21.6,NA,95,15,A+,6.9,16,15,19.7,2.8,5.8,10,6399.2,36,16,21,NA,16.6,2211,Yes,0.32,12,1708,NA,No,859,NA,No,No,No,3.32,0,Yes,25,1.1,38,16,New York Stock Exchange,Yes,94,Yes,7.91,-,100,83632.3,24,37,31.6,15.8,Yes,No,28.5,20.3,CONSUMER,1.2,NA,No,76,21359.4,No,No,No,34.4,-39.2,NA,30.4,8.6,2026-07-24,SN,15,12,10,0,12,10,10,69,104.66666666666667,55,FALSE,FALSE,Momentum Leader,CANSLIM Growth,55.2,Strong
3429,RPRX,Royalty Pharma PLC,NA,3.2,3,3.1,59.44,0,0,0,2,1294.3,12443449,05/15/2026,0,B,No,Yes,No,No,No,9.6,14,1.7,2.66,12.66,0.79,0.88,36,117.09,12,55.7,2.48,2.57,NA,15.1,14.6,8,7,No,Yes,8.6,18.8,18.8,10.3,16,15,-6,12,9,Yes,No,50.6,58.18,Medical - Profitable Biotech,NA,3.8,55,No,1.42,124.5,No,52,13,2.8,3,0,59.44,70,99,39,4.42,Yes,29,-0.6,-2.12,90,83,98,0.46,206771,33706.4,2.65,443274.1,28.7,-29.7,8.3,16.4,NA,47.1,NA,87,79,A,6.8,8,7,6.6,1.7,3.9,63,3254,-8,10,17,NA,14,3900,Yes,-0.35,12,2540,NA,No,1807,NA,No,No,No,7.72,0,Yes,73,1.8,27,5,NASDAQ,Yes,90,Yes,3.75,-,99,415017.5,-44,19,50.2,12.9,No,Yes,22.1,2.7,MEDICAL,3.1,NA,No,55,33290.3,No,No,No,64,-40.6,NA,11.5,46.7,2026-07-24,RPRX,20,8,10,0,12,10,10,70,97.33333333333333,35,TRUE,FALSE,Pullback to 10SMA,CANSLIM Growth,53.3,Improving
4527,YOU,Clear Secure Inc.,NA,5.3,6.6,7.7,58.81,0,6.5,3,1,129.1,12122384,06/10/2026,0,A,No,Yes,No,No,No,-3.31,9.7,1.1,1.01,14.71,0.59,0.6,80,168.18,29,22.9,5.08,4.54,NA,17.5,17.4,38,24,Yes,Yes,78,2.6,4.1,7.7,6,60,85,-24,30,No,No,59.7,56.03,Security/Sfty,NA,2.2,104,No,2.46,56.9,Yes,46,36,16.4,13.1,0,62.73,128,41,51,1.56,Yes,41,2.94,-10.68,90,69,98,1.41,84270,7275.2,4.61,100612.5,29.2,-34.8,10.4,5.7,NA,60.5,NA,89,55,A,57,50,52,0.6,2.1,3.5,12,900.8,210,20,-38,NA,18.2,1528,No,1.6,7,997,NA,No,593,NA,No,No,Yes,5.98,0,No,44,1.4,-66,17,New York Stock Exchange,No,79,Yes,30.43,-,101,92594.9,29,9,-10.8,17.3,Yes,No,19.8,2.2,BUSINS SVC,1.5,NA,No,64,4896.7,No,No,No,79.8,-30.7,NA,58.1,15.3,2026-07-24,YOU,20,0,5,0,12,10,10,57,87.66666666666667,45,TRUE,FALSE,CANSLIM Growth,CANSLIM Growth,53.3,Improving
3100,PLGO,Pelagos Insurance Capital Ltd.,NA,4.1,4.5,6.2,26.02,0,1.5,2,20,2363,2787700,06/15/2026,0,A,No,No,No,No,Yes,0.47,8.9,2.4,1.49,-6.64,0,0,13,26.18,7,11.1,3.1,2.86,NA,70.1,81,0,0,No,Yes,23.4,188.2,121.7,66.3,68,-,-,309,8,Yes,No,29.8,25.4,Insurance,NA,15.4,115,No,0.68,37.4,Yes,130,8,38.5,5.5,0,26.02,91,54,28,3.36,No,0,-0.16,-2.38,90,90,96,0.59,10460,2175,2.97,85496.8,26.4,-27.7,9.1,21.1,NA,38.4,NA,75,35,A+,27.8,86,15,9.9,1.4,3.9,80,4717.6,-66,180,63,NA,91,450,Yes,-0.04,619,326,NA,No,246,NA,No,No,No,0.45,0,Yes,329,1.1,204,2,New York Stock Exchange,Yes,91,Yes,0.96,-,100,50841.4,32,-78,266.5,66.1,Yes,No,22.9,2.1,INSURANCE,1.3,NA,No,31,1726.6,Yes,No,No,59.8,-36.1,NA,9.3,17.6,2026-07-24,PLGO,35,15,10,0,12,10,10,92,99,25,TRUE,TRUE,Pullback to 10SMA,CANSLIM Growth,71.2,Strong
3896,TATYY,Tate & Lyle PLC ADR,NA,0,0,0,30.11,0,5.3,1,0,107.7,0,06/22/2026,0,A,No,No,No,No,-,0,0,3.3,0,10.5,0,0,56,97.24,0,6.5,5.94,4.23,NA,24.3,24.5,-3,8,No,Yes,64.4,203.5,158.5,102.1,-,-24,-28,150,2,No,No,48.5,29.95,Food - Foodstuffs,NA,0,102,No,2.05,0,No,19,19,0,0,0,30.51,94,102,40,1.61,No,32,0.91,-1.83,90,89,92,0.31,38,3331.8,0.43,111362.5,41.3,206.3,-1.8,59.9,NA,48.5,NA,82,65,A+,0,-10,17,18.4,0.5,0.8,29,2690.3,-4,8,-20,NA,15.9,2,Yes,0.27,0,0,NA,No,1,NA,Yes,No,No,1.26,0,No,294,1.5,294,21,US OTC,No,93,Yes,NA,-,99,0,23,23,293.6,21.6,No,Yes,39.4,0,FOOD/BEV,0.2,NA,No,0,4584.5,No,No,No,6.9,80.4,NA,6.3,4.2,2026-07-24,TATYY,25,15,5,0,12,0,10,67,110.33333333333333,30,TRUE,FALSE,Momentum Leader,CANSLIM Growth,49.8,Improving
3060,PGC,Peapack-Gladstone Financial Corp.,NA,5,5.1,5,48.8,0,0,0,17,539.2,692970,05/07/2026,0,C,No,No,No,No,No,-0.02,11.9,0.4,0.04,18.97,0,0,56,71.14,12,11.8,3,3,NA,72,65.5,13,23,No,No,25,48.8,38.2,28.3,34,-10,-20,37,5,Yes,No,65.5,46.1,Banks-Regional,NA,6.3,68,No,1.37,5.6,No,268,19,-3.1,4.5,0,49.14,57,35,53,2.48,No,29,-2.37,-6.19,90,65,91,0.9,7556,836.7,3.11,17718.4,33.3,51.7,4.9,16.9,NA,56.7,NA,74,22,C-,14.7,79,30,3.3,-1,-0.6,13,443.3,-32,-21,14,NA,33.7,167,Yes,-1.12,96,237,NA,No,291,NA,No,No,Yes,1.94,0,No,88,1.4,32,9,NASDAQ,No,85,Yes,1.22,-,96,15271.2,27,6,59.8,55.4,Yes,Yes,23.9,3.9,BANKS,-0.3,NA,No,44,1030.9,No,No,No,53.9,10.8,NA,5.9,12,2026-07-24,PGC,20,12,5,5,12,10,10,74,89,25,TRUE,FALSE,CANSLIM Growth,CANSLIM Growth,67.7,Leading
4446,WST,West Pharmaceutical Services Inc.,NA,2.6,2.8,2.6,366.42,0,3.1,4,2,1057.2,2316731,04/29/2026,0,A,No,No,No,No,No,0.25,39.2,0.3,2.71,34.5,0,0,86,184.71,41,19.5,2.65,2.33,NA,9.2,11.4,3,3,No,No,13.1,21.6,21.5,15.8,54,-2,-4,18,15,Yes,No,30.2,358.24,Medical-Products,NA,1.6,116,No,7.92,10,Yes,128,45,-5,3.3,0,367.66,142,122,21,7.97,No,11,-1.16,-2.56,90,87,90,0.89,254819,25605.5,2.25,70647.6,27.7,-16.9,10.7,30.9,NA,37.9,NA,67,111,A,26.9,18,12,8.4,0,2.4,17,3074.1,-16,21,8,NA,14.3,778,Yes,-4.2,13,671,NA,No,2065,NA,No,No,No,7.86,0,Yes,47,1.7,12,6,New York Stock Exchange,Yes,90,Yes,8.49,-,98,70195.9,6,21,29.5,12.1,Yes,Yes,26.6,1.8,MEDICAL,1.3,NA,No,55,24897.4,No,No,No,61.7,-19,NA,16.9,16.4,2026-07-24,WST,20,8,10,0,12,10,10,70,101,50,TRUE,TRUE,Pullback to 10SMA,CANSLIM Growth,53.3,Improving
4090,TTMI,TTM Technologies Inc.,NA,1.8,1.9,0.8,161.01,0,0,0,0,167.5,2348406,NA,0,E,No,No,No,No,Yes,1.17,-854.3,0,1.88,47.69,3.49,3.49,87,262.29,30,7.2,7.85,8.14,NA,21.2,23,5,9,No,Yes,47.7,43.4,44.7,48,9,14,23,41,11,No,No,91.3,132,Elec-Contract Mfg,NA,0,11,Yes,14.6,56.3,Yes,15,49,-54.6,2.3,0,223.83,4,23,20,2.7,Yes,13,1.43,-41.03,90,25,85,1.5,483310,13515,7.59,103850.1,21.5,-18.6,-34.9,4.6,NA,30.7,NA,94,39,E,11.9,64,32,-24.5,-8.5,-24.3,9,2906.3,29,30,44,NA,24.7,2729,No,1.86,54,2116,NA,No,796,NA,No,No,No,4.42,0,No,50,0.8,17,19,NASDAQ,No,62,Yes,7.46,-,90,101483.3,63,49,33.3,23.8,Yes,Yes,6.6,6.3,ELECTRNCS,-9.9,NA,Yes,64,15443.2,Yes,No,No,185.6,-36.2,NA,10.7,5.9,2026-07-24,TTMI,22,12,5,0,12,10,10,71,66.66666666666667,35,TRUE,TRUE,Earnings Accelerator,CANSLIM Growth,48.6,Improving
4113,TXN,Texas Instruments Inc.,NA,2.2,2.5,2.5,315.34,0,0,0,0,3635.6,18984838,05/05/2026,0,D+,No,No,No,No,Yes,1.24,50.1,1.8,4.46,36.25,0,0,87,183.99,35,32.3,4.59,5,NA,14.1,14.9,-1,-2,No,No,6.5,9.9,11.3,10.4,26,-10,-15,8,1,No,No,63.7,284.02,Elec-Semiconductor Mfg,NA,0,9,No,15.12,76.9,Yes,33,49,-1.6,2.1,0,334.03,16,14,46,5.84,No,15,-2.47,-14.97,90,53,81,1.23,2606647,265037.2,5.15,910092.8,28.6,-7.1,-5.9,23.6,NA,48.3,NA,47,32,D-,23.2,42,17,-5.7,-5.6,-6.2,39,17682,-26,19,5,NA,14.5,8811,No,-7.2,36,7655,NA,No,4257,NA,No,No,No,14.02,0,No,31,1.1,-2,13,NASDAQ,No,73,Yes,15.4,-,91,907740.4,1,16,14.5,14.4,Yes,Yes,19.3,5.2,CHIPS,-8.8,NA,No,53,284008.9,Yes,No,No,31.1,-31.2,NA,30,31.8,2026-07-24,TXN,20,0,5,0,12,10,10,57,79.66666666666667,30,TRUE,FALSE,CANSLIM Growth,CANSLIM Growth,40.1,Weak
3280,R,Ryder System Inc.,NA,2.6,2.9,2.4,277,0,0,0,2,175.6,1048766,08/24/2026,1.01,D-,No,No,No,No,No,-15.2,34.8,1.5,0.68,4.38,1.19,1.3,61,87.29,18,5.4,2.88,2.87,NA,0.2,-0.1,7,3,No,Yes,8.9,3.7,5.4,7.3,3,16,-4,5,12,No,No,42,271.82,Comml Svcs-Leasing,NA,11.1,69,No,7.68,234.4,Yes,18,21,-15.9,2.8,0,284.25,74,34,32,13.02,Yes,46,-0.45,-4.37,90,77,79,1.06,100026,10565,2.86,38691,28.5,8.2,2.1,19.7,NA,42.5,NA,58,46,D-,11.7,13,20,6,2,2.3,42,12665,-7,0,8,NA,-0.3,389,Yes,-1.24,11,516,NA,No,696,NA,No,No,No,0.83,0,Yes,3,1,4,0,New York Stock Exchange,No,88,Yes,3.68,-,98,37297.6,4,11,3.7,-0.2,Yes,Yes,21.7,2.8,FINANCE,1.1,NA,Yes,51,18715,Yes,Yes,No,58,-10,NA,16.1,2.9,2026-07-24,R,0,0,7,5,12,10,10,44,89,15,FALSE,FALSE,Pullback to 10SMA,Momentum Leader,49.6,Improving
4259,VIK,Viking Holdings Ltd.,NA,2,2.3,2.8,102.39,0,0,0,1,474.3,8851881,NA,0,C,No,No,No,No,Yes,-3.05,30.9,0,0.78,18.59,0,0,80,137.15,28,18,3.78,3.42,NA,21.5,20.7,0,0,No,Yes,97.8,46,76.4,77.1,26,-,-,81,263,Yes,No,35.9,97.04,Leisure-Services,NA,1.6,133,No,3.31,527.2,No,62,35,21.6,4.3,0,105.76,96,75,31,2.75,No,0,-1.05,-8.24,90,70,77,1.62,285622,43754.6,3.37,318386,28.3,-33.8,2.5,13.1,NA,39.7,NA,59,83,D,1.9,28,32,4.8,-2.1,-2.9,32,6501.4,291,17,40,NA,22.6,3140,No,-1.03,27,2037,NA,No,756,NA,No,No,No,4.64,0,No,54,1.1,49,22,New York Stock Exchange,No,85,Yes,40.08,-,97,206607.7,35,168,51.5,21.4,Yes,No,20.8,8.2,LEISURE,-2.1,NA,Yes,62,45745.1,Yes,No,No,68.9,-50.3,NA,263.5,-5.2,2026-07-24,VIK,25,12,5,0,12,10,10,74,81,20,TRUE,FALSE,CANSLIM Growth,CANSLIM Growth,50.7,Improving
4528,YPF,YPF S.A. ADR,NA,2.5,3.4,2.5,50.64,0,0,0,0,2138.5,5085242,07/09/2019,0,D,No,No,No,No,No,-6.49,58,0,0.94,4.29,0,0,5,0,7,5.2,3.87,3.68,NA,-1.6,-3.8,12,2,Yes,No,387.8,811.7,586.3,448.5,9,4,-34,-271,-8,No,No,37.4,49.68,Oil&Gas-Integrated,NA,0,49,No,1.85,77.9,Yes,22,0,-26.1,1.3,0,57.49,33,89,35,-1.04,No,0,2.54,-13.59,90,72,69,1.01,94649,20292.7,3.52,393261,25.6,-48.1,-2.3,22.4,NA,44.8,NA,39,56,C,0.7,399,0,1.9,3.9,4.3,5,18448,279,7,-135,NA,1.6,1933,No,1.23,1626,986,NA,No,143,NA,Yes,No,No,1.04,0,No,2675,1.4,-126,-5,New York Stock Exchange,No,84,Yes,1.7,Yes,98,393251.2,-114,-90,1274.7,-3,Yes,Yes,18.1,25.4,ENERGY,4.4,NA,No,7,29714.9,No,No,No,60.7,-12.2,NA,-7.8,8.7,2026-07-24,YPF,25,15,5,0,12,5,10,72,84,0,TRUE,FALSE,CANSLIM Growth,CANSLIM Growth,48.8,Improving
3622,SION,Sionna Therapeutics Inc.,NA,11.4,12.4,13.2,51,0,3.9,21,3,457.1,5522307,NA,0,D,No,No,No,No,Yes,0.03,-22.2,0,22.6,-33.33,0,0,9,0,0,0,7.25,7.21,NA,0,0,0,0,No,No,-214.7,36.6,-0.4,-26.5,449,-,-,94,-105,No,No,20.1,49.41,Medical - Development Biotech,NA,0.6,18,No,2.87,2.4,No,545,0,6.7,20.8,0,51,17,13,8,-1.93,No,0,9.1,-3.12,90,94,68,0.96,18117,2044.9,7.23,45150.3,27.1,165.3,34.5,13.5,NA,26.3,NA,41,17,D+,-16.7,-37,-8,21.3,11.7,17.3,9,0,-1393,0,88,NA,0,446,Yes,4.12,-58,1139,NA,No,195,NA,No,No,No,NA,0,Yes,3,1.9,86,0,NASDAQ,Yes,96,Yes,7.73,-,102,26609.6,20,-112,44.8,0,No,No,24.1,10.2,MEDICAL,9.1,NA,No,50,1776.6,Yes,Yes,Yes,169.6,41.4,NA,-31.8,0,2026-07-24,SION,0,12,10,10,12,10,10,64,89,25,FALSE,FALSE,Breakout,CANSLIM Growth,53.3,Improving
3464,RY,Royal Bank of Canada,NA,3.9,4.4,4.7,218.56,0,0,0,1,5319.6,7724460,07/27/2026,1.24,A,Yes,Yes,No,No,No,-0.39,18.7,2,0.83,19.64,3.19,4.75,57,73.75,18,18.8,1.5,1.49,NA,12.4,13.1,4,7,No,Yes,18.3,23.4,21.2,18.1,8,4,11,21,9,No,No,26.4,215.43,Banks-Money Center,NA,3.7,34,Yes,3.03,290.9,No,27,19,7.2,0.6,0,218.56,56,21,19,11.34,Yes,7,-0.3,-1.43,89,88,99,0.67,258859,300249.4,1.47,1389777.3,26.2,-10.3,7.3,20.7,NA,27.3,NA,88,23,A,1.8,12,10,9.7,2.3,4.1,4,47748.9,2,11,20,NA,12.2,1506,Yes,-0.64,4,1212,NA,No,2235,NA,No,No,No,5.94,0,Yes,25,1.2,19,-1,New York Stock Exchange,Yes,89,Yes,3.14,-,99,0,26,15,21.9,13.2,Yes,Yes,21,-0.6,BANKS,2.1,NA,No,29,526468.4,No,No,No,62,8,NA,15.3,16.4,2026-07-24,RY,15,8,10,0,10,10,10,63,99,30,FALSE,FALSE,Momentum Leader,CANSLIM Growth,67.7,Leading
4296,VOYA,Voya Financial Inc.,NA,2.5,2.2,2.1,103.85,0,1.5,2,20,2363,2841186,05/26/2026,0,A+,No,No,No,No,-,0.32,9.2,1.9,0,7.54,1.58,2.19,25,57.89,11,10.2,2.67,2.71,NA,2.1,3.6,16,16,No,Yes,15.4,26.8,23.3,21.3,-,5,5,23,11,No,No,33.9,99.73,Insurance,NA,15.4,115,Yes,2.48,86.9,No,130,11,-6.3,3.1,0,103.85,91,54,20,9.11,Yes,15,-0.85,-3.97,89,94,96,1.02,108177,9120.1,2.69,90666.3,30,-23.3,10.2,34,NA,33.8,NA,72,35,A+,12.5,6,20,13.5,2.4,6.1,53,8189,3,3,22,NA,4.1,1242,Yes,-0.86,-15,936,NA,No,745,NA,No,No,No,1.1,0,Yes,13,1.2,39,2,New York Stock Exchange,Yes,93,Yes,1.98,-,96,90342.4,29,13,25.8,5.7,Yes,Yes,27.5,-3.5,INSURANCE,2.2,NA,No,70,11848.7,No,No,No,37.7,-16.4,NA,14.6,9,2026-07-24,VOYA,10,12,10,0,10,10,10,62,108,20,FALSE,FALSE,Momentum Leader,CANSLIM Growth,71.2,Strong
3534,SCSC,Scansource Inc.,NA,4.8,5.3,4.4,54.92,0,0,0,0,17.7,1087492,NA,0,A+,No,No,No,No,Yes,0.18,6.3,0,1.86,11.63,4.78,4.78,40,62.26,13,3.1,3.38,3.02,NA,1.7,3.7,-2,-9,Yes,Yes,13.6,9.9,14.3,16.3,5,3,1,13,8,No,No,40.3,54.79,Business Equip & Supplies,NA,0,30,No,1.51,11.6,Yes,10,14,-18.4,5.5,0,54.92,95,8,22,3.82,No,17,0.18,-0.24,89,96,90,1.01,11315,1111.5,2.66,20324.5,31.1,-16.6,12.6,38.5,NA,32.6,NA,49,8,A+,2.2,10,12,14.3,3.8,6.5,33,3040.8,-20,9,16,NA,5.3,239,Yes,0.1,12,196,NA,No,415,NA,No,No,No,0.36,0,Yes,9,1.5,-6,-7,NASDAQ,Yes,96,Yes,1.26,-,100,19799.9,26,27,1.7,2,Yes,Yes,30.9,-3.5,BUSINS SVC,3.2,NA,No,67,1105.1,Yes,No,No,33.6,-39.3,NA,7.8,2.2,2026-07-24,SCSC,0,0,10,0,10,10,10,40,106.66666666666667,20,FALSE,FALSE,Momentum Leader,Momentum Leader,53.3,Improving
3917,TD,Toronto-Dominion Bank,NA,2.6,2.7,3.9,124.87,0,0,0,1,5319.6,7837489,07/10/2026,0,D-,No,No,No,No,No,-0.08,11.8,2.6,0.54,-148.58,0,0,56,76.75,17,19.3,1.67,1.63,NA,13.6,15.2,4,4,Yes,No,12.1,25.4,20.6,15.5,1,-1,1,21,10,No,No,31.2,123.6,Banks-Money Center,NA,3.7,34,Yes,1.93,41.2,Yes,27,19,47.3,0.5,0,124.87,56,21,23,6.67,Yes,6,-0.24,-1.02,89,81,89,0.64,230340,209566.1,1.68,1689496,26.9,-26.8,4.3,17.3,NA,31.7,NA,60,23,C-,4.7,16,11,7.4,1.9,2.6,8,39987.8,-6,17,8,NA,17.2,2410,Yes,-0.3,10,1524,NA,No,2085,NA,No,No,No,4.84,0,Yes,21,1.5,27,-1,New York Stock Exchange,Yes,88,Yes,2.47,-,99,1685604,28,6,24.3,16.8,Yes,Yes,20.4,1.7,BANKS,2.5,NA,No,30,404831,No,No,No,67,26.2,NA,16.9,15.7,2026-07-24,TD,15,12,10,0,10,10,10,67,93.33333333333333,30,FALSE,FALSE,Pullback to 10SMA,CANSLIM Growth,67.7,Leading
3088,PK,Park Hotels & Resorts Inc.,NA,9.3,7.7,7.3,14.95,0,1.5,3,41,1680.7,38937761,06/30/2026,0,C+,No,No,No,No,No,-9.29,83.2,7.1,0.2,7.4,0.15,0.17,13,0,8,-10.6,3.11,2.97,NA,-2,-2.2,27,-2,No,Yes,-6.6,0,-0.4,-2.6,28,45,0,-2,-4,No,No,42.3,14.88,REITs,NA,21,87,No,0.42,79.2,No,195,8,-5,21.3,0,14.95,41,46,19,1.95,Yes,48,1.92,-0.47,89,92,81,1.36,71298,2939.9,2.8,201361.8,29.6,15.7,2.6,30.4,NA,30.3,NA,50,21,B,15.5,-4,3,12.7,4.2,3.4,84,2541,0,-1,-4,NA,-0.3,5329,No,0.28,-8,5780,NA,No,548,NA,No,No,No,1.18,0,Yes,-2,1.8,31,-2,New York Stock Exchange,No,94,Yes,0.97,Yes,100,183162.3,-29,-2,14.3,-2.2,No,No,26.7,0.9,REAL EST,5,NA,No,61,6712.8,No,No,No,37.8,-11.2,NA,-8.4,1.6,2026-07-24,PK,0,0,7,0,10,10,10,37,102.33333333333333,0,FALSE,FALSE,Other,Momentum Leader,59.7,Strong
3196,PSMT,PriceSmart Inc.,NA,6.9,6.7,6.5,199.84,0,0,0,1,1554.3,1765175,08/17/2026,0.7,B,No,No,No,No,Yes,1.08,69.7,0.7,1.28,21.4,2.81,2.98,80,137.43,30,3.9,2.99,3.08,NA,9.6,10.2,10,9,No,Yes,9.2,10.2,9.8,8.9,9,12,14,10,9,Yes,No,51.6,186,Retail - General,NA,6.7,32,Yes,5.75,17.9,Yes,15,36,-2.6,6.9,0,199.84,51,123,26,5.21,Yes,4,-1.61,-6.93,89,70,80,0.69,52591,5834.2,3.33,30860.5,26.5,-26.5,4.2,15,NA,32,NA,81,113,D,-3,15,15,5.1,-3.2,-2.3,14,5270.1,31,12,5,NA,11.1,295,Yes,-3.05,24,213,NA,No,528,NA,No,No,No,1.01,0,No,12,1.1,12,7,NASDAQ,No,82,Yes,4.12,-,94,25606.4,7,9,12,10.7,Yes,No,19.4,0.4,RETAIL,-5.2,NA,Yes,72,5823.5,No,No,No,67,-27,NA,12.2,2.6,2026-07-24,PSMT,15,0,0,0,10,10,10,45,81.66666666666667,45,FALSE,FALSE,Other,Momentum Leader,48,Improving
4540,ZD,Ziff Davis Inc.,NA,8,10.4,9,54.75,0,7.7,5,0,6175.7,5747457,05/17/2019,0,A+,No,No,No,No,No,1.87,6.6,0,1.66,5.45,0,0,16,179.77,11,5.6,3.97,3.85,NA,-0.6,-1.8,-2,2,No,Yes,-4,-9.8,-6.1,-6.9,23,-5,2,-2,3,No,No,53.6,53.98,Internet-Content,NA,0,44,Yes,1.86,41.7,No,65,9,-12.9,17.5,0,54.75,45,71,33,6.29,No,8,0.66,-1.41,89,90,74,1.17,30185,1975.3,3.59,36835.4,36.1,-8.3,21.8,13.5,NA,44,NA,40,101,A+,-5.1,-24,9,15.6,2.6,7.2,79,1451.3,7,-19,0,NA,-10,646,Yes,0.35,-35,587,NA,No,487,NA,No,No,No,1.43,0,Yes,-36,1.4,-1,4,NASDAQ,Yes,95,Yes,1.17,Yes,101,32756.6,7,5,-18.4,-5.7,No,No,30.7,1.5,INTERNET,3.4,NA,No,88,2203.8,Yes,No,No,72.9,-33.3,NA,2.7,-0.3,2026-07-24,ZD,0,0,10,0,10,10,10,40,89.33333333333333,10,FALSE,FALSE,Other,Momentum Leader,43.3,Weak
3061,PGEN,Precigen Inc.,NA,9,10.8,9.7,5.79,0,3.9,21,3,457.1,44222506,NA,0,B,No,No,No,No,No,1,-12.1,0,4.82,-17.64,0,0,50,0,96,-2588.2,6.51,6.57,NA,433.9,535.9,-50,-9,Yes,No,-159.2,-326.3,-229.7,-199.7,206,-17,-51,-91,-1446,Yes,No,18.4,4.95,Medical - Development Biotech,NA,0.6,18,No,0.32,480.3,Yes,545,0,-10.4,27.8,0,6.04,17,13,11,-1.24,No,0,0,-18.05,89,72,71,1.8,23077,1764.7,5.99,356511,19.1,-38.6,4.7,24.4,NA,12.2,NA,42,17,C,40.5,98,796,6,-7.5,-7.4,50,9.7,-21,1634,-191,NA,958.8,4911,Yes,0,87,2968,NA,No,222,NA,No,No,No,55.85,0,No,89,1.2,10,147,NASDAQ,No,74,Yes,87.06,-,94,159278.1,-1078,60,49.4,708.1,Yes,Yes,15.8,0.5,MEDICAL,-7,NA,No,54,1825.8,No,No,No,172,-47.8,NA,-572,-34.1,2026-07-24,PGEN,30,0,0,0,10,10,7,57,84.33333333333333,10,TRUE,TRUE,CANSLIM Growth,CANSLIM Growth,53.3,Improving
3077,PHVS,Pharvaris N.V.,NA,2.3,3.3,2.5,36.6,0,3.9,21,3,457.1,985973,NA,0,A,No,No,No,No,Yes,0,-8.9,0,11.24,-13.36,0,0,26,0,0,0,4.88,4.99,NA,0,0,0,0,No,No,-15.8,7.7,-9.5,-21.7,362,-,-7,-3,-67,No,No,25.9,34.94,Medical - Development Biotech,NA,0.6,18,No,1.64,0.2,No,545,0,-23.9,3,0,36.6,17,13,23,-3.19,No,0,3.8,-4.54,89,88,70,0.55,14702,2351.6,4.84,69863.7,27.6,-46.8,4.6,22.3,NA,39.3,NA,32,17,B,16.8,12,8,9.4,0.7,2.7,26,0,6,0,-28,NA,0,447,Yes,1.28,23,236,NA,No,136,NA,No,No,No,NA,0,Yes,28,1.7,-20,0,NASDAQ,No,91,Yes,8.39,-,98,32742.3,16,-61,3.8,0,Yes,Yes,22.2,5.4,MEDICAL,-0.4,NA,No,66,2114.8,No,No,No,47.2,-49.3,NA,-66.6,0,2026-07-24,PHVS,15,0,7,0,10,10,10,52,89.33333333333333,25,TRUE,FALSE,Pullback to 10SMA,Momentum Leader,53.3,Improving
3277,QURE,uniQure N.V.,NA,6.1,6.9,4.9,44.85,0,3.9,21,3,457.1,11494705,NA,0,B,No,No,No,No,Yes,0.99,-5.5,0,10.4,-13.01,0,0,47,0,0,-1201,8.94,9.23,NA,12.3,35.8,-48,-47,No,No,14.8,2.1,11.7,17.3,354,-41,8,23,-207,No,No,68.2,40.25,Medical - Development Biotech,NA,0.6,18,No,3.23,363.4,Yes,545,0,-28.2,18.7,0,71.5,17,13,71,-3.49,No,0,2.26,-43.71,89,93,58,1.3,84871,2677,10.03,68012.5,36.2,-57.9,-16.4,129,NA,76.2,NA,28,17,B-,1.7,-6,19,19.6,-3.7,-7.8,47,16.1,24,127,30,NA,67,2308,No,0.89,0,958,NA,No,212,NA,No,No,No,151.3,0,No,-4,1.4,62,-41,NASDAQ,No,96,No,16.99,-,93,61372.5,-52,41,29,65.3,No,No,63.8,1,MEDICAL,-5.6,NA,No,56,2702.6,No,No,No,164.8,-58.8,NA,-207.1,-1503,2026-07-24,QURE,10,0,0,0,10,10,10,40,100,10,FALSE,TRUE,Other,Momentum Leader,53.3,Improving
3097,PLBC,Plumas Bancorp,NA,1.4,1.3,2.3,63.73,0,0,0,17,539.2,130676,08/03/2026,0.33,A,No,No,No,No,No,-0.04,18.7,2.3,0.1,18.52,1.46,2.01,30,45.76,11,37.1,2.74,3.27,NA,26.9,33.7,14,10,No,Yes,5.4,23.4,6.5,3.6,119,6,-2,8,10,No,No,37.3,61.35,Banks-Regional,NA,6.3,68,No,1.86,16.3,Yes,268,12,72.4,2,0,63.73,57,35,26,5.08,Yes,9,-0.98,-3.74,88,91,99,0.48,3475,431.7,3.44,6968.1,25.5,20.2,12.1,17.4,NA,35.3,NA,80,22,A+,4.1,25,2,11.4,4.1,5.7,61,91.4,-4,40,-4,NA,36.2,63,Yes,-0.61,100,74,NA,No,169,NA,No,No,No,3.79,0,Yes,34,2.9,15,46,NASDAQ,Yes,91,Yes,1.57,-,96,6414.4,21,-44,24.6,34.9,Yes,Yes,20,7,BANKS,5.3,NA,No,29,487,No,No,No,46.1,14,NA,13.5,30.1,2026-07-24,PLBC,22,8,10,0,10,10,10,70,102.66666666666667,40,TRUE,TRUE,Earnings Accelerator,CANSLIM Growth,67.7,Leading
3668,SMFG,Sumitomo Mitsui Financial Group Inc. ADR,NA,4,4.2,3.9,26.66,0,0,0,1,5319.6,8131548,03/31/2026,0,A,No,Yes,No,No,No,0.57,0,1.9,0.74,3.39,1.06,1.21,47,57.52,14,21.3,2.13,2.17,NA,47,-1.2,10,52,No,Yes,26,33.1,32.5,28.6,5,13,29,32,7,No,No,29.1,24.95,Banks-Money Center,NA,3.7,34,Yes,0.53,134.2,No,27,16,-8.1,0.1,0,26.66,56,21,13,1.58,Yes,13,-3.48,-6.43,88,75,98,0.79,47939,165171.8,2.12,6379163,22.3,3.1,1.7,15.2,NA,17.1,NA,96,23,B,45.8,14,11,6,-2.7,0.4,31,68233.9,33,0,26,NA,0.3,2050,Yes,-0.9,-10,2059,NA,No,69,NA,Yes,No,No,2.32,0,Yes,34,1.9,34,8,New York Stock Exchange,No,75,Yes,1.6,-,94,6357261.1,31,31,34.2,-0.7,Yes,Yes,15.3,9.5,BANKS,-3.1,NA,No,0,162096.6,No,No,No,68.9,7.1,NA,10.6,7.1,2026-07-24,SMFG,15,12,7,0,10,0,10,54,94,25,TRUE,FALSE,Other,Momentum Leader,67.7,Leading
4448,WT,WisdomTree Inc.,NA,5,5.1,4.9,20.37,0,0.9,1,3,1060.8,15912330,05/13/2026,0,D-,No,Yes,No,Yes,Yes,2.25,16.2,0.6,4.57,19.64,0.78,0.8,61,187.26,17,28.8,4.17,4.32,NA,21.8,24.3,13,20,Yes,Yes,44.6,55.7,44.9,42.6,82,26,59,47,23,No,No,64.5,20.05,Finance-Investment Mgmt,NA,2.7,85,Yes,0.79,237.1,Yes,113,21,-3.9,11.9,0,20.37,110,86,33,0.97,Yes,26,-0.55,-1.57,88,88,97,1.06,57231,3083.3,4.18,152941.3,31.5,-29.1,10.5,14.8,NA,32.3,NA,99,71,D+,8,33,12,7.9,4.7,8.7,16,493.8,70,48,37,NA,40.5,3096,No,-0.11,47,2213,NA,No,496,NA,No,No,No,5.63,0,Yes,69,1.2,71,15,New York Stock Exchange,Yes,91,Yes,6.43,-,98,133318.2,28,12,69.7,30.6,Yes,Yes,23.1,1,FINANCE,4.3,NA,No,84,3705.2,No,No,No,55.1,-25.2,NA,26.6,-14.5,2026-07-24,WT,27,15,10,0,10,10,10,82,93,45,TRUE,TRUE,Earnings Accelerator,CANSLIM Growth,49.6,Improving
3950,TFIN,Triumph Financial Inc.,NA,10.2,10.7,9.5,80.63,0,0,0,17,539.2,2549106,NA,0,A,No,No,No,No,Yes,-0.06,26.9,0,0.12,28.66,0,0,92,250.98,38,6.5,3.39,3.48,NA,2.6,3.1,1,-2,No,No,196.8,426.7,341.9,249.2,148,-39,-40,243,3,Yes,No,28.7,80.61,Banks-Regional,NA,6.3,68,No,2.6,15.8,Yes,268,68,-11.2,11.4,0,80.63,57,35,5,1.19,No,50,1.17,-0.02,88,93,92,1.36,19134,1896.9,3.3,23806.3,28.2,87.4,13.5,21.4,NA,16.9,NA,72,22,A,51.3,103,51,12.2,3.6,5.6,-,418.6,-66,4,72,NA,3.3,266,Yes,0.93,192,499,NA,No,376,NA,No,No,No,4.47,0,Yes,867,1.6,492,3,New York Stock Exchange,Yes,92,Yes,2.12,-,100,22382.2,-79,87,679.5,3.2,Yes,Yes,22.2,0,BANKS,2.8,NA,No,59,2216.6,No,No,No,30,75.5,NA,2.8,5.2,2026-07-24,TFIN,25,15,10,7,10,10,10,87,101,25,TRUE,FALSE,Breakout,CANSLIM Growth,67.7,Leading
4283,VMI,Valmont Industries Inc.,NA,1.8,2.7,2,569.49,0,0,0,0,134.5,477310,06/26/2026,0,C-,No,No,No,No,Yes,0.91,24.5,0.6,2.38,23.22,1.58,1.64,71,112.11,31,9.2,3.22,3.26,NA,1.8,2.5,4,-2,No,Yes,16.2,25.6,19.1,15.2,13,16,10,19,18,No,No,32.1,531.66,Metal Products - Distributors/Fabrication,NA,0,13,No,18.01,54.9,Yes,29,26,-25.4,2.5,0,585.71,39,52,14,20.29,Yes,6,-1.27,-9.23,88,58,91,0.96,120511,10453.9,3.22,19413.7,17.3,1.1,-6,28.8,NA,19.9,NA,91,45,D,16.5,20,12,-1,-2.6,-4.8,29,4104.1,15,6,11,NA,3.1,225,No,-6.82,19,222,NA,No,849,NA,No,No,No,2.48,0,No,28,1.3,28,1,New York Stock Exchange,No,70,Yes,5.99,-,96,19150.5,21,-1,27.8,2.9,Yes,Yes,13.2,1.4,METALS,-2.8,NA,No,53,11328.8,Yes,No,No,58.1,-29.8,NA,21.1,10.5,2026-07-24,VMI,15,12,0,0,10,10,7,54,84,45,TRUE,FALSE,Other,Momentum Leader,56.2,Strong
3289,RAMP,LiveRamp Holdings Inc.,NA,3,3,2.7,38.23,0,2.2,2,0,721,4717858,NA,0,A+,No,Yes,No,No,Yes,0.06,7.9,0,2.47,14.59,0.31,0.31,50,63.94,13,12.1,1.67,0.6,NA,9.2,9.1,12,12,Yes,Yes,30.3,39.8,36.3,33,53,54,28,32,15,Yes,No,29,37.88,Computer-Tech Services,NA,0,96,No,0.22,2,Yes,92,17,-10.4,8.1,0,38.23,127,136,40,2.27,Yes,26,-0.34,-0.91,88,80,90,1.14,68717,2310.5,0.61,60786.3,27.4,-48.3,0.7,31.6,NA,51.1,NA,96,139,A,5.3,31,29,4.7,0.3,0.5,27,812.9,17,9,34,NA,8.9,1864,Yes,-0.13,32,954,NA,No,477,NA,No,No,Yes,2.83,0,Yes,73,1.4,38,9,New York Stock Exchange,No,88,Yes,2.36,Yes,99,58083.3,8,26,55.8,8.5,Yes,Yes,25.4,-3,BUSINS SVC,0,NA,No,63,1937.8,No,No,No,14.4,-43.1,NA,15.1,33.8,2026-07-24,RAMP,20,12,7,0,10,10,10,69,98,55,TRUE,FALSE,Momentum Leader,CANSLIM Growth,53.3,Improving
3272,QUAD,Quad/Graphics Inc.,NA,6.1,6.5,6.5,8.84,0,0,0,0,556.3,1404112,05/21/2026,0,A,No,No,No,No,No,-10.48,18.7,4.2,0.94,4.5,0.38,0.48,15,59.78,7,1.3,3.3,3.28,NA,-9,-10.3,-4,-10,Yes,Yes,36.2,14.7,15.2,32.2,10,17,48,12,20,No,No,37.8,8.64,Media,NA,0,120,Yes,0.26,340,Yes,53,8,0.1,4.8,0,8.84,102,133,28,1.06,Yes,40,-1.26,-2.26,88,86,89,1,1437,451.1,3.41,38297.5,28.8,-55.3,14.9,12.9,NA,36.3,NA,88,118,A,16.3,20,12,11.7,3.4,5.8,81,2419.9,63,-8,19,NA,-9.3,185,Yes,-0.11,41,81,NA,No,210,NA,No,No,No,0.14,0,Yes,25,1.4,0,-9,New York Stock Exchange,Yes,91,Yes,3.52,-,98,29230,19,17,12.5,-10.5,Yes,No,22.8,0,MEDIA,4,NA,No,38,812.8,No,No,No,57.7,-38.5,NA,30.3,1.1,2026-07-24,QUAD,10,0,10,0,10,10,10,50,92.66666666666667,35,FALSE,FALSE,Other,Momentum Leader,49.4,Improving
4412,WLY,John Wiley & Sons Inc. Cl A,NA,9,9.7,8.5,53.24,0,0,0,0,556.3,4127961,07/07/2026,0,A,No,No,No,No,No,-3.35,13.5,2.8,0.54,10.42,2.49,6.02,30,45.92,11,12.8,3.73,4.39,NA,-1.2,-0.1,-5,-7,No,No,18.4,16.9,13.8,13.7,4,2,6,16,18,Yes,No,66.4,50.97,Media,NA,0,120,Yes,2.06,87.3,No,53,12,-11.9,10.5,0,53.24,102,133,56,4.23,Yes,11,0.06,-4.26,88,93,87,0.76,23930,2573.8,5.01,42001,36.3,-23.5,12.2,22.8,NA,64.7,NA,72,118,A,1.2,15,10,13.7,0.3,5,65,1676.5,31,1,14,NA,1.3,525,Yes,0.03,-18,396,NA,No,449,NA,No,No,No,1.28,0,Yes,22,1.6,15,0,New York Stock Exchange,No,96,Yes,3.06,Yes,99,39131.2,13,4,18.7,0.4,Yes,Yes,35.5,0,MEDIA,1.3,NA,No,67,3206.4,No,No,No,27.8,-9.6,NA,27.7,30.2,2026-07-24,WLY,10,8,7,0,10,10,10,55,99.33333333333333,30,FALSE,FALSE,Pullback to 10SMA,CANSLIM Growth,49.4,Improving
3336,REPYY,Repsol S.A. ADR,NA,0,0,0,28.27,0,0,0,0,726,0,07/07/2026,0,D,No,No,No,No,Yes,2.1,36.9,3.5,1.43,5.72,0.73,0.99,21,41.27,6,5,2.39,2.39,NA,6.5,10.6,3,-5,No,Yes,67.6,147.2,107,72.3,52,10,-21,43,5,No,No,51.3,28.26,Oil&Gas-Explorers/Producers,NA,0,111,No,0.62,62.8,Yes,72,10,0,0,0,29.08,44,92,43,2.87,Yes,40,2.02,-2.82,88,87,86,0.46,2957,30246.4,2.23,1105374.4,26.8,-45.7,13.1,19.7,NA,55.6,NA,69,58,C,-2.9,74,-16,8.3,5.4,9.9,73,64012.7,-1,20,-4,NA,14.2,114,No,0.56,153,61,NA,No,7,NA,Yes,No,Yes,0.47,0,No,144,1.2,-1,0,US OTC,No,86,Yes,1.18,-,101,1105061.9,299,-14,71.1,14,Yes,Yes,19.5,0,ENERGY,6.2,NA,No,0,40588.1,No,No,No,88.9,-31.6,NA,8.1,6,2026-07-24,REPYY,30,15,0,0,10,0,10,65,94,15,FALSE,FALSE,CANSLIM Growth,CANSLIM Growth,48.8,Improving
3415,ROG,Rogers Corp.,NA,1.6,1.8,1.6,147.6,0,0,0,0,3635.6,517806,NA,0,D-,No,No,No,No,Yes,0.07,25,0,4.02,23.78,0,0,86,0,34,-5.6,4.75,4.94,NA,-0.7,1.9,-3,-6,Yes,No,22.6,87.7,53.1,31.8,24,-23,-21,23,-5,Yes,No,44.4,132.24,Elec-Semiconductor Mfg,NA,0,9,Yes,7.38,2,Yes,33,46,-8.2,2.9,0,169,16,14,24,2.88,No,14,-1.37,-21.75,88,38,77,0.86,44356,2393.1,4.75,17848.5,20.3,76.4,-16.6,8.1,NA,33.5,NA,80,32,E,12.5,52,20,-9,-3.8,-12.1,43,810.8,-28,5,-12,NA,5,303,No,-1.84,190,534,NA,No,412,NA,No,No,No,2.88,0,No,178,1.1,93,-2,New York Stock Exchange,No,66,Yes,1.97,-,94,17648.8,-8,-51,135.6,4.3,Yes,Yes,11.3,4.3,CHIPS,-3.8,NA,Yes,79,2303.7,Yes,Yes,No,98.9,-9.1,NA,-5.1,2.2,2026-07-24,ROG,25,15,0,7,10,10,10,77,67.66666666666667,40,TRUE,FALSE,CANSLIM Growth,CANSLIM Growth,40.1,Weak
3595,SHLS,Shoals Technologies Group Inc.,NA,2.7,2.4,2.3,11.69,0,0,0,0,56.5,13312966,NA,0,E,No,No,No,No,Yes,1.33,-17.1,0,1.84,101.62,5.28,5.28,71,202.33,23,10.2,9.4,9.18,NA,29.3,39.5,22,4,Yes,Yes,19.6,69.4,52.1,30.2,11,5,-19,37,6,No,No,21.2,10.3,Energy-Solar,NA,0,47,No,0.95,36.5,Yes,23,26,-2.2,8,0,13.18,141,73,4,0.39,Yes,36,-2.23,-21.85,88,77,74,1.58,59478,1767.5,8.97,167771.8,16.7,149.1,9.1,43.9,NA,11.1,NA,86,110,E,12.9,14,26,1.3,0.4,2,-,475.3,-46,75,3,NA,56.8,5863,No,-0.23,-1,14424,NA,No,473,NA,No,No,No,3.23,0,No,133,1.2,25,19,NASDAQ,No,78,No,2.87,Yes,88,165469.7,50,0,79.2,48.8,Yes,Yes,17.3,-1.3,ENERGY,2.8,NA,No,79,2100.7,Yes,Yes,Yes,80.7,12,NA,5.8,-0.2,2026-07-24,SHLS,35,15,0,10,10,10,7,87,91.66666666666667,30,TRUE,TRUE,Earnings Accelerator,CANSLIM Growth,48.8,Improving
3738,SPHR,Sphere Entertainment Co.,NA,9.1,11.1,10,166.28,0,0,0,1,474.3,7292305,NA,0,D+,No,No,No,No,Yes,15.9,13.6,0,1.2,26.55,13.35,13.35,93,275.11,0,4.7,5.32,5.27,NA,0,0,20,-12,No,No,86.5,87.5,133,92.3,34,6,-51,267,1,No,No,50,142.62,Leisure-Services,NA,1.6,133,No,8,38.4,No,62,80,-10,27,0,174.6,96,75,35,1.78,Yes,0,2.94,-18.32,88,51,67,1.31,107129,4958.7,5.33,28925.5,31.5,-42.1,-6.4,5.1,NA,48,NA,62,83,E,91.1,-445,23,-2,-4.1,-8.3,14,1220,0,38,112,NA,0,728,No,4.08,-143,410,NA,No,471,NA,No,No,No,3.11,0,No,98,1.1,159,19,New York Stock Exchange,No,79,Yes,2.33,-,97,26986.6,5,270,128.7,0,Yes,Yes,17.9,4.4,LEISURE,-3.8,NA,No,83,5573.5,No,No,No,217.1,-27.6,NA,1.4,-0.4,2026-07-24,SPHR,27,15,0,0,10,10,10,72,68.66666666666667,25,TRUE,TRUE,CANSLIM Growth,CANSLIM Growth,50.7,Improving
3692,SNDA,Sonida Senior Living Corp.,NA,2.1,2.7,3.2,42.79,0,0,0,1,32.3,2453902,NA,0,B+,No,No,No,No,No,-13.28,-50,0,0.44,30.32,0,0,-,0,0,-18.9,4.55,4.28,NA,28.1,26,9,21,No,No,-99,-207.4,-135.2,-135.3,1,11,6,-84,-213,No,No,25.2,40.84,Medical - Home & Nursing Care,NA,11.1,15,No,1.6,158.6,Yes,9,0,22,5.3,0,42.79,58,39,18,-5.83,No,0,0.91,-4.56,88,84,66,0.63,27713,1916.1,4.05,47346.3,22.6,-33.4,17.8,17.8,NA,29,NA,4,12,B+,-55.9,12,75,9.2,0.8,4.2,-,381.1,86,33,-681,NA,19.8,743,Yes,0.37,-541,532,NA,No,155,NA,No,No,No,4.69,0,Yes,-210,0.9,-353,25,New York Stock Exchange,No,85,Yes,2.19,Yes,98,46485.2,-59,81,-281.5,23.6,No,No,17.4,14.8,MEDICAL,0.9,NA,No,24,2514,No,No,No,61.9,-35.3,NA,-81.2,-33.6,2026-07-24,SNDA,7,0,7,0,10,10,10,44,86.33333333333333,0,FALSE,TRUE,Pullback to 10SMA,Momentum Leader,53.3,Improving
3623,SIRI,Sirius XM Holdings Inc.,NA,5.6,6.3,6,31.42,0,0,0,1,844.8,36423582,05/11/2026,0,A,No,No,No,No,No,-4.8,12.9,3.5,0.44,5.75,0,0,34,48.63,10,12.3,3.07,3.04,NA,-1.1,-0.3,0,-2,Yes,No,1.4,20.2,8,3.2,2,-31,-36,259,4,No,No,53,30.59,Telecom/Cable Services,NA,3.4,134,No,0.87,82.6,Yes,29,13,-4.7,11.7,0,31.42,59,134,41,2.37,No,0,-2.02,-2.64,88,81,54,0.82,143893,10509.3,2.88,336619.9,29.2,-45.8,9.5,20.1,NA,49.6,NA,25,127,A-,1.6,41,9,7.8,-0.1,3.8,67,8558,-292,1,136,NA,0.7,5105,Yes,-0.63,37,2690,NA,No,475,NA,No,No,No,1.2,0,Yes,22,1,-71,-2,NASDAQ,Yes,90,Yes,0.88,-,97,310724.8,110,-29,-24.5,0.3,Yes,Yes,25.7,5.3,TELECOM,0.6,NA,No,28,19929.4,No,No,No,30.6,-49,NA,7.1,11.7,2026-07-24,SIRI,10,8,10,0,10,10,10,58,81.33333333333333,0,FALSE,FALSE,Pullback to 10SMA,CANSLIM Growth,34.8,Weak
4064,TRV,Travelers Cos. Inc.,NA,4.2,4.2,4.6,370.43,0,1.5,2,20,2363,7946226,06/10/2026,0,A,Yes,Yes,No,No,No,-0.23,6.4,1.5,0.36,7.92,0.51,0.55,25,41.25,13,16,2.12,2.33,NA,0.9,0.2,9,5,No,Yes,89.2,126.5,108.7,118.8,7,20,55,64,18,No,No,27.2,368.98,Insurance,NA,15.4,115,Yes,7.4,28,Yes,130,11,10.5,3.8,0,370.43,91,54,16,37.02,Yes,26,9.22,-0.39,87,96,99,0.44,524987,71835.6,2.29,212644.7,25.2,158.3,20.6,22.7,NA,37,NA,99,35,A+,85.7,8,-3,18.3,9,12.3,52,44387,64,0,28,NA,-0.9,1739,Yes,31.16,-21,4309,NA,No,2807,NA,No,No,No,1.77,0,Yes,54,1.6,304,5,New York Stock Exchange,Yes,94,Yes,2.45,Yes,108,211552.6,22,55,178.9,-0.2,Yes,No,23,-0.4,INSURANCE,8.9,NA,No,48,78670.6,Yes,Yes,No,40.9,43.1,NA,20.7,18.2,2026-07-24,TRV,20,15,10,10,10,10,10,85,104,40,FALSE,FALSE,Breakout,CANSLIM Growth,71.2,Strong
4215,UVSP,Univest Financial Corp.,NA,2.8,3.3,3.4,45.37,0,0,0,17,539.2,722613,05/06/2026,0,B+,No,No,No,No,No,-0.06,13,2.1,0.04,13.28,0,0,37,50.86,12,21.9,2.37,2.64,NA,9.9,11.6,4,3,No,Yes,21.4,29.2,24.7,22.1,36,0,7,26,7,No,No,36.2,44.58,Banks-Regional,NA,6.3,68,Yes,1.12,26.4,Yes,268,13,2.1,2.6,0,45.45,57,35,26,3.33,Yes,12,-1.39,-1.93,87,84,98,0.77,8708,1258.9,2.5,27845.8,26.7,56.7,7.5,18.6,NA,33.1,NA,81,22,A,15.7,17,2,8.2,1.6,2.5,38,328.1,7,10,21,NA,10.3,212,Yes,-0.63,26,320,NA,No,333,NA,No,No,No,3.69,0,Yes,25,1.4,22,3,NASDAQ,No,90,Yes,1.31,-,98,27390.2,41,11,23.1,11.3,Yes,Yes,21.2,-0.6,BANKS,2.6,NA,No,45,1515.7,Yes,Yes,No,39.6,-20.5,NA,9.9,20.8,2026-07-24,UVSP,10,12,7,7,10,10,10,66,96.66666666666667,25,FALSE,FALSE,Pullback to 10SMA,CANSLIM Growth,67.7,Leading
3844,SUTNY,Sumitomo Mitsui Trust Group Inc. ADR,NA,0,0,0,8.34,0,0,0,1,5319.6,0,03/31/2026,0,B+,No,No,No,No,No,0.96,0,2,1.21,5.84,0.53,0.57,40,50.37,0,14.7,1.4,1.3,NA,7.9,2.2,14,15,No,Yes,288.2,25.4,19.5,18.8,11,25,55,16,7,No,No,31.6,8.02,Banks-Money Center,NA,3.7,34,Yes,0.1,256.2,No,27,14,0,0,0,8.34,56,21,18,0.56,Yes,36,-2.55,-3.78,87,82,97,0.1,1597,28706.9,1.27,3494065,23.4,-68,6.6,17.8,NA,23,NA,92,23,B,0,0,0,8.4,-1.2,3,58,19301.4,204,-6,15,NA,-2.9,215,Yes,-0.21,0,62,NA,No,1,NA,Yes,No,No,1.53,0,Yes,46,1.6,3,4,US OTC,No,81,Yes,1.25,Yes,96,0,27,2,24.5,1.9,Yes,No,17.9,0,BANKS,-1,NA,No,0,17828.7,No,No,No,54.5,-68.5,NA,9.8,6.5,2026-07-24,SUTNY,15,12,7,0,10,0,10,54,95.66666666666667,20,TRUE,FALSE,Pullback to 10SMA,Momentum Leader,67.7,Leading
3296,RBB,RBB Bancorp,NA,3.6,2.3,2,28.24,0,0,0,17,539.2,328592,04/30/2026,0,B+,No,Yes,No,No,No,-0.1,14.2,2.4,0.09,14.13,0,0,33,44.17,12,17.7,2.69,2.99,NA,12.8,15.9,-4,-9,No,No,76.3,198.3,142.7,100.2,104,-15,-22,92,4,Yes,No,31.1,27.06,Banks-Regional,NA,6.3,68,No,0.77,53.8,Yes,268,13,-11.1,2.2,0,28.24,57,35,19,2.14,No,28,-3.01,-4.18,87,76,96,0.84,4583,472.5,3.12,16935.9,23.4,105.9,8.4,18.3,NA,25.5,NA,86,22,B,46,28,8,7.9,0.1,1.4,49,129.2,-28,22,24,NA,17.3,180,Yes,-0.84,82,364,NA,No,195,NA,No,No,Yes,3.56,0,Yes,408,3.6,136,3,NASDAQ,No,82,Yes,0.87,-,96,15231.4,51,-24,271.8,17.7,Yes,Yes,18.1,3.7,BANKS,0.8,NA,No,33,724.7,Yes,Yes,No,47.4,23.1,NA,6.2,18.5,2026-07-24,RBB,30,15,7,10,10,10,10,92,93.33333333333333,20,TRUE,TRUE,Earnings Accelerator,CANSLIM Growth,67.7,Leading
3952,TFSL,TFS Financial Corp.,NA,11.1,10.5,10.6,18.52,0,0,0,0,27.2,8535737,06/10/2026,0,A,No,No,No,No,Yes,-1.07,96.9,6.4,0.19,62.05,6.59,27.7,89,212.21,51,14.5,2.02,1.95,NA,8.9,10.5,3,2,No,Yes,15.5,21.4,19.6,15.7,14,2,5,19,-12,No,No,36.6,18.28,Banks-Savings & Loan,NA,0,56,Yes,0.33,179.6,No,22,55,1,3.1,0,18.52,32,17,22,0.33,Yes,8,-0.87,-1.32,87,92,96,0.67,15029,5171.2,1.95,280432.1,24.9,-17.4,12.4,21.9,NA,29.2,NA,68,13,A+,0,5,10,11,2.8,5,6,321.5,8,8,14,NA,9.8,914,Yes,-0.16,0,747,NA,No,254,NA,No,No,No,15.23,0,Yes,14,2,0,4,NASDAQ,Yes,92,Yes,2.67,-,99,279014.7,50,14,7.1,11.1,Yes,Yes,22,-0.8,BANKS,3.5,NA,No,9,9854.9,No,No,No,40.2,-36.2,NA,4.8,11.3,2026-07-24,TFSL,10,8,10,0,10,5,10,53,101.66666666666667,10,FALSE,FALSE,Momentum Leader,Momentum Leader,67.7,Leading
4059,TRST,Trustco Bank Corp.,NA,6.5,7.1,6.7,56.06,0,0,0,0,27.2,773047,06/05/2026,0,D,No,No,No,No,Yes,-0.01,15,2.8,0.17,17.91,0,0,48,60.92,0,29.1,2.28,2.44,NA,20.3,23,1,-1,No,Yes,23.7,30.6,27.9,25.7,13,-2,-6,28,5,No,No,32.9,54.92,Banks-Savings & Loan,NA,0,56,No,1.31,4.4,No,22,16,-6.3,4.6,0,56.66,32,17,18,3.41,Yes,15,-0.94,-3.08,87,76,92,0.63,6120,968.8,2.45,17474.8,22.4,27.5,6.3,18.4,NA,26.4,NA,69,13,C,0,0,0,5.1,0.6,1.4,39,277.6,-17,9,26,NA,35.9,117,Yes,-0.52,0,146,NA,No,327,NA,No,No,No,4.48,0,Yes,21,1.8,44,6,NASDAQ,No,83,Yes,1.43,-,98,16899.7,26,20,32.6,27.1,Yes,Yes,17.1,-1.5,BANKS,0.8,NA,No,48,1063.8,Yes,Yes,No,55.4,-19.8,NA,9,22.9,2026-07-24,TRST,10,12,7,5,10,10,10,64,92,25,FALSE,FALSE,CANSLIM Growth,CANSLIM Growth,67.7,Leading
4169,UNF,UniFirst Corp.,NA,1.8,2.3,3.6,295.6,0,0,0,1,291,836467,06/05/2026,0,E,No,No,No,No,Yes,0.1,54.6,0.5,3.04,18.31,14.94,18.97,82,173.89,37,8,2.15,2.34,NA,1.4,1.5,7,4,Yes,Yes,-3.6,-9.4,-8.9,-7.3,15,2,5,-10,6,Yes,No,51.1,291.44,Comml Svcs-Outsourcing,NA,4.5,123,Yes,6.29,2.9,Yes,22,38,55.5,5.8,0,295.6,136,56,29,7.68,Yes,6,-0.43,-1.41,87,85,87,0.68,57258,5085.2,2.13,14532.9,31.2,-55.9,12.2,10.8,NA,38.9,NA,44,19,A,13.7,-10,9,9.7,5.8,8.3,28,2432.4,18,4,0,NA,3.6,219,Yes,-1.25,-11,145,NA,No,433,NA,No,No,No,1.7,0,No,0,1.8,-11,0,New York Stock Exchange,No,88,Yes,2.3,-,99,14360.3,-17,-7,-5.4,3.3,No,No,20.6,-3.8,BUSINS SVC,7.2,NA,No,64,4749.9,No,No,No,63.9,-34.4,NA,6.9,3.1,2026-07-24,UNF,0,0,0,0,10,10,10,30,88.33333333333333,25,FALSE,FALSE,Other,Momentum Leader,53.3,Improving
4171,UNH,UnitedHealth Group Inc.,NA,2.3,2.2,2.4,461.62,0,0,0,1,781.8,18410503,06/15/2026,0,A,No,No,No,No,No,-3.12,19.1,2.2,0.78,19.71,4.4,7.62,65,104.27,21,3.3,2.62,2.78,NA,8,6.7,11,9,No,No,-17.9,-4.1,-17.8,-22.3,1,3,-12,-29,7,Yes,No,29.1,426.09,Medical-Managed Care,NA,8.3,98,No,11.44,0,No,12,23,11.1,2,0,461.62,73,9,16,18.64,No,19,0.64,-7.7,87,85,82,0.43,2667985,384490.2,2.77,908144.4,24.9,45,6.6,31.3,NA,28.7,NA,56,9,B-,30,19,14,6.1,0.3,1.9,55,447567,10,0,-41,NA,1.2,6732,Yes,2.71,37,10716,NA,No,4948,NA,No,No,No,0.86,0,Yes,56,1.2,0,12,New York Stock Exchange,Yes,88,No,3.93,-,92,906003.5,-69,-59,28.4,4.9,Yes,Yes,25,1.5,MEDICAL,0.3,NA,No,49,438715.4,No,No,No,47.9,22.3,NA,12.9,4.9,2026-07-24,UNH,20,0,10,7,10,10,10,67,96.66666666666667,25,TRUE,FALSE,CANSLIM Growth,CANSLIM Growth,53.3,Improving
3365,RHP,Ryman Hospitality Properties Inc.,NA,2.9,2.4,3.9,129.49,0,1.5,3,41,1680.7,2590582,06/30/2026,0,B-,No,No,No,No,No,-70.56,15.7,3.8,0.22,14.15,0,0,42,125.62,14,9.9,2.5,2.53,NA,10.7,10.6,39,10,No,Yes,0,0,0,0,33,-,-,-,17,No,No,33.9,126.67,REITs,NA,21,87,No,3.13,563.6,No,195,15,64.2,4.2,0,132.41,41,46,24,8.68,Yes,0,1.33,-4.33,87,81,81,1.09,75856,7889.3,2.56,63109.3,25.4,-6.6,3.5,22.3,NA,33.6,NA,31,21,C,16.5,7,6,6.5,0.7,0.1,44,2577.1,0,13,0,NA,13.5,640,No,1.66,8,588,NA,No,790,NA,No,No,No,3.01,0,No,12,1.2,0,10,New York Stock Exchange,No,89,Yes,10.78,Yes,100,61129.8,-16,-15,0,11.6,Yes,No,21.3,0.8,REAL EST,0.8,NA,No,65,11523.6,Yes,No,No,25.4,-15.9,NA,37.5,10.6,2026-07-24,RHP,15,0,0,0,10,10,10,45,90,20,FALSE,FALSE,Other,Momentum Leader,59.7,Strong
4544,ZGN,Ermenegildo Zegna N.V.,NA,6.5,4.7,3.9,14.58,0,0,0,2,931.7,4494084,07/06/2026,0,D,No,No,No,No,-,0,-265.9,1,0,9.6,0,0,74,123.25,0,7.3,4.08,4.18,NA,8.8,8.6,0,21,No,Yes,33.5,45,58.7,43.6,-,-,10,41,7,No,No,35.6,13.9,Apparel - Clothing & Shoes,NA,4,103,No,0.57,0,No,50,28,-17.9,6.2,0,15.44,130,130,22,0.45,Yes,0,-3.67,-9.97,87,72,80,0.75,16979,6108.1,4.42,268312,23.6,7,-0.1,14.4,NA,45.4,NA,80,112,D+,0,7,31,2.1,3.2,3.6,22,2205.7,-37,5,35,NA,6,1241,No,-0.53,0,1355,NA,No,146,NA,No,No,No,1.66,0,No,18,1,18,3,New York Stock Exchange,No,84,Yes,NA,-,96,72914.3,100,100,17.6,6.6,Yes,Yes,19.5,11.5,CONSUMER,3.4,NA,Yes,33,4407.1,No,No,No,55.1,6.3,NA,10.3,5.6,2026-07-24,ZGN,10,12,0,0,10,10,10,52,81.66666666666667,40,FALSE,FALSE,Other,Momentum Leader,55.2,Strong
3334,REPL,Replimune Group Inc.,NA,3.1,2.6,3.5,11.85,0,3.9,21,3,457.1,23666879,NA,0,A-,No,No,No,No,No,0.3,-1.7,0,4.79,-3.39,0,0,58,0,0,0,12.54,8.69,NA,0,0,0,0,No,No,-7.8,-7.5,-11.1,-8.9,204,-13,-5,-14,-108,Yes,No,5.2,10.23,Medical - Development Biotech,NA,0.6,18,No,0.88,64.7,No,545,0,36.2,30.5,0,13.24,17,13,22,-3.38,No,0,7.46,-22.73,87,95,56,1.01,42689,799.3,8.19,83964.2,34.9,-34.2,2.3,371.4,NA,45.3,NA,22,17,B,-14.9,35,37,24.5,-4.2,-4.9,58,0,5,0,-10,NA,0,5696,No,0.71,34,3713,NA,No,211,NA,No,No,No,NA,0,No,7,1.8,3,0,NASDAQ,No,90,No,5.09,-,94,77527.4,-32,-22,4.9,0,Yes,Yes,36.8,-12.4,MEDICAL,-6.9,NA,No,74,655.5,Yes,Yes,No,-18.2,-55.5,NA,-107.9,0,2026-07-24,REPL,0,0,0,0,10,10,10,30,99.33333333333333,10,FALSE,FALSE,Other,Momentum Leader,53.3,Improving
3223,PUBM,PubMatic Inc.,NA,3.6,4,4.4,14.04,0,7.8,4,1,104.6,2996126,NA,0,A+,No,No,No,No,Yes,0.28,5.7,0,1.37,7.38,0,0,71,0,0,-5.6,4.67,4.52,NA,-2.5,-2,9,4,No,No,-229.9,-227.1,-264,-271.2,18,-55,-84,-225,-5,Yes,No,43.5,12.73,Comml Svcs-Advertising,NA,2,131,No,0.55,13.9,Yes,51,0,7.6,8,0,14.04,113,67,65,-0.38,No,0,-6.6,-9.33,87,81,49,1.61,7512,633,4.26,38180.8,38.6,29.5,12.7,29.8,NA,67.3,NA,9,82,A-,15.4,-18,47,9.6,-5.9,-0.4,71,282.9,44,-2,-235,NA,-4.2,659,Yes,-0.9,-63,836,NA,No,219,NA,No,No,No,1.73,0,No,-35,1.9,-46,-3,NASDAQ,No,90,Yes,2.36,Yes,91,37648.6,-600,-375,-40.6,-4.6,No,Yes,35.8,0.9,BUSINS SVC,-6.1,NA,No,36,539.6,Yes,Yes,No,-0.6,-38.9,NA,-5.4,-20,2026-07-24,PUBM,0,0,0,5,10,10,10,35,79.33333333333333,20,FALSE,FALSE,Other,Momentum Leader,53.3,Improving
3253,QLYS,Qualys Inc.,NA,4.9,4.4,4.6,167.86,0,7.7,3,1,774.6,3665654,NA,0,A+,No,Yes,No,No,No,0.28,9.3,0,1.43,18.78,0.98,0.98,63,108.21,21,36.9,5.28,5.29,NA,10.1,10.2,13,10,No,Yes,15.5,17.6,15.8,15.7,17,22,21,16,38,No,No,20,159.43,Computer Sftwr-Security,NA,2.6,132,No,6.92,7.8,No,39,22,4.5,10.5,0,167.86,116,5,9,7.36,Yes,5,1.19,-5.02,86,98,99,1.09,92649,5548.8,5.85,35217,34.9,5.1,42.1,91.7,NA,18.5,NA,91,3,A+,8.3,8,9,36.5,2.1,16.1,73,669.1,16,10,15,NA,10,798,Yes,1.87,6,824,NA,No,678,NA,No,No,No,8.2,0,Yes,17,1.3,17,10,NASDAQ,No,96,No,9.9,Yes,95,34816.7,19,11,16.8,10.1,Yes,No,41.9,-3.6,SOFTWARE,4.4,NA,No,70,5217.1,Yes,No,No,14.2,-24.8,NA,38.2,28.7,2026-07-24,QLYS,10,8,7,0,10,10,10,55,114.33333333333333,55,FALSE,FALSE,CANSLIM Growth,CANSLIM Growth,59.1,Strong
3587,SHBI,Shore Bancshares Inc.,NA,3.2,3.9,3.2,23.68,0,0,0,17,539.2,720507,06/03/2026,0,B,No,Yes,No,No,No,-0.04,7.7,2.5,0.1,10.2,2.25,4.11,32,47.11,11,23,2.71,2.58,NA,11.8,12,32,18,Yes,Yes,32.5,23.6,26.5,34,126,3,26,25,8,No,No,31.1,23.18,Banks-Regional,NA,6.3,68,Yes,0.57,16.3,Yes,268,12,-17.6,2.4,0,23.68,57,35,20,1.88,Yes,38,-1.86,-2.11,86,83,99,0.7,4509,790.2,2.38,33455.9,23.5,-2.8,6.6,16,NA,26.9,NA,89,22,A,12.7,17,6,8.5,1.8,2.2,55,225.1,214,13,35,NA,12.3,210,Yes,-0.44,9,197,NA,No,254,NA,No,No,No,3.35,0,Yes,24,1.9,20,5,NASDAQ,Yes,87,Yes,1.29,-,98,30349.1,26,35,22.2,12,Yes,No,18.3,-1.2,BANKS,2.4,NA,No,42,820.1,No,No,No,38.9,-24.8,NA,10.5,19.9,2026-07-24,SHBI,15,8,10,0,10,10,10,63,96.33333333333333,40,FALSE,FALSE,Pullback to 10SMA,CANSLIM Growth,67.7,Leading
4374,WELL,Welltower Inc.,NA,5.5,5.7,5.4,246.43,0,1.5,3,41,1680.7,19373177,05/13/2026,0,A,Yes,Yes,No,Yes,Yes,3.07,73.2,1.3,1.93,51.27,3.58,3.99,85,533.81,37,-4.4,2.56,2.66,NA,36,37.5,21,25,No,Yes,21.7,23.8,23.4,22.5,125,11,19,24,1,No,No,31.1,243.25,REITs,NA,21,87,Yes,5.77,39,No,195,44,-6.3,2.7,0,246.43,41,46,20,5.54,Yes,7,0.73,-1.29,86,89,99,0.52,758659,170471.3,2.44,705914.4,21.5,-15.6,17.8,15.5,NA,27.1,NA,93,21,A+,1.8,19,16,11.7,3.5,7.3,1,10838,19,38,22,NA,39.8,3577,Yes,1.76,22,2792,NA,No,3269,NA,No,No,No,14.59,0,Yes,23,1.4,28,36,New York Stock Exchange,Yes,89,Yes,3.91,-,101,705613.3,21,22,25.4,36.8,Yes,Yes,18.6,-0.5,REAL EST,5,NA,No,62,180853.4,No,No,No,54.3,-24.3,NA,2.5,21.8,2026-07-24,WELL,17,8,10,0,10,10,10,65,101.33333333333333,30,FALSE,TRUE,CANSLIM Growth,CANSLIM Growth,59.7,Strong
4441,WSFS,WSFS Financial Corp.,NA,4.5,5.3,4.4,80.73,0,0,0,0,27.2,1944766,05/08/2026,0,C,No,Yes,No,No,Yes,-0.03,4.9,1,0.17,20.36,6.8,13.81,38,53.57,13,28,1.97,2.04,NA,-2.3,-3.3,14,4,Yes,No,20.5,35.7,31.2,25.3,12,1,4,31,9,No,No,44.5,79.84,Banks-Savings & Loan,NA,0,56,Yes,1.53,15.1,Yes,22,14,-17.2,3.8,0,80.73,32,17,32,5.78,Yes,14,-0.49,-1.1,86,82,99,0.96,33980,4175.5,2,52044,25.2,21.3,8.5,13.4,NA,41,NA,86,13,A+,11.9,20,6,8.1,3,4,61,1066,-4,7,19,NA,5.7,464,Yes,-0.39,18,537,NA,No,501,NA,No,No,No,3.83,0,Yes,49,1.4,29,-2,NASDAQ,Yes,88,Yes,1.53,-,99,51468.3,30,18,38.8,-4.6,Yes,Yes,19.1,0.6,BANKS,2.9,NA,No,62,2806,No,No,No,36,-12.1,NA,10.8,25.7,2026-07-24,WSFS,15,12,10,0,10,10,10,67,91,40,TRUE,FALSE,CANSLIM Growth,CANSLIM Growth,67.7,Leading
3048,PFG,Principal Financial Group Inc.,NA,7,7.6,6.7,114.9,0,1.5,2,20,2363,8875762,06/01/2026,0,B+,No,No,No,No,No,-0.25,6.7,2.9,0.37,5.67,1.5,2.23,36,61.93,12,9.1,2.04,2.19,NA,-6.3,-5.7,2,2,No,Yes,15.8,15.5,19.8,17.8,10,6,10,19,6,No,No,29.2,113.95,Insurance,NA,15.4,115,Yes,2.39,33.2,No,130,13,-12,0,0,114.9,91,54,16,8.52,Yes,6,0.73,-0.83,86,81,96,1,134689,24435.3,2.29,216012.4,22.1,33.8,3.4,18.5,NA,28.8,NA,82,35,A,2.9,14,10,6.9,1.4,3,35,15625.5,6,-5,19,NA,-4.1,1274,Yes,0.83,8,1600,NA,No,1846,NA,No,No,No,1.59,0,Yes,14,1.4,13,-3,NASDAQ,Yes,85,Yes,2.09,-,99,214338.6,19,33,13.6,-2.6,Yes,Yes,17.6,1.5,INSURANCE,1.5,NA,No,42,24090.3,No,No,No,40.7,-0.6,NA,10.3,12,2026-07-24,PFG,10,8,10,5,10,10,10,63,94.66666666666667,35,FALSE,FALSE,Breakout,CANSLIM Growth,71.2,Strong
3050,PFIS,Peoples Financial Services Corp.,NA,2.4,2.5,3.1,70.53,0,0,0,17,539.2,212676,05/29/2026,0,A-,No,No,No,No,No,-0.05,21.4,3.8,0.09,12.76,0,0,28,45.35,10,25.8,3.03,2.87,NA,49.6,35,11,30,Yes,Yes,74.6,8,52.6,77,105,-2,10,23,7,No,No,41.1,68.73,Banks-Regional,NA,6.3,68,Yes,1.83,36.9,Yes,268,11,23,2.3,0,70.53,57,35,31,5.99,No,25,-1.93,-2.56,86,87,95,0.75,4206,701.6,2.65,10010.9,27,-35.7,11.2,17.6,NA,37.4,NA,58,22,A,-6.8,-35,81,10.7,2.5,4.5,74,187.7,-6,9,61,NA,7.2,67,Yes,-1.35,-3,43,NA,No,196,NA,No,No,No,3.59,0,Yes,-5,1.8,37,22,NASDAQ,Yes,91,Yes,1.31,-,97,9189,-8,186,16,6.1,No,No,22.1,1.6,BANKS,3.3,NA,No,23,896.6,No,No,No,32.9,-39.8,NA,12,20.8,2026-07-24,PFIS,0,0,10,0,10,10,10,40,99.33333333333333,20,FALSE,FALSE,Other,Momentum Leader,67.7,Leading
3646,SLF,Sun Life Financial Inc.,NA,7.6,3.3,4.3,82.25,0,1.5,2,20,2363,3077530,05/27/2026,0,A+,No,No,No,No,-,0.9,3.7,2.9,0,4.7,2.56,5.01,43,80.51,14,11.4,1.65,1.54,NA,-1.3,-7.9,5,-1,No,Yes,8.2,10.6,8.9,10.9,-,3,5,9,8,No,No,31.1,81.78,Insurance,NA,15.4,115,Yes,1.2,36.8,No,130,15,32,0.6,0,82.25,91,54,22,5.45,Yes,3,0.2,-0.57,86,86,95,0.65,45374,45282.3,1.59,554084,23.7,4.2,4.9,16.4,NA,30.2,NA,67,35,A+,0.6,4,8,8.6,2.4,3.7,28,30204.9,-1,-18,17,NA,-6.9,696,Yes,0.16,7,990,NA,No,1530,NA,No,No,No,1.59,0,Yes,6,1,22,6,New York Stock Exchange,Yes,89,Yes,2.78,-,100,553922.8,4,4,14,-11.2,No,Yes,20,2.6,INSURANCE,2.3,NA,No,32,53495,Yes,Yes,No,31.4,2.4,NA,14.3,5.5,2026-07-24,SLF,0,0,10,5,10,10,10,45,96,30,FALSE,FALSE,Breakout,Momentum Leader,71.2,Strong
3699,SNOW,Snowflake Inc.,NA,2.5,2.3,2.6,279.19,0,8.7,10,0,4502,23049651,NA,0,A+,No,Yes,No,No,No,3.03,40.1,0,1,74.27,3.53,3.53,97,0,127,-28,6.32,5.4,NA,30,31,43,30,Yes,Yes,49.3,48.1,59.7,62,24,54,33,49,-54,No,No,22.6,268.9,Comp Sftwr - Enterprise,NA,0,136,No,13.31,140,Yes,115,191,11.3,6.8,0,284.99,114,124,21,1.41,Yes,34,-0.41,-5.65,86,95,92,1.79,1863096,93588.9,5.24,346600,29,-45.4,14.7,86.8,NA,27.8,NA,95,108,A+,22.2,54,41,21.9,1,6.7,4,4683.9,-15,33,51,NA,31.8,8483,Yes,-1.12,28,5456,NA,No,2252,NA,No,No,Yes,18.52,0,No,63,1.7,7,29,New York Stock Exchange,No,93,No,48.05,-,96,336809.2,75,94,34.6,30.8,Yes,Yes,38.3,-0.6,SOFTWARE,2.8,NA,No,42,92941.6,Yes,No,No,27.1,-49.3,NA,-54.1,-21.3,2026-07-24,SNOW,27,12,0,0,10,10,10,69,111,15,TRUE,TRUE,Pullback to 10SMA,CANSLIM Growth,59.1,Strong
3805,STGW,Stagwell Inc. Cl A,NA,6.1,6.1,6.8,8.07,0,7.8,4,1,104.6,9841758,NA,0,A,No,No,No,No,No,-7.24,11.7,0,0.83,6.83,0.13,0.13,16,401.22,7,2.4,4.62,4.54,NA,3.5,5,21,5,No,Yes,28.7,25.3,24.3,14.4,3,68,10,22,5,Yes,No,53.6,7.51,Comml Svcs-Advertising,NA,2,131,No,0.32,234.6,Yes,51,9,11.2,9.1,0,8.07,113,67,15,0.88,Yes,69,-1.83,-7,86,74,88,1.25,10306,1896.1,4.7,247854.4,27.3,-56.4,12.8,3.2,NA,14.5,NA,87,82,B-,0,27,15,9.6,-2,2.8,78,2909,35,8,8,NA,5.2,1489,Yes,-0.14,11,633,NA,No,264,NA,No,No,No,0.63,0,Yes,42,1.8,25,2,NASDAQ,No,88,Yes,2.63,Yes,94,107692.1,9,21,33.3,5,Yes,Yes,22.3,1.1,BUSINS SVC,-3.8,NA,No,57,3382.5,No,No,No,47.8,-49.9,NA,5.3,-1.9,2026-07-24,STGW,15,12,7,0,10,10,10,64,84.66666666666667,15,TRUE,FALSE,Pullback to 10SMA,CANSLIM Growth,53.3,Improving
3339,REX,Rex American Resources Corp.,NA,3.1,3.8,3.5,48.3,0,15.2,10,1,693.3,703005,NA,0,C-,No,No,No,No,Yes,0.04,29.4,0,6.76,13.34,0.7,0.7,51,64.33,35,13.6,3.61,3.16,NA,0.9,1.5,-1,-11,No,Yes,57.5,147.2,100.7,78.2,41,24,33,93,14,No,No,46.4,47.32,Energy-Alternative/Other,NA,1.5,23,Yes,1.43,1.9,No,66,17,-6.9,2.5,0,53.36,19,64,28,2.81,Yes,32,2.65,-11.32,86,66,87,0.8,9193,1518.4,2.81,32937.7,22.4,-13.6,9.4,9.9,NA,40.9,NA,98,76,D-,50,0,0,1.6,1.8,4.7,77,650.5,-5,-1,52,NA,-0.7,200,No,1.22,0,167,NA,No,404,NA,No,No,No,2.4,0,No,120,1.1,319,1,New York Stock Exchange,No,80,Yes,2.48,Yes,98,28479.5,3,-39,219.3,-0.3,Yes,Yes,15.9,4.4,ENERGY,0.5,NA,No,65,1157.5,No,No,No,77.9,-14,NA,14.2,11.1,2026-07-24,REX,25,15,0,0,10,10,10,70,81.66666666666667,50,FALSE,FALSE,Pullback to 10SMA,CANSLIM Growth,48.8,Improving
4520,YETI,YETI Holdings Inc.,NA,5,5,5.3,52.48,0,3.1,1,2,60.1,7981159,NA,0,B,No,No,No,No,Yes,0.5,11.2,0,2.1,16.35,10.42,10.42,61,100.16,17,11.8,4.49,3.87,NA,3.2,3.3,9,5,Yes,No,-6.9,-12.7,-11,-10.6,17,2,7,-11,24,No,No,15.6,51.05,Leisure-Products,NA,6.2,60,Yes,1.88,31,Yes,32,21,7.2,10.7,0,52.48,50,78,-5,2.45,No,7,-0.02,-2.72,86,90,87,1.59,65446,3868.2,3.84,75758.3,21,7,8.1,24,NA,0.6,NA,43,37,B+,46.8,16,15,9.3,4.6,4.2,47,1868.5,21,8,-9,NA,7.6,1426,No,-0.01,-18,1600,NA,No,600,NA,No,No,No,2.04,0,No,-16,1,-8,2,New York Stock Exchange,No,82,Yes,5.86,-,100,74747.3,-14,-6,-12.1,5.7,No,No,15.7,0.2,LEISURE,4.4,NA,No,71,3701.5,Yes,Yes,No,45.4,-23.4,NA,23.8,2.6,2026-07-24,YETI,0,0,0,0,10,10,10,30,94.66666666666667,35,FALSE,FALSE,Other,Momentum Leader,50.7,Improving
4230,VCEL,Vericel Corp.,NA,7.5,9.1,7.2,48.75,0,0,0,2,1294.3,4913692,NA,0,A+,No,No,No,No,Yes,0.46,33.4,0,5.18,46.86,2.52,2.52,95,438.16,84,6.3,4.67,4.24,NA,18.5,22.5,16,19,Yes,Yes,102.5,222.1,189.1,113.7,39,44,128,173,5,No,No,29.5,46.64,Medical - Profitable Biotech,NA,3.8,55,No,1.76,23.1,Yes,52,111,-20.5,9.7,0,48.75,70,99,15,0.42,Yes,99,-2.45,-4.33,86,92,85,1.46,25843,2441.6,4.06,51068.2,27.3,-27.3,19.2,30.7,NA,24.7,NA,55,79,A,21.5,48,86,19.5,-1,4.8,6,276.3,386,30,60,NA,26.7,663,Yes,-1.17,-189,472,NA,No,414,NA,No,No,No,8.15,0,Yes,48,1.4,18,16,NASDAQ,No,87,Yes,6.68,-,96,50457.7,600,90,33.1,23.3,Yes,No,27.1,-2.8,MEDICAL,-0.8,NA,No,66,2346.7,No,No,No,28.6,-40.9,NA,5.1,-9.2,2026-07-24,VCEL,22,15,7,0,10,10,10,74,102.66666666666667,20,FALSE,TRUE,Pullback to 10SMA,CANSLIM Growth,53.3,Improving
3960,TGT,Target Corp.,NA,2.8,3.8,3.5,144.4,0,0,0,1,1554.3,18658100,08/12/2026,1.16,C+,No,No,No,No,No,-22.37,24.6,3.4,0.93,9.69,0,0,53,71.3,16,4.5,3.31,3.09,NA,0,0.7,1,-1,Yes,No,-7.7,9.7,2.2,-5.4,4,-8,3,-2,10,Yes,No,42.8,139.6,Retail - General,NA,6.7,32,Yes,4.07,107.9,Yes,15,17,-7.2,4.1,0,144.4,51,123,18,7.98,No,22,-0.44,-3.32,86,81,79,0.94,660455,63682.1,3.24,454191.1,25.2,-1.6,9.2,9.2,NA,25.4,NA,58,113,A,16.7,11,7,8.2,4.9,4.6,57,104780,-1,7,-15,NA,2.6,5259,No,-0.61,10,5188,NA,No,2654,NA,No,No,No,0.6,0,Yes,32,0.9,1,-2,New York Stock Exchange,Yes,85,Yes,3.87,-,98,453175.9,-4,-20,16.4,1.2,Yes,Yes,17.9,1.2,RETAIL,3.3,NA,Yes,49,77612.1,No,No,No,34.7,-17.4,NA,24,3.1,2026-07-24,TGT,15,0,10,0,10,10,10,55,84,15,TRUE,FALSE,CANSLIM Growth,CANSLIM Growth,48,Improving
3382,RLGT,Radiant Logistics Inc.,NA,3.5,3.6,3.6,9.66,0,3.1,1,1,180.7,597999,NA,0,A-,No,No,No,No,No,1.07,13.7,0,1.59,33.83,0,0,72,107.2,33,2.3,3.23,2.92,NA,4.4,1.6,7,-6,No,No,154.6,9.2,6.9,75.5,9,-18,-5,-9,8,Yes,No,45.5,9.21,Transportation-Logistics,NA,3.1,22,Yes,0.27,29.8,Yes,32,27,1.4,1.7,0,9.68,26,55,31,0.34,No,66,-3.05,-4.81,86,62,76,0.99,1423,444.9,2.7,46831.7,25.9,-36.5,5.3,10.7,NA,39.1,NA,47,34,C-,66.7,-16,15,4.2,-2.4,-0.9,50,902.7,-62,0,119,NA,-6.1,161,Yes,-0.29,-35,100,NA,No,230,NA,No,No,No,0.48,0,Yes,100,1.5,-15,12,NYSE American,No,79,Yes,1.84,-,96,35578.1,-57,0,42.3,-0.3,No,Yes,19.1,1.3,TRANSPORTATION,-1.9,NA,No,51,497.2,No,No,No,52.7,-33.2,NA,7.9,2.2,2026-07-24,RLGT,20,0,7,0,10,10,10,57,76.66666666666667,15,TRUE,FALSE,CANSLIM Growth,CANSLIM Growth,48.8,Improving
3720,SOPH,SOPHiA GENETICS S.A.,NA,2.9,2.5,3.5,5.9,0,3.9,21,3,457.1,636132,NA,0,B,No,No,No,No,No,0.98,-7.5,0,2.06,-10.43,0,0,78,0,0,-101.6,6.75,6.72,NA,19.1,20.8,19,14,No,No,-10.4,-10.9,-19.1,-20,108,-2,0,-15,-110,No,No,25.7,5.87,Medical - Development Biotech,NA,0.6,18,No,0.36,130.7,No,545,0,42.5,1.1,0,6.3,17,13,4,-1.18,Yes,0,0.69,-6.83,86,89,68,1.06,1226,489.1,6.69,83895.3,20.8,57.8,12,11.2,NA,7.7,NA,17,17,B+,-16.1,26,24,12.6,4.6,5.7,78,77.3,22,22,-23,NA,22.2,232,Yes,0.04,32,363,NA,No,32,NA,No,No,No,6.07,0,Yes,-4,1.4,-22,19,NASDAQ,No,88,Yes,9.22,-,100,56178,-7,-43,-12.8,22.4,No,No,17.7,10.3,MEDICAL,3.9,NA,Yes,10,476.8,Yes,No,No,56.5,-2.8,NA,-110,-89.1,2026-07-24,SOPH,5,0,7,7,10,7,10,46,86,10,FALSE,FALSE,Other,Momentum Leader,53.3,Improving
3729,SPB,Spectrum Brands Holdings Inc.,NA,8.9,9.5,9.7,90.6,0,1.6,1,1,670.4,3725590,05/26/2026,0,D+,No,Yes,No,No,Yes,0.95,8,2.3,2.29,11.28,1.35,1.73,38,65.49,18,3.1,3.46,3.01,NA,-4,-3.5,-9,-2,Yes,No,44.6,94,73.7,47.3,35,8,94,80,3,No,No,50.1,88.69,Building - Construction Products,NA,1.6,89,Yes,2.52,36.4,Yes,64,14,2.7,16.9,0,90.6,49,43,33,6.42,Yes,0,-1.02,-2.11,85,78,95,0.95,32608,2078.2,3.18,23194.3,26.7,-15.4,10.1,4.7,NA,43.2,NA,98,53,A,23.2,-3,3,8.4,4.7,4.7,85,2809,165,5,34,NA,0.8,400,No,-0.91,17,332,NA,No,395,NA,No,No,No,0.73,0,Yes,84,1.3,37,-5,New York Stock Exchange,Yes,84,Yes,1.08,Yes,99,22010.6,161,13,60.5,-1.2,Yes,No,18.2,0,BUILDING,6.5,NA,No,65,2564,No,No,No,58.1,-10.2,NA,4.9,3.2,2026-07-24,SPB,20,15,10,0,10,10,10,75,88,35,FALSE,FALSE,CANSLIM Growth,CANSLIM Growth,46.5,Improving
3837,SUN,Sunoco L.P.,NA,4.9,5.1,4,74.29,0,3.7,1,11,372.5,2005408,05/08/2026,0,B+,No,No,No,No,Yes,5.84,28.7,5.8,1.4,8.03,0,0,60,70.8,10,2.3,2.97,3.12,NA,31.2,40.5,11,2,Yes,No,59.5,110.9,61,39.5,16,-10,-17,-31,0,No,No,41.2,74,Oil&Gas-Refining/Mktg,NA,40.7,80,No,2.06,221.7,Yes,27,20,-21.5,1.9,0,74.29,48,7,17,3.68,No,32,2.68,-0.39,85,88,95,0.44,33638,14761.6,3.17,136894.8,22.6,27.2,17.8,17.4,NA,28.3,NA,62,2,A,65.6,264,-18,9.6,6.1,10,29,25201,99,106,-70,NA,84.8,499,No,1.93,377,610,NA,No,68,NA,No,No,No,0.33,0,No,116,1.3,-130,11,New York Stock Exchange,No,86,Yes,1.47,-,101,106743.6,346,-89,-6.8,58.2,Yes,Yes,17.7,-6.8,ENERGY,7.7,NA,No,43,23680.8,No,No,No,42.3,22.8,NA,5.6,5.3,2026-07-24,SUN,35,15,0,5,10,10,10,85,96.33333333333333,15,TRUE,TRUE,CANSLIM Growth,CANSLIM Growth,48.8,Improving
3908,TCBK,TriCo Bancshares,NA,10.3,11.2,9.6,61.71,0,0,0,17,539.2,1333359,06/05/2026,0,B,No,No,No,No,No,-0.02,9.5,2.7,0.08,14.92,4.16,15.32,45,58.82,14,30.8,2.35,2.65,NA,6.7,8.3,5,-1,Yes,No,11.8,21.7,15.4,11.6,87,1,-2,16,6,No,No,27.8,60.52,Banks-Regional,NA,6.3,68,No,1.41,4.8,Yes,268,15,-14.9,4.6,0,61.71,57,35,15,3.95,Yes,9,-1.79,-1.93,85,93,92,0.76,14872,1966.3,2.71,31910.6,24,141.5,18.9,20.3,NA,23,NA,54,22,A,7.2,14,3,16,7.8,11.2,23,419.2,-2,10,7,NA,9.4,267,Yes,-1.1,23,640,NA,No,330,NA,No,No,No,4.5,0,Yes,30,1.9,17,1,NASDAQ,Yes,91,Yes,1.46,-,98,29148.6,18,-3,23.5,9.1,Yes,Yes,20.7,0.3,BANKS,12.8,NA,No,52,1819.7,No,No,No,42.1,750.1,NA,9.5,25,2026-07-24,TCBK,15,8,10,10,10,10,10,73,100,15,TRUE,FALSE,Breakout,CANSLIM Growth,67.7,Leading
3404,RNG,RingCentral Inc. Cl A,NA,5.4,6,5.3,43.27,0,8.7,10,0,4502,9367652,06/02/2026,0,A,No,No,No,No,No,-2.05,8.6,0.7,0.89,6.18,0.25,0.25,18,168.31,8,2.2,5.98,5.35,NA,4.9,4.9,14,7,No,Yes,17.5,19.8,19,18.2,18,36,21,19,0,No,No,43.1,41.32,Comp Sftwr - Enterprise,NA,0,136,No,2.11,0,Yes,115,9,-11.9,12.9,0,49.85,114,124,47,4.57,Yes,11,-1.08,-17.11,85,66,86,1.8,71415,3502.8,5.32,74079.1,21.5,-14.8,16.3,2.3,NA,57.1,NA,92,108,A,2.7,13,11,1,1.3,6.7,75,2515.1,15,5,18,NA,5,1743,No,-0.45,10,1511,NA,No,545,NA,No,No,Yes,1.2,0,No,20,0.8,20,5,New York Stock Exchange,No,68,Yes,-5.69,Yes,95,72710.8,19,16,20.2,5,Yes,No,14.9,3,SOFTWARE,-1.1,NA,No,80,4768.6,Yes,No,No,55.5,-19.2,NA,0,4.8,2026-07-24,RNG,10,8,0,0,10,10,10,48,81,30,FALSE,FALSE,Other,Momentum Leader,59.1,Strong
3869,SXI,Standex International Corp.,NA,3.9,4,3.9,337.46,0,6.1,4,1,712.1,810693,05/08/2026,0,C,No,No,No,No,Yes,1.77,65.1,0.4,3.05,52.27,2.63,2.72,80,140.51,32,8.7,4.16,4.45,NA,18.5,18.9,4,6,No,Yes,14.5,12.9,17,15.9,43,13,9,16,7,No,No,39.3,302.72,Machinery-Gen Industrial,NA,1.5,40,No,14,67.5,No,66,35,-4.7,6.8,0,363.89,88,84,13,8.56,Yes,7,-0.65,-16.81,85,60,84,1.04,58473,3691.5,4.71,12114.9,17.8,-36.7,2.3,8.7,NA,21.1,NA,79,88,D,-0.3,9,15,3.2,-2.9,-5.5,26,790.1,5,8,14,NA,12.3,196,No,-1.99,3,125,NA,No,435,NA,No,No,No,4.14,0,No,13,1.6,9,10,New York Stock Exchange,No,74,Yes,4.84,-,96,11894.7,16,30,11.1,17.4,Yes,Yes,14.1,0.5,MACHINE,-4.1,NA,No,63,4224.1,No,No,No,93.7,-29.1,NA,8.4,29.9,2026-07-24,SXI,10,0,0,0,10,10,7,37,78.33333333333333,20,FALSE,FALSE,Other,Momentum Leader,38.5,Weak
3707,SOBO,South Bow Corp.,NA,7.5,8.5,8.3,38.3,0,0,0,3,786.9,7726992,06/30/2026,0,C-,No,No,No,No,Yes,9.11,19.9,5.5,1.51,11.02,0,0,58,75.8,21,31.4,2.38,2.46,NA,0,0,0,0,No,No,0,14.8,2129,3601.6,21,-,-,39,-1,No,No,37.7,37.83,Oil&Gas - Pipeline,NA,13.6,84,No,0.9,216.1,No,22,20,-2.1,3.7,0,38.45,62,57,35,1.94,No,0,0.61,-1.61,85,78,77,0.34,30754,7855.8,2.39,208584.6,21.5,-57.9,4.7,18,NA,42.6,NA,28,29,B,0.2,-11,13,3.6,3.9,4.6,45,1986,0,-1,7,NA,0.8,933,No,0.23,4,355,NA,No,462,NA,No,No,No,3.99,0,No,-6,1.3,13,-25,New York Stock Exchange,No,82,Yes,2.97,-,100,208168.7,38,8471,3.3,-4,No,No,16.3,3.6,ENERGY,4.7,NA,No,44,13056.7,No,No,No,41.3,-22.7,NA,16.3,18.2,2026-07-24,SOBO,0,0,0,0,10,10,10,30,87,20,FALSE,FALSE,Other,Momentum Leader,48.8,Improving
3438,RS,Reliance Inc.,NA,2.5,3.3,2.6,398.68,0,0,0,0,134.5,973799,05/22/2026,0,D-,No,No,No,No,Yes,0.5,28.7,1.3,4.39,25.18,0,0,69,97.99,19,6.8,2.52,2.64,NA,6,8.7,3,-4,Yes,No,-6.9,15,10.1,2.3,23,-5,-21,8,7,Yes,No,37.1,395.93,Metal Products - Distributors/Fabrication,NA,0,13,No,10.4,27.5,Yes,29,25,-19.5,1.9,0,419.83,39,52,14,15.63,No,37,-0.02,-5.69,85,75,76,0.83,131897,20216.2,2.53,51048.5,22.2,-25.9,-2,21.6,NA,22.2,NA,50,45,D+,10.5,41,6,3.3,3.4,2,33,14294.3,-30,16,-10,NA,13.7,347,No,-0.09,23,248,NA,No,1351,NA,No,No,No,1.36,0,Yes,37,1.1,8,3,New York Stock Exchange,No,84,Yes,2.84,-,99,50811.5,0,-5,22.5,11.4,Yes,Yes,16.6,0.1,METALS,4.4,NA,No,51,21529.3,No,No,No,19.8,-32.5,NA,10.3,6.6,2026-07-24,RS,20,0,7,0,10,10,10,57,85.66666666666667,30,TRUE,FALSE,CANSLIM Growth,CANSLIM Growth,56.2,Strong
3363,RHI,Robert Half Inc.,NA,9,9.7,9.2,42.09,0,4,1,5,137.1,22306015,05/22/2026,0,A,No,No,No,No,No,0.25,11.5,7.3,1.54,13.1,0,0,77,122.11,28,3.6,5.35,5.24,NA,-6.5,-6,-3,-9,Yes,No,-39.4,-30,-32,-40,7,-24,-40,-37,-8,No,No,53.9,41.8,Comml Svcs-Staffing,NA,20,74,No,1.69,14.8,Yes,25,32,-4.3,22.7,0,43.26,117,2,34,1.3,No,36,1.14,-3.37,85,99,68,0.97,66214,4227.8,5.61,102293.6,48.6,-13.1,29.6,52.3,NA,47.5,NA,15,1,A+,8.8,-1,58,38,19.8,26.8,14,5378.5,-37,-4,-45,NA,-4.8,2209,Yes,0.47,-37,1949,NA,No,567,NA,No,No,No,0.8,0,No,-18,1.2,-40,-7,New York Stock Exchange,No,99,No,3.47,-,100,98416.8,-33,-38,-28.6,-5.7,No,Yes,50.2,-1.6,BUSINS SVC,29,NA,No,75,3535.3,No,No,No,-0.8,36.2,NA,10,1.1,2026-07-24,RHI,0,0,0,0,10,10,10,30,104,20,FALSE,FALSE,Other,Momentum Leader,53.3,Improving
4151,UHAL,U-Haul Holding Co.,NA,7.9,8.2,7.1,72.95,0,0,0,2,175.6,1836468,NA,0,A+,No,No,No,No,Yes,9.65,-12,0,1.92,7.79,0,0,98,1122.3,67,1.9,2.89,2.62,NA,3.7,3.5,3,1,No,No,-193,-91.7,-75.9,-224.7,12,-41,-70,-87,1,No,No,41.4,71.3,Comml Svcs-Leasing,NA,11.1,69,No,1.66,106.6,Yes,18,297,-12.9,23.7,0,72.95,74,34,18,0.24,No,0,-1.36,-2.26,85,96,66,0.94,14913,12578.9,2.52,19435.6,32.1,-3.7,16.4,35.5,NA,23.9,NA,8,46,A+,-2.9,376,87,20.2,5,8,-,6037.8,-44,3,-86,NA,2.5,253,Yes,-0.98,-2,243,NA,No,288,NA,No,No,No,0.23,0,No,-52,1.9,-177,4,New York Stock Exchange,No,96,Yes,1.84,-,99,7739.4,-46,-28,-114.4,2.9,Yes,Yes,32,0.7,FINANCE,5.9,NA,No,76,20588.3,Yes,No,No,14.2,-26.6,NA,0.6,-10.7,2026-07-24,UHAL,0,0,0,0,10,10,10,30,97.33333333333333,5,FALSE,FALSE,Other,Momentum Leader,49.6,Improving
3942,TENX,Tenax Therapeutics Inc.,NA,1.5,1.3,1.4,19.4,0,3.9,21,3,457.1,792041,NA,0,A,No,No,No,No,Yes,0,-15.8,0,14.52,-17.36,0,0,18,0,0,0,6.96,7.71,NA,0,0,0,0,No,Yes,4.7,-82.2,-40.3,-14.1,402,86,141,48,-56,No,No,30,15.85,Medical - Development Biotech,NA,0.6,18,No,1.04,0,No,545,0,8.7,3.5,0,19.4,17,13,-14,-1.4,Yes,0,5.11,-18.3,85,81,51,0.47,13849,400,8.09,26525.2,33.9,-20,33.5,9.7,NA,-1.2,NA,8,17,B+,11.8,-37,-6,23.4,-3.7,8.7,18,0,96,0,-17,NA,0,1054,Yes,0.77,-42,808,NA,No,79,NA,No,No,No,NA,0,No,-25,2,-111,0,NASDAQ,No,87,No,3.35,-,92,24068,-111,85,-68.1,0,No,No,20,36.2,MEDICAL,-9.7,NA,No,50,309.3,No,No,No,169.6,-9.6,NA,-55.6,0,2026-07-24,TENX,0,0,0,0,10,10,10,30,77.33333333333333,25,FALSE,FALSE,Other,Momentum Leader,53.3,Improving
3662,SMBC,Southern Missouri Bancorp Inc.,NA,2.1,1.7,2.7,78.48,0,0,0,17,539.2,284961,05/15/2026,0,B+,No,No,No,No,No,-0.06,8.6,1.3,0.06,10.69,5.52,12.93,34,48.76,12,24.2,2.45,2.72,NA,11.4,10.5,13,10,No,No,24,21.7,20.5,24.5,59,1,16,21,9,No,No,31,77.44,Banks-Regional,NA,6.3,68,Yes,1.99,23.5,No,268,13,60.6,3,0,78.48,57,35,17,5.99,Yes,14,-0.93,-1.33,84,81,99,0.75,7370,861.1,2.77,11015.6,23.1,1.7,8.6,14.7,NA,25.7,NA,90,22,A+,5.3,20,5,8.2,2.3,3.3,45,182.6,15,9,17,NA,9.6,104,Yes,-0.73,10,103,NA,No,287,NA,No,No,No,4.34,0,Yes,15,2.5,25,12,NASDAQ,Yes,86,Yes,1.49,-,99,9398.8,25,17,19.9,10.3,Yes,No,17.2,0,BANKS,4.1,NA,No,41,792.5,No,No,No,36.2,-22.4,NA,11.3,22.7,2026-07-24,SMBC,10,8,10,0,7,10,10,55,90,35,FALSE,FALSE,CANSLIM Growth,CANSLIM Growth,67.7,Leading
3089,PKBK,Parke Bancorp Inc.,NA,1.4,1.6,1.9,34.47,0,0,0,17,539.2,158585,07/02/2026,0,B,No,No,No,No,Yes,-0.1,10.7,2.4,0.13,10.02,0,0,19,37.06,0,33.9,2.41,2.42,NA,12.4,11.9,12,13,No,No,33,50.1,44.9,41.5,163,-4,2,47,10,Yes,No,32.1,33.08,Banks-Regional,NA,6.3,68,Yes,0.78,45.8,No,268,9,19.4,1.6,0,34.47,57,35,25,3.5,Yes,21,-3.95,-4.03,84,66,97,0.57,2389,404,2.41,11731,22.1,-38.8,5.3,8.7,NA,30,NA,82,22,B+,0,0,0,4.3,0.3,1,95,145.7,-3,9,39,NA,9.7,77,Yes,-1.36,0,46,NA,No,187,NA,No,No,Yes,2.61,0,Yes,54,1.5,53,13,NASDAQ,Yes,76,Yes,1.16,-,96,10002.9,44,30,53.2,10.9,Yes,Yes,14.5,3.9,BANKS,1,NA,No,33,528.2,No,No,No,51.1,-39.2,NA,12.1,31.4,2026-07-24,PKBK,20,15,10,0,7,10,10,72,84.33333333333333,30,TRUE,FALSE,CANSLIM Growth,CANSLIM Growth,67.7,Leading
4174,UNP,Union Pacific Corp.,NA,9.6,9.9,9.3,303.15,0,0,0,5,533.6,28484157,05/29/2026,0,B,No,No,No,No,Yes,-27.9,30.6,1.9,0.92,19.36,3.66,5.07,69,94.26,23,37.4,2.2,2.19,NA,1.5,1.9,3,0,No,Yes,6.2,6.3,7.3,6,5,5,3,7,22,No,No,30.4,301.75,Transportation-Rail,NA,83.3,109,No,5.93,156.6,Yes,6,25,-5.5,4.8,0,303.15,54,26,21,11.9,Yes,6,0.78,-0.46,84,91,95,0.67,756865,177769.6,2.14,593713.2,22.1,25,16.9,20.2,NA,31.5,NA,55,7,A+,2.3,9,9,11.4,5.3,9.5,50,24510,6,3,5,NA,1.3,2807,Yes,2.33,7,3521,NA,No,3307,NA,No,No,No,7.25,0,Yes,9,1.5,-2,1,New York Stock Exchange,Yes,90,Yes,9.23,-,101,592406.8,12,11,3.4,1.7,Yes,Yes,18.7,-0.2,TRANSPORTATION,5.2,NA,No,48,202500.1,No,No,No,32.6,12.9,NA,40.4,27.4,2026-07-24,UNP,0,0,10,5,7,10,10,42,100,20,FALSE,FALSE,Other,Momentum Leader,48.8,Improving
3575,SGHC,Super Group (SGHC) Ltd.,NA,5.7,5.2,5.2,15.73,0,0,0,0,194.9,19448397,06/23/2026,0,A,No,No,No,No,Yes,0.26,0,1.2,1.61,20.38,0,0,70,116.84,16,16,4.16,4.08,NA,22,20.8,0,19,No,No,1077.8,334.7,1479,1189.7,23,-,77,115,22,No,No,23.3,14.73,Leisure-Gaming/Equip,NA,0,139,No,0.56,10,Yes,33,25,-0.6,11.9,0,15.73,125,93,38,0.58,Yes,0,0.14,-6.36,84,89,94,1.17,49609,7474.1,3.8,508096.7,24.5,-55.7,9.2,30.5,NA,48.2,NA,93,99,B,-2.1,65,16,8.2,-0.9,3.8,35,2198,322,18,64,NA,13.3,3666,Yes,0.02,176,1623,NA,No,249,NA,No,No,No,3.23,0,No,46,1.4,-1,22,New York Stock Exchange,No,90,No,10.22,-,96,163157.1,959,4912,22.5,18.4,Yes,No,25.7,2,LEISURE,-1.1,NA,No,34,7056.1,No,No,No,25.1,-44.4,NA,31.4,14.2,2026-07-24,SGHC,20,15,0,0,7,10,10,62,101,55,FALSE,FALSE,Pullback to 10SMA,CANSLIM Growth,50.7,Improving
3084,PINE,Alpine Income Property Trust Inc.,NA,1.2,1.2,2.6,21.88,0,1.5,3,41,1680.7,467827,06/11/2026,0,E,No,No,No,No,-,90.21,-13.1,5.7,0,12.17,1.14,2.76,25,0,10,-4.8,2.64,2.99,NA,18.6,19.8,20,13,Yes,Yes,12.3,15.1,11.9,11,-,4,9,12,0,No,No,30.1,21.75,REITs,NA,21,87,Yes,0.6,117.5,Yes,195,11,115.4,3.1,0,21.88,41,46,13,1.97,Yes,7,2.59,-0.59,84,84,91,0.4,3454,350.3,3.25,16524.7,21.2,32.9,13.2,9.7,NA,23.9,NA,81,21,D+,3.1,13,3,10,6.1,7.1,63,60.5,18,30,9,NA,26.1,170,Yes,0.55,21,222,NA,No,210,NA,No,No,Yes,5.55,0,Yes,20,1.6,23,16,New York Stock Exchange,No,84,Yes,1.15,-,102,15180.2,2,2,21.6,20,Yes,Yes,15.2,0.5,REAL EST,5.7,NA,No,34,697.4,Yes,Yes,No,52,-19.5,NA,-1,11.9,2026-07-24,PINE,17,8,7,5,7,10,10,64,88.33333333333333,15,FALSE,TRUE,CANSLIM Growth,CANSLIM Growth,59.7,Strong
3369,RIGL,Rigel Pharmaceuticals Inc.,NA,10.5,9,8.3,43.99,0,0,0,2,1294.3,3252727,NA,0,A,No,No,No,No,No,0.22,5.4,0,2.62,10.1,0.03,0.03,2,8.37,13,41.4,5.41,4.63,NA,62.7,58.3,20,43,No,Yes,3948.4,557,1809.4,1492.7,14,75,135,860,186,No,No,-5.3,40.54,Medical - Profitable Biotech,NA,3.8,55,No,1.68,3.8,No,52,2,-8.1,18.2,0,52.24,70,99,2,18.72,Yes,99,-2.71,-22.4,84,90,82,1.29,13728,771,5.05,18502.1,17.7,-51.1,21.5,25,NA,8.2,NA,41,79,A-,-44.7,-85,51,21.1,-2.6,4.5,98,294.3,171,10,1868,NA,15.7,417,Yes,-1.13,-96,197,NA,No,276,NA,No,No,No,2.5,0,No,-30,1.6,1592,64,NASDAQ,No,74,No,1.87,-,94,17888.1,109,5567,781.2,19,No,No,19.3,-5.2,MEDICAL,-4.7,NA,No,64,660.3,No,No,No,114.4,-37.9,NA,185.9,14.7,2026-07-24,RIGL,0,15,0,0,7,10,7,39,95.33333333333333,45,FALSE,FALSE,Value + Quality,Momentum Leader,53.3,Improving
4413,WLYB,John Wiley & Sons Inc. Cl B,NA,2.1,4.3,3.9,53.65,0,0,0,1,547.4,1440,07/07/2026,0,A,No,No,No,No,No,-3.35,13.6,2.8,0.54,10.13,2.43,5.86,30,44.33,10,12.8,1.55,2,NA,-1.2,-0.1,-5,-7,No,No,18.4,16.9,13.8,13.7,4,2,6,16,18,Yes,No,60.6,49.58,Media,NA,1.9,120,Yes,0.93,87.3,No,53,12,-8.8,0.3,0,53.65,102,133,42,4.23,Yes,11,2.35,-7.59,84,88,81,0.58,195,2573.8,2.48,8759.3,31.5,-70.1,9.4,26.4,NA,50.5,NA,70,118,A-,1.2,15,10,10.5,-3.5,2.1,68,1676.5,31,1,14,NA,1.3,0,Yes,1.14,-18,0,NA,No,6,NA,No,No,No,0.26,0,Yes,22,1.8,15,0,New York Stock Exchange,No,91,Yes,2.97,Yes,98,543.4,13,4,18.7,0.4,Yes,Yes,30.6,0,MEDIA,-2.2,NA,No,6,3237.5,No,No,No,16.1,-55,NA,27.7,30.2,2026-07-24,WLYB,10,8,7,0,7,5,10,47,94.33333333333333,30,FALSE,FALSE,Other,Momentum Leader,49.4,Improving
4480,XERS,Xeris Biopharma Holdings Inc.,NA,7.6,8,7.1,9.02,0,0,0,2,1294.3,12760034,NA,0,A,No,No,No,No,No,2.18,24.8,0,2.12,53.1,2.82,2.82,96,516.73,51,0.2,4.36,4.15,NA,46.3,46.9,58,35,No,Yes,123,173.7,152.8,133.7,9,48,58,277,0,No,No,12.1,8.8,Medical - Profitable Biotech,NA,3.8,55,No,0.31,1939,No,52,136,-11.8,7.7,0,10.08,70,99,9,0.06,Yes,0,1.27,-12.7,84,98,80,1.24,14258,1500.3,4.13,172642.1,24.5,-18.1,27.5,38.1,NA,17,NA,48,79,A+,464.6,4426,150,26,3.5,11.3,4,291.8,18,43,101,NA,46.6,2014,Yes,0.11,221,1610,NA,No,267,NA,No,No,No,4.84,0,No,117,2,300,44,NASDAQ,No,92,No,116.71,-,99,164661.8,104,90,208.3,44.6,Yes,Yes,30.9,2.3,MEDICAL,5.5,NA,No,40,1649,Yes,No,No,68.3,-37,NA,0,2.7,2026-07-24,XERS,32,15,0,0,7,10,10,74,102.33333333333333,10,FALSE,FALSE,CANSLIM Growth,CANSLIM Growth,53.3,Improving
3072,PHIN,PHINIA Inc.,NA,7.9,8.8,7.5,81.61,0,3.6,2,0,220.5,2941440,06/09/2026,0,E,No,No,No,No,No,1.22,16.5,1.5,1.82,10.3,0,0,44,85.29,13,5.7,3.35,3.5,NA,4,6.9,0,1,No,Yes,28.4,46.4,45.9,34.1,18,-,-3,45,6,No,No,27.8,80.14,Auto/Truck Equipment Parts & Tires,NA,0,75,No,2.82,64.3,Yes,55,15,-15.1,8.1,0,86.94,68,77,7,5.33,No,0,-1.1,-7.82,84,67,77,1.11,30492,2999.8,3.37,37020.6,18.5,-49.4,2.3,9.5,NA,15.6,NA,76,74,D-,13.9,23,11,1.3,2.3,0.1,38,3483,-7,10,28,NA,8.5,379,No,-0.89,24,194,NA,No,513,NA,No,No,No,0.83,0,No,37,1.1,66,2,New York Stock Exchange,No,68,Yes,1.92,-,98,36146.9,36,44,51.7,8.4,Yes,Yes,11,-0.8,AUTO,2.6,NA,No,72,3605.2,No,No,No,65.7,-39.7,NA,8.2,4.2,2026-07-24,PHIN,15,12,0,0,7,10,7,51,78,15,FALSE,FALSE,Other,Momentum Leader,37.8,Weak
4150,UGP,Ultrapar Participacoes S/A ADR,NA,1.1,0.5,0.2,6.28,0,3.7,1,11,372.5,682915,08/25/2025,0,B,No,No,No,No,Yes,2.11,20.9,4.6,1.67,10.76,0,0,45,23.39,9,2.7,3.3,3.28,NA,0,0,0,0,No,Yes,0,0,0,0,21,-,-,-,9,No,No,65.8,6.25,Oil&Gas-Refining/Mktg,NA,40.7,80,No,0.17,99.9,No,27,15,-56.7,0.1,0,6.28,48,7,43,0.5,Yes,0,0.16,-0.48,84,83,69,0.73,20673,6843.6,3.36,1115849.9,30.2,42.8,33,5.4,NA,52.4,NA,1,2,A-,24.1,50,-7,16.1,8.4,17.8,41,25483.5,-3,0,-3,NA,0,3793,No,0.01,41,5368,NA,No,69,NA,Yes,No,No,0.24,0,No,0,1.2,0,3,New York Stock Exchange,No,89,Yes,2.02,-,100,1068755.7,0,0,0,0,Yes,No,23.4,0,ENERGY,4.2,NA,No,2,9200.1,No,No,No,113.3,168.9,NA,17.9,2.4,2026-07-24,UGP,0,0,0,5,7,0,10,22,83.66666666666667,20,FALSE,FALSE,Other,Momentum Leader,48.8,Improving
3924,TDOC,Teladoc Health Inc.,NA,5.7,6.2,5.6,9.89,0,0,0,1,51.7,27420966,NA,0,A+,No,No,No,No,Yes,1.54,4.6,0,2.7,5.73,0,0,45,0,0,-9.3,5.43,5.39,NA,-1.7,-1.5,9,0,No,Yes,9.7,11.6,32.7,24.5,14,33,106,190,-14,No,No,34.7,9.43,Computer Sftwr-Medical,NA,4.5,138,No,0.44,76.9,No,22,0,-9.7,15.6,0,9.89,139,63,37,-0.97,Yes,0,-0.42,-4.62,84,97,67,1.75,34610,1709.5,5.28,180513.1,37.2,-19.7,24.2,65.7,NA,50.2,NA,43,63,A+,-5.5,20,30,22.6,0.7,8.5,45,2530,-338,-2,81,NA,-1.1,4493,Yes,-0.04,-31,3614,NA,No,378,NA,No,No,No,0.68,0,No,32,2.8,50,-2,New York Stock Exchange,No,95,No,1.27,-,95,175874.5,-47,96,41,-1.5,Yes,No,45.2,-0.8,SOFTWARE,1.6,NA,No,57,2013.7,No,No,No,17.3,0.8,NA,-13.9,-10.4,2026-07-24,TDOC,15,0,0,0,7,10,10,42,102.66666666666667,10,TRUE,FALSE,Pullback to 10SMA,Momentum Leader,59.1,Strong
4279,VLY,Valley National Bancorp,NA,5.7,6.5,6.2,15.2,0,0,0,17,539.2,40557511,06/15/2026,0,C-,No,No,No,No,No,-0.15,17.6,3,0.07,24.52,0,0,37,51.09,11,21.3,2.23,2.28,NA,10,11.2,9,1,No,No,47.6,85,83,65.4,73,-9,-12,82,5,No,No,28,14.95,Banks-Regional,NA,6.3,68,No,0.33,36.5,No,268,13,-3.6,8.5,0,15.2,57,35,18,1.11,No,21,-1.58,-1.64,83,74,96,1.12,87905,8417.3,2.19,554131.5,19.8,-10.2,7.5,10.6,NA,26.4,NA,83,22,B+,5.9,30,19,6.7,1.6,2.5,36,2025.8,-42,13,60,NA,13.5,6256,Yes,-0.24,34,5467,NA,No,608,NA,No,No,No,3.97,0,Yes,61,1.4,138,-2,NASDAQ,Yes,79,Yes,1.11,-,98,474860.3,56,77,99.8,11.9,Yes,Yes,14.8,0.8,BANKS,2.1,NA,No,57,11339.3,No,No,No,58,1.9,NA,7.8,18.8,2026-07-24,VLY,25,15,10,0,7,10,7,74,86.33333333333333,25,FALSE,FALSE,Pullback to 10SMA,CANSLIM Growth,67.7,Leading
3020,PDLB,Ponce Financial Group Inc.,NA,5.1,4.1,4.2,20.74,0,0,0,17,539.2,313901,NA,0,B+,No,No,No,No,No,-0.3,27.1,0,0.08,10.86,0.97,0.97,46,59.21,12,19.8,2.28,2.47,NA,28.9,31.2,6,17,No,No,195,154.7,135.6,134,84,16,106,124,9,No,No,23.9,20.25,Banks-Regional,NA,6.3,68,No,0.48,137.1,No,268,16,1.3,1.6,0,20.74,57,35,16,1.3,Yes,99,-1.46,-2.36,83,76,95,0.47,1496,497.1,2.23,24187.9,20,61.1,6,12.8,NA,23.1,NA,70,22,A-,33.3,38,7,6.4,1.3,2.2,21,109.2,207,23,161,NA,30.4,78,Yes,-0.3,48,122,NA,No,155,NA,No,No,No,4.26,0,Yes,44,1.7,250,14,NASDAQ,Yes,82,Yes,1.43,Yes,98,19646.5,170,79,147,31.1,Yes,No,15.5,0.6,BANKS,1.8,NA,No,28,1078.3,Yes,Yes,No,45,-17.6,NA,5.5,17,2026-07-24,PDLB,20,15,10,7,7,10,7,76,86.66666666666667,10,FALSE,FALSE,Pullback to 10SMA,CANSLIM Growth,67.7,Leading
4133,UBS,UBS Group AG,NA,2.9,3.1,2.8,55.15,0,0,0,1,5319.6,6318532,04/22/2026,0,B,No,No,No,No,No,3.5,-16.5,1.3,0.75,-10.56,0,0,51,71.4,14,11.1,2.11,2.1,NA,5.2,6.6,9,12,Yes,Yes,138,120.8,118.6,94.5,6,0,-31,105,6,No,No,13.9,52.73,Banks-Money Center,NA,3.7,34,No,1.05,400.8,Yes,27,17,-11.7,0.2,0,55.15,56,21,4,3.11,Yes,0,-1.44,-4.39,83,85,95,1.06,101069,162357.9,2.1,3277805.2,21.5,-27.4,6,20.6,NA,11.3,NA,87,23,B,17.6,28,19,8.5,0.6,3.1,23,47848,340,15,81,NA,12.5,2086,Yes,-0.77,22,1489,NA,No,2677,NA,No,No,No,3.49,0,Yes,84,1.7,201,-9,New York Stock Exchange,No,82,Yes,1.77,-,96,2767887.2,77,112,142.9,9.8,Yes,Yes,17.5,-0.3,BANKS,1.2,NA,No,43,337702.3,No,No,No,46.3,7.7,NA,8.9,14.7,2026-07-24,UBS,25,15,7,0,7,10,10,74,94.66666666666667,15,FALSE,FALSE,Pullback to 10SMA,CANSLIM Growth,67.7,Leading
3298,RBCAA,Republic Bancorp Inc. (Kentucky) Cl A,NA,2.4,2.9,3.7,93.85,0,0,0,17,539.2,347067,09/18/2026,0.5,C+,No,No,No,No,Yes,-0.06,9.2,2.3,0.13,10.6,0.98,1.17,39,54,14,31.8,2.37,2.52,NA,-20,-26.5,12,6,No,Yes,15.7,6.8,11.1,19.5,161,12,17,8,9,No,No,31.8,90.91,Banks-Regional,NA,6.3,68,Yes,2.2,5.1,No,268,14,31,4,0,93.85,57,35,18,6.48,Yes,6,-1.53,-3.13,83,85,95,0.64,8601,1613.8,2.37,17481,23,-0.8,7.3,20.5,NA,25.5,NA,79,22,B,18.5,-1,0,8.4,1.5,2.5,31,521.4,13,-51,29,NA,-44.1,101,Yes,-1.41,-4,99,NA,No,242,NA,No,No,No,4.33,0,Yes,-10,1.7,19,3,NASDAQ,Yes,90,Yes,1.56,-,98,8639,11,24,4.7,-36.3,No,No,20.1,-1.2,BANKS,3.1,NA,No,40,2143.1,No,No,No,20.2,-25.6,NA,12.5,29.7,2026-07-24,RBCAA,0,0,10,0,7,10,10,37,94.66666666666667,35,FALSE,FALSE,Pullback to 10SMA,Momentum Leader,67.7,Leading
4328,VTR,Ventas Inc.,NA,5.5,5.3,5,97.16,0,1.5,3,41,1680.7,22798754,06/30/2026,0,B,No,No,No,No,No,-31.39,38.4,2.3,0.34,26.46,5.07,8.95,72,665.18,24,4.2,2.42,2.53,NA,19.1,20.6,10,13,Yes,Yes,9.1,10.6,10.1,9.6,48,3,7,10,1,No,No,24.2,96.1,REITs,NA,21,87,Yes,2.17,85.2,Yes,195,27,-6.8,4.7,0,97.16,41,46,15,3.58,Yes,3,1.12,-1.09,83,85,88,0.54,352018,47289,2.29,486169.7,18.2,-7.7,17,12.9,NA,22.5,NA,52,21,B+,3.6,11,10,10.4,3.8,7.8,4,5834,7,22,9,NA,21.8,4170,Yes,1.06,10,3517,NA,No,2496,NA,No,No,No,7.62,0,Yes,12,1.1,10,18,New York Stock Exchange,No,84,Yes,3.56,-,101,483430.4,10,9,10.9,21.4,Yes,Yes,14.8,0.4,REAL EST,6,NA,No,64,57366.6,Yes,No,No,47,-30.7,NA,2.2,3.4,2026-07-24,VTR,15,0,7,0,7,10,7,46,90.33333333333333,0,FALSE,TRUE,Other,Momentum Leader,59.7,Strong
4091,TTNDY,Techtronic Industries Co. Ltd. ADR,NA,0,0,0,83.23,0,0,0,1,84.4,0,05/15/2026,0,E,No,No,No,No,-,0,0,1.9,0,14.75,4.27,6.27,69,95.47,0,8.5,2.52,2.43,NA,4.9,4.5,6,6,No,Yes,9.6,5.2,7.5,8.8,-,4,7,7,6,No,No,42.7,82.18,Building - Tools,NA,20,45,Yes,1.9,0,No,5,25,0,0,0,84.41,65,44,21,3.28,Yes,8,-0.39,-2.64,83,77,80,0.69,3567,30172.4,2.1,365653.9,19.7,-17,4.4,15.5,NA,26,NA,58,28,E,0,19,15,5.9,1.3,2.1,-,15259.5,15,2,7,NA,1.9,47,Yes,-0.32,0,37,NA,No,13,NA,Yes,No,No,1.97,0,No,0,0.9,0,4,US OTC,No,79,Yes,NA,-,99,0,15,15,0.4,3.6,No,No,14.6,0,BUILDING,2.5,NA,No,0,30014.3,No,No,No,40.8,45.2,NA,18,7.7,2026-07-24,TTNDY,0,0,0,0,7,0,7,14,87,30,FALSE,FALSE,Pullback to 10SMA,Momentum Leader,46.5,Improving
3570,SFTBY,SoftBank Group Corp. ADR,NA,0,0,0,20.6,0,2.6,1,1,898.7,0,03/31/2025,0,D,No,No,No,No,No,-8.01,-17.2,0.6,0.8,-16.98,0.4,0.41,9,22.37,51,79.3,8.19,7.82,NA,4.8,3.7,-3,2,No,Yes,455.7,895,721.4,565.2,11,15,111,325,36,No,No,22.3,17.34,Telecom Svcs- Foreign,NA,2.6,125,No,1.65,105.7,No,38,6,0,0,0,28.97,61,96,31,2.8,Yes,99,-2.36,-40.15,83,44,76,1.57,76120,209470,7.1,11397848,6.5,45.9,-20.7,17.6,NA,38.2,NA,85,104,D-,267.3,-87,-7,-15.8,-6.6,-11.5,89,49313.3,588,0,314,NA,-0.4,3719,No,-0.42,-92,5336,NA,No,28,NA,Yes,No,No,3.97,0,No,1242,0.8,1242,9,US OTC,No,63,No,1.8,Yes,84,0,200,200,1242.3,2.4,Yes,Yes,8.8,12,TELECOM,-11,NA,Yes,0,342142.3,No,No,No,92.1,26.3,NA,35.6,87.8,2026-07-24,SFTBY,25,15,0,5,7,0,5,57,72.66666666666667,35,TRUE,FALSE,CANSLIM Growth,CANSLIM Growth,34.8,Weak
4552,ZNTL,Zentalis Pharmaceuticals Inc.,NA,2.2,2.1,5,5.34,0,3.9,21,3,457.1,5868645,NA,0,A-,No,No,No,No,No,0.16,0.1,0,6.19,-2.93,0,0,51,0,0,0,7.96,8.54,NA,0,0,51,20,No,Yes,-66.9,26.8,37.7,-85.6,243,15,34,55,-50,No,No,278.5,5.11,Medical - Development Biotech,NA,0.6,18,No,0.35,19,No,545,0,140.6,12.9,0,6.95,17,13,36,-1.74,Yes,0,11.82,-26.47,83,87,67,1.75,4537,325.3,8.77,71186.4,84.9,226.1,41.2,10.1,NA,72.6,NA,45,17,A,-4.9,4,11,24.8,8.4,18,51,0,48,-100,18,NA,0,1119,Yes,0.54,-32,3554,NA,No,94,NA,No,No,No,7.18,0,No,25,1.4,21,-100,NASDAQ,No,99,Yes,1.99,-,105,45502.1,34,70,23,0,Yes,No,60.1,14.6,MEDICAL,4.7,NA,No,49,134,Yes,Yes,No,254.9,6.2,NA,-49.5,0,2026-07-24,ZNTL,10,12,0,10,7,10,10,59,84,25,FALSE,FALSE,CANSLIM Growth,CANSLIM Growth,53.3,Improving
3598,SHO,Sunstone Hotel Investors Inc.,NA,5.1,5.4,5.8,11.74,0,1.5,3,41,1680.7,13818164,06/30/2026,0,C-,No,No,No,No,Yes,6.93,30.8,3.2,2.87,12.54,0,0,31,364.39,0,2.6,2.35,2.31,NA,7.1,6.9,28,-2,Yes,No,0,0,0,0,139,-,-,-,0,No,No,31.2,11.73,REITs,NA,21,87,No,0.27,58,Yes,195,0,7.7,7.5,0,12.07,41,46,17,0.75,No,0,1.82,-2.82,83,82,60,1.1,29086,2146.1,2.37,186291.3,20.9,-30.4,-0.1,21.6,NA,28.3,NA,1,21,B-,0,750,174,5.5,3.8,2,31,960.1,0,11,0,NA,10.6,2636,No,0.21,0,1834,NA,No,537,NA,No,No,No,2.22,0,Yes,0,1.4,0,6,New York Stock Exchange,No,88,Yes,1.34,-,100,183517.1,0,0,0,7.5,Yes,No,18.8,2.1,REAL EST,4.5,NA,No,64,2895,No,No,No,33.3,-12.1,NA,1.2,7.1,2026-07-24,SHO,5,0,7,0,7,10,10,39,82,15,FALSE,FALSE,Other,Momentum Leader,59.7,Strong
3839,SUNC,SunocoCorp LLC,NA,2.4,2.8,2.9,74.56,0,3.7,1,11,372.5,1611115,05/08/2026,0,C,No,No,No,No,Yes,8.63,0,5.5,1.4,3.22,0,0,83,281.59,14,2.3,2.82,2.84,NA,0,0,0,0,No,No,0,0,0,0,16,-,-,-,0,No,No,51.1,74.45,Oil&Gas-Refining/Mktg,NA,40.7,80,No,1.9,588.5,No,27,39,2.6,3.8,0,74.56,48,7,27,2.5,No,0,2.07,-0.15,83,92,53,-0.24,34368,3757.7,2.98,51517.2,0,-40.3,18.8,23.8,NA,37.6,NA,1,2,C,29.4,1650,-22,9.8,5.6,9.9,-,25201,0,0,1093,NA,0,516,No,1.51,0,286,NA,No,248,NA,No,No,No,0.38,0,Yes,0,1.4,0,11,New York Stock Exchange,Yes,91,No,1.48,-,101,42932.6,0,0,0,0,Yes,No,22.9,8.8,ENERGY,7.2,NA,No,45,17068.6,No,No,No,0,-33.4,NA,-0.2,1,2026-07-24,SUNC,0,0,10,0,7,10,0,27,83,5,FALSE,FALSE,Other,Momentum Leader,48.8,Improving
4164,UMBF,UMB Financial Corp.,NA,5.2,5.4,5.5,148.31,0,0,0,17,539.2,4155466,06/10/2026,0,A,No,No,No,No,Yes,-0.05,6.8,1.2,0.41,10.54,1.31,1.5,30,49.34,11,21.2,2.6,2.76,NA,56.5,60.2,15,25,No,Yes,21,25.3,28.2,23.5,246,8,16,27,11,Yes,No,26.9,145.99,Banks-Regional,NA,6.3,68,Yes,3.79,6.3,No,268,12,3.3,5.8,0,148.31,57,35,12,12.15,Yes,9,-1.37,-1.56,82,84,99,1.02,93096,11246.4,2.89,75978.7,19.7,-41.2,10.1,18.1,NA,19.6,NA,93,22,A,20.9,14,6,8,1,2.8,63,2651.8,16,31,21,NA,48.6,688,Yes,-2.03,5,392,NA,No,707,NA,No,No,No,3.92,0,Yes,32,2,24,47,NASDAQ,Yes,83,Yes,1.47,-,98,71845.5,20,37,27.9,54.7,Yes,Yes,16.5,0,BANKS,1,NA,No,61,7140.3,No,No,No,33.4,-34,NA,12.6,24.4,2026-07-24,UMBF,22,12,10,0,7,10,7,68,95.33333333333333,40,TRUE,FALSE,Pullback to 10SMA,CANSLIM Growth,67.7,Leading
3635,SKWD,Skyward Specialty Insurance Group Inc.,NA,3.2,3.4,4.1,63.03,0,1.5,2,20,2363,1923269,NA,0,A,No,No,No,Yes,No,-0.56,5.8,0,0.78,6.07,0,0,37,54.84,12,15.2,3.8,4.01,NA,24.8,26.9,0,28,No,Yes,32.6,44.3,36.1,32.9,39,-,61,38,19,No,No,15.8,59.21,Insurance,NA,15.4,115,No,2.15,39.7,Yes,130,14,18.3,5.2,0,63.03,91,54,17,4.36,No,0,1.27,-6.06,82,92,98,0.57,28578,2370.6,3.91,40543.1,24.3,37.1,17.2,26.4,NA,27.4,NA,97,35,B+,11,22,12,16.7,-0.9,3.7,33,2166.3,45,25,31,NA,19,546,Yes,0.74,31,735,NA,No,386,NA,No,No,No,1.04,0,No,39,1.5,46,24,NASDAQ,No,91,Yes,2.15,-,97,36729.6,48,11,42.6,29.8,Yes,No,24,-0.8,INSURANCE,-0.2,NA,No,68,2226.6,Yes,No,No,9.4,1,NA,18.9,10.4,2026-07-24,SKWD,20,12,0,5,7,10,10,64,100.66666666666667,40,FALSE,FALSE,Pullback to 10SMA,CANSLIM Growth,71.2,Strong
4007,TMP,Tompkins Financial Corp.,NA,4.1,4,4.1,96.33,0,0,0,17,539.2,300234,05/08/2026,0,C,No,No,No,No,No,-0.08,19.8,2.9,0.1,34.68,0,0,14,30.7,12,57.3,2.3,2.37,NA,-1.5,-5,0,2,No,Yes,88.6,149.6,121.3,100.3,124,-3,88,156,15,No,No,29.7,94.04,Banks-Regional,NA,6.3,68,Yes,2.15,47.5,Yes,268,8,2.2,2.2,0,97.12,57,35,16,11.67,Yes,0,-1.32,-3.17,82,72,97,0.84,6932,1370.7,2.28,14382.9,20.3,62.3,6.9,9.8,NA,23.5,NA,97,22,B-,3.7,-33,7,5.8,1.3,1.7,99,446.6,653,2,126,NA,-23.9,78,Yes,-1.26,21,123,NA,No,334,NA,No,No,No,4.63,0,Yes,33,1.8,389,-10,NYSE American,No,81,Yes,1.42,Yes,98,13421.8,27,36,210.9,-11.2,Yes,No,14.7,0.3,BANKS,2.8,NA,No,43,1973.6,Yes,Yes,No,43.2,18.4,NA,19.5,22.8,2026-07-24,TMP,15,15,7,7,7,10,10,71,85.66666666666667,35,FALSE,FALSE,CANSLIM Growth,CANSLIM Growth,67.7,Leading
3964,THFF,First Financial Corp.,NA,2.9,3.3,3.9,78.44,0,0,0,17,539.2,382188,07/01/2026,0,B,No,No,No,No,No,-0.01,14.1,3,0.07,10.15,1.41,2.25,26,42.98,10,28.4,2.43,2.64,NA,18.6,16,7,9,No,Yes,56,58.8,60,61.3,79,5,6,50,9,No,No,26.5,76.45,Banks-Regional,NA,6.3,68,Yes,1.96,1.7,No,268,11,19.2,3.4,0,78.74,57,35,15,6.8,Yes,15,-2.19,-2.91,82,74,97,0.6,7800,929.5,2.43,11891.9,19.5,-18.1,4.9,13.2,NA,21.8,NA,73,22,A,2.1,9,3,6.3,0.7,0.9,78,261.8,-21,9,67,NA,11.6,107,Yes,-1.71,14,86,NA,No,369,NA,No,No,No,3.4,0,Yes,8,2,32,13,NASDAQ,No,80,Yes,1.39,-,98,11299.9,136,64,19.9,11.9,Yes,Yes,14.6,1.4,BANKS,1.6,NA,No,45,1259.5,No,No,No,35.7,-13.4,NA,13.2,22.2,2026-07-24,THFF,0,15,7,0,7,10,7,46,86.33333333333333,35,FALSE,FALSE,Other,Momentum Leader,67.7,Leading
3475,S,SentinelOne Inc.,NA,2.6,2.6,2.9,20.71,0,7.7,3,1,774.6,23106360,NA,0,A+,No,No,No,No,No,0.03,92.1,0,1.33,84.32,1.59,1.59,94,0,49,-27.9,5.47,5.37,NA,21.7,21.4,54,30,No,Yes,400.6,501.2,450.9,420.7,14,56,127,207,-29,No,No,30.5,19.57,Computer Sftwr-Security,NA,2.6,132,No,0.9,0,Yes,39,89,10,7.2,0,21.4,116,5,31,0.22,Yes,33,-0.31,-8.55,82,96,92,1.82,139968,6729.2,5.65,336745,26.7,-9.9,32.2,39.6,NA,40.8,NA,76,3,A+,83.3,75,43,16.6,5.2,14.8,18,1001.3,118,21,300,NA,20.5,8451,Yes,-0.06,78,7756,NA,No,499,NA,No,No,No,6.28,0,No,100,1.4,75,22,New York Stock Exchange,No,94,No,4.65,-,95,319171.6,1329,300,87.5,21.3,Yes,No,30.9,1.2,SOFTWARE,9.5,NA,No,55,6075.8,No,No,No,10.4,19.1,NA,-29,-27.5,2026-07-24,S,25,15,0,0,7,10,10,67,105,30,FALSE,FALSE,CANSLIM Growth,CANSLIM Growth,59.1,Strong
4264,VIRT,Virtu Financial Inc.,NA,3.1,3.6,3.6,68.02,0,4.1,2,2,794,4986917,06/01/2026,0,A+,No,No,No,No,-,-2.18,15.8,1.5,0,3.49,0.63,0.74,10,27.9,8,33.6,4.01,4.34,NA,54,55.6,-3,22,Yes,Yes,72,82.9,69.2,72.2,-,9,69,76,27,Yes,No,67.2,55.71,Financial Svcs-Specialty,NA,4.1,99,Yes,2.6,0,Yes,49,7,1.6,6,0,68.02,76,105,54,8.41,Yes,50,-4.43,-18.1,82,55,92,0.56,74796,9040,4.79,87024.4,29.8,2.5,-8.2,10,NA,51,NA,99,84,D+,90.9,25,-3,-1.4,-11.3,-10,75,2145.3,93,110,61,NA,84,1339,Yes,-2.58,45,1401,NA,No,599,NA,No,No,Yes,1.59,0,No,114,1.5,72,23,New York Stock Exchange,No,78,Yes,2.99,Yes,83,82458.4,62,28,93.2,67.3,Yes,Yes,21.6,2.6,FINANCE,-15.3,NA,Yes,65,7885,No,No,No,23.5,27.6,NA,30.9,23.9,2026-07-24,VIRT,35,15,0,0,7,10,10,77,76.33333333333333,50,TRUE,TRUE,Earnings Accelerator,CANSLIM Growth,49.6,Improving
4561,ZVRA,Zevra Therapeutics Inc.,NA,4.8,4.1,3.7,15.04,0,0,0,2,1294.3,6490132,NA,0,B,No,No,No,No,Yes,0.25,30.2,0,4.89,-457.6,0.21,0.21,9,22.64,20,81.4,5.81,5.64,NA,368.9,337.2,36,113,No,Yes,288.8,442.3,419.7,352.8,38,30,63,316,80,Yes,No,42.5,12.77,Medical - Profitable Biotech,NA,3.8,55,No,0.73,0.4,No,52,6,-9.1,11.1,0,15.04,70,99,33,1.99,Yes,0,0.08,-15.06,82,75,85,0.89,22594,754.3,4.67,59115.1,26.8,-63.3,1.3,19.7,NA,43,NA,73,79,D+,639.7,-21,-13,4.7,-6.4,-5,87,106.5,-75,78,159,NA,130.9,1879,Yes,0.01,-91,656,NA,No,200,NA,No,No,No,6.17,0,No,1100,1.4,128,351,NASDAQ,No,88,Yes,3.67,-,96,58316.4,99,352,614.2,289,Yes,Yes,25.6,11.7,MEDICAL,-4.3,NA,No,49,638.3,No,No,No,0.9,-61,NA,79.9,100.3,2026-07-24,ZVRA,35,15,0,0,7,10,10,77,87.66666666666667,55,TRUE,FALSE,CANSLIM Growth,CANSLIM Growth,53.3,Improving
3233,PWR,Quanta Services Inc.,NA,3.4,3.4,2.5,691.76,0,2.8,1,0,363.8,3337307,07/01/2026,0,E,No,No,No,No,No,3.08,53.2,0.1,1.14,42.64,2.56,2.57,89,325.45,44,4.9,4.03,4.23,NA,21.7,21.1,22,19,Yes,Yes,30.2,26.8,27.7,27.4,8,21,24,23,12,No,No,48.9,628.53,Bldg-Heavy Construction,NA,0,31,Yes,29.31,61,Yes,36,54,-26.1,2.2,0,788.75,27,51,32,11.65,Yes,4,-0.39,-20.31,82,32,84,1.21,897667,94691,4.02,150060.1,14.3,-2.5,-12.1,4.4,NA,34.7,NA,95,70,E,31.5,30,17,-11.5,-4.5,-8.3,12,28479.7,25,26,20,NA,23,1286,No,-2.49,33,1225,NA,No,2955,NA,No,No,No,3.13,0,No,51,0.6,7,20,New York Stock Exchange,No,56,Yes,10.43,-,94,148655.6,22,31,29,21.2,Yes,Yes,7.1,2.3,BUILDING,-4.6,NA,No,55,103342.9,Yes,No,No,58,-22,NA,12.7,2.8,2026-07-24,PWR,27,12,0,0,7,10,7,63,66,30,TRUE,TRUE,Earnings Accelerator,CANSLIM Growth,46.5,Improving
3913,TCMD,Tactile Systems Technology Inc.,NA,6,7.4,7.5,32.44,0,3.1,4,2,1057.2,2362243,NA,0,B+,No,No,No,No,Yes,0.16,13.5,0,4.24,15.64,0.88,0.88,78,123.25,24,9.5,4.74,4.42,NA,13.9,17.2,12,9,Yes,Yes,-8.7,41.6,25.7,-11.5,79,37,16,41,9,No,No,-0.9,28.74,Medical-Products,NA,1.6,116,No,1.23,5.5,Yes,128,33,1.4,10.9,0,37.77,142,122,-12,0.88,Yes,75,-2.28,-23.91,82,75,83,1.07,7759,663.4,4.78,22556.3,13.2,-38.5,11.3,11.7,NA,-5.6,NA,87,111,C+,33.3,38,38,8.1,-4.2,-0.7,24,329.5,-45,23,17,NA,21.9,298,Yes,-0.67,-4,174,NA,No,288,NA,No,No,No,1.89,0,No,38,1.3,15,12,NASDAQ,No,57,No,3,-,95,21737.5,71,-22,26.7,20.4,Yes,Yes,5.3,-0.3,MEDICAL,-3.7,NA,No,51,577.6,No,No,No,187.1,-35.6,NA,8.8,-2.3,2026-07-24,TCMD,20,12,0,0,7,10,7,56,82,40,FALSE,TRUE,CANSLIM Growth,CANSLIM Growth,53.3,Improving
4214,UVE,Universal Insurance Holdings Inc.,NA,2.4,3.3,4.5,43.41,0,1.5,2,20,2363,955202,07/31/2026,0.16,B,No,No,No,No,Yes,-0.4,3.1,1.5,1.12,2.95,0.1,0.1,8,21.75,8,15.2,3.29,3.55,NA,4.4,4.4,7,6,No,Yes,181.7,364.4,274.4,226.4,56,59,67,281,36,No,No,15.1,38.91,Insurance,NA,15.4,115,No,1.4,17.2,Yes,130,6,37.6,3.8,0,43.96,91,54,19,6.76,Yes,65,1.81,-11.49,82,53,82,0.53,7898,1066.8,3.65,27911.1,13.6,18.3,2.9,9.4,NA,30.4,NA,70,35,E,40.6,-25,2,-0.9,-6,-4.1,90,2140.3,-8,8,246,NA,5.6,208,Yes,0.69,31,224,NA,No,377,NA,No,No,No,0.5,0,No,39,1.1,768,5,New York Stock Exchange,No,67,Yes,1.86,-,90,25338.6,286,4,403.4,4.8,Yes,No,10.3,2.2,INSURANCE,-7.7,NA,No,48,667.6,No,No,No,54.9,40.7,NA,39.6,13.8,2026-07-24,UVE,15,15,0,0,7,10,7,54,72.33333333333333,50,FALSE,FALSE,Value + Quality,Value + Quality,71.2,Strong
4057,TRP,TC Energy Corp.,NA,5.9,9.6,13.2,70.9,0,0,0,3,786.9,32403545,06/30/2026,0,D-,No,No,No,No,No,-13.74,42.6,3.8,0.65,13.79,0,0,72,115.11,26,35.8,2,2.04,NA,-0.9,2.4,2,0,Yes,No,-10.5,-7.8,-6.9,-8.9,5,-3,-6,-9,0,Yes,No,26.8,69.76,Oil&Gas - Pipeline,NA,13.6,84,No,1.39,230.1,Yes,22,27,37.2,3.2,0,71.47,62,57,20,2.59,No,4,-0.2,-2.39,82,70,80,0.49,146369,70058.8,2.06,1000000,15.8,-36.5,2.7,15.1,NA,27,NA,44,29,D,2.9,2,5,2.4,2.3,2.2,10,10878.2,-1,19,-15,NA,10.3,2474,No,-0.14,0,2562,NA,No,1600,NA,No,No,No,6.14,0,No,6,1.1,-3,9,New York Stock Exchange,No,73,Yes,4.01,-,100,999164,-27,-4,1.6,5.9,Yes,Yes,11.3,0.6,ENERGY,3.6,NA,No,42,113119.4,No,No,No,46.2,18.4,NA,13.7,21.9,2026-07-24,TRP,5,0,0,0,7,10,7,29,84.33333333333333,10,FALSE,FALSE,Other,Momentum Leader,48.8,Improving
4433,WRLD,World Acceptance Corp.,NA,3.3,3.5,3.9,209.54,0,0,0,0,120.3,575387,NA,0,B,No,No,No,No,No,-30.04,5,0,0.53,3.72,2.89,2.89,71,99.01,17,7.7,4.37,4.56,NA,3.5,3.5,0,-1,No,No,-48.1,-74.2,-77.2,-55,2,9,46,-59,9,Yes,No,36.8,192.06,Finance-Consumer Loans,NA,0,66,Yes,8.65,182.2,Yes,21,26,11.8,15.3,0,227.68,99,28,31,7.38,No,0,-1.68,-15.64,82,83,79,1.46,23679,906.4,4.71,4640.3,26.7,-49.9,10.8,35.8,NA,38.2,NA,61,49,C-,-0.5,58,28,8.9,-3.4,-3,6,585.7,24,7,-57,NA,4.7,137,Yes,-3.28,132,68,NA,No,290,NA,No,No,No,1.52,0,No,-5,1.9,-108,4,NASDAQ,No,88,No,2.55,-,95,3714.7,-110,-86,-56.5,3.9,Yes,No,27,-3,FINANCE,-3.9,NA,Yes,84,1534.5,No,No,No,15.4,-48.3,NA,8.8,20.6,2026-07-24,WRLD,0,0,0,0,7,10,10,27,93.33333333333333,10,FALSE,FALSE,Other,Momentum Leader,49.6,Improving
3021,PDM,Piedmont Realty Trust Inc.,NA,4,3.3,3.1,9.99,0,1.5,3,41,1680.7,4032926,02/21/2025,0,B,No,No,No,No,Yes,29.4,340.7,0,1.47,8.68,0,0,11,0,6,-15.8,2.9,3.06,NA,-13.3,-15.1,-1,-6,No,No,-4.7,-2.7,-2.7,-3.7,110,-8,-11,-3,-5,No,No,17.5,9.8,REITs,NA,21,87,No,0.28,153.6,Yes,195,7,-5.1,3.3,0,9.99,41,46,4,1.42,No,6,-0.81,-1.9,82,90,77,1,10262,1235.2,2.97,125019,19.3,-45.9,12.3,26,NA,14.6,NA,37,21,A+,0,7,4,11.1,2.8,5.1,88,445.6,-14,0,-5,NA,-10.8,1162,Yes,-0.08,2,640,NA,No,441,NA,No,No,No,2.61,0,Yes,0,1.3,-5,1,New York Stock Exchange,No,88,No,0.83,-,99,123374,-3,-3,-2.7,-12.7,Yes,Yes,20,4.8,REAL EST,5,NA,No,48,3455.9,No,No,No,33.7,-42.9,NA,-5.4,-9,2026-07-24,PDM,0,0,7,0,7,10,7,31,93,5,FALSE,FALSE,Other,Momentum Leader,59.7,Strong
4152,UHAL.B,U-Haul Holding Co. Series N,NA,4.7,4.8,3.4,63.97,0,0,0,2,175.6,1588220,06/15/2026,0,A,No,No,No,No,Yes,9.65,-11.6,0.3,1.92,6.81,0,0,98,983.01,0,1.9,3.1,2.7,NA,3.7,3.5,0,0,No,No,-196.2,-91.1,-75.5,-228.3,12,-,-,-86,0,No,No,33.3,62.29,Comml Svcs-Leasing,NA,11.1,69,No,1.51,106.6,Yes,18,251,-29,1.6,0,63.97,74,34,12,0.25,No,0,-1.63,-2.63,82,95,62,1.06,25211,12578.9,2.63,176470.1,26.5,-22.3,15.2,27.2,NA,18.6,NA,8,46,A+,0,0,0,17.6,4.7,7.4,8,6046.1,-44,3,-85,NA,2.5,475,Yes,-1.03,0,366,NA,No,427,NA,No,No,No,1.82,0,No,-49,2.3,-178,4,New York Stock Exchange,No,93,Yes,1.6,-,98,100039.7,-46,-29,-113.8,2.9,No,No,26.3,-0.5,FINANCE,5.7,NA,No,44,18925,Yes,No,No,12.1,-28.9,NA,0.6,-10.7,2026-07-24,UHAL.B,0,0,0,0,7,10,10,27,89.66666666666667,5,FALSE,FALSE,Other,Momentum Leader,49.6,Improving
4125,UA,Under Armour Inc. Cl C,NA,8.7,8.7,8.3,7.33,0,0,0,2,931.7,28389460,NA,0,B+,No,No,No,No,No,1.02,-21.5,0,1.62,-41.36,0,0,90,0,67,-4,5.04,4.73,NA,-5.3,-3.7,-1,-7,No,No,-23.7,-3.9,22.1,-16.9,9,-26,-51,-75,-30,Yes,No,51.7,7.28,Apparel - Clothing & Shoes,NA,4,103,No,0.28,83.9,Yes,50,61,-4,25.4,0,7.91,130,130,19,0.12,No,76,2.68,-7.93,82,96,61,1.46,19983,3058.4,5.07,203035.4,31.3,7,31.6,15.6,NA,27.9,NA,44,112,A,-54,-10,116,25.3,10.4,16.9,8,4966.4,-43,-1,-61,NA,-3,3483,Yes,0.19,-14,3255,NA,No,276,NA,No,No,No,0.3,0,No,63,1.7,12,-3,New York Stock Exchange,No,88,No,2.19,-,102,111581.7,-87,100,37.5,-3.6,Yes,Yes,23.5,-1.8,CONSUMER,10.1,NA,No,55,3878.6,No,No,No,13.4,-15.3,NA,-30,-3.7,2026-07-24,UA,20,0,0,0,7,10,10,47,89.66666666666667,5,TRUE,FALSE,Other,Momentum Leader,55.2,Strong
3943,TEO,Telecom Argentina S.A. ADR,NA,0.8,0.9,0.4,14.04,0,2.6,1,1,898.7,252163,11/20/2020,0,D+,No,No,No,No,No,-1.79,15.9,0,0.58,3.76,0,0,55,95.13,9,-2.4,5.29,4.98,NA,50.7,49.3,0,28,No,No,715.4,1465.5,1071.2,836.8,5,-,93,40,-3,Yes,No,13,13.12,Telecom Svcs- Foreign,NA,2.6,125,No,0.68,54.8,Yes,38,18,-52.2,0.3,0,16.34,61,96,12,0.72,Yes,0,-1.43,-19.71,82,56,54,0.89,7742,6105.2,4.45,125611.6,12.1,-76.4,-10,9.9,NA,20,NA,37,104,D,247.7,692,-41,0,-1,-1.2,18,5929.1,219,40,-111,NA,35.4,576,No,-0.19,1776,140,NA,No,33,NA,Yes,No,No,0.26,0,No,7084,1,-54,47,New York Stock Exchange,No,65,Yes,0.97,-,93,85994.6,-2634,-112,3515.1,46,Yes,Yes,7.9,3.1,TELECOM,-3.2,NA,No,8,4158.2,No,No,No,46.8,-66.4,NA,-2.7,27,2026-07-24,TEO,32,15,0,0,7,5,7,66,64,5,TRUE,FALSE,CANSLIM Growth,CANSLIM Growth,34.8,Weak
3663,SMBK,SmartFinancial Inc.,NA,3.3,3.1,3.4,48.84,0,0,0,17,539.2,305671,05/15/2026,0,B,No,No,No,No,Yes,-0.06,12.8,0.8,0.19,13.18,5.48,7.59,44,58.6,13,19.6,2.84,2.89,NA,16.6,16.6,9,8,No,Yes,41.3,40.8,43.1,41.8,195,2,7,43,9,No,No,30.2,48.15,Banks-Regional,NA,6.3,68,Yes,1.31,19.4,Yes,268,15,10.4,2,0,49.06,57,35,15,3.17,Yes,16,-1.01,-1.86,81,83,98,0.73,4061,831.7,2.8,17098.5,21.1,37.7,8,13.6,NA,22.1,NA,80,22,A+,3.8,21,14,9.8,2.6,3.6,24,200.5,2,15,46,NA,14.4,94,Yes,-0.49,31,125,NA,No,243,NA,No,No,Yes,3.97,0,Yes,21,2.3,42,11,New York Stock Exchange,No,87,Yes,1.46,-,99,15057.4,59,50,31.5,14.8,Yes,Yes,16.9,-2.4,BANKS,3.6,NA,No,39,866.1,Yes,Yes,No,33.6,8.8,NA,9.6,16.7,2026-07-24,SMBK,15,12,7,5,7,10,10,66,89.33333333333333,30,FALSE,FALSE,CANSLIM Growth,CANSLIM Growth,67.7,Leading
3761,SRCE,1st Source Corp.,NA,2.8,3.3,3.3,85.06,0,0,0,17,539.2,444875,05/05/2026,0,C,No,No,No,No,No,-0.02,10.1,2.1,0.03,9.14,1.15,1.42,34,48.37,12,34.1,2.42,2.58,NA,12.4,12.8,7,8,No,Yes,16.6,20,15.3,17.8,19,9,9,17,10,No,No,33.6,83.48,Banks-Regional,NA,6.3,68,Yes,2.04,7.4,No,268,13,2.4,2.5,0,86.64,57,35,21,6.52,Yes,5,-1.61,-3.65,81,79,97,0.69,9943,2042.2,2.78,24068.9,21.6,-8.3,9.1,11.8,NA,29,NA,80,22,A,0,6,3,8.5,1.9,3.3,47,434.7,7,11,20,NA,12.8,131,Yes,-1.37,13,116,NA,No,359,NA,No,No,No,4.49,0,Yes,7,1.8,31,5,NASDAQ,Yes,85,Yes,1.57,-,98,17738.7,21,1,19.4,13.3,Yes,No,17.2,-1.1,BANKS,2.5,NA,Yes,47,2330.3,Yes,No,No,30.4,-26.2,NA,13.1,26.6,2026-07-24,SRCE,5,8,10,0,7,10,10,50,87.66666666666667,40,FALSE,FALSE,Pullback to 10SMA,Momentum Leader,67.7,Leading
3975,TILE,Interface Inc.,NA,6.5,7.5,7.5,35.67,0,1.6,1,1,670.4,4520754,06/05/2026,0,B,No,No,No,No,Yes,0.83,14.3,0.4,2.43,11.65,1.27,1.31,46,59.42,19,9.9,3.74,3.5,NA,5.6,6.3,4,3,No,Yes,28.7,45.1,46.3,37.9,39,12,32,42,20,Yes,No,18.4,33.06,Building - Construction Products,NA,1.6,89,Yes,1.14,40.7,Yes,64,16,0.3,8,0,36.66,49,43,2,2.11,Yes,18,-2.74,-9.81,81,74,94,1.2,18457,1973.3,3.55,58056.2,13.8,-21.8,6.9,17.2,NA,7,NA,98,53,B-,24.2,10,9,6.2,-1.4,-2,68,1386.9,46,7,33,NA,5.5,596,No,-0.93,6,448,NA,No,493,NA,No,No,No,1.36,0,No,64,1.5,44,5,NASDAQ,No,71,Yes,3.02,-,95,56483.2,27,50,54.1,5.7,Yes,Yes,11.2,-0.4,BUILDING,-0.6,NA,No,71,2142.8,Yes,No,No,56.7,-40.8,NA,20.6,7.1,2026-07-24,TILE,20,12,0,0,7,10,7,56,90,45,TRUE,FALSE,CANSLIM Growth,CANSLIM Growth,46.5,Improving
3554,SENEA,Seneca Foods Corp. Cl A,NA,1.3,1.4,1.2,187.61,0,4.2,2,1,834,176578,NA,0,B-,No,No,No,No,Yes,0.47,7.1,0,5.06,5.23,5.12,5.12,22,39.25,11,9,4.71,5.04,NA,6.6,5.2,3,3,No,Yes,767.4,1490.3,1122.2,923.8,35,2,66,206,16,Yes,No,53.7,170.09,Food - Packaged,NA,2.1,121,Yes,8.23,36,Yes,48,10,-11.8,3.8,0,187.61,97,108,34,16.6,Yes,70,0.21,-9.34,81,70,87,0.37,23046,1150.9,4.36,5221.2,28.1,-50.4,9,21.3,NA,45.1,NA,99,77,E,0,-11,-6,9.4,-3.1,-0.3,71,1659.7,-31,14,181,NA,7.5,148,Yes,0.35,36,73,NA,No,283,NA,No,No,No,0.54,0,No,4139,1.5,209,5,NASDAQ,No,87,Yes,1.53,-,93,4616.5,123,18,2173.8,7.7,Yes,Yes,22.6,4.8,FOOD/BEV,-3.7,NA,No,51,1379.4,No,No,No,64.3,-32.8,NA,16.5,6.4,2026-07-24,SENEA,30,15,0,0,7,10,10,72,86.33333333333333,50,TRUE,FALSE,CANSLIM Growth,CANSLIM Growth,49.8,Improving
3555,SENEB,Seneca Foods Corp. Cl B,NA,3,2.9,3.1,181.48,0,4.2,2,1,834,781,NA,0,C-,No,No,No,No,Yes,0.47,7.1,0,5.06,5.27,5.16,5.16,23,39.25,12,9,1.79,2.31,NA,6.6,5.2,3,3,No,Yes,767.4,1490.3,1122.2,923.8,35,2,66,206,16,Yes,No,56.3,171.23,Food - Packaged,NA,2.1,121,Yes,3.68,36,Yes,48,10,5.9,0.2,0,181.48,97,108,32,16.6,Yes,70,-2.8,-5.65,81,71,84,0.36,79,1150.9,2.06,1549.2,30.1,-10,6.4,7.1,NA,43,NA,99,77,E,0,-11,-6,11.3,-3.3,2.2,68,1659.7,-31,14,181,NA,7.5,0,Yes,-4.94,36,0,NA,No,23,NA,No,No,No,0.16,0,No,4139,1.3,209,5,NASDAQ,No,88,Yes,1.54,-,97,450.7,123,18,2173.8,7.7,Yes,Yes,24.8,4.5,FOOD/BEV,-5.6,NA,No,14,1385.7,Yes,Yes,No,64.9,13.4,NA,16.5,6.4,2026-07-24,SENEB,30,15,0,0,7,7,10,69,83.66666666666667,50,TRUE,FALSE,CANSLIM Growth,CANSLIM Growth,49.8,Improving
4052,TRNO,Terreno Realty Corp.,NA,8.4,7.1,6.5,78.94,0,1.5,3,41,1680.7,5322777,06/26/2026,0,A+,No,No,No,No,No,-36.68,32,3,0.69,28.36,0,0,97,70.18,0,84.6,2.15,2.35,NA,22.2,20.3,21,20,No,No,0,0,0,0,70,-,-,-,10,No,No,27.8,75.06,REITs,NA,21,87,No,1.56,23.4,No,195,0,-8.3,5.1,0,78.94,41,46,14,2.2,Yes,0,-0.03,-4.91,81,89,82,0.81,62950,7981.5,2.4,106307.2,19,28.9,17.5,12.1,NA,19.8,NA,13,21,A+,-1.1,-10,6,13,7.5,11.3,97,476.4,19,13,17,NA,22.6,949,Yes,-0.02,0,1217,NA,No,763,NA,No,No,No,16.27,0,Yes,0,2.1,0,25,New York Stock Exchange,Yes,88,Yes,1.85,-,100,104151.9,0,0,0,20.6,Yes,No,17.1,-0.8,REAL EST,8.2,NA,No,73,8674.3,No,No,No,33.7,16.4,NA,10.3,55.5,2026-07-24,TRNO,5,0,10,5,7,10,7,44,89,20,FALSE,FALSE,Other,Momentum Leader,59.7,Strong
3450,RUSHA,Rush Enterprises Inc. Cl A,NA,8.6,9.3,9.2,80.17,0,0,0,1,136.7,4759851,05/12/2026,0,B+,No,No,No,No,Yes,0.78,11.6,1,1.46,6.38,2.58,2.9,66,90.34,20,4.7,2.94,3.1,NA,-5.5,-6.6,10,-1,No,Yes,-8.1,-6.6,-6.8,-8.8,10,8,-11,-9,9,Yes,No,42.5,76.89,Retail/Whlsle-Automobile,NA,4.8,93,No,2.21,20.5,Yes,21,23,-0.5,7.9,0,80.17,98,97,21,3.31,No,26,-3.48,-4.09,81,70,78,0.91,36517,6167,3.21,60997.1,21.6,-2,13.2,4,NA,25,NA,44,72,A-,11.2,12,23,8.3,2.7,5.3,27,7434.2,-10,-9,-12,NA,-10.4,515,Yes,-2.77,-3,493,NA,No,609,NA,No,No,No,0.65,0,No,5,1.2,-11,-5,NASDAQ,No,75,Yes,2.63,-,96,60146.6,-14,-7,-2.8,-7.2,Yes,Yes,14,-0.8,RETAIL,1.9,NA,No,75,7150,No,No,No,46,-8.4,NA,12.1,3.6,2026-07-24,RUSHA,0,0,0,0,7,10,10,27,78.33333333333333,25,FALSE,FALSE,Other,Momentum Leader,48,Improving
4439,WSC,WillScot Holdings Corp.,NA,7.7,7.8,7.1,27.62,0,0,0,2,175.6,18938846,06/03/2026,0,D+,No,No,No,No,No,-30.92,18.5,1.1,0.79,6.52,1.69,1.82,70,67.6,24,-2.4,4.65,4.02,NA,-4.2,-4.1,6,-1,No,Yes,-18.8,-24.8,-26.3,-24.5,4,14,-12,-30,-4,No,No,44.6,27.23,Comml Svcs-Leasing,NA,11.1,69,No,1.1,426.6,Yes,18,25,-8.4,10.7,0,31.88,74,34,12,1.07,Yes,30,1.02,-14.6,81,79,57,1.34,61749,4877.8,3.74,180994.7,24.6,-27.2,-2.2,34.6,NA,21,NA,39,46,C,29.4,-10,23,3,3.4,-0.9,17,2281.4,-4,-2,-26,NA,-4,2352,No,0.28,-9,1665,NA,No,617,NA,No,No,No,2.17,0,No,-12,1.3,-41,-5,NASDAQ,No,86,Yes,5.66,-,99,176436.5,-21,-31,-26.7,-4.6,No,No,21.8,-1.6,FINANCE,3.8,NA,Yes,82,8818.4,No,No,No,-10.4,-43,NA,-5.7,5.1,2026-07-24,WSC,0,0,0,0,7,10,10,27,84.33333333333333,0,FALSE,FALSE,Other,Momentum Leader,49.6,Improving
4547,ZION,Zions Bancorp N.A.,NA,4.1,4.5,4.1,73.34,0,0,0,17,539.2,6523045,05/14/2026,0,A-,No,No,No,No,Yes,-0.08,8.5,2.5,0.14,9.65,0,0,26,42.76,11,23.8,2.2,2.27,NA,7.8,8,3,1,No,No,32.4,25.8,26.2,24.5,165,-3,5,25,10,Yes,No,23.5,72.27,Banks-Regional,NA,6.3,68,Yes,1.53,30.3,No,268,11,-10.2,4.5,0,73.34,57,35,15,6.43,Yes,16,-1.42,-1.46,80,85,97,1.3,104774,10783.3,2.21,147091.8,21.7,13,9.3,15.2,NA,21.2,NA,77,22,A+,9.6,8,6,10.5,2.4,4.2,78,3385,14,7,21,NA,7.7,1604,Yes,-1.04,-4,1776,NA,No,749,NA,No,No,No,3.09,0,Yes,38,1.9,31,-1,NASDAQ,Yes,86,Yes,1.47,-,99,144753.2,8,27,34.7,8,Yes,Yes,17.5,0.4,BANKS,2.3,NA,No,54,14674.4,No,No,No,28.1,-2.3,NA,13.3,19.4,2026-07-24,ZION,15,12,10,0,7,10,10,64,97.33333333333333,30,TRUE,FALSE,CANSLIM Growth,CANSLIM Growth,67.7,Leading
3735,SPG,Simon Property Group Inc.,NA,5.7,6.2,5.7,231.53,0,1.5,3,41,1680.7,10848176,06/09/2026,0,B+,No,No,No,No,No,-23.2,25.5,4.1,0.36,16.67,2.24,4.54,55,159.91,17,33.2,1.95,2.12,NA,9.1,10.9,7,6,Yes,Yes,-0.7,4.1,5.2,-0.8,51,4,1,3,34,No,No,23.5,228.7,REITs,NA,21,87,No,4.59,518.1,Yes,195,18,-8.6,3.4,0,231.53,41,46,17,12.58,Yes,7,0.09,-1.22,80,79,94,0.95,425154,74097,2.04,324281.9,17.8,-31.8,9,10.9,NA,23.7,NA,51,21,A+,-3.2,6,5,7.7,2.7,3.4,20,6364.5,4,19,-5,NA,16.3,2060,Yes,0.21,2,1408,NA,No,2597,NA,No,No,No,11.15,0,Yes,9,1.8,-11,7,New York Stock Exchange,Yes,82,Yes,15.39,-,100,321066.1,14,9,-1.1,13.6,Yes,Yes,15.1,-0.9,REAL EST,4.5,NA,Yes,54,128794.7,No,No,No,40.5,-29.1,NA,113.6,27.3,2026-07-24,SPG,5,0,10,0,7,10,7,39,86.33333333333333,20,FALSE,FALSE,Other,Momentum Leader,59.7,Strong
3029,PEBO,Peoples Bancorp Inc. (Ohio),NA,5.8,6.5,6.8,40.19,0,0,0,17,539.2,1764549,05/04/2026,0,A-,No,No,No,No,No,-0.05,12.3,4.4,0.05,9.45,1.27,2.38,29,48.05,11,21.8,1.91,2.01,NA,3.4,4.3,19,8,Yes,Yes,-5,11.5,1.5,-2.3,48,5,-11,2,5,Yes,No,31.2,39.39,Banks-Regional,NA,6.3,68,No,0.74,15.9,Yes,268,12,4.5,5.1,0,40.19,57,35,18,3.32,Yes,21,-1.4,-1.98,80,84,93,0.65,8357,1435.4,1.94,35928.8,21,44,10.2,14.6,NA,26.2,NA,59,22,A,3.6,8,8,9.4,2.2,3.8,65,466.1,-19,6,-8,NA,5.4,230,Yes,-0.56,41,322,NA,No,317,NA,No,No,No,3,0,Yes,19,2,11,0,NASDAQ,Yes,86,Yes,1.16,-,98,34711.4,4,-28,15.2,4.7,Yes,Yes,17.1,0,BANKS,2.9,NA,No,40,2031.6,Yes,No,No,24.1,9,NA,9.1,18.5,2026-07-24,PEBO,10,0,10,5,7,10,10,52,87.66666666666667,15,FALSE,FALSE,Other,Momentum Leader,67.7,Leading
3863,SWK,Stanley Black & Decker Inc.,NA,3.9,4,3.4,93.29,0,0,0,1,84.4,6479665,06/08/2026,0,C+,No,No,No,No,No,7.85,22.9,3.8,1.14,14.1,0,0,57,141.96,16,2.8,3.59,3.66,NA,-0.7,0,-3,-3,No,No,18.9,6.2,4.4,10.3,1,-19,126,4,1,No,No,21.4,90.17,Building - Tools,NA,20,45,Yes,3.14,52.4,Yes,5,19,-15.7,4.2,0,95.16,65,44,0,4.72,No,0,-1.25,-5.24,80,83,86,1.3,131362,14194.6,3.75,155455.6,17.2,-26.1,9.3,26.4,NA,6.6,NA,79,28,C+,35.3,15,16,8.7,1.5,1.5,60,15130.4,201,3,7,NA,0.9,1587,No,-1.14,12,1313,NA,No,1120,NA,No,No,No,0.92,0,No,7,1.2,-5,-2,New York Stock Exchange,No,76,Yes,1.56,-,99,155002.5,17,-1,0.6,0.6,Yes,No,13.4,0.6,BUILDING,2.2,NA,Yes,63,19726.9,Yes,No,No,27.3,-23.4,NA,4.5,1.6,2026-07-24,SWK,0,0,0,0,7,10,7,24,90,20,FALSE,FALSE,Other,Momentum Leader,46.5,Improving
4190,URI,United Rentals Inc.,NA,2.5,2.6,2.7,1110.65,0,0,0,2,175.6,1494589,05/13/2026,0,B-,No,No,No,No,No,-26.54,91.7,0.7,0.8,13.01,1.18,1.22,68,103.61,22,20.7,2.99,3.1,NA,5.4,5.1,15,8,No,Yes,0.3,1.5,0.6,-0.2,5,20,6,-1,23,No,No,29.1,1045.21,Comml Svcs-Leasing,NA,11.1,69,No,33.34,149.4,Yes,18,24,2,2.4,0,1143.69,74,34,7,42.97,Yes,14,-2.48,-8.61,80,66,86,1.38,504757,67145.8,2.94,62646.6,16.4,1.5,-0.4,31.3,NA,13.5,NA,70,46,D,8.5,12,14,1.2,-3,-3.9,25,16099,6,7,-3,NA,5,494,No,-26.61,10,490,NA,No,2681,NA,No,No,No,4,0,No,10,1.5,-4,5,New York Stock Exchange,No,70,Yes,7.31,-,95,62307.5,-1,-2,2.6,5.3,Yes,Yes,16,2.3,FINANCE,-4.6,NA,No,55,80819.5,Yes,No,No,28,-14.9,NA,28.4,13.3,2026-07-24,URI,0,0,0,0,7,10,7,24,89.33333333333333,30,FALSE,FALSE,Other,Momentum Leader,49.6,Improving
3500,SB,Safe Bulkers Inc.,NA,3.2,3.2,2.5,7.31,0,2,1,0,71.3,1749178,06/30/2026,0,D,No,No,No,No,No,5.53,0,3.5,1.21,6.87,0,0,44,58.03,9,14,3.91,3.77,NA,-4.6,-0.4,0,-4,Yes,No,3.2,76.1,33.6,11.8,7,-3,-28,-17,2,Yes,No,41.5,6.82,Transportation-Ship,NA,0,19,No,0.25,46.1,Yes,49,15,-23,3.3,0,7.38,12,24,26,0.45,No,0,-2.71,-7.59,80,56,75,0.88,5453,713.8,4.16,101826.6,17.8,42.8,5.7,2.7,NA,33.2,NA,54,38,D,71.4,177,-41,0.9,-0.4,1.5,38,288.1,24,16,-53,NA,10.9,821,No,-0.19,2050,1142,NA,No,154,NA,No,No,No,2.4,0,No,260,1.5,-7,-10,New York Stock Exchange,No,61,Yes,0.83,-,93,52918.2,-25,-94,126.7,6,Yes,Yes,10.8,4.8,TRANSPORTATION,-1.2,NA,No,41,1111.3,No,No,No,65.1,100.3,NA,4.6,29.9,2026-07-24,SB,30,15,0,5,7,10,7,74,72.33333333333333,10,TRUE,FALSE,CANSLIM Growth,CANSLIM Growth,48.8,Improving
4256,VIAV,Viavi Solutions Inc.,NA,1.9,2.3,1.3,44.59,0,10.5,2,0,152.7,10290538,NA,0,E,No,No,No,No,No,1.65,203.8,0,1.61,95.91,0,0,87,1131.88,31,3.6,7.93,8.32,NA,27.2,30,-2,5,Yes,No,88.3,99.7,90.4,102.3,6,-14,8,85,5,No,No,114.1,38.16,Telecom - Equipment,NA,0,10,Yes,3.96,104,Yes,19,50,-43.3,4.2,0,60.43,1,30,87,0.77,No,37,3.33,-36.85,80,16,74,1.09,356549,9110.1,7.78,246685.6,25.1,8.9,-21.7,-13.5,NA,105.2,NA,93,69,E,17,100,37,-21.4,-7.1,-15.6,30,1084.3,-40,43,42,NA,39.6,7391,No,1.23,129,7465,NA,No,701,NA,No,No,No,6.89,0,No,80,0.5,69,8,NASDAQ,No,55,Yes,10.55,-,89,244428.3,150,63,74.6,34.9,Yes,Yes,7.4,8.7,TELECOM,-11.4,NA,No,59,10160.3,Yes,Yes,No,271.2,-43.6,NA,4.8,1.6,2026-07-24,VIAV,27,15,0,0,7,10,10,69,56.666666666666664,20,FALSE,TRUE,CANSLIM Growth,CANSLIM Growth,34.8,Weak
3254,QMCO,Quantum Corp.,NA,2.6,1.1,2,11.6,0,5.3,2,0,2936.1,2146146,NA,0,C-,No,No,No,No,No,-0.44,-5.2,0,0.55,-3.56,0,0,21,0,0,-35.8,12.83,13.33,NA,-0.8,3.1,-8,-15,Yes,No,54.9,72.3,57.3,52.9,1,-27,-32,51,0,No,No,64.8,10.63,Computer-Hardware/Perip,NA,0,2,No,1.72,0,Yes,38,0,84.9,8.7,0,18.48,3,3,13,-2.69,No,0,10.73,-42.48,80,85,63,1.67,14555,378,10.8,39374.5,27.4,-13.8,-28.9,46,NA,34.7,NA,70,14,D,31.1,88,117,-3.9,4.8,-9.3,21,279.6,-163,31,82,NA,16.7,1205,No,1.03,89,1024,NA,No,16,NA,No,No,No,1.5,0,No,91,1.2,56,2,NASDAQ,No,94,No,-0.78,Yes,92,24605.2,70,12,73.3,7.5,Yes,Yes,33,0,COMPUTER,6.1,NA,No,4,543.1,No,No,No,13.3,-35.2,NA,0,-12.2,2026-07-24,QMCO,27,15,0,0,7,0,10,59,86,25,TRUE,TRUE,CANSLIM Growth,CANSLIM Growth,49.2,Improving
3172,PRLD,Prelude Therapeutics Inc.,NA,4.2,4.1,5.6,5.33,0,3.9,21,3,457.1,2822240,NA,0,D,No,No,No,No,No,0.31,-5,0,2.03,-5.74,0,0,61,0,0,-819.6,8.99,8.96,NA,0,0,86,110,No,Yes,30.5,51.5,41.3,33.1,107,28,22,48,-99,Yes,No,44.8,4.2,Medical - Development Biotech,NA,0.6,18,No,0.4,24.9,No,545,0,34.2,6.8,0,5.69,17,13,86,-1,Yes,0,0.48,-26.19,80,32,60,1.58,1999,332.9,9.09,64917.2,41.7,-57.8,-3.4,-5.4,NA,132,NA,62,17,E,48.5,56,-8,-4.9,-11,-8.8,61,12.1,17,41,23,NA,78.8,442,Yes,0.02,46,181,NA,No,47,NA,No,No,No,16.31,0,No,69,1.2,46,73,NASDAQ,No,67,Yes,4.4,-,89,41756,40,11,57.5,0,Yes,Yes,22,23.7,MEDICAL,-12.6,NA,No,50,269.8,No,No,No,412.2,-44.2,NA,-99.5,-226.8,2026-07-24,PRLD,27,15,0,0,7,10,10,69,57.333333333333336,30,TRUE,TRUE,CANSLIM Growth,CANSLIM Growth,53.3,Improving
4126,UAA,Under Armour Inc. Cl A,NA,5.8,5.9,6.3,7.5,0,0,0,2,931.7,56524047,NA,0,A-,No,No,No,No,No,1.02,-21.8,0,1.62,-42.21,0,0,91,0,68,-4,5.24,4.94,NA,-5.3,-3.7,-1,-7,No,No,-23.7,-3.9,22.1,-16.9,9,-26,-51,-75,-30,Yes,No,49.5,7.43,Apparel - Clothing & Shoes,NA,4,103,No,0.3,83.9,Yes,50,62,6.5,30,0,8.15,130,130,17,0.12,No,76,2.48,-8.83,80,95,60,1.51,53324,3058.4,5.29,188839.5,30,-10.9,30.4,14.5,NA,28.5,NA,44,112,A,-67.2,-10,113,24.4,10.1,16.1,5,4966.4,-43,-1,-61,NA,-3,9061,Yes,0.18,-14,7467,NA,No,338,NA,No,No,No,0.28,0,No,63,1.5,12,-3,New York Stock Exchange,No,87,No,2.24,-,102,188221.2,-87,100,37.5,-3.6,Yes,Yes,22.5,-2.9,CONSUMER,9.4,NA,No,50,3942.5,No,No,No,8.6,-0.3,NA,-30,-3.7,2026-07-24,UAA,20,0,0,0,7,10,10,47,83.33333333333333,5,TRUE,FALSE,Other,Momentum Leader,55.2,Strong
3032,PECO,Phillips Edison & Co.,NA,3.6,4,3.4,44.38,0,1.5,3,41,1680.7,3673237,07/15/2026,0,C+,No,No,No,No,-,50.96,38.8,3.1,0,17.46,0,0,50,196.32,32,17,1.64,1.69,NA,9,8.7,7,10,No,Yes,9,8.1,9.2,9,-,-,6,9,4,No,No,23.7,44.01,REITs,NA,21,87,No,0.7,114.6,No,195,17,-16.3,2.9,0,44.38,41,46,16,2.64,Yes,0,0.64,-0.82,79,80,94,0.58,43119,6065.4,1.55,126000,17.4,-10.9,8.7,11.2,NA,22.9,NA,65,21,A+,2.5,6,5,7.5,4.1,5,29,709.2,5,7,10,NA,7.5,1056,Yes,0.28,6,898,NA,No,625,NA,No,No,No,7.69,0,Yes,8,1.3,8,10,NASDAQ,Yes,82,Yes,2.43,-,101,125238,8,12,8,8.4,Yes,Yes,14.3,1.5,REAL EST,5.1,NA,No,59,7787.7,Yes,No,No,25.7,-35.6,NA,4.8,15.8,2026-07-24,PECO,0,0,10,0,0,10,7,27,86.33333333333333,10,FALSE,FALSE,Other,Momentum Leader,59.7,Strong
3795,STBA,S&T Bancorp Inc.,NA,6.6,7.4,6.9,51.01,0,0,0,17,539.2,1844451,05/14/2026,0,B,No,No,No,No,No,-0.02,11.4,3,0.07,14.19,0.93,1.17,39,53.25,13,29.6,2.13,2.25,NA,14.1,18.3,5,2,No,Yes,1.5,6.2,3,3.9,74,12,-3,3,6,No,No,27,49.97,Banks-Regional,NA,6.3,68,No,1.07,7,No,268,14,-7,5.2,0,51.01,57,35,16,3.57,Yes,25,-1.6,-2.04,79,78,93,0.75,12409,1826.9,2.17,35976.9,18.6,21,7.3,13.2,NA,23.4,NA,60,22,A,8.4,7,2,7.3,1.8,2.7,31,402.1,-9,9,2,NA,31.5,267,Yes,-0.81,11,315,NA,No,382,NA,No,No,No,3.99,0,Yes,8,1.4,3,1,NASDAQ,Yes,81,Yes,1.27,-,98,35445.1,7,-7,5.8,23.3,Yes,Yes,14.6,-1.8,BANKS,2.5,NA,No,51,2028.5,Yes,Yes,No,27.3,-12.6,NA,9.4,25.1,2026-07-24,STBA,0,0,10,0,0,10,7,27,85.33333333333333,25,FALSE,FALSE,Other,Momentum Leader,67.7,Leading
4368,WDFC,WD-40 Co.,NA,3.1,3.4,3.2,298.9,0,3.9,2,1,608.4,525584,07/17/2026,0,A,No,No,No,No,Yes,0.51,34.6,1.5,2.65,38.08,6.68,9.25,81,147.44,41,16.4,3.43,3.79,NA,8.3,10.1,6,7,Yes,Yes,17.5,19,21,17.9,31,4,10,18,15,Yes,No,25.3,246.79,Chemicals-Specialty,NA,2,81,Yes,8.85,34.3,Yes,51,37,-5.4,3.9,0,298.9,52,47,16,6.67,Yes,8,-3.35,-17.43,79,79,91,0.47,40870,3440.6,4.11,13421.1,15.7,-7.1,9.3,15.7,NA,20.4,NA,87,68,B-,49,-7,6,11.1,-1.3,1.6,21,620,6,24,31,NA,17.5,179,Yes,-8.55,-27,162,NA,No,460,NA,No,No,No,4.91,0,No,51,1.6,14,5,NASDAQ,No,70,Yes,11.9,Yes,92,13350.9,-8,27,32.5,11.9,No,Yes,12.6,0.9,CHEMICAL,-6.8,NA,No,57,3386.8,No,No,No,11.7,-14.1,NA,36.4,15.4,2026-07-24,WDFC,25,8,0,0,0,10,7,50,93,55,TRUE,TRUE,Earnings Accelerator,Momentum Leader,37.2,Weak
3424,ROST,Ross Stores Inc.,NA,3,3.8,3.4,237.06,0,0,0,1,706.5,10781855,06/09/2026,0,E,No,No,No,No,Yes,1.46,28.1,0.8,1.54,25.02,2.2,2.33,78,124.13,30,12.5,2.85,2.72,NA,10.1,12,6,7,Yes,Yes,8.8,18.6,13.5,10.9,19,14,14,12,28,Yes,No,29.6,233.46,Retail-Apparel/Shoes/Acc,NA,2.8,33,Yes,6.11,59.4,Yes,36,33,-11.8,3.4,0,242.81,46,94,12,7.16,Yes,9,0.32,-3.85,79,65,89,0.91,733220,74652.2,2.78,320781.1,18.2,-34.4,0.1,2.5,NA,21.4,NA,86,81,D,16.7,18,10,4.2,6.1,5.3,17,22750.6,14,21,5,NA,16.4,3353,No,0.74,24,2028,NA,No,2917,NA,No,No,No,3.15,0,No,37,0.8,12,8,NASDAQ,No,73,Yes,11.89,-,100,313837.1,7,-2,24.6,14.4,Yes,Yes,11.5,4.9,RETAIL,4.7,NA,No,61,73032.6,No,No,No,78.9,-46.3,NA,36.7,10.8,2026-07-24,ROST,20,8,0,0,0,10,7,45,79.66666666666667,45,TRUE,TRUE,Earnings Accelerator,Momentum Leader,48,Improving
3641,SLAB,Silicon Laboratories Inc.,NA,6,5.4,4.9,219.47,0,2.2,1,0,8530.1,2308888,NA,0,C-,No,No,No,No,Yes,0.01,366.6,0,5.11,74.35,0,0,97,0,71,-7.4,0.68,0.72,NA,33.8,25.5,-7,-8,No,No,336.6,572.6,459.3,385.7,26,-37,-66,315,-6,Yes,No,66.4,217.47,Elec-Semicondctor Fablss,NA,0,77,No,1.58,0,No,45,143,-8.4,7.2,0,220.9,29,12,34,1.52,No,0,-0.41,-1.55,79,47,85,1.55,89339,7202.2,0.71,32981.8,21.9,-5.8,-0.5,2.2,NA,46.2,NA,84,36,D,5.1,201,52,-0.3,-0.4,-0.5,12,784.8,-207,20,154,NA,22.7,455,No,-0.9,524,356,NA,No,586,NA,No,No,No,8.74,0,No,763,1.1,609,34,NASDAQ,No,63,Yes,6.53,-,99,32232.5,346,120,685.8,23.1,Yes,Yes,11.8,-4.2,CHIPS,-0.5,NA,No,63,6776.6,No,No,No,49.6,-46.5,NA,-6,-7.5,2026-07-24,SLAB,30,15,0,0,0,10,10,65,70.33333333333333,40,TRUE,FALSE,CANSLIM Growth,CANSLIM Growth,40.1,Weak
4500,XPO,XPO Inc.,NA,4.8,4.4,3.9,220.49,0,3.1,1,1,180.7,6194522,NA,0,E,No,No,No,No,No,134.05,58.5,0,0.99,25.95,3.15,3.15,89,283.27,42,5.4,4.08,4.2,NA,2.3,3.7,-17,-2,Yes,Yes,6.9,14,9,5.2,6,17,8,6,18,No,No,58.2,215.02,Transportation-Logistics,NA,3.1,22,No,8.9,203.3,Yes,32,54,-11.5,5.4,0,232.05,26,55,34,4.01,Yes,23,-1.95,-7.34,79,53,84,1.58,315760,25746.8,3.77,117410,21.8,-39.3,6.6,-4.4,NA,43,NA,79,34,D-,14.9,33,23,2.7,3.4,4.6,17,8157,31,7,-3,NA,6,1510,No,-4.27,40,877,NA,No,1052,NA,No,No,No,3.04,0,No,38,1.2,-1,1,New York Stock Exchange,No,71,Yes,13.64,-,98,113736.9,5,-6,18.6,4.9,Yes,Yes,12.7,25.1,TRANSPORTATION,3.4,NA,No,76,27827.9,No,No,No,64.9,-37.9,NA,18.3,4.8,2026-07-24,XPO,15,0,0,0,0,10,10,35,74,25,TRUE,FALSE,Other,Earnings Accelerator,48.8,Improving
3932,TECH,Bio-Techne Corp.,NA,5.3,6.4,3.4,72.12,0,2.6,1,0,581.7,15915631,05/18/2026,0,A+,No,No,No,No,Yes,0.74,30.8,0.5,4.49,40.06,15.17,18.59,81,390.58,36,8.1,4.07,3.11,NA,1,0.2,5,3,No,Yes,5.7,1.4,3.1,5.8,29,2,0,3,3,No,No,22.6,72.12,Medical - Research,NA,0,37,No,1.76,13.2,No,38,37,-46.9,10.2,0,72.16,138,45,-6,1.94,Yes,7,0.49,-0.06,79,94,83,1.15,328390,11236.9,2.75,156568.8,22.4,-41.1,31.1,21.8,NA,5,NA,46,48,A+,-0.8,0,7,26.6,1.3,7.8,24,1219.6,-11,-2,8,NA,-0.9,5366,Yes,0.35,-2,3076,NA,No,1118,NA,No,No,No,9.33,0,No,-5,1.7,10,5,NASDAQ,No,90,No,5.41,Yes,100,155930.2,0,8,2.1,-1,Yes,No,23.9,-1.5,MEDICAL,1.2,NA,No,80,11518.8,No,No,No,35.3,-52,NA,3.7,16.4,2026-07-24,TECH,0,0,0,0,0,10,10,20,95.33333333333333,25,FALSE,FALSE,Other,Momentum Leader,53.3,Improving
3965,THG,Hanover Insurance Group Inc.,NA,3.4,3.8,3.6,225.28,0,1.5,2,20,2363,1105692,06/12/2026,0,A-,No,No,No,No,No,-0.18,5.7,1.8,0.35,6.61,0.46,0.5,23,40.65,12,12.8,2.26,2.38,NA,3.8,3.7,6,4,No,Yes,56.4,37.1,60.7,53.7,6,21,78,42,17,No,No,16.7,213.23,Insurance,NA,15.4,115,No,4.89,22.2,Yes,130,10,-5.4,3.2,0,225.28,91,54,13,20.48,Yes,55,3.01,-5.35,79,82,82,0.48,65008,7242.3,2.5,34986.8,16.6,3.3,6.8,17.3,NA,25.5,NA,46,35,B-,24.5,-3,0,6.8,-0.6,1.1,57,6322.1,755,3,43,NA,3.1,327,Yes,6.23,-12,330,NA,No,693,NA,No,No,No,1.17,0,Yes,36,1.4,9,6,New York Stock Exchange,No,83,Yes,2.1,Yes,98,34605.4,67,131,22.2,3.6,Yes,No,15.6,-0.3,INSURANCE,-0.4,NA,Yes,61,7334.4,No,No,No,29.3,28.6,NA,20.6,11,2026-07-24,THG,15,12,7,0,0,10,7,51,88,25,FALSE,FALSE,Value + Quality,Momentum Leader,71.2,Strong
3654,SLP,Simulations Plus Inc.,NA,3.9,3.9,2.7,18.45,0,0,0,1,51.7,1230399,07/29/2024,0,A,No,No,No,No,Yes,0.01,12.1,0,5.54,20.22,1.38,1.38,61,172.65,22,-87.6,4.13,2.53,NA,3.3,1.6,14,14,No,Yes,35.8,-14.7,5.7,31.9,19,15,33,-9,-42,No,No,0,18.23,Computer Sftwr-Medical,NA,4.5,138,Yes,0.42,0.3,No,22,21,-28.9,7.4,0,21.01,139,63,-19,0.88,Yes,18,0,-13.23,79,80,76,1.05,8107,368.7,1.39,20224.8,13.7,-45.3,-0.1,26.9,NA,-10.3,NA,67,63,A+,29,-17,3,9.2,-0.3,-0.1,43,79.2,8,7,94,NA,7.8,473,Yes,0,33,252,NA,No,196,NA,No,No,No,4.49,0,No,-33,1.6,13,13,NASDAQ,No,81,No,2.65,Yes,99,16730.5,-24,67,-10.2,4.3,No,No,16,2.1,SOFTWARE,-0.1,NA,No,41,337.4,No,No,No,42.5,-31.1,NA,-42.1,16.3,2026-07-24,SLP,0,0,0,0,0,10,7,17,85.33333333333333,35,FALSE,FALSE,Other,Momentum Leader,59.1,Strong
3200,PSO,Pearson PLC ADR,NA,4.4,4.2,4,17.66,0,0,0,0,556.3,3582471,03/20/2026,0,A+,No,No,No,No,-,0,0,2,0,8.69,1.57,1.8,69,96.34,0,12.7,2.1,2.23,NA,4,4.2,0,-1,No,Yes,7.3,-22.3,-17.1,-2.5,-,14,8,-21,3,No,No,20.5,16.92,Media,NA,0,120,No,0.36,0,No,53,25,-6.7,0.6,0,17.66,102,133,22,0.67,Yes,12,0.18,-4.19,79,89,71,0.48,13361,10091,2.29,598496,20.6,-25.6,11.5,15.4,NA,35.8,NA,43,118,A,0,11,11,9.1,0.5,5.4,42,4809.1,4,7,11,NA,7,896,Yes,0.03,0,658,NA,No,48,NA,Yes,No,No,2.12,0,No,-33,1.1,-33,4,New York Stock Exchange,No,87,Yes,NA,-,96,598447.1,-1,-1,-32.9,5.1,No,No,19.9,0,MEDIA,0.1,NA,No,1,11431.3,No,No,No,18.8,58.8,NA,8.9,9.2,2026-07-24,PSO,0,0,0,0,0,0,10,10,86.66666666666667,15,FALSE,FALSE,Other,Momentum Leader,49.4,Improving
3660,SM,SM Energy Co.,NA,2.6,3.1,3.3,31.46,0,0,0,0,726,13410352,06/08/2026,0,C-,No,No,No,No,No,-3.78,24.1,3.2,0.39,1.79,0.26,0.3,8,49.54,4,26.3,4.66,4.6,NA,32,27.2,12,11,No,Yes,-9.7,-28.8,-26.3,-16.1,4,20,-1,-29,12,No,No,67.5,31.32,Oil&Gas-Explorers/Producers,NA,0,111,No,1.35,98.2,Yes,72,6,6.3,5.6,0,35.88,44,92,56,5.21,Yes,34,3.67,-12.71,79,82,71,1.19,122507,7242.8,4.05,239748.7,27.5,-43.6,11.5,20.6,NA,72,NA,27,58,B+,37.9,28,5,4.1,9.5,13.1,88,3154,15,75,-20,NA,28.9,4125,No,1.11,26,2324,NA,No,559,NA,No,No,No,1.98,0,No,-12,1,-57,17,New York Stock Exchange,No,85,Yes,1.09,Yes,102,237439.7,-18,-19,-34.2,28,No,No,21.4,-2.4,ENERGY,12.6,NA,Yes,58,9660.7,No,No,No,17.5,-24.4,NA,14.3,-22.6,2026-07-24,SM,10,0,0,0,0,10,10,30,84.33333333333333,10,FALSE,TRUE,Other,Momentum Leader,48.8,Improving
4334,VVX,V2X Inc.,NA,1.4,1.7,2,78.05,0,10.4,10,1,2290,1221538,NA,0,E,No,No,No,No,No,5.39,22.5,0,1.25,13.22,6.53,6.53,35,104.21,12,2.3,4.34,4.39,NA,7.5,9.3,28,8,No,Yes,26.3,26.5,35,29.7,23,2,13,27,7,Yes,No,38.6,75.61,Aerospace/Defense,NA,1,16,Yes,3.51,96.1,Yes,96,13,19.3,4,0,91.8,86,110,3,5.79,Yes,14,0.75,-17.64,79,60,64,0.78,47487,2349.9,4.69,31310.5,13.9,-56.8,-14.7,13.4,NA,11.2,NA,89,131,E,23.1,16,11,-2.8,0.3,-1.9,96,4480,16,23,21,NA,14.4,612,No,0.56,8,266,NA,No,495,NA,No,No,No,0.5,0,No,56,1.3,17,4,New York Stock Exchange,No,66,Yes,2.15,-,97,30610.3,6,60,36.7,12.2,Yes,Yes,8.6,0.4,AEROSPACE/DEFENSE,0.8,NA,No,57,3139,No,No,No,59,-49.2,NA,7.4,1.5,2026-07-24,VVX,25,12,0,0,0,10,7,54,67.66666666666667,20,TRUE,TRUE,Earnings Accelerator,Earnings Accelerator,28,Weak
3081,PII,Polaris Inc.,NA,3.6,3.1,3.6,74.66,0,3.1,1,2,60.1,3706261,06/01/2026,0,D-,No,No,No,No,No,11.35,22.8,4,1.21,5.19,0,0,92,0,32,-7.4,4.27,4.27,NA,1.4,4.6,-3,-10,No,No,-106.1,-6.9,-22.9,-116.6,5,-32,-81,-132,72,No,No,15.7,73.2,Leisure-Products,NA,6.2,60,No,2.91,286,No,32,72,15.9,7,0,75.25,50,78,-4,1.02,No,0,-0.79,-2.72,79,84,53,1.23,55793,4197.1,4.3,56886.2,13.7,21.2,6.7,26.4,NA,4.6,NA,18,37,C+,133.1,18846,69,8.1,9.2,6.9,5,7152,-65,8,-100,NA,8.8,827,No,-0.58,82,958,NA,No,497,NA,No,No,No,0.57,0,No,114,1.5,-91,0,New York Stock Exchange,No,77,No,5.55,-,99,53182.2,-44,-71,11.6,8.1,Yes,Yes,14,-0.2,LEISURE,8.6,NA,No,57,5593.5,Yes,No,No,55.8,-8.8,NA,-44,-2.9,2026-07-24,PII,25,0,0,0,0,10,7,42,79,5,TRUE,FALSE,Other,Momentum Leader,50.7,Improving
3159,PRCH,Porch Group Inc.,NA,8.6,8.7,7.9,15.59,0,2.2,2,0,721,16609878,NA,0,A,No,No,No,No,No,-5.01,12.6,0,0.27,21.36,0,0,37,130.41,0,5.5,6.16,6.34,NA,2.9,10.3,27,8,Yes,Yes,76.1,-150.5,-86.8,-38,3,31,93,-24,0,No,No,49.8,13.68,Computer-Tech Services,NA,0,96,No,0.79,0,Yes,92,0,-8.8,19.1,0,19.44,127,136,43,-0.14,Yes,0,-0.87,-29.61,79,91,34,2.4,22830,1509.8,6.37,109403.3,32.6,-61.5,11.7,66.8,NA,61.3,NA,10,139,B,46.2,-43,583,16.6,-5.2,-1.3,37,418.9,52,29,95,NA,20.6,1918,Yes,-0.12,-200,727,NA,No,266,NA,No,No,No,3.37,0,No,-150,1.4,-118,10,NASDAQ,No,94,No,-66.88,-,96,86925.2,-183,105,-134.2,14.9,No,No,45.8,-0.7,BUSINS SVC,-7.9,NA,No,52,1709.1,No,No,No,5.2,-24.2,NA,0,-3.9,2026-07-24,PRCH,7,0,0,0,0,10,10,27,88,15,FALSE,TRUE,Other,Momentum Leader,53.3,Improving
3350,RGA,Reinsurance Group of America Inc.,NA,3.1,3.5,3.1,244.3,0,1.5,2,20,2363,1154058,05/19/2026,0,A,No,No,No,No,-,0.33,3.6,1.6,0,3.95,0.18,0.18,21,50.18,9,6.5,2.44,2.41,NA,11.5,18.7,10,13,No,Yes,15.5,35.7,23.3,17.5,-,55,6,26,8,No,No,18.8,241.79,Insurance,NA,15.4,115,No,5.16,45.9,No,130,10,-12.2,1.8,0,244.3,91,54,13,24.1,Yes,72,0.78,-1.03,78,92,98,0.76,81151,15717.3,2.41,65513.2,18.4,-6.4,14.1,14.6,NA,24.1,NA,94,35,A+,15.5,19,8,13.4,4.6,9.5,63,23698,1,23,13,NA,25,385,Yes,1.88,38,354,NA,No,942,NA,No,No,No,0.64,0,Yes,23,1.1,55,7,New York Stock Exchange,No,85,Yes,1.19,Yes,100,65305.1,29,-14,39.2,19.9,Yes,Yes,15.8,0.3,INSURANCE,4.6,NA,No,61,16887.2,No,No,No,22.3,9.2,NA,9.7,5.1,2026-07-24,RGA,15,12,7,0,0,10,7,51,94.33333333333333,20,FALSE,TRUE,Other,Momentum Leader,71.2,Strong
3634,SKT,Tanger Inc.,NA,5.4,5.2,5,42.05,0,1.5,3,41,1680.7,5190567,07/31/2026,0.31,D+,No,No,No,No,No,-11.32,30.1,3.1,0.69,16.05,1.15,1.45,53,148.57,17,20.5,2.12,2.22,NA,10.7,11,7,10,No,Yes,9.4,13,12.1,10.5,69,12,9,13,8,No,No,25.2,41.78,REITs,NA,21,87,No,0.87,238.9,No,195,17,-4.3,4.6,0,42.05,41,46,16,2.4,Yes,7,0.24,-0.64,78,83,98,0.94,40150,4788,2.13,114875.9,18.8,-1,8,12.9,NA,24.3,NA,79,21,A,1.7,6,5,9.9,4.8,4.8,26,550.9,8,11,10,NA,12.6,1046,Yes,0.1,5,1045,NA,No,686,NA,No,No,No,8.49,0,Yes,11,1.4,17,11,New York Stock Exchange,Yes,86,Yes,7.16,-,100,112033,11,9,14,11.6,Yes,Yes,16.6,-1,REAL EST,5.4,NA,No,62,6292.6,No,No,No,31.3,-0.3,NA,16.8,18.6,2026-07-24,SKT,15,0,10,0,0,10,7,42,88.33333333333333,25,FALSE,FALSE,Other,Momentum Leader,59.7,Strong
3743,SPNT,SiriusPoint Ltd.,NA,4.3,4.9,5.4,25.4,0,1.5,2,20,2363,4254167,NA,0,B+,No,No,No,No,No,-0.46,10.2,0,0.73,31.52,0.6,0.6,18,23.94,10,16.9,3,2.94,NA,12.2,13.1,20,1,No,Yes,411.8,833.5,629.1,503.3,35,15,42,122,22,No,No,13.8,24.9,Insurance,NA,15.4,115,No,0.68,30.3,No,130,9,10.1,4.1,0,25.4,91,54,13,2.78,Yes,99,0.36,-1.97,78,75,93,0.67,19249,2916.2,2.81,117542.1,16.7,-18.6,8.1,7,NA,24.5,NA,69,35,B+,2.5,1,8,7.3,1.2,3.8,71,3705.6,-6,2,46,NA,10.1,826,Yes,0.09,-2,673,NA,No,442,NA,No,No,No,0.79,0,Yes,43,0.9,158,23,New York Stock Exchange,No,78,Yes,1.25,-,98,102928.5,2300,16,100.3,14.2,Yes,Yes,13.1,2.1,INSURANCE,1,NA,No,68,2658.8,No,No,No,30.5,-14.2,NA,20.9,13.2,2026-07-24,SPNT,15,15,7,0,0,10,7,54,84,35,FALSE,FALSE,Value + Quality,Momentum Leader,71.2,Strong
4349,WAFD,WaFd Inc.,NA,4.8,5.8,5.6,39.49,0,0,0,17,539.2,3340021,05/22/2026,0,B+,No,No,No,No,Yes,-0.2,23.6,2.8,0.13,12.91,0,0,30,45.82,11,20.5,2.21,2.06,NA,5.5,7.9,6,2,No,Yes,61.4,29.2,22.2,17.3,154,0,-6,23,5,No,No,19,38.12,Banks-Regional,NA,6.3,68,No,0.76,116.2,Yes,268,12,-4,4.6,0,39.49,57,35,8,3.17,Yes,21,-3.05,-3.46,78,68,91,0.88,20787,2905.3,2.04,73888.5,15.5,140.8,5.3,8.2,NA,17.7,NA,63,22,A,3.1,24,6,4.5,0.1,0.9,63,725.5,-33,10,5,NA,10.1,569,Yes,-1.2,18,1352,NA,No,413,NA,No,No,No,3.6,0,Yes,15,1.5,26,-2,NASDAQ,No,70,Yes,1.05,-,97,72624,46,1,20.6,10.6,Yes,Yes,12.3,0.7,BANKS,0.1,NA,No,58,4048.7,Yes,Yes,No,28.2,11,NA,7.5,18.6,2026-07-24,WAFD,10,12,7,10,0,10,7,56,81,10,FALSE,FALSE,CANSLIM Growth,CANSLIM Growth,67.7,Leading
4443,WSM,Williams-Sonoma Inc.,NA,5.5,6.4,5.3,233.74,0,0,0,0,55.5,6452750,07/17/2026,0,B-,No,No,No,No,Yes,1.63,20.5,1.4,1.33,21.41,3.47,4.26,70,97.95,24,18.6,3.52,3.37,NA,2.3,1.8,-1,-2,No,Yes,6.9,5.5,7.8,4.2,9,6,6,2,35,No,No,27.9,228.41,Retail - Home Furnishings/Electronics,NA,0,92,Yes,7.44,68.4,Yes,16,26,-17.7,5.6,0,244.65,72,10,0,8.93,Yes,7,0.35,-6.64,78,79,91,1.4,250865,26891,3.29,117746.6,16.2,-7.3,3.3,15,NA,8,NA,64,5,B,6.9,10,9,9.9,2.8,0.6,17,7806.8,18,4,-3,NA,0,1226,No,0.79,3,1746,NA,No,2161,NA,No,No,No,3.41,0,No,24,1.3,-7,1,New York Stock Exchange,No,82,Yes,14.38,-,98,115329.1,0,15,8.2,1.5,Yes,Yes,14.6,0.5,RETAIL,3,NA,No,50,26675.8,Yes,Yes,No,34.2,-21.8,NA,51.5,12.8,2026-07-24,WSM,10,0,0,5,0,10,7,32,84.66666666666667,35,FALSE,FALSE,Other,Momentum Leader,48,Improving
3115,PM,Philip Morris International Inc.,NA,3.3,3.6,3.6,194.62,0,0,0,2,627.2,18203066,06/25/2026,0,E,No,No,No,No,No,-16.51,28.7,3.2,0.98,24.58,2.67,4.12,68,102.48,23,34.2,2.8,2.85,NA,7.6,8.1,7,8,No,Yes,14.9,14.3,15.8,15.1,3,6,12,16,0,No,No,20.3,192.98,Tobacco,NA,20,57,Yes,5.13,0,Yes,10,25,-1.1,1.2,0,194.62,122,88,2,7.81,Yes,6,1.65,-0.84,78,87,89,0.3,883711,295876.8,2.86,1558558.8,14.9,5.9,7.5,22.3,NA,11.2,NA,85,33,D,5.5,11,9,6.6,5.4,6.5,14,40648,9,9,15,NA,7.9,4980,Yes,3.14,7,5203,NA,No,2691,NA,No,No,No,7.25,0,No,16,1.3,10,8,New York Stock Exchange,No,79,Yes,-32.41,-,102,1555056.4,17,20,12.8,8.4,Yes,Yes,11.8,0.9,ALCOHL/TOB/THC,6.3,NA,No,54,326381.3,No,No,No,7.7,-1.6,NA,0,24,2026-07-24,PM,10,0,0,0,0,10,7,27,91.66666666666667,30,FALSE,FALSE,Other,Momentum Leader,33.9,Weak
4348,WABC,Westamerica Bancorp,NA,3.5,4.1,3.4,63.61,0,0,0,17,539.2,684998,05/04/2026,0,C,No,No,No,No,No,-0.01,8.9,3.3,0.09,12.93,1.2,1.69,37,51.31,14,57.7,2.02,2.18,NA,-9.1,-8.1,4,-9,Yes,Yes,-8.3,-1.3,-4.6,-6.9,117,8,-11,-5,8,Yes,No,28.3,61.36,Banks-Regional,NA,6.3,68,No,1.26,0,Yes,268,14,-15.1,3.1,0,63.61,57,35,14,4.54,Yes,20,-1.76,-3.54,78,82,89,0.61,11393,1467.1,2.1,23488,18.6,90,6.2,13.5,NA,23.1,NA,48,22,A+,6.8,3,1,7.9,3.9,4.3,35,259.1,-14,-3,-13,NA,-4.8,199,Yes,-1.1,4,372,NA,No,385,NA,No,No,No,5.7,0,Yes,4,1,-3,-13,NASDAQ,Yes,85,Yes,1.65,-,98,22262.1,-6,-15,0.9,-6.2,Yes,Yes,15.6,-1.3,BANKS,5.2,NA,No,58,978,Yes,Yes,No,20.9,17.4,NA,12.7,41.4,2026-07-24,WABC,0,0,10,7,0,10,7,34,85,25,FALSE,FALSE,Other,Momentum Leader,67.7,Leading
3696,SNEX,StoneX Group Inc.,NA,3.9,3.5,3.9,126.35,0,2.7,1,0,577.7,3010116,NA,0,D,No,No,No,No,No,-0.19,2.4,0,0.79,1.63,1.15,1.15,55,71.15,18,0.3,5,5.27,NA,35.2,39.7,-18,24,Yes,Yes,35.2,56.1,41.1,38.4,4,16,17,39,14,Yes,No,62.4,102.99,Finance-Invest Bnk/Bkrs,NA,0,78,Yes,6.58,72,Yes,37,18,11.3,4.2,0,141.99,135,42,49,5.6,Yes,16,-7.12,-27.47,78,23,83,0.88,108498,8787.4,5.4,79251.5,20.7,-97,-22.4,-2.9,NA,42.6,NA,96,60,E,39.4,57,2,-14.1,-12.4,-17.5,33,4126.9,62,64,10,NA,58.1,885,No,-7.89,51,1307,NA,No,593,NA,No,No,Yes,1.56,0,No,120,1.1,48,33,NASDAQ,No,59,Yes,3.02,Yes,87,71726.2,1,-4,83.9,49,Yes,Yes,10.8,6.1,FINANCE,-12.5,NA,No,58,23244.3,Yes,Yes,No,68.2,-15.7,NA,14.5,0.4,2026-07-24,SNEX,35,15,0,5,0,10,10,75,61.333333333333336,25,TRUE,TRUE,Earnings Accelerator,CANSLIM Growth,49.6,Improving
3815,STNG,Scorpio Tankers Inc.,NA,1.6,2.3,2.5,80.75,0,2,1,0,71.3,2510716,05/29/2026,0,D,No,No,No,No,Yes,0.74,7.1,2.3,13.98,7.53,0.34,0.36,22,28.64,7,36.3,3.68,3.68,NA,-4.7,6,10,-20,Yes,Yes,20.6,111.8,68.7,40.1,36,28,-30,12,9,Yes,No,50.5,76.49,Transportation-Ship,NA,0,19,No,2.8,16.4,Yes,49,10,11.7,5.6,0,87.39,12,24,25,7.54,Yes,69,-1.87,-12.47,78,48,83,0.5,75738,4034.9,4.03,51762.8,13,-50.8,-2,1.7,NA,29.5,NA,76,38,E,8.1,128,-49,-2.2,-0.1,0.3,45,901.3,-4,48,-45,NA,37,969,No,-1.46,288,471,NA,No,381,NA,No,No,Yes,3.96,0,No,193,0.8,157,-25,New York Stock Exchange,No,56,Yes,1.16,-,95,44857.3,-15,-61,175.2,21.4,Yes,Yes,8.2,1.3,TRANSPORTATION,-3.6,NA,No,49,3933.2,No,No,No,74.9,-42.8,NA,11.4,69.1,2026-07-24,STNG,32,15,0,0,0,10,7,64,69.66666666666667,45,TRUE,TRUE,Earnings Accelerator,CANSLIM Growth,48.8,Improving
3049,PFGC,Performance Food Group Co.,NA,3.1,3.1,3.2,116.42,0,0,0,0,85.2,5876209,NA,0,A,No,No,No,No,Yes,2.82,20.5,0,1.52,14.44,1.08,1.08,68,207.05,21,0.7,2.9,2.69,NA,8.9,8.5,15,6,No,Yes,2.9,1,2.5,1.7,6,23,6,3,8,No,No,24.3,111.76,Food - Wholesale,NA,0,71,No,2.85,159.1,Yes,9,25,4.6,3.8,0,116.42,71,36,8,4.51,Yes,17,-1.25,-4,78,84,83,0.98,175076,17777.9,2.56,157089.8,17,-15.9,8.1,19.5,NA,14.5,NA,56,40,B,3.3,3,25,9.5,-1,1.7,25,63298.9,11,6,4,NA,5.8,1724,Yes,-1.41,3,1438,NA,No,738,NA,No,No,No,0.26,0,No,1,2.3,0,9,New York Stock Exchange,No,85,No,3.69,-,98,154186.2,2,7,0.6,7.5,Yes,No,18.1,-2.1,FOOD/BEV,-1.4,NA,Yes,80,25261.6,No,No,No,12.7,26.3,NA,7.9,0.3,2026-07-24,PFGC,0,0,0,0,0,10,7,17,88.66666666666667,5,FALSE,FALSE,Other,Momentum Leader,49.8,Improving
4363,WCC,Wesco International Inc.,NA,2.8,3.1,2.3,344.03,0,0,0,0,505.6,1368671,06/12/2026,0,E,No,No,No,No,No,1.28,89.8,0.6,2.12,129.83,2.43,2.59,66,87.86,20,3.6,3.95,4.05,NA,8.9,11.2,7,2,No,Yes,15.1,23.2,18.8,14.3,8,9,-8,15,11,No,No,34,327.86,Electronic-Parts,NA,0,14,No,13.92,127.1,Yes,23,23,-26.3,2.9,0,377.9,7,6,7,14.08,Yes,27,0.35,-13.24,78,45,82,1.62,216812,15912.4,4.08,48704.9,13.3,23.2,-6.8,2.8,NA,16.4,NA,76,26,E,18.7,25,18,-6.2,1,-3.2,78,23510.9,-16,14,6,NA,12.1,634,No,1.15,17,769,NA,No,881,NA,No,No,No,0.66,0,No,52,1,8,8,New York Stock Exchange,No,61,Yes,3.13,-,95,47685.9,9,6,30,12.4,Yes,Yes,7.3,-1,ELECTRNCS,-2.1,NA,No,60,22526.6,No,No,No,59.7,38.3,NA,13.5,2.5,2026-07-24,WCC,25,8,0,5,0,10,7,55,68.33333333333333,30,TRUE,FALSE,CANSLIM Growth,CANSLIM Growth,48.6,Improving
3940,TEN,Tsakos Energy Navigation Ltd.,NA,1,0.9,0.9,40.86,0,0,0,0,21.4,299678,07/23/2026,1,D,No,No,No,No,-,10.95,0,5,0,3.78,0.16,0.18,9,23.47,5,20.7,4.09,4.19,NA,5.5,7.4,8,-7,Yes,Yes,65.7,176.8,120.9,94.2,-,35,-29,89,6,No,No,67.8,37.62,Transport - Oil/Gas Shipping,NA,0,48,No,1.59,109.7,Yes,13,6,6.8,1.4,0,45.85,21,20,45,5.83,Yes,78,-4.49,-17.95,78,35,81,0.53,12144,1160,4.39,29449.4,19.4,-22.3,-0.5,-4.5,NA,47.4,NA,80,31,E,31.6,83,-51,-5,-3.1,-1.7,73,798.7,-53,28,19,NA,23.2,303,No,-1.77,337,235,NA,No,46,NA,No,No,Yes,1.3,0,No,196,0.9,323,-1,New York Stock Exchange,No,54,Yes,0.59,-,92,20960.4,12,-47,259.2,13.1,Yes,Yes,10.1,9.5,TRANSPORTATION,-5.1,NA,No,23,2763.2,No,No,No,93.4,-30.7,NA,9,35,2026-07-24,TEN,32,15,0,0,0,10,7,64,64.66666666666667,15,TRUE,TRUE,Earnings Accelerator,CANSLIM Growth,48.8,Improving
4382,WEYS,Weyco Group Inc.,NA,3.7,4,3.8,40.41,0,0,0,2,931.7,72678,05/19/2026,0,A,No,No,No,No,Yes,0.04,4.6,3,8.26,10.06,0.93,1.13,47,61.41,0,11.6,3.72,3.71,NA,-4,-3.8,3,-8,No,Yes,-13.2,-5.7,-19.2,-18.9,35,14,-11,-18,-2,Yes,No,28.1,39.2,Apparel - Clothing & Shoes,NA,4,103,No,1.38,2.4,Yes,50,16,-3.1,1.3,0,40.41,130,130,20,2.49,Yes,33,-2.8,-2.99,78,77,72,0.73,687,384.4,3.36,9532.2,19.8,-13.7,8.5,11.6,NA,27,NA,42,112,A+,0,0,0,8,1.6,2.5,68,276.2,0,0,-24,NA,-2.3,19,Yes,-1.13,0,16,NA,No,156,NA,No,No,No,1.35,0,Yes,12,1.3,-12,-5,NASDAQ,Yes,83,Yes,1.53,-,97,5759.3,-18,-60,0.3,-2.1,Yes,Yes,16.4,0,CONSUMER,3.4,NA,No,29,288.5,No,No,No,23,-26.7,NA,9.5,9,2026-07-24,WEYS,10,0,10,0,0,10,7,37,77.66666666666667,25,FALSE,FALSE,Other,Momentum Leader,55.2,Strong
3473,RYZ,Ryerson Holding Corp.,NA,3.5,4.5,3.5,29.72,0,0,0,0,134.5,1570022,06/04/2026,0,D-,No,No,No,No,No,1.22,-21.1,2.9,2.21,10.93,0,0,21,35.01,17,-1.6,4.66,4.33,NA,7.6,11.5,-3,-7,Yes,No,-113.3,-161.6,-140.1,-112.1,7,-44,-117,-147,-7,No,No,17.6,29.6,Metal Products - Distributors/Fabrication,NA,0,13,No,1.18,97.3,Yes,29,0,-21.2,3.9,0,30.9,39,52,-10,-1.09,No,0,0.65,-4.21,78,84,64,1.29,12548,1526,4.46,51888.7,17.6,-25.8,5.6,19.2,NA,3,NA,32,45,B,5.3,180,87,9.4,11,10.4,21,4571.3,-104,38,-767,NA,23.8,467,No,0.19,412,345,NA,No,338,NA,No,No,No,0.31,0,No,267,1,-621,-1,New York Stock Exchange,No,77,Yes,1.2,Yes,100,39806.2,-130,-76,-177.4,16.9,Yes,Yes,13.2,-0.9,METALS,12.3,NA,No,74,2309.3,No,No,No,28.6,-22.1,NA,-7.2,0.3,2026-07-24,RYZ,32,0,0,0,0,10,7,49,82.33333333333333,10,TRUE,TRUE,Other,Momentum Leader,56.2,Strong
3124,PNC,PNC Financial Services Group Inc.,NA,3.4,3.9,3.8,256.49,0,0,0,4,541,7662068,07/20/2026,2,B,No,No,No,No,No,-0.25,16.2,3.2,0.29,10.59,1.7,2.78,38,53.1,12,25,2.1,2.17,NA,11.4,13.1,5,4,Yes,Yes,20.6,24,24.2,22.1,6,5,11,24,8,No,No,21.1,252.86,Banks-Super Regional,NA,33.3,38,Yes,5.2,133.9,Yes,12,14,-4.3,1.9,0,256.49,60,27,10,18.17,Yes,10,-0.92,-1.42,77,79,97,0.96,489580,102479.3,2.07,401564.6,18.5,7.3,8.5,12.5,NA,13.3,NA,85,20,A-,7.8,14,14,9.2,0.3,2.7,50,23099,7,21,21,NA,17.3,2125,Yes,-2.34,13,2192,NA,No,2671,NA,No,No,No,4.06,0,Yes,25,1.6,18,0,New York Stock Exchange,No,77,Yes,1.58,-,99,399961.6,29,25,21.3,14.5,Yes,Yes,13.9,-0.5,BANKS,0.4,NA,No,45,155614.8,No,No,No,29,27.6,NA,12,22.8,2026-07-24,PNC,15,8,7,0,0,10,7,47,86.33333333333333,25,FALSE,TRUE,Other,Momentum Leader,67.7,Leading
4196,USB,U.S. Bancorp,NA,2.8,3.1,2.6,64.84,0,0,0,4,541,23654933,06/30/2026,0,B,No,No,No,No,Yes,-0.51,12.4,3.3,0.54,12.34,0,0,33,48.53,12,22.5,2.16,2.26,NA,5.3,6,6,2,No,No,21,20.3,19.8,18.8,11,-1,17,20,8,No,No,18.3,63.14,Banks-Super Regional,NA,33.3,38,Yes,1.33,96.8,Yes,12,13,-16.2,1.5,0,64.84,60,27,10,5.01,Yes,17,-1.36,-2.62,77,79,96,0.98,506125,99710.4,2.1,1557731.7,17.4,48.1,9,10.9,NA,16.1,NA,88,20,B+,5.7,12,12,9.6,1.1,3.3,83,28656,16,9,22,NA,7,9004,Yes,-0.87,6,13160,NA,No,2948,NA,No,No,No,3.31,0,Yes,22,1.6,15,0,New York Stock Exchange,No,77,Yes,1.62,-,98,1554232.9,25,18,18.1,6.3,Yes,Yes,13.1,1.6,BANKS,1.2,NA,No,44,130607.6,Yes,Yes,No,39.7,11.2,NA,12.2,19.9,2026-07-24,USB,10,8,7,5,0,10,7,47,86,25,FALSE,FALSE,Other,Momentum Leader,67.7,Leading
3323,RDWR,Radware Ltd.,NA,4,4.5,4,32.79,0,5.9,1,0,656.4,906779,NA,0,A,No,No,No,No,No,0.1,25.9,0,1.59,27.03,3.83,3.83,72,263.19,26,9.7,4.05,4.37,NA,10,9.8,1,4,Yes,Yes,41.5,11,18.2,28.3,7,7,39,17,6,No,No,25.7,30.29,Computer-Networking,NA,0,90,Yes,1.28,3.5,Yes,17,27,-12.1,2.6,0,32.79,13,1,14,1.13,Yes,30,0.73,-7.63,77,78,94,0.93,6521,1297.4,4.63,42307,16.8,265.6,10.8,17.6,NA,26.1,NA,82,10,A,-9,1,11,4.3,-1.3,2.2,67,301.9,102,11,32,NA,10.3,230,Yes,0.22,1,791,NA,No,135,NA,No,No,Yes,4.14,0,No,-7,1.1,19,10,NASDAQ,No,78,Yes,4,Yes,95,35162,22,40,5.6,9.7,No,No,14.9,0.7,COMPUTER,-3.7,NA,No,58,1067.5,Yes,Yes,No,5.9,32,NA,6.1,7.7,2026-07-24,RDWR,5,0,0,10,0,10,7,32,90,35,FALSE,FALSE,Other,Momentum Leader,49.2,Improving
4459,WTS,Watts Water Technologies Inc. Cl A,NA,4.7,4.7,1.9,371.51,0,1.6,1,1,670.4,824963,06/01/2026,0,C-,No,No,No,No,Yes,0.27,29.7,0.7,2.72,28.87,1.65,1.71,76,122.18,28,18.3,3.11,3.17,NA,11,14.3,8,8,Yes,Yes,18.4,26.4,26.2,21.3,42,18,13,26,15,Yes,No,25.5,346.43,Building - Construction Products,NA,1.6,89,No,11.03,9.4,Yes,64,31,-59.2,3,0,394.54,49,43,11,11.25,Yes,6,-1.97,-12.19,77,68,90,1.03,139345,11800.3,3.43,27474.6,15.3,-39.8,3,14.5,NA,16.5,NA,93,53,D,12.8,14,9,5.7,-2.2,-2.7,21,2438.5,7,21,19,NA,18.5,421,No,-6.97,8,245,NA,No,829,NA,No,No,No,3.72,0,No,28,1.1,28,8,New York Stock Exchange,No,72,Yes,5.52,-,96,27139.2,23,26,28,16.5,Yes,Yes,12.2,-1.2,BUILDING,-1.7,NA,No,62,11546.8,Yes,No,No,37.7,-51.8,NA,18.2,14.7,2026-07-24,WTS,20,12,0,0,0,10,7,49,80.33333333333333,55,TRUE,TRUE,Earnings Accelerator,Momentum Leader,46.5,Improving
3417,ROK,Rockwell Automation Inc.,NA,4.2,4.8,5.2,488.35,0,21.1,12,0,912.7,4228239,08/17/2026,1.38,B-,No,No,No,No,No,7.41,32.9,1.2,1.09,33.83,6.13,7.57,82,182.04,34,11,3.21,3.18,NA,7.3,10.5,5,-2,No,Yes,18.7,40.1,31.1,24.4,9,5,-3,31,13,No,No,18.7,461.85,Electrical-Power/Equipmt,NA,0,43,No,14.83,80.9,No,57,38,7.6,3.8,0,497.36,14,50,3,12.21,Yes,10,-1.46,-7.14,77,61,89,1.2,373444,52150.8,3.2,111274,14.1,4,0.7,11.1,NA,11.1,NA,86,73,C,14.5,24,12,0.4,-1.5,-2,23,8342,-20,12,8,NA,11.9,829,No,-6.82,20,792,NA,No,2761,NA,No,No,No,5.84,0,No,35,1.1,50,1,New York Stock Exchange,No,69,Yes,14.6,-,98,111033,35,4,42.5,12.5,Yes,Yes,10.7,0.4,MACHINE,-2.2,NA,No,47,54578.7,Yes,No,No,29.6,-16.6,NA,24.2,15.6,2026-07-24,ROK,20,12,0,0,0,10,7,49,77.66666666666667,35,FALSE,FALSE,Other,Momentum Leader,38.5,Weak
4333,VVV,Valvoline Inc.,NA,7.4,7.2,5.9,41.08,0,0,0,0,159.8,14010427,12/01/2022,0,A-,No,No,No,No,No,-17.43,62.7,0,0.73,17.3,0,0,66,211.92,22,17.1,3.52,3.12,NA,9.7,11.2,-14,5,Yes,No,6.8,11.3,9.6,6.1,3,-4,7,8,82,Yes,No,37.5,39.97,Retail/Whlsle-Auto Parts,NA,0,118,Yes,1.18,565.7,Yes,12,24,-17.6,11,0,41.33,131,135,18,1.7,No,14,-0.74,-3.29,77,87,85,0.82,83362,5135.9,3.01,127536.1,17.2,-26.5,6.8,15.7,NA,26.9,NA,74,135,A+,19.2,10,18,10.2,3,3.1,33,1710.3,33,25,1,NA,18.2,2311,Yes,-0.3,6,1716,NA,No,601,NA,No,No,No,2.74,0,No,21,1.5,16,6,New York Stock Exchange,No,82,Yes,14.43,-,98,127121,-2,4,18.1,13.5,Yes,Yes,15.9,-0.3,RETAIL,3.4,NA,No,69,6638.2,No,No,No,10.3,-11.4,NA,82,9,2026-07-24,VVV,15,0,0,0,0,10,7,32,93,30,FALSE,TRUE,Other,Momentum Leader,48,Improving
3090,PKE,Park Aerospace Corp.,NA,3.6,3.8,3.9,38.83,0,10.4,10,1,2290,1277048,07/01/2026,0,E,No,No,No,No,Yes,0,47.6,1.5,18.24,56.75,16.56,28.9,90,223.2,50,20.5,5.81,5.82,NA,15,17.8,7,9,Yes,Yes,51.9,102.8,82.8,55.7,85,2,-6,67,1,Yes,No,52,32.44,Aerospace/Defense,NA,1,16,No,2,0.2,Yes,96,58,3.3,6.7,0,39.86,86,110,20,0.56,Yes,17,0.31,-18.62,77,30,72,0.75,11335,675.2,5.84,20877.9,21.7,-28.5,1.7,-6,NA,29.3,NA,90,131,E,18.8,17,20,-5.1,-7.7,-6.1,18,73.3,0,43,70,NA,31.5,335,Yes,0.1,33,237,NA,No,239,NA,No,No,No,9.24,0,No,205,1.1,87,18,New York Stock Exchange,No,61,Yes,5.21,-,90,19189.4,16,23,146.1,20.4,Yes,Yes,11.9,4.8,AEROSPACE/DEFENSE,-3.6,NA,No,48,611.6,No,No,No,83,-27.1,NA,9.5,15.9,2026-07-24,PKE,32,15,0,0,0,10,10,67,59.666666666666664,40,TRUE,TRUE,Earnings Accelerator,CANSLIM Growth,28,Weak
3920,TDC,Teradata Corp.,NA,6.1,5.8,5.9,37.52,0,5.6,1,0,428.1,16667104,NA,0,A-,No,No,No,No,No,-71.85,3.3,0,1.3,9.67,1.81,1.81,25,26.92,12,10.7,4.93,4.67,NA,-2.6,-0.7,-3,-3,Yes,Yes,10.2,25.8,12.7,13.3,8,6,17,13,72,No,No,0.3,30.52,Computer Sftwr-Database,NA,0,137,Yes,1.56,85.6,Yes,18,11,2,18.3,0,41.78,87,140,-8,2.81,Yes,14,-1.33,-26.95,77,54,69,1.15,98387,2910.5,5.06,94100,6,-12.1,-3.8,12.6,NA,2.5,NA,93,140,D+,14.2,3,8,-7.6,-9.9,-7.7,73,1663,17,6,7,NA,4.6,3036,Yes,-0.41,17,2561,NA,No,595,NA,No,No,No,1.7,0,No,33,1.1,40,-5,New York Stock Exchange,No,43,Yes,5.17,Yes,88,91022.5,4,-27,36.5,1.2,Yes,Yes,1,-4.2,SOFTWARE,-9.5,NA,No,68,3010.3,No,No,No,40,-3.1,NA,71.6,75.5,2026-07-24,TDC,15,12,0,0,0,10,5,42,66.66666666666667,40,TRUE,FALSE,Other,Earnings Accelerator,59.1,Strong
4163,UMAC,Unusual Machines Inc.,NA,1.2,1,1.2,22.59,0,3.1,1,2,60.1,7578805,NA,0,D,No,No,No,No,Yes,0.01,-7.9,0,128.23,-20.8,0,0,3,0,0,-171.7,13.46,12.33,NA,152.3,132.9,0,291,Yes,No,-108.4,135.9,76.9,58.5,30,-,-55,162,-20,No,No,32.9,16.93,Leisure-Products,NA,6.2,60,No,2.9,0.8,Yes,32,0,22.9,17.5,0,34.36,50,78,-13,-0.35,No,0,1.74,-50.73,77,43,67,2.49,149947,795.3,11.21,47793.9,10.1,-60.2,-30.8,20.2,NA,-8.5,NA,69,37,E,327.1,60,-84,-18.4,-13.2,-18.4,3,11.2,-433,296,81,NA,220.7,6521,No,0.29,50,2478,NA,No,105,NA,No,No,No,46.9,0,No,200,1.6,91,101,NYSE American,No,58,Yes,2.44,-,82,43366.1,117,-100,145.5,160.3,Yes,Yes,2.8,25,LEISURE,-10,NA,No,41,745.3,No,No,No,42.9,-44.2,NA,-20.2,127,2026-07-24,UMAC,35,15,0,0,0,10,7,67,67.33333333333334,35,TRUE,TRUE,CANSLIM Growth,CANSLIM Growth,50.7,Improving
3859,SWBI,Smith & Wesson Brands Inc.,NA,2.9,3.6,2.7,15.98,0,6.5,3,1,129.1,1978810,07/01/2026,0,E,No,No,No,No,Yes,0.5,8,3.3,3.2,5.85,0,0,81,141.63,30,4.8,4.04,4.81,NA,5.7,10,-15,-2,Yes,No,-51.8,41.9,-43.5,-46.4,29,-49,-41,14,-1,No,No,50.6,14.86,Security/Sfty,NA,2.2,104,Yes,0.72,13.6,Yes,46,37,-24.2,4.6,0,17.56,128,41,30,0.4,No,34,-2.56,-15.39,77,41,65,0.8,11332,682.1,5.47,44727.1,19.9,-44.3,8.2,0.1,NA,38.6,NA,64,55,E,60,23,76,-1.8,-3,-3.3,4,523.8,-67,27,37,NA,21.9,745,No,-0.39,31,402,NA,No,211,NA,No,No,Yes,1.27,0,No,89,1.1,100,10,NASDAQ,No,62,Yes,1.76,-,93,43229.2,-64,-300,94.7,14,No,Yes,11,5,BUSINS SVC,-4.7,NA,No,41,687.6,No,No,No,80.6,-44.7,NA,4.9,9.1,2026-07-24,SWBI,27,12,0,0,0,10,7,56,61,35,TRUE,TRUE,CANSLIM Growth,CANSLIM Growth,53.3,Improving
3679,SMPNY,Sompo Holdings Inc. ADR,NA,0,0,0,20.85,0,1.5,2,20,2363,0,03/31/2026,0,A-,No,No,No,No,Yes,0.32,0,1.5,6.2,7.99,0.3,0.31,17,33.11,0,13.7,1.69,1.43,NA,22.2,24.1,1,8,No,Yes,38.7,104.2,81.1,54,95,28,59,67,12,No,No,20.4,20.5,Insurance,NA,15.4,115,Yes,0.28,20.1,No,130,9,0,0,0,20.85,91,54,4,2.33,Yes,54,0.89,-1.66,76,77,97,0.03,4073,37567.3,1.42,1868457.5,15.5,-52.2,6.1,9.7,NA,13.4,NA,98,35,A-,0,0,0,6.8,0.6,3.4,73,40802.3,-42,25,172,NA,35,211,Yes,0.18,0,89,NA,No,3,NA,Yes,No,No,0.93,0,No,193,2,38,16,US OTC,No,71,Yes,1.13,Yes,100,0,81,12,115.6,29.4,Yes,Yes,10.7,0,INSURANCE,1.9,NA,No,0,38232.7,No,No,No,41.8,33.8,NA,14,8.2,2026-07-24,SMPNY,30,15,0,0,0,0,7,52,85.33333333333333,45,TRUE,FALSE,Other,Momentum Leader,71.2,Strong
3432,RRBI,Red River Bancshares Inc.,NA,1.7,1.9,3.1,100.52,0,0,0,17,539.2,261285,06/08/2026,0,C,No,No,No,No,Yes,0,12.6,1,0.11,14.44,1.82,2.09,42,56.08,13,31.3,2.76,2.68,NA,13.2,13.2,5,5,No,Yes,25.5,24.6,26,27,136,7,8,26,11,No,No,36.8,97.73,Banks-Regional,NA,6.3,68,Yes,2.48,0.4,No,268,15,64.1,5.5,0,100.52,57,35,24,6.68,Yes,8,-2.14,-2.78,76,63,95,0.71,8354,657.6,2.58,6584.7,19.2,-16.7,11.1,1.2,NA,30.3,NA,80,22,B-,8,14,5,6.4,1,4.5,26,125.5,2,12,29,NA,13.8,93,Yes,-2.14,16,76,NA,No,200,NA,No,No,Yes,5.05,0,No,19,1.6,26,8,NASDAQ,No,73,Yes,1.72,-,97,4747.1,28,30,22.7,13.3,Yes,Yes,12.1,5.8,BANKS,2,NA,No,32,617.9,No,No,No,51.6,-12.4,NA,12.5,27.4,2026-07-24,RRBI,15,8,0,0,0,10,7,40,80,40,FALSE,FALSE,Other,Momentum Leader,67.7,Leading
4076,TSM,Taiwan Semiconductor Manufacturing Co. Ltd. ADR,NA,2.1,1.8,2,460.03,0,0,0,0,3635.6,27731361,09/16/2026,1.11,E,No,No,No,No,No,0.37,46.5,0.6,2.49,27.39,1.18,1.22,74,108.96,21,53.5,4.32,4.64,NA,35.9,31.5,20,30,No,Yes,58.2,55.3,53,58,15,24,38,53,27,No,No,31.1,398.37,Elec-Semiconductor Mfg,NA,0,9,Yes,20.33,15.9,No,33,29,9.4,0.5,0,479,16,14,11,13.66,Yes,16,-2.77,-16.83,76,33,89,1.42,6019564,1984353.7,4.61,5186474,13.5,56.1,-7.8,7.5,NA,16.3,NA,98,32,E,10.8,57,30,-6.4,-7.3,-9.1,74,120663.8,34,24,53,NA,31.7,14204,No,-11.37,53,20978,NA,No,4102,NA,Yes,No,Yes,14.67,0,No,62,0.9,63,36,New York Stock Exchange,No,54,Yes,11.21,-,91,5181832.9,41,46,62.5,29.7,Yes,Yes,7.4,1.3,CHIPS,-8.2,NA,No,7,2111962.3,No,No,No,62.2,40.4,NA,36.4,55.6,2026-07-24,TSM,25,15,0,5,0,5,7,57,66,60,TRUE,FALSE,CANSLIM Growth,CANSLIM Growth,40.1,Weak
3491,SAN,Banco Santander S.A. ADR,NA,10.2,10.8,10.7,14.39,0,0,0,1,5319.6,86977172,05/04/2026,0,D-,No,No,No,No,Yes,-5.43,0,1.4,1.74,2.15,0.55,0.59,26,40.59,11,14.5,2.49,2.5,NA,7.5,6.9,7,8,No,Yes,30.9,43.7,36.9,35.8,16,19,23,36,9,Yes,No,15.5,13.55,Banks-Money Center,NA,3.7,34,Yes,0.33,409.1,No,27,11,-1.3,0.6,0,14.39,56,21,4,1.21,Yes,5,-0.51,-5.84,76,62,89,1.06,108472,200520.7,2.25,14689319,15.4,6.7,1.7,5.2,NA,10.8,NA,98,23,E,49.8,11,21,5.4,-2.1,-1,77,73595.2,14,0,32,NA,7,8532,Yes,-0.07,13,8588,NA,No,84,NA,Yes,No,No,2.75,0,Yes,76,1.1,36,-4,New York Stock Exchange,No,68,Yes,1.63,-,98,14678222.7,19,16,56.1,7.7,Yes,Yes,10.8,-5.6,BANKS,-2.3,NA,No,0,632662.3,No,No,No,59.2,14.5,NA,12.7,11.5,2026-07-24,SAN,20,12,7,0,0,0,7,46,77.66666666666667,30,TRUE,FALSE,Other,Momentum Leader,67.7,Leading
4312,VRT,Vertiv Holdings Co.,NA,1.9,2.6,2.2,338.88,0,21.1,12,0,912.7,14478165,06/15/2026,0,E,No,No,No,No,No,1.17,43.4,0.1,1.49,53.51,1.13,1.14,91,270.55,42,17,6.29,6.84,NA,28.2,29.3,18,21,No,Yes,67.3,61.1,69.6,65.4,18,54,66,63,40,No,No,78.7,289.56,Electrical-Power/Equipmt,NA,0,43,Yes,21.52,75.2,Yes,57,61,-14.4,3.8,0,379.94,14,50,62,4.72,Yes,64,-1.55,-23.79,76,25,86,2.12,1961205,112970.2,7.04,384108.8,20.6,-0.3,-8.8,-5.8,NA,63.7,NA,99,73,E,16.9,55,36,-10.4,-6.4,-8.1,5,10229.9,61,30,47,NA,26.4,6172,No,-4.55,50,6066,NA,No,3202,NA,No,No,No,10.26,0,No,83,0.8,37,28,New York Stock Exchange,No,57,Yes,26.19,-,91,382659,63,95,60.1,27.3,Yes,Yes,10.6,5.2,MACHINE,-9.2,NA,No,47,118326.7,Yes,No,No,120.8,-26.2,NA,41.8,14.7,2026-07-24,VRT,27,15,0,0,0,10,10,62,62.333333333333336,40,TRUE,TRUE,Earnings Accelerator,CANSLIM Growth,38.5,Weak
3549,SEG,Seaport Entertainment Group Inc.,NA,13.6,14.6,13.3,27.18,0,0,0,1,474.3,860036,NA,0,B+,No,No,No,No,Yes,1.18,-6.8,0,5.73,-7.76,0,0,18,0,0,-88.4,3.72,3.27,NA,10,9.8,0,0,No,No,50.3,63.9,67.6,66.8,48,-,-,134,-23,No,No,33.9,26.48,Leisure-Services,NA,1.6,133,No,0.83,22.4,No,62,0,-9.2,6.9,0,28.34,96,75,20,-4.51,No,0,-0.79,-6.56,76,77,74,0.94,1639,341.7,3.1,12801.9,17.6,-11.1,9.2,16.6,NA,27.3,NA,61,83,A,-13.7,47,104,7.4,0.8,1.4,18,130.4,53,-21,64,NA,4.2,67,Yes,-0.21,79,59,NA,No,174,NA,No,No,No,2.67,0,No,44,1.9,58,17,New York Stock Exchange,No,87,No,0.82,-,99,12408.5,90,79,51,7.3,No,No,18.6,0,LEISURE,3.4,NA,Yes,66,346.5,No,No,No,20.1,-30.5,NA,-22.9,-346.3,2026-07-24,SEG,15,15,0,0,0,10,7,47,82.66666666666667,30,FALSE,FALSE,Other,Momentum Leader,50.7,Improving
3580,SGMT,Sagimet Biosciences Inc.,NA,2.8,3.3,3.9,8.1,0,3.9,21,3,457.1,8252474,NA,0,B,No,No,No,No,Yes,0,-1.7,0,20.26,-5.54,0,0,11,0,0,0,5.87,5.63,NA,0,0,0,0,No,No,-19.6,31.4,16.5,-15.5,437,-,-,27,-38,No,No,32.1,7.82,Medical - Development Biotech,NA,0.6,18,No,0.4,0,No,545,0,18.6,14.1,0,11.41,17,13,14,-1.34,No,0,2.22,-31.46,76,76,65,2.09,8075,468.1,5.94,61184.3,18.6,32.8,19.8,20.9,NA,27.4,NA,51,17,A,11,24,-4,9.1,3.2,7.2,11,0,45,0,-9,NA,0,1127,Yes,0.17,22,1382,NA,No,95,NA,No,No,No,NA,0,No,41,1.2,42,0,NASDAQ,No,90,No,2.49,-,98,58587.7,11,-28,41.5,0,Yes,No,24.5,26.7,MEDICAL,6.1,NA,No,21,380.4,No,No,No,-18.1,-8,NA,-38.2,0,2026-07-24,SGMT,15,12,0,5,0,10,7,49,79.33333333333333,25,TRUE,FALSE,Other,Momentum Leader,53.3,Improving
3569,SFST,Southern First Bancshares Inc.,NA,0.9,1.3,3,64.06,0,0,0,17,539.2,436399,NA,0,D,No,No,No,No,No,-0.1,24.8,0,0.1,16.31,0,0,41,55.58,12,17.6,2.75,3.06,NA,26.6,27.2,-1,8,No,No,86.7,84.7,93.3,96.5,118,-12,22,90,9,No,No,20.7,62.2,Banks-Regional,NA,6.3,68,Yes,1.83,76.7,Yes,268,15,124.4,5,0,64.06,57,35,6,4.28,No,46,-2.34,-2.9,75,66,97,0.77,7882,602.2,2.88,9455.2,15.4,6.4,7.3,7.6,NA,11.7,NA,97,22,B-,-3.3,35,22,5.8,1.4,2.7,27,118.1,15,28,96,NA,26.9,138,Yes,-1.49,47,141,NA,No,217,NA,No,No,No,4.69,0,No,83,1.6,73,5,NASDAQ,No,69,Yes,1.35,-,97,8773.4,98,119,78,28.2,Yes,Yes,10,4.8,BANKS,2.4,NA,No,50,843.1,Yes,Yes,No,56.6,-22.7,NA,8.7,17,2026-07-24,SFST,27,15,0,0,0,10,7,59,81.33333333333333,15,FALSE,FALSE,CANSLIM Growth,CANSLIM Growth,67.7,Leading
4449,WTBA,West Bancorp Inc.,NA,6.8,6.9,6.8,27.87,0,0,0,17,539.2,403104,05/06/2026,0,B+,No,No,No,No,Yes,-0.11,15.7,3.8,0.29,9.89,0,0,35,50.21,10,20.9,2.65,2.93,NA,22.8,23.2,-4,4,No,No,38.5,30.7,35.9,35,228,-12,0,32,7,No,No,21.9,27.04,Banks-Regional,NA,6.3,68,Yes,0.75,38.9,No,268,13,-0.9,2.7,0,27.87,57,35,12,2.06,No,25,-2.06,-2.98,75,74,92,0.76,1548,470.1,2.98,17028.1,15.5,2.7,9.9,10.4,NA,19,NA,62,22,A,5.2,35,10,8.7,1.4,3,43,99.5,-1,17,35,NA,24,61,Yes,-0.57,34,61,NA,No,218,NA,No,No,No,4.46,0,Yes,33,1.7,2,0,NASDAQ,No,77,Yes,1.7,-,97,14976.7,57,52,17.5,23.7,Yes,Yes,11.8,4.8,BANKS,2.7,NA,No,38,812.1,No,No,No,35.2,-16.3,NA,13.2,21.2,2026-07-24,WTBA,20,12,7,0,0,10,7,56,82.33333333333333,30,TRUE,FALSE,CANSLIM Growth,CANSLIM Growth,67.7,Leading
3594,SHIP,Seanergy Maritime Holdings Corp.,NA,1.3,1.3,1,15.52,0,2,1,0,71.3,246472,06/29/2026,0,E,No,No,No,No,-,31.42,20.1,5.3,0,5.47,0.22,0.27,9,29.79,5,13.4,5.16,4.79,NA,10.3,22.1,9,18,Yes,No,27.5,143.5,88.5,41.3,-,24,61,48,6,Yes,No,51.8,14.01,Transportation-Ship,NA,0,19,No,0.71,110.5,Yes,49,6,-20.2,1.7,0,16.86,12,24,48,2.16,No,99,-5.4,-16.9,75,30,87,0.83,3596,312.7,5.06,21114.1,16.5,-15.2,-8,-4.6,NA,49.5,NA,98,38,E,52.8,162,-12,-8,-3.5,-3.4,70,158.1,272,77,-46,NA,47.8,239,No,-0.8,411,200,NA,No,34,NA,No,No,No,1.67,0,No,333,0.7,100,-6,NASDAQ,No,48,Yes,1.02,-,90,14356.4,-3,-77,216.7,33.9,Yes,Yes,7.2,13.3,TRANSPORTATION,-6.4,NA,No,22,555.6,No,No,No,99.3,-2.9,NA,7.7,22.2,2026-07-24,SHIP,35,15,0,0,0,10,7,67,64,15,TRUE,TRUE,Earnings Accelerator,CANSLIM Growth,48.8,Improving
3174,PRMB,Primo Brands Corp.,NA,8.8,9.6,8.5,25.59,0,0,0,1,657.4,32735858,06/04/2026,0,C,No,No,No,No,No,1247.47,36.4,2,0.98,13.54,0.9,0.98,59,601.17,19,2.2,3.6,3.19,NA,151.3,124.9,26,58,No,Yes,32.6,32.2,33.7,37.5,3,20,24,25,2,No,No,51.8,24.82,Beverages-Non-Alcoholic,NA,4,97,Yes,0.77,187.6,Yes,25,20,-12.1,13.5,0,29.23,80,38,28,1.26,Yes,6,-2.25,-15.09,75,76,87,0.73,86364,9213.2,3.11,362868.6,22.5,-41.2,4.7,18.8,NA,32,NA,89,52,A-,-4.5,-4,15,4.3,1.4,1.6,53,6664,63,1,32,NA,-1.3,3661,Yes,-0.57,-10,2159,NA,No,494,NA,No,No,No,1.35,0,No,-21,1.6,100,29,New York Stock Exchange,No,87,Yes,3.05,Yes,98,241981.8,17,38,39.7,80.9,No,No,20.7,2.9,FOOD/BEV,3.5,NA,Yes,83,14394.6,No,No,No,-13.4,-39.3,NA,2.5,1.7,2026-07-24,PRMB,0,12,0,0,0,10,10,32,86.33333333333333,15,FALSE,FALSE,Other,Momentum Leader,49.8,Improving
3186,PRVA,Privia Health Group Inc.,NA,3.6,3.1,3.5,28.82,0,0,0,1,51.7,3722213,NA,0,A+,No,No,No,No,No,0.02,17.1,0,1.61,21.22,2.67,2.67,97,620.34,83,2.1,3.24,3.02,NA,23,24.8,21,14,No,Yes,38.9,55.6,33.3,36.7,8,63,-12,50,3,No,No,13.5,26.9,Computer Sftwr-Medical,NA,4.5,138,No,0.75,0.9,Yes,22,168,11.6,3.2,0,28.82,139,63,6,0.16,Yes,99,-1.18,-6.66,75,80,77,1.03,27461,3430.1,3.03,126012.4,14,37.6,14.9,12,NA,15.4,NA,43,63,A-,-73.3,36,66,12,-2.4,3.4,7,2122.8,-42,26,64,NA,21.6,1150,Yes,-0.32,241,1530,NA,No,451,NA,No,No,No,1.51,0,No,-33,1.3,133,22,NASDAQ,No,77,No,4.49,-,93,117559.6,67,-33,50,25.2,No,No,15.4,0.4,SOFTWARE,-2.1,NA,No,70,3070.8,No,No,No,29.9,14.9,NA,3.3,0.5,2026-07-24,PRVA,7,15,0,5,0,10,7,44,82.33333333333333,20,FALSE,TRUE,Other,Momentum Leader,59.1,Strong
3700,SNPHY,Santen Pharmaceutical Co. Ltd. ADR,NA,0,0,0,13.77,0,1.5,1,3,4274.5,0,03/31/2026,0,B+,No,No,No,No,Yes,0.26,13.9,1.2,2.6,14.86,0.58,0.6,53,63.96,0,16.3,1.68,1.35,NA,-2.4,-1.8,-5,-3,No,Yes,5046,27.4,11.3,6051.5,33,29,48,8,9,No,No,25.9,13.06,Medical - Pharmaceuticals,NA,4.4,41,No,0.17,10.5,Yes,68,17,0,0,0,13.77,109,59,9,0.75,Yes,60,1.43,-5.16,75,79,77,0.07,38,4146.9,1.52,322290.2,18.7,26.8,11.3,16.3,NA,16.9,NA,43,41,B+,0,0,0,7.6,-1.9,1,38,1935.2,15,2,-7,NA,-2,3,Yes,0.18,0,3,NA,No,0,NA,Yes,No,No,2.18,0,Yes,80,1.4,-5,-2,US OTC,No,81,Yes,2.25,Yes,97,0,6,-37,37.9,-2.1,No,Yes,15.8,0,MEDICAL,-1,NA,No,0,3878.5,Yes,No,No,14.5,-52.2,NA,13.1,19.2,2026-07-24,SNPHY,20,12,7,0,0,0,7,46,84,35,TRUE,FALSE,Other,Momentum Leader,53.3,Improving
3259,QNST,QuinStreet Inc.,NA,6.3,6.4,5.8,18.02,0,7.8,4,1,104.6,4818178,NA,0,A+,No,No,No,No,No,0.31,7,0,1.18,11.51,1.18,1.18,49,56.74,11,0.5,4.67,4.27,NA,24.9,16.2,17,35,No,Yes,174.1,22.5,48.7,89,13,14,82,32,2,Yes,No,16.8,16.78,Comml Svcs-Advertising,NA,2,131,No,0.6,24.4,Yes,51,16,-9,9.2,0,18.02,113,67,10,1.02,Yes,66,-3.06,-6.88,75,94,75,1,10855,994.4,4.15,57445.4,24.8,0.3,31.4,31.6,NA,14.9,NA,45,82,A,-1.8,38,26,24.8,-0.5,10.5,44,1093.7,-15,28,700,NA,15.1,832,Yes,-0.53,77,815,NA,No,352,NA,No,No,No,0.82,0,No,48,1.6,20,78,NASDAQ,No,87,No,3.11,Yes,93,52622.7,0,127,33.8,10.8,Yes,No,27.9,-1.9,BUSINS SVC,-0.1,NA,No,56,917.3,Yes,Yes,No,7.9,-27.6,NA,2,2.1,2026-07-24,QNST,22,8,0,0,0,10,10,50,96.33333333333333,15,TRUE,TRUE,Other,Momentum Leader,53.3,Improving
3551,SEIC,SEI Investments Co.,NA,2.5,2.6,3.1,100.79,0,0.9,1,3,1060.8,2518407,06/08/2026,0,A-,No,No,No,No,Yes,0.03,14.9,1.1,4.52,20.83,2.27,2.63,55,64.44,16,39.8,2.25,2.49,NA,9,9.4,5,9,Yes,Yes,19.7,18.3,17.3,17.5,80,7,20,17,25,Yes,No,21,99.25,Finance-Investment Mgmt,NA,2.7,85,Yes,2.26,2.4,Yes,113,18,18.8,2.5,0,100.79,110,86,7,5.4,Yes,11,-1.01,-1.53,74,87,98,0.9,61407,12058.6,2.67,120273,17.4,30,9.1,24.4,NA,15.4,NA,92,71,A+,10,17,13,9.2,3.8,7.6,23,2297.4,27,13,16,NA,11,674,Yes,-1.01,20,867,NA,No,737,NA,No,No,No,5.04,0,No,23,1.1,23,8,NASDAQ,No,83,Yes,4.88,-,99,98206.8,9,14,22.9,9.9,Yes,Yes,16.2,-2.4,FINANCE,4,NA,No,56,11402.2,No,No,No,6.5,26.3,NA,30.4,28.1,2026-07-24,SEIC,15,8,0,5,0,10,7,45,93.33333333333333,60,FALSE,FALSE,Other,Momentum Leader,49.6,Improving
4436,WSBC,WesBanco Inc.,NA,4,4.8,4.9,41.27,0,0,0,17,539.2,6231038,06/05/2026,0,B,No,No,No,No,No,-0.08,11.3,3.9,0.06,12.69,0,0,27,49.99,11,19.4,2.29,2.56,NA,55.9,61.5,8,19,No,No,42.8,41.3,52.4,45.5,54,-3,5,47,4,No,No,22.7,40.8,Banks-Regional,NA,6.3,68,Yes,0.95,33.4,No,268,11,2.4,6.6,0,41.27,57,35,11,3.6,Yes,17,-0.92,-1.14,74,88,97,0.81,48459,3960.7,2.46,96180.6,18.6,-4.7,15.3,12.2,NA,18.7,NA,79,22,A+,5.2,6,10,12.8,3.5,5.9,78,981.1,-9,33,45,NA,48.1,1324,Yes,-0.38,-6,1180,NA,No,421,NA,No,No,Yes,3.75,0,Yes,38,3.1,18,51,NASDAQ,Yes,86,Yes,1.02,Yes,99,94024.1,68,86,28.1,56.6,Yes,Yes,15.6,3.4,BANKS,4.7,NA,No,49,5261,No,No,No,24.5,-31.8,NA,6.5,24.1,2026-07-24,WSBC,22,12,10,0,0,10,7,61,91.33333333333333,20,FALSE,FALSE,CANSLIM Growth,CANSLIM Growth,67.7,Leading
3099,PLD,Prologis Inc.,NA,3.9,4.6,3.6,153.35,0,1.5,3,41,1680.7,13048598,06/16/2026,0,D-,No,No,No,No,-,-17.9,38.9,3,0,28.62,2.24,3.09,68,126.94,23,42.9,2.13,2.4,NA,8,7.7,18,10,No,Yes,6.2,4.4,4.4,5.3,-,8,2,4,2,Yes,No,17.3,149.79,REITs,NA,21,87,No,3.42,0,Yes,195,25,-21.8,1.4,0,153.35,41,46,5,6.06,Yes,8,-0.18,-2.32,74,70,91,0.93,514947,142861.8,2.5,932338,12.2,42.5,6.3,3.2,NA,12.4,NA,65,21,B,5.5,7,7,4.8,5.1,5.8,7,8158.9,-1,7,4,NA,7.2,3718,No,-0.27,5,4818,NA,No,3469,NA,No,No,No,16.53,0,Yes,12,1,6,7,New York Stock Exchange,No,71,Yes,2.62,-,100,929933.5,-4,4,8.6,7.5,Yes,Yes,9.3,0.2,REAL EST,6.3,NA,No,53,169688.4,No,No,No,40.7,29,NA,6.2,43.8,2026-07-24,PLD,10,0,7,5,0,10,7,39,80.33333333333333,25,FALSE,FALSE,Other,Momentum Leader,59.7,Strong
4308,VRNS,Varonis Systems Inc.,NA,3.9,3.8,3.1,49.54,0,5.6,1,0,428.1,7752940,NA,0,A+,No,No,No,No,Yes,1.15,18.6,0,1.69,36.89,3.44,3.44,98,0,364,-18.7,5.62,6.03,NA,16.4,15.5,14,11,Yes,Yes,368.5,725.3,534,448.9,12,60,-9,-41,-25,No,No,44.9,47.54,Computer Sftwr-Database,NA,0,137,No,2.3,112.7,Yes,18,207,-18.7,7.1,0,63.9,87,140,30,0.23,Yes,0,1.15,-25.6,74,99,77,1.3,78477,5396.3,6.57,114814.1,40.4,-1.6,43.7,96.3,NA,41.8,NA,89,140,A+,214,-34,223,34.6,3.9,15.3,-,623.5,-14,27,-42,NA,18.1,2204,Yes,0.54,-73,2142,NA,No,460,NA,No,No,No,8.27,0,No,2272,2.3,-56,13,NASDAQ,No,98,No,12.04,-,96,108988.9,-40,-40,1108,15.1,Yes,Yes,58.4,-2.5,SOFTWARE,6.8,NA,No,71,5034.9,No,No,No,-6,-18.7,NA,-24.5,-21.2,2026-07-24,VRNS,32,15,0,0,0,10,10,67,103.33333333333333,20,TRUE,TRUE,CANSLIM Growth,CANSLIM Growth,59.1,Strong
4289,VNO,Vornado Realty Trust,NA,5.8,6.1,6,41.25,0,1.5,3,41,1680.7,10749822,12/18/2025,0,B+,No,No,No,No,Yes,7.12,10.7,1.9,5.69,6.19,0,0,55,42.29,16,52.5,3.14,3.04,NA,0.9,-0.3,4,0,No,No,-2.6,-4.8,-8.8,-1.8,156,-9,-9,-8,13,No,No,21.2,40.34,REITs,NA,21,87,Yes,1.15,174.4,Yes,195,18,-2.4,6.2,0,43.37,41,46,13,2.23,No,6,-1.03,-6.99,74,93,76,1.27,63595,8357.6,2.92,188097.8,21.1,-34.5,10.6,37.8,NA,19.9,NA,33,21,A,-3.4,-3,15,12.9,2.6,4,20,1810.4,-8,-1,2,NA,-0.7,1791,Yes,-0.42,-5,1182,NA,No,668,NA,No,No,No,4.2,0,No,-27,2.1,-3,1,New York Stock Exchange,No,92,No,1.57,Yes,99,174314.6,16,-21,-15.2,0.3,No,No,26.4,1.5,REAL EST,5.2,NA,No,62,14424.7,No,No,No,5.2,-15.1,NA,16.2,-1.6,2026-07-24,VNO,0,0,0,0,0,10,10,20,96,25,FALSE,FALSE,Other,Momentum Leader,59.7,Strong
4185,UPS,United Parcel Service Inc. Cl B,NA,3.9,4.3,3.9,118.42,0,0,0,0,163.6,23118697,05/18/2026,0,A,No,No,No,No,No,7.01,23.6,5.8,1.21,11.84,0,0,53,72.13,15,8.1,2.6,2.69,NA,-2.4,-2.7,-2,-3,Yes,No,-6.8,-14.3,-14,-10.4,1,-12,-15,-13,1,No,No,18.7,117.72,Transport-Air Freight,NA,0,25,No,2.92,173.1,Yes,4,17,-8.7,3.1,0,122.41,10,29,-1,6.74,No,13,0.46,-3.83,74,85,71,0.84,544718,99603.7,2.58,746581.8,15.6,50.6,12,10.6,NA,10.1,NA,23,18,A+,5.4,-1,12,11.1,4.9,7.3,33,88700,-12,-1,-7,NA,-2.3,5265,Yes,0.54,8,7152,NA,No,2531,NA,No,No,No,1,0,No,-28,1.3,-13,-2,New York Stock Exchange,No,77,Yes,6.35,-,100,746424.5,-1,-13,-20.8,-2.7,No,No,11.6,0.6,TRANSPORTATION,4.7,NA,No,37,118699.7,Yes,Yes,No,18.3,-20.7,NA,33.8,4.1,2026-07-24,UPS,0,0,0,5,0,10,7,22,81.66666666666667,25,FALSE,FALSE,Other,Momentum Leader,48.8,Improving
4005,TMHC,Taylor Morrison Home Corp.,NA,4.3,1.5,1,72.22,0,0,0,1,169.1,3146928,NA,0,D,No,No,No,No,Yes,0.35,10.2,0,7.62,8.57,0.72,0.72,24,40.75,13,12.8,1.68,0.32,NA,-5.1,-9.2,4,1,No,Yes,-3.8,-30,-21.7,-13.7,12,15,-3,-22,13,No,No,22.5,72.13,Bldg-Resident/Comml,NA,4.5,110,No,0.23,38.7,No,22,11,-29.8,3.4,0,72.5,112,98,4,6.7,Yes,30,-0.07,-0.51,74,80,63,1.17,233860,6640.6,0.32,92000,14.6,-20.1,0.8,18.9,NA,14,NA,36,94,B,17.1,-32,24,7.9,0.3,0.4,70,8121.5,18,-27,-6,NA,-18.9,3360,Yes,-0.05,-41,2565,NA,No,690,NA,No,No,No,0.87,0,No,-51,1,-23,-1,New York Stock Exchange,No,77,Yes,1.09,-,100,91309.3,-15,3,-37.3,-13,No,No,13.8,-2.5,BUILDING,0.4,NA,No,69,8122.5,No,No,No,14.4,-34.4,NA,12.9,7.1,2026-07-24,TMHC,0,0,0,0,0,10,7,17,79.33333333333333,30,FALSE,FALSE,Other,Momentum Leader,46.5,Improving
4266,VIST,Vista Energy S.A.B. de C.V. ADR,NA,1.6,1.9,1.8,67.47,0,0,0,0,726,1898002,NA,0,D,No,No,No,No,No,-7.32,-13.2,0,0.77,10.39,0.56,0.56,53,35.21,5,40.8,4.2,3.96,NA,67,70.2,38,44,Yes,Yes,55.3,137.3,99.4,67.1,31,31,1,41,35,Yes,No,31.6,64.02,Oil&Gas-Explorers/Producers,NA,0,111,No,2.69,104,Yes,72,17,-3.9,2,0,81.44,44,92,19,5.92,Yes,35,2.63,-21.39,74,31,62,0.87,69453,5940.2,3.81,95195.9,10.5,10.3,-6.6,-1.5,NA,30.5,NA,40,58,E,-8,43,2,-7.9,0.6,-1.3,35,2482.2,-2,108,57,NA,83.5,1013,No,1.64,120,1103,NA,No,314,NA,Yes,No,No,2.27,0,No,406,0.9,13,51,New York Stock Exchange,No,52,Yes,2.56,-,95,95190.9,-7,-14,209.4,73.9,No,Yes,2.3,9.8,ENERGY,-1.2,NA,No,36,8997.8,No,No,No,42,2,NA,34.9,26.1,2026-07-24,VIST,35,15,0,0,0,10,7,67,55.666666666666664,20,TRUE,TRUE,CANSLIM Growth,CANSLIM Growth,48.8,Improving
4542,ZETA,Zeta Global Holdings Corp.,NA,3.7,3.4,3.9,23.34,0,8.7,10,0,4502,36399726,NA,0,A-,No,No,No,No,Yes,0.55,18.7,0,2.07,24.06,3.36,3.36,97,0,22,-2.5,6.61,6.64,NA,34.4,34.1,29,33,No,Yes,30.7,-72.7,-41.6,-4.8,67,42,101,-58,-4,No,No,6.5,21.68,Comp Sftwr - Enterprise,NA,0,136,No,1.39,23.7,Yes,115,141,14.2,16.4,0,25.95,114,124,-9,0.15,Yes,70,1.31,-16.45,74,87,51,1.88,185358,5334.1,6.75,225619.2,15.5,14.8,17.2,20.6,NA,7,NA,20,108,B+,-115.3,31,18,8.7,-0.4,6.2,5,1304.7,149,50,25,NA,37.6,9270,Yes,0.28,358,9419,NA,No,410,NA,No,No,No,3.4,0,No,-117,1,18,30,New York Stock Exchange,No,72,Yes,6.12,-,93,221385.9,-118,52,-49.9,33.7,No,No,15.2,-0.7,SOFTWARE,0.9,NA,No,48,5483.8,No,No,No,36.4,-7.9,NA,-4.3,-3.3,2026-07-24,ZETA,7,0,0,0,0,10,7,24,77.66666666666667,20,FALSE,TRUE,Other,Momentum Leader,59.1,Strong
4487,XIFR,XPLR Infrastructure LP,NA,3.9,4.7,4.7,12.77,0,15.2,10,1,693.3,4922374,11/06/2024,0,B-,No,No,No,No,No,-22.37,234.9,0,1.02,1.08,0,0,24,41.48,0,-40.2,3.93,3.25,NA,-2.9,-6,5,-1,No,No,-21.3,91.7,75.6,12.5,15,-39,-74,224,0,Yes,No,20.2,12.02,Energy-Alternative/Other,NA,1.5,23,No,0.39,178.3,Yes,66,11,-0.8,5.4,0,13.25,19,64,12,1.12,Yes,0,-1.31,-9.28,74,67,48,0.89,12998,2351.4,3.22,94272.8,14.6,-26.3,3.4,18,NA,19.8,NA,47,76,D,175.5,1153,-63,1.5,-2.7,-0.2,86,1188,-105,-2,36,NA,-8.9,1102,Yes,-0.16,-72,780,NA,No,148,NA,No,No,No,0.96,0,Yes,133,1.7,128,-2,New York Stock Exchange,No,67,Yes,0.35,-,94,91183.5,14,27,130.6,-6.3,Yes,Yes,12.3,-2,ENERGY,-1.1,NA,No,29,6371.2,No,No,No,34.3,-20.4,NA,0.3,12,2026-07-24,XIFR,25,15,7,0,0,10,7,64,70,5,TRUE,FALSE,CANSLIM Growth,CANSLIM Growth,48.8,Improving
4437,WSBF,Waterstone Financial Inc.,NA,3.5,4.8,4.8,20.6,0,0,0,0,27.2,333190,07/08/2026,0,B,No,No,No,No,No,-0.18,-67.1,3.4,0.04,18.5,0,0,29,45.35,0,16.6,2.33,2.51,NA,41.2,41.9,-11,14,No,No,982.3,79,68.9,55.9,1,-21,48,65,5,No,No,19,19.69,Banks-Savings & Loan,NA,0,56,Yes,0.49,69.8,No,22,12,1.8,2.2,0,21.03,32,17,5,1.66,No,78,-1.45,-6.37,73,57,96,0.52,1390,360.7,2.57,18053.1,12.7,4.1,3.3,6.2,NA,12.5,NA,98,13,B,0,0,0,3,-0.7,-0.8,78,201.6,120,10,47,NA,36.3,72,No,-0.29,0,73,NA,No,185,NA,No,No,No,1.73,0,No,107,2.3,57,-1,NASDAQ,No,65,Yes,1.03,Yes,98,14902.6,73,38,82.3,41.6,Yes,Yes,8.3,-0.5,BANKS,-0.4,NA,No,40,704.3,No,No,No,45.4,-15.7,NA,7.7,12.2,2026-07-24,WSBF,25,15,0,0,0,10,7,57,77.33333333333333,15,TRUE,FALSE,CANSLIM Growth,CANSLIM Growth,67.7,Leading
3246,QCRH,QCR Holdings Inc.,NA,3.9,3.3,3.6,100.3,0,0,0,17,539.2,419807,06/18/2026,0,C-,No,No,No,No,No,-0.07,24.8,0.4,0.04,12.54,1.64,1.74,31,47.24,12,22.5,2.46,2.57,NA,3.2,5.4,7,5,No,Yes,10.1,22.2,16.6,12.5,20,7,5,17,12,No,No,18.4,98.6,Banks-Regional,NA,6.3,68,No,2.46,35.8,Yes,268,12,8.8,2.6,0,100.3,57,35,6,8.1,Yes,9,-1.55,-1.69,73,68,95,0.81,10205,1653.5,2.6,16509.8,14.3,-27.7,4.3,6.3,NA,14.7,NA,80,22,B+,12,7,6,5.2,1.9,2.2,58,369.5,3,18,9,NA,10.4,110,Yes,-1.55,10,77,NA,No,368,NA,No,No,No,4.25,0,Yes,30,1.6,15,1,NASDAQ,No,72,Yes,1.45,-,98,15981.5,22,0,22.3,8.3,Yes,Yes,10.1,-1.1,BANKS,2.2,NA,No,52,2170.4,No,No,No,31.3,-40.8,NA,12.1,23.2,2026-07-24,QCRH,20,8,7,0,0,10,7,52,80.66666666666667,35,TRUE,FALSE,Other,Momentum Leader,67.7,Leading
4141,UE,Urban Edge Properties,NA,4.4,5.4,4,23.92,0,1.5,3,41,1680.7,3774346,06/15/2026,0,C,No,No,No,No,Yes,15.13,66.6,3.7,1.41,16.33,1.07,1.43,46,105.36,15,21.2,2.03,2.2,NA,5.8,5.3,5,7,No,Yes,2.3,12.5,2.5,3.9,105,11,4,2,3,No,No,23.5,23.7,REITs,NA,21,87,No,0.5,140.1,Yes,195,16,-26.4,3,0,24.11,41,46,18,1.51,Yes,9,0.3,-1.7,73,71,94,0.8,20514,3150.2,2.07,126020,14.8,-24.4,6.3,7.6,NA,25,NA,76,21,A,13.2,7,4,4.9,3.4,3.5,34,470.7,-2,5,-3,NA,4,915,Yes,0.07,10,698,NA,No,581,NA,No,No,No,6.26,0,Yes,20,1.5,0,6,New York Stock Exchange,No,77,Yes,2.32,-,100,125903.1,18,-28,10,4.7,Yes,Yes,12.7,1.4,REAL EST,4.1,NA,No,64,4637.5,No,No,No,23.1,-18.3,NA,7.3,17.1,2026-07-24,UE,10,0,7,0,0,10,7,34,81.33333333333333,15,FALSE,FALSE,Other,Momentum Leader,59.7,Strong
3343,RF,Regions Financial Corp.,NA,4.6,5.1,5.1,32.47,0,0,0,4,541,53908954,09/01/2026,0.3,A-,No,No,No,No,No,-0.04,9.7,3.9,0.11,13,0,0,33,50.77,12,28.8,2.32,2.31,NA,4.1,3.4,3,0,No,No,11.9,8.3,8.8,9.7,2,-1,3,8,7,No,No,16.8,31.65,Banks-Super Regional,NA,33.3,38,Yes,0.68,18,No,12,13,-0.4,6.3,0,32.47,60,27,5,2.5,Yes,8,-2.31,-2.53,73,82,90,1.07,313230,27649.5,2.19,853379.5,15.7,86.7,10.5,12.5,NA,14,NA,60,20,A,8.1,12,9,9.8,2.5,4.9,75,7576,-5,2,10,NA,2.9,11029,Yes,-0.75,5,20192,NA,No,2079,NA,No,No,No,3.52,0,No,13,1.5,15,3,New York Stock Exchange,No,74,Yes,1.55,-,97,850824.1,-3,11,14.1,3.3,Yes,Yes,12.4,-0.1,BANKS,2,NA,No,54,21380.4,Yes,Yes,No,29.1,15.4,NA,11.7,24.1,2026-07-24,RF,10,0,0,7,0,10,7,34,83.66666666666667,35,FALSE,FALSE,Other,Momentum Leader,67.7,Leading
4069,TSBK,Timberland Bancorp Inc.,NA,1.6,2.4,3,45.21,0,0,0,17,539.2,98347,05/08/2026,0,B-,No,No,No,No,Yes,-0.02,9.9,2.7,0.28,11.31,1.97,3.74,26,42.76,0,31.6,2.49,2.53,NA,6.7,6.7,13,13,No,Yes,19.1,20.4,20.7,20.7,226,3,6,22,8,No,No,22.3,43.77,Banks-Regional,NA,6.3,68,Yes,1.08,8.4,No,268,11,27.8,1.4,0,45.63,57,35,13,3.9,Yes,8,-2.45,-4.09,73,59,90,0.45,1381,351.2,2.36,7828,15.2,83,4.2,5.3,NA,20.7,NA,71,22,C,0,0,0,4,0,0,79,114.6,-9,4,22,NA,5.8,33,Yes,-1.1,0,58,NA,No,184,NA,No,No,No,2.91,0,No,6,1.8,21,8,NASDAQ,No,69,Yes,1.26,-,97,7276.5,34,22,13.5,7.1,Yes,Yes,10.3,5.7,BANKS,1.6,NA,No,39,339.9,Yes,Yes,No,36.6,-15,NA,11.5,24.8,2026-07-24,TSBK,0,8,0,7,0,10,7,32,76,35,FALSE,FALSE,Other,Momentum Leader,67.7,Leading
3341,REYN,Reynolds Consumer Products Inc.,NA,7.5,7.8,6.5,27.27,0,0,0,2,134.7,8273148,05/15/2026,0,A,No,No,No,No,Yes,3.27,18.6,3.5,1.79,11.57,3.47,15.62,46,64.62,16,10.6,2.47,2.61,NA,2.4,3.4,2,-1,Yes,Yes,0,8.6,2.7,2.1,15,1,13,0,6,No,No,14.5,26.24,Containers/Packaging,NA,10,94,Yes,0.65,71,Yes,20,16,-16.5,15.2,0,27.32,77,68,1,1.68,Yes,16,-0.98,-3.95,73,85,87,0.3,29707,5585.3,2.75,210767.4,12.6,-30.4,12.5,17.4,NA,9.7,NA,75,51,B+,14.2,-2,4,11.2,-0.2,1.6,62,3704,18,7,-2,NA,5.3,1252,Yes,-0.26,3,861,NA,No,411,NA,No,No,No,1.46,0,No,22,1.6,2,1,NASDAQ,No,77,No,2.44,Yes,98,54472.3,2,-15,11.7,4.3,Yes,Yes,14.1,0.7,MISC,-0.1,NA,Yes,82,7059.1,No,No,No,19.5,-30.1,NA,13.7,6.7,2026-07-24,REYN,10,0,0,0,0,10,7,27,91.66666666666667,25,FALSE,FALSE,Other,Momentum Leader,52.3,Improving
3167,PRI,Primerica Inc.,NA,5.6,6.1,5.7,317.69,0,1.5,2,20,2363,1173083,05/21/2026,0,A+,No,No,No,No,Yes,2.76,11.3,1.6,2.11,11.19,0.6,0.65,35,50.2,13,29.1,2.33,2.15,NA,7.9,7.8,6,8,No,Yes,19.1,17.3,17,19.3,80,20,22,17,26,No,No,20.2,310.54,Insurance,NA,15.4,115,Yes,6.1,70.4,Yes,130,13,-7.7,3.8,0,317.69,91,54,8,23.88,Yes,6,-0.71,-2.25,72,85,98,0.83,56346,9752.8,2.04,31184,16.6,-29.2,10.4,13.8,NA,16.8,NA,92,35,A+,8.5,7,8,10.4,2,5.8,39,3292,23,9,16,NA,8.3,202,Yes,-2.21,10,139,NA,No,693,NA,No,No,No,2.88,0,Yes,19,1.1,22,6,New York Stock Exchange,No,83,Yes,3.86,Yes,99,30977.5,11,16,20.3,8.5,Yes,No,16,-2.7,INSURANCE,2,NA,No,55,10584,No,No,No,16.3,-11.9,NA,31.8,21.4,2026-07-24,PRI,10,8,7,0,0,10,7,42,90,45,FALSE,FALSE,Other,Momentum Leader,71.2,Strong
4134,UBSI,United Bankshares Inc.,NA,6.1,7.2,6.4,48.22,0,0,0,17,539.2,5808875,06/12/2026,0,E,No,No,No,No,Yes,-0.02,12.1,3.3,0.11,13.53,2.51,6.66,36,50.98,13,32,1.87,1.85,NA,17.5,18.4,2,5,No,Yes,23.8,38.1,33.5,25.2,137,2,5,33,5,Yes,No,23.9,47.58,Banks-Regional,NA,6.3,68,Yes,0.84,6.6,No,268,13,-11,4.3,0,48.22,57,35,8,3.57,Yes,8,-1.32,-1.33,72,74,97,0.84,42193,6644,1.77,137798.6,15.8,42.1,7.7,7.4,NA,15.4,NA,87,22,B+,4.7,11,5,7,2.6,3.6,39,1237.3,1,9,19,NA,15.4,950,Yes,-0.64,4,1322,NA,No,512,NA,No,No,No,5.19,0,Yes,51,1.9,32,12,NASDAQ,No,76,Yes,1.2,-,99,134384.5,31,20,41.4,18.1,Yes,Yes,11.7,-0.8,BANKS,3.2,NA,No,49,7012,Yes,Yes,No,26.9,-1.1,NA,8.8,27.6,2026-07-24,UBSI,20,12,7,5,0,10,7,61,83,30,TRUE,FALSE,CANSLIM Growth,CANSLIM Growth,67.7,Leading
4451,WTFC,Wintrust Financial Corp.,NA,5.9,6.1,5.2,167.22,0,0,0,17,539.2,2459841,05/14/2026,0,B,No,No,No,No,No,-0.09,8.2,1.4,0.08,12.35,1.03,1.15,38,52.6,13,26.5,2.12,2.11,NA,11.2,12.4,12,10,No,Yes,17.6,17.3,18,13,88,12,8,18,10,No,No,17.5,164.3,Banks-Regional,NA,6.3,68,No,3.32,62.5,No,268,14,-14,3.7,0,167.22,57,35,6,11.93,Yes,6,-1.56,-1.74,72,73,97,1.09,76392,11257,2,67447.8,14.4,182.3,6.7,10.9,NA,12.6,NA,85,22,A-,8.7,14,6,6.2,1.4,2.5,33,2726,8,11,11,NA,11.4,500,Yes,-2.6,13,1390,NA,No,757,NA,No,No,Yes,3.96,0,No,20,1.1,20,6,NASDAQ,No,71,Yes,1.59,-,98,66413.8,13,20,19.7,12,Yes,Yes,10.9,-3.7,BANKS,1.7,NA,No,64,14982,Yes,Yes,Yes,23.3,48.2,NA,12.1,21.5,2026-07-24,WTFC,15,8,0,10,0,10,7,50,82.66666666666667,25,FALSE,FALSE,Other,Momentum Leader,67.7,Leading
4051,TRN,Trinity Industries Inc.,NA,6.4,7.1,7.1,37.88,0,0,0,1,53.4,5356063,07/15/2026,0,C,No,No,No,No,Yes,15.82,-17.7,3.5,2.1,8.41,0.22,0.24,27,45.46,15,17.4,3.25,3.21,NA,-25.9,-25.5,10,-6,No,Yes,59.2,163.7,105,81.5,7,48,34,129,15,No,No,37.9,36.47,Transportation-Equip Mfg,NA,11.1,42,No,1.11,498.9,No,9,11,-0.3,6.8,0,37.88,38,48,27,3.2,Yes,28,-1.78,-3.72,72,75,93,1.02,25043,2952,3.27,79505.5,18.6,-8.6,6.4,10.7,NA,33.3,NA,92,44,A-,16.4,-26,2,5.6,3,3.6,83,2156.9,32,-16,73,NA,-9.4,754,Yes,-0.66,613,666,NA,No,434,NA,No,No,No,1.41,0,Yes,10,1.1,492,-30,New York Stock Exchange,No,75,Yes,2.69,Yes,97,78298.8,-12,-71,251.3,-20.7,Yes,No,13.9,1.4,TRANSPORTATION,2.2,NA,No,64,8092.6,No,No,No,36,-2.8,NA,24.4,5.3,2026-07-24,TRN,0,15,7,0,0,10,7,39,82,40,FALSE,FALSE,Other,Momentum Leader,48.8,Improving
3944,TER,Teradyne Inc.,NA,1.6,1.7,1.9,399.8,0,0,0,0,2382.4,6884614,05/21/2026,0,E,No,No,No,No,No,0.06,83.9,0.1,2.15,76.34,0,0,89,220.18,45,20.5,7.7,8.74,NA,27.8,31.1,-3,6,Yes,No,59.8,108.4,72.9,67.7,6,-9,9,65,18,Yes,No,66.5,322.36,Elec-Semiconductor Equip,NA,0,1,Yes,35.02,2,Yes,33,56,11.4,4.4,0,487.91,9,4,33,5.78,No,24,0.02,-33.93,72,12,86,1.92,1705990,50453.5,8.64,156542.2,16,-15.4,-21.1,-15.3,NA,41.3,NA,92,16,E,21.5,88,36,-15.5,-8.5,-19.1,46,3190,10,87,23,NA,65.5,4442,No,0.06,261,3519,NA,No,2731,NA,No,No,Yes,13.33,0,No,241,1.1,89,13,NASDAQ,No,44,Yes,16.05,-,88,155469.1,-6,-34,165.4,45.1,Yes,Yes,1.8,11.1,CHIPS,-10.4,NA,No,63,53517.4,No,No,No,247.4,-39.2,NA,19.7,31.1,2026-07-24,TER,35,15,0,0,0,10,7,67,56.666666666666664,55,TRUE,TRUE,CANSLIM Growth,CANSLIM Growth,40.1,Weak
3472,RYTM,Rhythm Pharmaceuticals Inc.,NA,9.6,11.6,11.7,115.92,0,1.8,1,2,243.9,9665089,NA,0,B,No,No,No,No,Yes,0.73,-48.1,0,4.17,-59.89,0,0,31,0,0,-103.3,4.96,4.75,NA,53.5,60.4,281,76,No,No,1.7,-5.4,-13.1,2.6,37,-12,4,-10,-251,No,No,-0.4,106.6,Medical - Revenue Biotech,NA,3.6,62,No,4.73,175.9,Yes,55,0,0.9,14.6,0,122.2,83,69,-8,-3.13,Yes,0,0.48,-12.77,72,83,50,1.18,82422,7277.1,4.52,68593.6,7.9,-6.1,11.2,20.2,NA,4.9,NA,19,96,B,-1,-1,75,9.8,-4.1,-0.9,31,194.8,-36,84,28,NA,60.3,850,Yes,0.51,-8,773,NA,No,510,NA,No,No,No,33.67,0,No,-2,2.1,-1,46,NASDAQ,No,74,No,59.36,-,96,66401.9,-12,-36,-1.9,58.3,No,No,10,-1.7,MEDICAL,-1.7,NA,No,72,7378.2,Yes,No,No,17.6,-40.5,NA,-244.5,-92.6,2026-07-24,RYTM,10,0,0,0,0,10,5,25,75.33333333333333,10,FALSE,TRUE,Other,Momentum Leader,53.3,Improving
4055,TROW,T. Rowe Price Group Inc.,NA,9.8,10.4,11.2,121.17,0,0.9,1,3,1060.8,26141687,06/15/2026,0,A,No,No,No,No,Yes,0.13,6.5,4.4,3.02,9.41,0,0,29,47.82,11,39.3,2.42,2.64,NA,3.5,4.2,0,6,No,No,8.9,12.5,9.1,6,71,-5,12,10,9,No,No,14.6,117.35,Finance-Investment Mgmt,NA,2.7,85,Yes,2.94,4.3,No,113,12,8.4,12.4,0,121.17,110,86,2,10.01,No,18,-1.28,-3.15,71,82,91,1.34,230354,25469.9,2.69,214266.6,15.3,3.7,8.5,21,NA,10.2,NA,83,71,B,8.3,5,2,8.4,-0.4,3.4,43,7314.8,23,5,4,NA,5.6,2150,Yes,-1.52,12,2145,NA,No,2029,NA,No,No,No,3.39,0,No,13,1.3,15,3,NASDAQ,No,78,No,2.34,Yes,98,210365,9,-1,14,5.8,Yes,Yes,15.7,-0.1,FINANCE,-1,NA,No,48,22498.6,No,No,No,10.3,-12.8,NA,19.2,26.2,2026-07-24,TROW,10,0,0,0,0,10,7,27,88.33333333333333,55,FALSE,FALSE,Other,Momentum Leader,49.6,Improving
4511,XYZ,Block Inc.,NA,3.4,3.6,2.8,84.08,0,0,0,0,1787.8,16820108,NA,0,A,No,No,No,No,Yes,0.52,11.1,0,1.99,19.3,1.5,1.5,75,235.34,19,7,4.09,4.21,NA,1.2,2.3,12,8,Yes,Yes,-0.8,1.6,-7.2,-12.6,28,20,28,-16,6,Yes,No,22.8,79.94,Finance-CrdtCard/PmtPr,NA,0,129,Yes,3.12,28.6,Yes,41,30,-21.6,3.2,0,84.08,119,74,17,2.66,Yes,30,-1.94,-4.92,71,80,90,2.26,449297,48519.4,3.86,535195,18.5,-4.4,9.7,12.2,NA,21.2,NA,84,54,A+,25.9,64,30,8.8,1.4,3.9,21,24193.7,87,5,-30,NA,4.3,6121,Yes,-1.58,39,4903,NA,No,2065,NA,No,No,No,1.75,0,No,52,1.3,-8,0,New York Stock Exchange,No,83,No,2.19,Yes,95,521483.3,-39,-33,21.7,3.6,Yes,Yes,20.3,0.8,FINANCE,3.4,NA,No,53,49332.3,No,No,No,13,-0.6,NA,6,-5.1,2026-07-24,XYZ,20,0,0,0,0,10,7,37,82.33333333333333,30,TRUE,FALSE,Other,Momentum Leader,49.6,Improving
3614,SIGI,Selective Insurance Group Inc.,NA,2.5,2.5,2.5,100.4,0,1.5,2,20,2363,1509685,05/15/2026,0,B,No,No,No,No,No,-0.26,4.8,1.8,0.4,4.63,0,0,36,50.68,12,11,2.46,2.4,NA,3.8,3,12,10,No,Yes,52.4,26.6,74.7,66.2,17,-1,9,87,11,No,No,15.3,96.46,Insurance,NA,15.4,115,Yes,2.24,26.6,No,130,13,-3.3,2.5,0,100.4,91,54,6,7.32,Yes,26,1.29,-3.92,71,77,82,0.46,50821,5701.4,2.37,59869.5,15.4,-27,4.1,16.5,NA,17.8,NA,66,35,C-,-6.1,6,12,5.9,-0.3,0.7,38,4866.5,-44,-1,126,NA,1.2,560,Yes,1.23,27,384,NA,No,604,NA,No,No,No,1.19,0,No,-4,1.6,59,10,NASDAQ,No,78,Yes,1.7,Yes,98,59313.4,25,219,27.3,2.3,No,No,13.5,-0.5,INSURANCE,0.6,NA,No,57,6596,No,No,No,8.9,-26.6,NA,13.9,7.1,2026-07-24,SIGI,0,12,0,0,0,10,7,29,83.66666666666667,30,FALSE,FALSE,Other,Momentum Leader,71.2,Strong
4045,TRIN,Trinity Capital Inc.,NA,5,5.1,5.2,17.98,0,0.9,1,3,1060.8,5609648,09/10/2026,0.17,C-,No,No,No,No,No,-47.42,19.6,11.6,1.14,10.73,0,0,16,36.07,9,58.4,1.86,1.81,NA,26.9,26.2,39,27,No,Yes,0.4,-1.7,-0.3,-0.3,33,0,-1,-1,4,No,No,21.4,17.78,Finance-Investment Mgmt,NA,2.7,85,No,0.31,116.3,Yes,113,8,2,6.5,0,18.08,110,86,2,2.1,Yes,7,-0.67,-1.66,71,72,82,0.64,18435,1609,1.77,89887.6,13.1,-22.8,6,10,NA,9.7,NA,42,71,B,2.5,0,0,3.9,1,2.4,64,293.7,-4,38,-1,NA,27.7,1084,Yes,-0.12,-2,834,NA,No,42,NA,No,No,No,5.02,0,No,2,1.3,-7,2,NASDAQ,No,72,Yes,1.34,-,99,86110.2,0,4,-2.6,25.9,Yes,Yes,11.1,0,FINANCE,1,NA,No,8,2877.5,No,No,No,18.8,-15.4,NA,14.1,36.7,2026-07-24,TRIN,7,0,0,0,0,5,7,19,77,15,FALSE,TRUE,Other,Momentum Leader,49.6,Improving
3669,SMG,Scotts Miracle-Gro Co.,NA,5.4,5.9,5.9,75.34,0,0,0,1,92.3,5683187,05/22/2026,0,C,No,No,No,No,No,6.94,16.4,4,1.27,11.22,0,0,48,158.21,16,6.5,4.25,4.32,NA,-5.4,-5,-8,-3,No,No,16.8,14.2,13.6,12.5,3,-22,53,40,0,No,No,21.6,70.98,Chemicals-Agricultural,NA,6.7,73,Yes,2.76,0,Yes,15,16,0.4,12.8,0,75.34,47,107,6,4.39,No,95,-3.39,-5.79,71,85,80,1.26,57733,4274.6,4.35,58181.9,16.1,94.6,13.2,7.5,NA,11.6,NA,86,92,B+,12.8,17,10,13.8,6.2,6.7,27,3413.1,89,3,63,NA,-6.1,926,Yes,-2.49,-4,1804,NA,No,493,NA,No,No,No,1.22,0,No,14,0.9,13,-4,New York Stock Exchange,No,77,No,-14.42,-,94,44460.8,15,12,13.7,-6.3,Yes,No,12.8,0.6,AGRICULTURE,8.4,NA,Yes,61,6299.4,No,No,No,5.2,46.6,NA,0,18,2026-07-24,SMG,10,0,0,7,0,10,7,34,83.66666666666667,35,FALSE,FALSE,Other,Momentum Leader,29.2,Weak
4116,TXRH,Texas Roadhouse Inc.,NA,3.3,3.3,3.2,200.11,0,0,0,4,552.2,3807817,06/02/2026,0,C+,No,No,No,No,No,-2.2,32.7,1.6,0.46,17.95,1.14,1.21,77,120.67,29,8.2,3.48,3.42,NA,10.2,10.4,16,13,No,Yes,8,-5.6,-3.2,-2.5,16,26,18,-6,16,No,No,18.7,197.03,Retail-Restaurants,NA,7,100,No,6.1,67.4,Yes,57,31,-1.9,5.8,0,200.11,92,111,-6,6.26,Yes,22,-0.26,-1.54,71,90,80,0.85,213888,12984.9,3.22,65729.6,13.4,1.6,13.5,19.4,NA,1.3,NA,67,128,B,3.7,5,19,10.3,4,5.4,24,5878.1,43,13,-6,NA,7.9,1208,Yes,-0.52,-2,1185,NA,No,752,NA,No,No,No,2.14,0,No,10,1.4,-26,9,NASDAQ,No,80,Yes,8.55,-,100,65436.1,-1,4,-8,9.6,Yes,No,12.4,-3.5,RETAIL,4,NA,No,64,13321.4,Yes,Yes,No,7.9,-39,NA,28.8,7.6,2026-07-24,TXRH,5,0,0,0,0,10,7,22,90.33333333333333,30,FALSE,FALSE,Other,Momentum Leader,48,Improving
3458,RVTY,Revvity Inc.,NA,6.8,6.1,4.9,114.16,0,2.6,1,0,581.7,7635299,07/17/2026,0,A,No,No,No,No,No,2.73,25.3,0.3,1.72,22.13,0,0,63,198.28,20,9.4,3.83,3.58,NA,4.3,4.8,-14,-4,Yes,No,4.7,5,2.9,2.9,14,-20,-4,4,3,No,No,13.9,110.15,Medical - Research,NA,0,37,Yes,3.77,38.6,Yes,38,22,-20.5,6.9,0,118.3,138,45,-12,5.1,No,19,-1.33,-6.89,71,79,75,1.06,155556,12461.2,3.32,111559.8,12.6,-18.1,12.6,17.2,NA,-2.1,NA,47,48,A,2.3,4,11,7,-1.5,1.3,76,2856.1,5,7,3,NA,6.4,1517,Yes,-1.48,2,1249,NA,No,990,NA,No,No,No,4.23,0,No,3,1.4,20,4,New York Stock Exchange,No,72,Yes,1.71,-,98,111026.9,-8,-3,11.3,5,Yes,Yes,11.5,-1,MEDICAL,-1.9,NA,No,76,14900.5,Yes,No,No,15.2,-28.5,NA,3.2,5.8,2026-07-24,RVTY,0,0,0,0,0,10,7,17,82,15,FALSE,FALSE,Other,Momentum Leader,53.3,Improving
3645,SLDE,Slide Insurance Holdings Inc.,NA,3.2,4,4.5,21.6,0,1.5,2,20,2363,6113769,NA,0,C,No,No,No,No,Yes,0.04,2.5,0,2.78,3.39,0,0,7,22.09,6,51,3.72,4.3,NA,0,0,0,0,No,No,0,271.6,0,0,86,-,-,-,57,No,No,5.2,20.5,Insurance,NA,15.4,115,No,0.8,3.2,No,130,6,13.7,8.4,0,21.79,91,54,19,3.6,No,0,-0.49,-5.92,71,79,69,0.37,24470,2359.9,4.51,114559.2,16.6,-33.4,21.7,4.4,NA,25.8,NA,34,35,C,19.6,6,0,10.6,-1.5,5.7,91,1795.5,130,47,109,NA,103.2,1307,Yes,-0.1,52,848,NA,No,252,NA,No,No,No,1.22,0,No,-89,1.5,105,37,NASDAQ,No,74,Yes,2.16,-,95,72866.7,799,0,8,112.6,Yes,No,13.1,1.6,INSURANCE,-3.5,NA,No,45,621.8,No,No,No,11.1,-22.2,NA,57.4,35.8,2026-07-24,SLDE,7,15,0,0,0,10,7,39,78,45,FALSE,FALSE,Other,Momentum Leader,71.2,Strong
3566,SFL,SFL Corp. Ltd.,NA,2.4,2.6,2.2,11.45,0,0,0,0,21.4,3415961,05/27/2026,0,D,No,No,No,No,No,-3.52,23.1,7.9,0.32,5.53,0,0,84,182.57,32,-3.3,2.9,2.9,NA,-15.6,-14.8,13,3,Yes,No,14.3,105.1,55.4,26.2,1,-20,-42,-77,5,No,No,42.3,11.11,Transport - Oil/Gas Shipping,NA,0,48,No,0.32,184.4,Yes,13,41,-13.5,3.2,0,12.94,21,20,25,0.27,No,75,-1.59,-14.14,71,47,56,0.6,17750,1634.3,3.25,144757.9,15.7,-38.5,1.3,0.4,NA,34.7,NA,44,31,D,185.9,203,124,-2.6,0.6,1.7,-,733,69,-7,-90,NA,-15,1579,No,-0.18,933,943,NA,No,215,NA,No,No,No,2.23,0,No,515,1,-122,-19,New York Stock Exchange,No,55,Yes,1.67,-,97,107045.8,-77,-94,196.2,-20.1,Yes,Yes,8.2,2.4,TRANSPORTATION,0,NA,No,31,4050.2,No,No,No,20,-28.6,NA,-2.5,14.9,2026-07-24,SFL,25,15,0,0,0,10,7,57,58,0,TRUE,FALSE,CANSLIM Growth,CANSLIM Growth,48.8,Improving
4548,ZIP,ZipRecruiter Inc. Cl A,NA,4.4,5.1,4.8,4.3,0,7.7,5,0,6175.7,3896636,NA,0,A+,No,No,No,No,Yes,1.49,19.3,0,7.22,32.48,0,0,44,0,0,-6.8,9.12,8.12,NA,-4.6,-3.2,-9,-20,No,No,-143.7,-62.8,-110.6,-108.3,47,-45,-109,-19,0,No,No,1.5,3.96,Internet-Content,NA,0,44,No,0.29,0,No,65,0,-5.9,6.5,0,5.61,45,71,32,-0.29,No,0,-3.65,-29.41,71,93,53,1.59,2748,335.1,7.43,68493.1,16.1,-42.4,27.3,42.4,NA,40.4,NA,51,101,A+,63.5,76,32,12,-0.2,6.4,44,449,-128,-2,-184,NA,-0.9,774,Yes,-0.15,43,440,NA,No,156,NA,No,No,No,0.61,0,No,57,1,91,-5,New York Stock Exchange,No,89,No,-3.85,Yes,92,60114.1,-336,-254,73.9,-1.2,Yes,Yes,29.2,-3.1,INTERNET,2.3,NA,No,40,490.1,No,No,No,-15.4,-46.5,NA,0,-4.4,2026-07-24,ZIP,20,0,0,0,0,10,7,37,87.33333333333333,25,TRUE,FALSE,Other,Momentum Leader,43.3,Weak
3185,PRU,Prudential Financial Inc.,NA,5.6,6.2,5.6,120.53,0,1.5,2,20,2363,11864209,05/26/2026,0,A,No,No,No,No,Yes,0.87,7.3,4.8,2.33,6.72,1.18,4.04,14,46.7,9,7.7,2.13,2.08,NA,-3.6,6.1,-1,2,No,No,11.6,14.5,12.3,10.9,82,2,15,13,7,No,No,5.5,119.07,Insurance,NA,15.4,115,Yes,2.26,69.3,No,130,8,-9,3.4,0,120.53,91,54,-7,14.75,Yes,15,0.69,-1.21,70,92,93,0.97,196271,41032.8,2.12,347000,13.7,-16,11.3,17.1,NA,6.6,NA,84,35,A+,16.8,-4,6,11.9,3.5,6.9,78,60774,9,15,14,NA,20.3,1916,Yes,0.82,-3,1829,NA,No,2050,NA,No,No,No,0.66,0,No,10,1.5,11,-14,New York Stock Exchange,No,81,Yes,1.29,Yes,101,346281,22,6,10.6,10.8,Yes,No,13.6,-0.8,INSURANCE,3.2,NA,No,36,53133.9,No,No,No,15.5,-10,NA,11.9,3.9,2026-07-24,PRU,5,0,0,0,0,10,7,22,95,35,FALSE,FALSE,Other,Momentum Leader,71.2,Strong
3055,PFS,Provident Financial Services Inc.,NA,6.3,6.2,6.5,24.56,0,0,0,17,539.2,6665050,05/15/2026,0,E,No,No,No,No,No,-0.07,12.9,4.1,0.02,7.1,0,0,21,38.94,10,29.5,2.12,2.21,NA,39.1,28.3,18,32,No,Yes,95.3,26.1,130.3,107.7,4,-3,2,47,6,No,No,21.9,24.07,Banks-Regional,NA,6.3,68,Yes,0.51,35.3,No,268,10,4.6,5.4,0,24.56,57,35,13,2.4,Yes,19,-1.96,-1.99,70,67,89,0.84,22814,3199.2,2.1,130313.7,13.8,9.3,6.5,5.4,NA,19.5,NA,69,22,C,19.9,6,6,5.6,2.1,2.7,92,1382.8,7,8,22,NA,39.7,1001,Yes,-0.48,3,1044,NA,No,450,NA,No,No,No,3.09,0,No,30,1.5,33,21,New York Stock Exchange,No,71,Yes,1.1,Yes,98,122618.4,15,443,31.8,28.2,Yes,Yes,10,0,BANKS,2.3,NA,No,52,5446.2,No,No,No,29.3,-7.2,NA,10.7,22.9,2026-07-24,PFS,15,12,0,0,0,10,7,44,77.33333333333333,30,TRUE,FALSE,Other,Momentum Leader,67.7,Leading
4379,WES,Western Midstream Partners L.P.,NA,5.1,5.9,5.4,46.51,0,0,0,3,786.9,7690771,05/01/2026,0,D+,No,No,No,No,Yes,29.19,18,8.3,1.09,7.91,0.82,1.5,43,56.88,13,31.9,2.44,2.17,NA,9.8,11.4,7,9,Yes,Yes,-10.2,-6.5,-7.5,-15.2,15,10,6,-10,-6,No,No,16.4,45.97,Oil&Gas - Pipeline,NA,13.6,84,No,0.95,243.5,Yes,22,15,-9.8,3,0,48.01,62,57,2,3.06,Yes,13,-0.22,-4.24,70,75,85,0.68,52334,19546.4,1.96,424275.5,11.5,-57.8,5.2,13.4,NA,10.5,NA,53,29,C+,14.6,16,8,3.8,2.1,4.4,70,3843.4,55,23,-26,NA,16.8,1158,No,-0.1,1,466,NA,No,103,NA,No,No,No,4.82,0,No,8,1.6,-45,7,New York Stock Exchange,No,69,Yes,5.38,-,99,257518.1,18,-10,-18.6,13.8,Yes,Yes,9.2,1,ENERGY,3,NA,No,39,27249.3,No,No,No,13.3,-48.9,NA,31.8,30.5,2026-07-24,WES,5,0,0,0,0,10,7,22,78.66666666666667,25,FALSE,TRUE,Other,Momentum Leader,48.8,Improving
3302,RBRK,Rubrik Inc. Cl A,NA,4.5,3.8,3.4,90.44,0,7.7,3,1,774.6,13029558,NA,0,A+,No,No,No,No,Yes,1.43,36.8,0,1.65,54.84,0,0,98,0,267,-24.8,6.13,6.26,NA,46.7,46.2,0,38,No,Yes,121.2,158.8,142.3,131.9,19,-,51,284,0,No,No,3.3,78.97,Computer Sftwr-Security,NA,2.6,132,No,4.87,0,No,39,292,-9.6,8.6,0,99.75,116,5,7,0.27,No,0,-1.06,-20.83,70,89,80,1.79,284611,16429.2,6.31,160956.8,17.8,-44.3,14.1,50.9,NA,17.7,NA,62,3,A-,637.5,3199,106,8.6,-6.8,0,-,1316.2,22,39,99,NA,42.7,3927,Yes,-0.85,230,2368,NA,No,671,NA,No,No,No,8.92,0,No,207,1.4,122,48,New York Stock Exchange,No,83,No,-33.77,-,88,150913.1,148,93,164.4,44.5,Yes,Yes,23.2,-0.3,SOFTWARE,-6.4,NA,No,56,16036.4,No,No,No,-9.2,-20.9,NA,0,-10.8,2026-07-24,RBRK,32,15,0,0,0,10,7,64,96.66666666666667,30,TRUE,FALSE,CANSLIM Growth,CANSLIM Growth,59.1,Strong
4178,UOVEY,United Overseas Bank Ltd. ADR,NA,0,0,0,69.78,0,0,0,1,2038.4,0,04/27/2026,0,A+,No,No,No,No,-,0,0,3.5,0,12.68,0.37,0.43,25,59.4,12,21.7,0.86,1.13,NA,2.3,1.3,12,6,No,Yes,23.7,-27.6,-22.3,5.3,-,26,22,-28,5,No,No,20.6,65.75,Banks-Foreign,NA,2.4,67,No,0.72,0,No,42,11,0,0,0,69.78,67,61,10,5.95,Yes,12,-2.11,-5.78,70,75,79,0.1,2257,55635.3,1.18,831884.6,14.8,-25.7,7.2,11.5,NA,15.4,NA,50,62,A,39.1,22,8,7.8,-1.5,2.9,62,10895.6,4,-3,-20,NA,-2.9,38,Yes,-1.42,7,25,NA,No,4,NA,Yes,No,No,5.06,0,Yes,-38,2.1,-38,-7,US OTC,No,70,Yes,NA,-,94,825175.8,-6,-6,-38.3,-1,Yes,No,12.1,-20,BANKS,-4.3,NA,No,0,88949.9,No,No,No,15,-27.7,NA,9.7,14.7,2026-07-24,UOVEY,0,0,7,0,0,0,7,14,76.66666666666667,15,FALSE,FALSE,Other,Momentum Leader,67.7,Leading
3871,SYBT,Stock Yards Bancorp Inc.,NA,8.7,7.9,7.7,82.5,0,0,0,17,539.2,1399159,06/15/2026,0,A,No,No,No,No,Yes,-0.07,16,1.7,0.16,14.42,1.14,1.28,51,63.71,16,31.6,2.51,2.64,NA,21.2,23.5,15,9,No,Yes,21.6,16.2,17.7,19.9,178,13,9,18,10,No,No,24.9,81.14,Banks-Regional,NA,6.3,68,No,1.97,32.3,No,268,17,-2.6,5.1,0,83.83,57,35,11,4.86,Yes,9,-1.37,-3.21,69,85,97,0.75,14188,2428.2,2.57,29515.2,17.5,16,12.2,11.8,NA,18.4,NA,80,22,A+,4.2,3,13,10.3,4.7,6.6,15,397.3,6,10,22,NA,33.3,194,Yes,-1.13,-6,214,NA,No,340,NA,No,No,No,5.33,0,No,10,1.9,16,11,NASDAQ,No,87,Yes,2.17,Yes,99,27211.3,23,22,12.8,26.6,Yes,Yes,16.4,0,BANKS,6.4,NA,No,36,2732.9,No,No,No,3.3,-14.6,NA,13.9,25.8,2026-07-24,SYBT,0,8,0,0,0,10,7,25,88.66666666666667,35,FALSE,FALSE,Other,Momentum Leader,67.7,Leading
3442,RSKD,Riskified Ltd.,NA,1.7,1.8,1.4,5.34,0,7.7,3,1,774.6,1496303,NA,0,A+,No,No,No,No,Yes,0.07,8,0,5.55,24.31,0.39,0.39,65,0,20,-6.1,3.48,3.11,NA,5.6,5,12,8,Yes,Yes,188.9,340.7,290.6,226.7,30,59,78,308,-8,No,No,5.2,5.23,Computer Sftwr-Security,NA,2.6,132,No,0.16,6.5,Yes,39,23,-17.6,2.1,0,5.68,116,5,0,0.23,Yes,0,1.55,-7.92,69,85,87,1.27,5350,689.1,3.15,93613.9,12,-60.5,6.5,17.3,NA,12.7,NA,72,3,A+,56.3,21,52,6.4,0.8,3.2,64,344.6,39,7,200,NA,6.7,1097,Yes,0.08,-25,437,NA,No,64,NA,No,No,No,1.4,0,No,156,1.7,700,6,New York Stock Exchange,No,76,No,2.77,-,99,72190,167,140,427.8,5.7,Yes,Yes,12.8,-1.5,SOFTWARE,1.9,NA,No,32,416.5,No,No,No,-0.9,-43.3,NA,-8.1,-5,2026-07-24,RSKD,25,15,0,0,0,10,7,57,87.33333333333333,35,FALSE,FALSE,CANSLIM Growth,CANSLIM Growth,59.1,Strong
3397,RMNI,Rimini Street Inc.,NA,5.5,5.4,4.3,4.88,0,2.2,2,0,721,2097965,NA,0,A+,No,No,No,No,No,-1.45,5.4,0,0.79,7.28,0,0,70,47.63,12,13.2,4.2,4.02,NA,-1.1,-0.7,4,0,No,No,-45.4,-55,-67.1,-46.9,7,-18,-24,-66,0,No,No,19.6,4.64,Computer-Tech Services,NA,0,96,No,0.17,0,Yes,92,26,-20.1,4.6,0,5.06,127,136,14,0.18,No,46,-1.07,-8.3,69,92,36,1.16,1881,434.1,4.33,92560,20,-40.7,12.9,24.7,NA,21.1,NA,11,139,A-,-32.6,59,33,12.9,-1,4.6,15,421.5,-11,1,-54,NA,-1.3,460,Yes,-0.05,2576,269,NA,No,151,NA,No,No,No,1.02,0,No,-55,1,-43,-2,NASDAQ,No,88,No,-18.94,-,96,46050.8,-67,-103,-49,-1.3,No,No,23.7,2,BUSINS SVC,-1.7,NA,No,40,399.3,No,No,No,-8.1,-48.9,NA,0,1.3,2026-07-24,RMNI,0,0,0,0,0,10,7,17,75.66666666666667,15,FALSE,FALSE,Other,Momentum Leader,53.3,Improving
3169,PRK,Park National Corp.,NA,4.9,6.3,7.1,192.77,0,0,0,17,539.2,703318,05/15/2026,0,A,No,No,No,No,Yes,-0.01,13.9,2.4,0.19,15.84,2.52,4.03,48,66.13,15,33.3,2.27,2.34,NA,9.8,10.6,4,5,Yes,Yes,21.7,23.8,23.3,22.5,196,4,15,24,7,No,No,24.5,189.47,Banks-Regional,NA,6.3,68,Yes,4.2,1.9,Yes,268,16,13,4,0,192.77,57,35,9,11.76,Yes,10,-1.42,-1.71,68,76,97,0.83,17991,3477.9,2.31,18096.1,14.4,-4.6,9.3,8.1,NA,17.2,NA,91,22,A+,14.9,10,3,7.5,2.3,3.8,18,557.2,11,21,23,NA,14,102,Yes,-2.72,2,95,NA,No,331,NA,No,No,No,5.87,0,No,19,1.8,25,3,NYSE American,No,78,Yes,2.02,-,98,17678.4,28,22,21.9,10.3,Yes,Yes,12.4,-1.2,BANKS,2.7,NA,Yes,33,3328.5,No,No,No,10,-1.9,NA,13.9,22.1,2026-07-24,PRK,15,8,0,0,0,10,7,40,82.33333333333333,40,FALSE,TRUE,Other,Momentum Leader,67.7,Leading
3044,PFBC,Preferred Bank Los Angeles,NA,10.7,11.1,9.2,109.99,0,0,0,17,539.2,1118453,07/07/2026,0,A,No,No,No,No,Yes,-0.13,4.2,3,0.29,8.34,0.59,0.72,21,38.5,10,38,2.52,2.76,NA,1.6,4,11,-1,No,Yes,4.9,12.5,9.7,6.1,227,14,-1,10,12,No,No,13.7,107.39,Banks-Regional,NA,6.3,68,No,2.83,49.2,No,268,10,-17.1,8.4,0,112.26,57,35,4,10.68,Yes,14,-1.86,-4.34,68,78,94,0.76,11832,1465.4,2.94,13392.7,14.3,3.3,9.1,12.2,NA,11,NA,75,22,A+,2.8,3,5,8.2,1.1,2.8,91,290.3,-8,6,8,NA,6.4,117,Yes,-2.03,5,119,NA,No,396,NA,No,No,No,4.93,0,No,13,2.5,8,-4,NASDAQ,No,76,Yes,1.65,-,98,13392.7,15,2,11,5.5,Yes,Yes,13.2,-1,BANKS,1.6,NA,No,52,1006.5,Yes,No,No,15.4,-40.8,NA,17.2,25.8,2026-07-24,PFBC,10,0,0,0,0,10,7,27,82,30,FALSE,FALSE,Value + Quality,Momentum Leader,67.7,Leading
3410,RNST,Renasant Corp.,NA,7.9,7.3,5.9,44.5,0,0,0,17,539.2,4258541,06/16/2026,0,C-,No,No,No,No,Yes,-0.07,16.7,2.3,0.24,14.09,0,0,55,69.11,12,15.7,2.24,2.36,NA,51.1,62.9,6,15,No,No,-8.2,5.5,-20.5,-17.8,214,-3,-9,-26,3,Yes,No,24.1,43.7,Banks-Regional,NA,6.3,68,No,0.99,12.9,No,268,18,-19.6,4.7,0,44.5,57,35,11,2.41,No,13,-1.24,-1.8,68,72,91,0.9,31549,4083,2.25,92272.1,14.8,-28.3,6.1,8,NA,19.5,NA,60,22,A,11.9,80,6,5.4,2.4,2.5,13,985.8,28,61,-37,NA,63.6,765,Yes,-0.55,9019,543,NA,No,429,NA,No,No,Yes,3.7,0,Yes,45,1.5,19,39,New York Stock Exchange,No,77,Yes,1.05,-,98,90391.8,-47,-99,31.6,62.9,Yes,Yes,12,0.2,BANKS,2.8,NA,No,57,4776.3,No,No,No,11.9,-13.5,NA,5.5,22.9,2026-07-24,RNST,25,0,7,0,0,10,7,49,79,25,TRUE,FALSE,Other,Momentum Leader,67.7,Leading
3688,SNA,Snap-On Inc.,NA,8.5,9.4,8.5,419.68,0,0,0,1,84.4,3213979,05/20/2026,0,A-,No,No,No,No,Yes,0.35,17.5,2.4,3.53,20.14,2.03,2.65,62,81.4,20,25.9,2.06,2.06,NA,1.8,3.1,3,1,No,Yes,0,4.4,1.6,-0.4,3,8,2,2,9,No,No,19.3,410.99,Building - Tools,NA,20,45,No,8.07,16,Yes,5,21,-9.9,6.4,0,419.68,65,44,6,19.37,Yes,5,-0.96,-2.07,68,72,90,0.79,127851,21496.2,2.06,51801.9,12.5,39,7.8,8.1,NA,13.7,NA,62,28,A,-1.3,3,7,6.9,1.2,2.9,20,4743.2,4,6,-2,NA,4.3,339,Yes,-3.98,5,462,NA,No,1944,NA,No,No,No,4.43,0,Yes,4,1.4,2,1,New York Stock Exchange,No,69,Yes,3.57,-,99,50578.9,7,-7,3.2,4.1,Yes,Yes,9.9,-0.1,BUILDING,2.3,NA,No,52,20581.2,Yes,Yes,No,21.7,-3.7,NA,18,18.9,2026-07-24,SNA,0,0,7,5,0,10,7,29,78.66666666666667,50,FALSE,FALSE,Other,Momentum Leader,46.5,Improving
3486,SAIC,Science Applications International Corp.,NA,5.4,5.2,5.1,117.92,0,2.6,1,0,78.6,2956397,07/10/2026,0,A,No,No,No,No,No,32.72,11.2,1.3,1.16,8.82,0.85,0.96,20,50.1,12,5.2,4.09,3.8,NA,-2,-2.9,0,-2,Yes,Yes,37.6,23,36.5,29.2,8,10,15,25,20,Yes,No,14.8,115.51,Comml Svcs-Consulting,NA,0,64,Yes,4.21,186.2,Yes,38,10,-3.3,7.1,0,123.41,111,127,-5,12.06,Yes,8,0.53,-6.4,68,86,83,0.48,62166,4857.6,3.87,42276.8,16.7,-24.9,8.2,21.1,NA,3.9,NA,89,119,A,41.4,-5,8,8.9,1.6,4.8,81,7262,16,2,18,NA,-1.6,585,Yes,0.61,-36,431,NA,No,555,NA,No,No,No,0.67,0,No,68,1.1,2,-3,NASDAQ,No,77,Yes,3.49,Yes,99,41855.5,-1,77,35.1,-2.9,Yes,Yes,14.6,-2.8,BUSINS SVC,2.6,NA,Yes,57,7394.7,No,No,No,1.7,-38.4,NA,23.3,6,2026-07-24,SAIC,20,8,0,0,0,10,7,45,86,35,TRUE,FALSE,Other,Momentum Leader,53.3,Improving
4147,UFPT,UFP Technologies Inc.,NA,5.4,5.6,6.1,279.49,0,0,0,2,134.7,1335418,NA,0,C+,No,No,No,No,Yes,1.15,23.7,0,2.91,20.55,0.62,0.62,72,108.7,25,13.7,5.2,4.52,NA,18.4,12.8,29,21,No,Yes,19.1,-9.9,1.2,10.7,17,43,22,-3,18,No,No,9,242.05,Containers/Packaging,NA,10,94,No,10.95,31.6,Yes,20,27,8.8,18,0,279.49,77,68,-9,9.1,Yes,22,-5.72,-13.4,68,73,82,0.94,52117,1986.4,4.7,7736.9,8.8,-18.8,6.3,19.6,NA,-7.1,NA,64,51,C+,4.8,9,12,3.2,-3.8,-2.9,6,602.8,40,4,1,NA,3.7,224,Yes,-14.69,-8,180,NA,No,397,NA,No,No,No,3.08,0,No,-9,1.4,-9,20,NASDAQ,No,58,Yes,4.27,Yes,94,7429.4,-12,34,-8.9,4.6,Yes,No,6.9,-1.5,MISC,2.2,NA,Yes,68,2036.9,No,No,No,4.3,-7.7,NA,17.8,11.3,2026-07-24,UFPT,0,0,0,0,0,10,5,15,81.33333333333333,45,FALSE,FALSE,Other,Momentum Leader,52.3,Improving
3183,PRTH,Priority Technology Holdings Inc.,NA,5.2,5.5,5.7,7.28,0,4.1,2,2,794,2131481,NA,0,A+,No,No,No,No,No,10.37,70.3,0,1.08,5.45,0.21,0.21,8,35.67,6,4.9,5.16,5.23,NA,8.9,8.8,18,13,Yes,Yes,267,373.3,333.3,306.6,20,29,102,321,0,No,No,22.8,6.69,Financial Svcs-Specialty,NA,4.1,99,No,0.35,0,Yes,49,6,3.8,6.5,0,8.59,76,105,8,1.09,Yes,0,-1.47,-22.16,68,76,77,1.27,2813,559.2,5.39,82355.2,13.4,-36.9,3.4,29.9,NA,14.6,NA,82,84,A-,47.9,8,12,4.9,-4.3,-4.1,80,953,51,11,432,NA,10,424,Yes,-0.1,0,263,NA,No,148,NA,No,No,No,0.56,0,No,180,2,640,8,NASDAQ,No,78,No,-6.12,-,93,33000.1,300,213,410,8.8,Yes,Yes,16.7,4.2,FINANCE,-5.9,NA,No,35,1504.6,No,No,No,-9.2,-26.5,NA,0,3.9,2026-07-24,PRTH,30,15,0,0,0,10,7,62,80.66666666666667,35,FALSE,FALSE,CANSLIM Growth,CANSLIM Growth,49.6,Improving
4372,WEAV,Weave Communications Inc.,NA,3.7,4.2,4.1,7.66,0,0,0,1,51.7,5190074,NA,0,A+,No,No,No,No,No,6.6,50.3,0,1.07,31.45,1.11,1.11,92,0,41,-12.1,5.52,5.26,NA,17.1,16.8,21,19,Yes,Yes,235.1,55.6,202.7,202.2,2,65,124,32,-38,Yes,No,-4.7,7.23,Computer Sftwr-Medical,NA,4.5,138,No,0.32,47.7,Yes,22,72,-0.9,7.8,0,8.28,139,63,1,0.1,Yes,64,-1.63,-12.68,68,97,61,1.48,6737,584.8,5.27,79565.6,19.7,-20.2,36.7,35.6,NA,8.7,NA,44,63,A+,33.3,109,40,21.8,3.4,15.2,14,239,142,17,60,NA,17.2,1101,Yes,-0.12,75,859,NA,No,169,NA,No,No,No,2.31,0,No,200,1.3,0,17,New York Stock Exchange,No,85,No,6.89,-,94,66513.4,-33,644,100,17.1,Yes,Yes,23,-2.9,SOFTWARE,4.3,NA,No,50,555.2,No,No,No,-4.4,25.4,NA,-37.6,-8.8,2026-07-24,WEAV,30,15,0,0,0,10,7,62,90.33333333333333,10,TRUE,FALSE,CANSLIM Growth,CANSLIM Growth,59.1,Strong
4109,TWO,Two Harbors Investment Corp.,NA,0.9,1.6,1.8,12.14,0,1.5,3,41,1680.7,3549859,07/02/2026,0,E,No,No,No,No,No,-0.17,277.8,11.3,0.16,14.16,0,0,20,0,10,-73.6,0.83,0.68,NA,54.5,55.2,-57,1,Yes,No,162.5,82.9,78.3,138.7,21,-40,16,70,4,No,No,15.1,12.09,REITs,NA,21,87,No,0.08,91,Yes,195,10,14.4,3.4,0,14.17,41,46,-18,1.24,No,51,-0.08,-14.68,68,56,55,0.87,23796,1271.1,0.7,105046.3,9,-54,-1.6,8.7,NA,-14.3,NA,57,21,E,31,4,-1,-2,0,-1.1,70,-78.9,886,68,109,NA,61.8,1944,No,-0.01,0,883,NA,No,257,NA,No,No,Yes,NA,0,No,42,1.1,30,-28,New York Stock Exchange,No,59,Yes,1.12,-,100,103847.6,177,65,35.8,56,Yes,Yes,5,-2.3,REAL EST,0.1,NA,No,56,8765.2,No,No,No,20.9,-14.3,NA,-23.3,18.9,2026-07-24,TWO,25,15,0,0,0,10,5,55,59.666666666666664,0,FALSE,TRUE,CANSLIM Growth,CANSLIM Growth,59.7,Strong
3409,RNR,RenaissanceRe Holdings Ltd.,NA,4.2,4.7,4.2,329.57,0,1.5,2,20,2363,1581638,06/15/2026,0,C-,No,No,No,No,No,-0.51,5.4,0.5,0.75,4.07,0.12,0.13,8,20.43,8,31.4,2.58,2.75,NA,-6.1,-9.6,18,12,No,Yes,166,380.3,285,205.6,37,47,33,88,24,Yes,No,14.9,323.06,Insurance,NA,15.4,115,No,8.39,21.6,No,130,6,-9.1,3.8,0,329.57,91,54,7,55,Yes,36,2.47,-1.98,67,68,94,0.38,113115,13440.5,2.81,42633,13,-5.3,6.6,2.5,NA,19.7,NA,98,35,C,21.9,6,-2,7.2,1.4,2.9,88,9870.2,15,-22,-9,NA,-15.5,373,Yes,7.8,-5,365,NA,No,919,NA,No,No,No,1.51,0,No,1023,1,66,10,New York Stock Exchange,No,69,Yes,1.29,Yes,100,41647.9,53,-1,544.2,-11.9,Yes,Yes,9.5,0,INSURANCE,2.6,NA,No,60,13865.3,No,No,No,35.2,-9.9,NA,23.8,13.3,2026-07-24,RNR,25,15,0,0,0,10,7,57,78.33333333333333,40,TRUE,FALSE,CANSLIM Growth,CANSLIM Growth,71.2,Strong
3104,PLOW,Douglas Dynamics Inc.,NA,2,1.7,2,50.22,0,3.6,2,0,220.5,510682,06/16/2026,0,E,No,No,No,No,Yes,1.15,19.4,2.7,2.65,14.11,3.74,8.85,53,77.03,16,9.4,3.73,3.37,NA,18.2,17.7,3,3,No,Yes,110.8,141.9,107.1,111.9,33,2,23,39,9,No,No,36.7,44.62,Auto/Truck Equipment Parts & Tires,NA,0,75,Yes,1.63,70.1,No,55,18,16.8,2.3,0,55,68,77,13,2.52,Yes,25,-0.67,-18.87,67,36,81,0.83,11169,1038.8,3.68,23125.2,12.8,-30.2,-7,-3.4,NA,22.1,NA,98,74,E,166.7,30,7,-3.8,-0.1,-7.1,24,656.1,46,20,52,NA,24.1,243,No,-0.3,-6,163,NA,No,368,NA,No,No,No,1.52,0,No,300,1.2,59,15,New York Stock Exchange,No,56,Yes,3.69,-,99,22670.6,67,3,179.5,24.5,Yes,Yes,5.3,1.4,AUTO,3.7,NA,No,48,1233.6,No,No,No,53.5,-8.4,NA,16.8,4.5,2026-07-24,PLOW,30,15,0,0,0,10,7,62,61.333333333333336,40,TRUE,FALSE,CANSLIM Growth,CANSLIM Growth,37.8,Weak
3318,RDN,Radian Group Inc.,NA,2.9,4.6,4.4,41.05,0,7.7,2,4,67.2,5780658,06/02/2026,0,A-,No,No,No,No,Yes,1.01,17.6,2.7,1.15,46.26,0.68,0.86,16,36.78,7,66.1,2.77,2.7,NA,6.2,7.9,-1,3,Yes,Yes,9.7,15.5,12.1,8.9,14,10,1,11,10,No,No,9.4,39.38,Finance-Mrtg&Rel Svc,NA,15.4,27,No,0.98,16.8,Yes,26,9,-3.8,4.4,0,41.05,121,125,10,4.59,Yes,22,0.61,-4.07,67,85,80,0.69,51489,5204.6,2.77,132975.2,13,-29.1,12.9,11.3,NA,18.9,NA,72,123,A-,5.4,13,7,8.7,3.9,6.2,52,1197.1,6,46,8,NA,20.8,1431,Yes,0.24,32,959,NA,No,603,NA,No,No,No,3.77,0,No,28,1.2,6,-7,New York Stock Exchange,No,78,Yes,1.1,-,96,130432.3,12,2,17.4,10.8,Yes,Yes,12.6,-2.6,FINANCE,4.1,NA,Yes,62,6122.2,No,No,No,15.9,90.7,NA,13.1,27.8,2026-07-24,RDN,22,8,0,0,0,10,7,47,79.33333333333333,40,TRUE,TRUE,Other,Momentum Leader,49.6,Improving
3481,SAFE,Safehold Inc.,NA,7.8,8.4,8.4,17.45,0,1.5,3,41,1680.7,3148405,06/30/2026,0,A-,No,No,No,No,-,0,189.5,4.4,0,25.67,0,0,23,40.97,10,30.4,3.01,3.08,NA,7,7.6,0,19,Yes,No,2.6,6.1,3.4,3.2,-,-41,77,5,3,No,No,24.9,17.1,REITs,NA,21,87,No,0.49,196.2,Yes,195,11,-0.2,6.4,0,17.45,41,46,6,1.62,No,99,-0.41,-2.01,67,81,71,1.16,5481,1229.5,3.2,71610,15.4,2.4,15,10.5,NA,14.2,NA,24,21,A,-8.2,0,5,10.7,4.7,7,65,385.6,8,13,5,NA,10,355,Yes,-0.07,7,361,NA,No,369,NA,No,No,No,3.07,0,No,-9,1.4,17,4,New York Stock Exchange,No,80,Yes,0.51,-,99,49380.4,11,-5,3.8,8.7,No,No,14.4,-1.3,REAL EST,6.1,NA,No,52,5812.3,Yes,No,No,13.6,-17.1,NA,4.8,27.6,2026-07-24,SAFE,5,0,0,0,0,10,7,22,78,0,FALSE,FALSE,Other,Momentum Leader,59.7,Strong
3716,SON,Sonoco Products Co.,NA,6.5,7.1,7,57.95,0,0,0,2,134.7,10409663,08/10/2026,0.54,B-,No,No,No,No,No,46.97,46.7,3.9,0.96,8.17,0.86,1.28,22,52.19,10,10.2,3.01,3.16,NA,15.4,18.1,5,1,No,Yes,8.2,6.9,7,10.2,1,8,-1,10,12,No,No,29.6,56.57,Containers/Packaging,NA,10,94,No,1.66,105.1,No,20,10,-1.1,10.7,0,58.44,77,68,6,5.54,Yes,17,0.69,-3.2,67,75,69,0.68,64033,5554.4,3.12,98868.7,17,-14.8,11.7,-1.5,NA,16.1,NA,51,51,D,0.3,2,10,10.2,2.3,4.4,88,7518.8,-7,-2,17,NA,13.8,1256,Yes,0.39,8,1065,NA,No,596,NA,No,No,No,0.75,0,No,-13,0.9,5,42,New York Stock Exchange,No,72,Yes,1.57,Yes,100,97628.1,29,7,-4,18.2,No,No,11.4,2.9,MISC,1.2,NA,No,54,9577.9,No,No,No,22.3,8.6,NA,20.1,4,2026-07-24,SON,0,0,0,0,0,10,7,17,75.33333333333333,15,FALSE,FALSE,Other,Momentum Leader,52.3,Improving
3511,SBLK,Star Bulk Carriers Corp.,NA,1,1.3,1.5,27.27,0,2,1,0,71.3,1797871,06/12/2026,0,E,No,No,No,No,No,3.78,12.1,3.9,1.72,9.71,0,0,46,75.39,5,8.2,3.1,3,NA,-6.4,-3.3,-4,-4,Yes,No,113.9,310.2,211.2,147.3,17,-23,-34,-12,1,Yes,No,29.6,24.9,Transportation-Ship,NA,0,19,No,0.79,36.8,Yes,49,16,11.9,2,0,28.5,12,24,16,1.6,No,90,-4.3,-12.63,67,34,65,0.82,34712,2962.3,3.23,113847.4,10.4,0.4,-6.9,1.8,NA,22.2,NA,70,38,E,17.9,336,-7,-6.1,-4.8,-3.9,35,768.5,43,34,-63,NA,20.5,1331,No,-1.12,788,1286,NA,No,132,NA,No,No,No,3.44,0,No,900,1.1,91,-18,NASDAQ,No,43,Yes,1.14,-,91,84666.3,-61,-86,495.6,6.6,Yes,Yes,4.3,14.8,TRANSPORTATION,-5.5,NA,No,27,3727.3,Yes,No,No,32.7,-35.6,NA,3.4,20.8,2026-07-24,SBLK,32,15,0,0,0,10,7,64,55.333333333333336,25,TRUE,TRUE,CANSLIM Growth,CANSLIM Growth,48.8,Improving
4346,W,Wayfair Inc. Cl A,NA,3.3,3.8,3.5,94.99,0,3.3,2,1,3522.8,14900779,NA,0,C+,No,No,No,No,No,-9.23,34.4,0,0.76,21.41,0,0,78,0,30,-2.4,6.29,6.42,NA,5.5,6.8,-3,1,No,Yes,151.2,272.7,225.8,206.9,8,-3,139,434,0,No,No,-11.1,89.31,Retail-Internet,NA,1.7,101,No,5.3,0,Yes,60,33,-7.4,14.5,0,119.98,53,76,-31,2.68,Yes,99,-2.37,-25.56,67,79,65,2.69,281934,12075,5.81,111018.5,2.5,-50.3,9.5,9.8,NA,-22.3,NA,82,78,C-,-8.6,6,32,15.6,-1.4,-0.9,17,12457,112,7,1900,NA,7.1,3769,Yes,-2.17,2,1851,NA,No,649,NA,No,No,No,0.78,0,No,160,1.1,440,5,New York Stock Exchange,No,63,No,-4.14,-,94,102778.2,218,85,300,7.5,Yes,Yes,5.6,-7.9,RETAIL,0.1,NA,No,77,14855.2,No,No,No,57.9,-37.9,NA,0,-3.6,2026-07-24,W,25,15,0,0,0,10,5,55,75.33333333333333,30,FALSE,FALSE,CANSLIM Growth,CANSLIM Growth,48,Improving
3793,STAA,Staar Surgical Co.,NA,5.1,4.8,4.4,29.91,0,3.1,4,2,1057.2,5233870,NA,0,C-,No,No,No,No,Yes,0.13,-16.4,0,5.12,-38.29,0,0,96,0,35,-34.4,4.62,4.1,NA,8.9,22.3,5,-8,Yes,No,-165.8,90.4,21,-99.9,90,-36,-86,91,-22,Yes,No,14.5,26.44,Medical-Products,NA,1.6,116,No,1.17,8.9,Yes,128,126,-9.7,17.5,0,35.87,142,122,30,0.21,No,0,-8.76,-26.29,67,35,47,1.34,23961,1442.9,4.35,49788.5,8,141.4,-9.5,5.4,NA,26.1,NA,66,111,D,656.2,171,34,-9.7,-4.9,-7.2,3,239.4,-79,120,-566,NA,68.8,826,No,-2.54,166,1909,NA,No,317,NA,No,No,No,4.53,0,No,179,1.3,61,-24,NASDAQ,No,60,No,3.71,-,88,29990.9,31,-187,120.1,48.2,Yes,Yes,10.8,2.6,MEDICAL,-4.8,NA,Yes,99,1269.8,Yes,Yes,Yes,53.1,-9.6,NA,-21.7,5.6,2026-07-24,STAA,35,15,0,10,0,10,5,75,49.666666666666664,35,TRUE,TRUE,CANSLIM Growth,CANSLIM Growth,53.3,Improving
3588,SHC,Sotera Health Co.,NA,5.4,5.3,4.8,18.55,0,1.6,1,2,225.3,16020278,NA,0,A,No,No,No,No,Yes,6.31,65.7,0,2.82,17.98,1.64,1.64,59,166.04,18,12.7,3.09,3.06,NA,6.5,7.5,6,6,No,No,16.5,35.1,27.6,23.7,36,12,-1,30,15,No,No,0.6,17.75,Medical-Services,NA,3.3,76,No,0.51,360.9,Yes,61,20,-9.8,5.8,0,19.85,108,18,-14,0.9,No,40,-2.85,-10.58,66,74,92,1.18,54790,5210,3,285167,8.3,-1.7,14.8,8.9,NA,-7.5,NA,84,11,B+,3.4,12,10,8.5,-1.6,2.5,62,1163.6,-14,10,23,NA,7.3,3408,Yes,-0.52,19,3213,NA,No,438,NA,No,No,No,4.26,0,No,29,1.3,24,6,NASDAQ,No,59,No,8.13,Yes,96,277854.2,53,5,26.2,7.9,Yes,Yes,8.1,-0.9,MEDICAL,-3.6,NA,Yes,75,7103,No,No,No,58.1,-26.4,NA,15.4,9.5,2026-07-24,SHC,15,12,0,0,0,10,5,42,79.33333333333333,40,FALSE,FALSE,Other,Momentum Leader,53.3,Improving
3297,RBC,RBC Bearings Inc.,NA,1.9,2.3,1.8,614.19,0,0,0,0,134.5,470571,NA,0,E,No,No,No,No,No,1.29,52,0,2.18,43.77,1.6,1.6,86,240.77,40,19.7,3.11,3.04,NA,12.6,14.3,24,7,Yes,Yes,22.7,27.9,23.9,22,6,29,17,24,9,No,No,28.3,575.22,Metal Products - Distributors/Fabrication,NA,0,13,No,18.48,23.8,Yes,29,46,-22,1.5,0,667.69,39,52,8,12.38,Yes,11,-0.87,-13.85,66,30,81,1.01,158557,18357.1,2.85,31635.4,10.9,64.4,-8.1,-2.5,NA,15.3,NA,94,45,E,8.7,58,13,-4.2,-3.2,-6.5,-,1870.9,16,18,-9,NA,17.7,267,No,-5.05,20,493,NA,No,822,NA,No,No,No,9.73,0,No,28,1.2,30,14,New York Stock Exchange,No,46,Yes,5.41,-,96,31113.5,26,12,28.9,16.6,Yes,Yes,3.8,1.7,METALS,-3.4,NA,No,64,19603.4,Yes,Yes,No,44.9,-5.2,NA,9,17.7,2026-07-24,RBC,20,12,0,7,0,10,7,56,59,35,TRUE,FALSE,CANSLIM Growth,CANSLIM Growth,56.2,Strong
4015,TNK,Teekay Tankers Ltd.,NA,2,2,2.4,74.09,0,2,1,0,71.3,953256,05/26/2026,0,D-,No,No,No,No,Yes,0.02,11.5,1.4,9.4,7.97,0.21,0.22,12,21.73,5,36.5,4.13,4.23,NA,-21.6,-12.7,23,-24,Yes,Yes,16.9,91.8,55.3,30,34,34,-25,26,15,Yes,No,31.2,70.07,Transportation-Ship,NA,0,19,No,3.03,0.6,Yes,49,7,18.5,0,0,83.99,12,24,12,9.44,Yes,67,-2.45,-16.57,66,33,73,0.49,27634,2488.5,4.53,30017.9,6,-20.8,-5.2,-6.9,NA,16.5,NA,74,38,E,5.4,110,-45,-5,-0.8,-1.7,62,506.6,-30,36,-32,NA,16.4,380,No,-1.76,298,303,NA,No,332,NA,No,No,Yes,3.58,0,No,205,0.6,87,-23,New York Stock Exchange,No,39,Yes,1.11,-,95,0,-16,-54,145.8,3.3,Yes,Yes,1.2,-2.1,TRANSPORTATION,-3.3,NA,No,43,1165.7,No,No,No,56.2,-24,NA,18.5,53.7,2026-07-24,TNK,32,15,0,0,0,10,5,62,57.333333333333336,50,TRUE,TRUE,CANSLIM Growth,CANSLIM Growth,48.8,Improving
3926,TDUP,ThredUp Inc. Cl A,NA,9.1,9.4,8.5,7.17,0,3.3,2,1,3522.8,19636912,NA,0,A,No,No,No,No,No,-11.06,-135.7,0,0.95,75.4,0,0,34,0,0,-6.5,6.47,6.17,NA,6.5,10.7,0,0,No,Yes,49.5,34.7,43.4,49.4,16,-,47,124,-35,No,No,3.3,6.6,Retail-Internet,NA,1.7,101,No,0.36,78.1,No,60,0,-9.9,19.3,0,12.28,53,76,10,-0.16,Yes,0,-2.08,-46.25,66,93,50,1.74,11785,869.7,5.99,108372.1,11.6,-45,23.8,48,NA,18.3,NA,33,78,A+,2.8,45,37,22.2,-0.6,1.9,34,310.8,47,15,53,NA,16.5,2197,Yes,-0.14,30,1161,NA,No,218,NA,No,No,No,2.23,0,No,-25,1.5,43,20,NASDAQ,No,90,No,14.34,-,95,101572.4,86,69,8.9,15.2,Yes,No,29.7,-4.4,RETAIL,0,NA,No,65,861.9,No,No,No,-7.7,-56.4,NA,-35,-7.9,2026-07-24,TDUP,5,12,0,0,0,10,7,34,84.66666666666667,0,FALSE,FALSE,Other,Momentum Leader,48,Improving
3474,RZLT,Rezolute Inc.,NA,7.2,8.5,8.6,5.21,0,3.9,21,3,457.1,16405419,NA,0,C,No,No,No,No,Yes,0.01,-1.7,0,15.84,-5.07,0,0,16,0,0,0,7.51,7.72,NA,0,0,0,0,No,Yes,23.2,19.6,25,24.1,410,27,7,29,-53,No,No,95.3,4.61,Medical - Development Biotech,NA,0.6,18,No,0.35,0.4,No,545,0,1.5,20.4,0,11.46,17,13,47,-0.82,Yes,0,5.49,-59.76,66,81,38,0.81,8366,420.8,6.7,96292.3,-6.6,-42,-3.8,33.2,NA,68.9,NA,40,17,D,11.5,29,7,11.5,-4.6,-6.1,16,0,-32,0,26,NA,0,1959,No,0.24,43,1085,NA,No,178,NA,No,No,No,NA,0,No,41,1.7,0,0,NASDAQ,No,93,No,3.8,-,94,80405.8,18,41,20.4,0,Yes,Yes,33.8,6,MEDICAL,-2.9,NA,No,66,290.2,No,No,No,-16.8,-36.2,NA,-52.6,0,2026-07-24,RZLT,15,8,0,0,0,10,0,33,76.66666666666666,25,TRUE,FALSE,Other,Momentum Leader,53.3,Improving
3388,RM,Regional Management Corp.,NA,5.4,6.2,6.9,44.3,0,0,0,0,120.3,412272,05/20/2026,0,A,No,No,No,No,Yes,1.74,5.8,2.8,59.88,1.35,0,0,16,32.71,7,8.9,3.63,3.73,NA,9.6,10.5,11,8,No,No,62.5,62.7,52,30.5,18,-15,23,52,9,No,No,7.5,41.66,Finance-Consumer Loans,NA,0,66,Yes,1.46,441.8,No,21,8,10.4,5,0,46,99,28,4,4.93,No,49,-2.44,-9.43,65,69,91,1.08,2412,393.2,3.65,9208.1,12.3,-34.3,12.9,4.2,NA,10.8,NA,96,49,B,21,26,32,10.5,-1.6,2.4,71,645.6,149,9,7,NA,9.5,65,Yes,-1.04,-22,42,NA,No,227,NA,No,No,No,0.58,0,No,69,1.5,33,10,New York Stock Exchange,No,74,No,1.03,-,94,8270.1,87,20,50.6,10.7,Yes,Yes,13.8,5.1,FINANCE,-4.2,NA,Yes,51,1978.5,No,No,No,26.5,6.6,NA,12.2,6.8,2026-07-24,RM,20,15,0,0,0,10,7,52,80,35,TRUE,FALSE,Other,Momentum Leader,49.6,Improving
4242,VEOEY,Veolia Environnement S.A. ADR,NA,0,0,0,21.5,0,1.1,1,13,2004.3,0,05/08/2026,0,E,No,No,No,No,-,0,0,3.2,0,6.13,0.96,1.13,60,86.62,16,5,1.09,1.02,NA,6.2,6.4,11,3,No,Yes,11.5,14.3,12.5,11.9,-,18,6,12,-2,No,No,22.4,21.36,Utilities,NA,14.9,83,No,0.21,0,No,87,20,0,0,0,21.5,64,81,14,1.05,Yes,20,0.54,-0.65,65,58,87,0.47,8927,31172.6,0.98,1484993.3,13.5,-78.9,2.6,1.7,NA,23.6,NA,82,75,B,-21.3,3,10,4.2,1.3,2.5,46,52380.6,45,6,20,NA,6.6,437,Yes,0.12,21,88,NA,No,8,NA,Yes,No,No,0.61,0,No,18,3.6,18,4,US OTC,No,66,Yes,NA,-,100,1463797.2,7,7,18.1,6.7,No,Yes,9.8,0,UTILITY,3.1,NA,No,0,61151.5,No,No,No,23.1,55.2,NA,16.6,3,2026-07-24,VEOEY,10,0,0,0,0,0,7,17,72,45,FALSE,FALSE,Other,Value + Quality,47.4,Improving
3132,PNW,Pinnacle West Capital Corp.,NA,7.9,8.3,7.2,111.16,0,1.1,1,13,2004.3,9075920,08/03/2026,0.91,D+,No,No,No,No,No,-8.96,-27.9,3.4,0.58,7.28,4.59,20.06,60,77.35,23,13.8,1.84,1.93,NA,5.9,5.3,9,7,Yes,No,-61.5,364.1,270.5,191.1,15,1,10,7,3,Yes,No,21.5,107.73,Utilities,NA,14.9,83,Yes,2.01,195.4,Yes,87,20,-12.9,7.5,0,111.16,64,81,9,5.37,Yes,11,-1.43,-3.09,65,58,81,0.32,124811,13244.5,1.81,121187.2,11.5,19.4,5.2,3.5,NA,15,NA,96,75,E,2416.1,-6,17,4.3,-0.4,1.1,47,5339.9,19,11,-4,NA,7.2,1222,Yes,-1.56,-8,1378,NA,No,928,NA,No,No,No,2.39,0,No,775,1.1,317,4,New York Stock Exchange,No,64,Yes,1.85,-,98,120971,1,-10,545.8,5.8,Yes,Yes,9,4.5,UTILITY,-0.4,NA,No,71,27265.3,Yes,Yes,No,17.7,-25.7,NA,8.9,2.9,2026-07-24,PNW,30,15,0,0,0,10,7,62,70,15,TRUE,FALSE,CANSLIM Growth,CANSLIM Growth,47.4,Improving
3968,THRM,Gentherm Inc.,NA,3.6,4,4.6,37.67,0,3.6,2,0,220.5,1562467,NA,0,B,No,No,No,No,No,0.65,12.1,0,1.97,9.52,0,0,38,187.6,14,2.4,3.79,3.93,NA,4.6,5.9,10,3,Yes,No,4.6,43.7,28.2,19,21,-4,1,18,3,No,No,-1.2,35.94,Auto/Truck Equipment Parts & Tires,NA,0,75,Yes,1.4,36.9,Yes,55,14,15.6,5.2,0,39.48,68,77,-11,2.6,Yes,22,-3.21,-8.97,65,77,72,1.17,11346,1138.7,3.65,30667.3,6.5,-19,0.4,20.7,NA,-2.5,NA,67,74,B+,65.8,20,14,4.8,1.2,1.7,44,1498.6,-10,11,-3,NA,9.9,330,Yes,-1.19,4,260,NA,No,416,NA,No,No,No,0.72,0,No,65,1.5,69,3,NASDAQ,No,63,No,1.54,Yes,95,29990,-3,-18,66.8,8,Yes,Yes,8.4,-2.1,AUTO,0.3,NA,No,71,1211.8,No,No,No,16.4,-13.8,NA,2.7,1.1,2026-07-24,THRM,25,12,0,0,0,10,5,52,78.33333333333333,25,TRUE,FALSE,Other,Momentum Leader,37.8,Weak
3794,STAG,STAG Industrial Inc.,NA,4.8,5,5.7,42.61,0,1.5,3,41,1680.7,7270474,06/30/2026,0,B,No,No,No,No,Yes,-252.19,128.2,4,1.51,16.84,1.61,2.68,48,123.53,16,33,1.84,2,NA,10.2,10.4,11,9,No,Yes,5.8,7.7,6.6,6,112,6,5,7,5,No,No,13.4,41.68,REITs,NA,21,87,No,0.77,90.7,No,195,16,13.4,3.8,0,42.61,41,46,4,2.59,Yes,1,-0.86,-2.18,64,76,87,0.79,54598,8038.3,2.03,191205,9.5,3.1,11.8,4.9,NA,10,NA,46,21,A,1.6,3,5,8.6,5.7,6.9,31,843,5,9,6,NA,9.9,1429,Yes,-0.36,4,1461,NA,No,791,NA,No,No,No,9.25,0,No,7,1.5,8,10,New York Stock Exchange,No,71,Yes,2.22,Yes,99,190934.6,8,3,7.4,10.1,Yes,Yes,9.4,-0.5,REAL EST,6.9,NA,No,57,10848.9,No,No,No,18.1,74.7,NA,7.8,27.6,2026-07-24,STAG,0,0,0,0,0,10,5,15,77.66666666666667,5,FALSE,FALSE,Other,Momentum Leader,59.7,Strong
3927,TDW,Tidewater Inc.,NA,7.2,7.4,7.8,76.22,0,0,0,0,140.8,6332256,NA,0,D,No,No,No,No,Yes,1.17,15.1,0,3.33,10.09,0.18,0.18,33,47.6,18,16.3,3.95,3.93,NA,0,-0.9,40,23,No,Yes,65.3,114.1,99.4,78.1,28,69,117,98,27,No,No,50.1,75.82,Oil&Gas-Field Services,NA,0,8,No,2.79,47.4,Yes,30,13,5.8,13.5,0,93.13,25,82,19,5.97,Yes,25,1.59,-18.59,64,47,73,0.86,58291,3711.4,3.96,49730.7,12.8,-37.8,12,-11.1,NA,32,NA,81,102,C-,-82.3,-53,90,1.8,4.8,9.3,91,1352.8,84,-2,95,NA,-2.3,792,No,1.19,-69,508,NA,No,519,NA,No,No,No,2.8,0,No,-86,1,530,1,New York Stock Exchange,No,55,Yes,2.76,Yes,99,46763.8,-102,55,222.2,-1.4,No,No,5.3,0.4,ENERGY,3.3,NA,No,69,3830.8,No,No,No,55.9,-28.6,NA,27,1.9,2026-07-24,TDW,0,15,0,0,0,10,7,32,63.333333333333336,50,FALSE,FALSE,Value + Quality,Value + Quality,48.8,Improving
3550,SEI,Solaris Energy Infrastructure Inc.,NA,5.6,5.3,5.7,74.54,0,21.1,12,0,912.7,13448150,06/02/2026,0,E,No,No,No,No,No,4.77,-9.7,0.7,1.11,14.28,1.94,1.98,92,275.26,54,11.7,7.09,7.75,NA,94.8,94.7,36,28,No,Yes,158.9,289.2,229.4,183.5,10,35,-2,70,3,No,No,31.1,60.28,Electrical-Power/Equipmt,NA,0,43,No,5.68,165.5,No,57,69,7.2,30.4,0,86.19,14,50,2,0.87,Yes,44,-1.81,-30.06,64,13,64,1.41,188483,4514.7,7.4,58402.3,3.5,28.6,-25.8,-8.1,NA,6,NA,71,73,E,-8.4,93,100,-17.8,-10.2,-17.6,-,622.2,-36,55,32,NA,71,2610,No,-1.11,23,3212,NA,No,493,NA,No,No,No,5.09,0,No,114,1.3,-121,99,New York Stock Exchange,No,40,Yes,4.5,-,84,44232,875,50,-3.8,88.1,Yes,Yes,-1.9,5.6,MACHINE,-15.8,NA,Yes,82,4644.4,No,No,No,107.8,122.9,NA,6.3,10.5,2026-07-24,SEI,35,15,0,5,0,10,5,70,47,15,FALSE,FALSE,CANSLIM Growth,CANSLIM Growth,38.5,Weak
4225,VALU,Value Line Inc.,NA,5.1,4.7,4.9,41.18,0,0,0,0,556.3,13966,04/27/2026,0,A+,No,No,No,No,Yes,0.03,14,3.5,4.07,19.07,0,0,57,65.48,0,78.5,3.31,3.88,NA,-4.5,-5.2,-4,-6,No,Yes,3.8,1.3,1.6,2.3,40,0,6,2,8,No,No,6.7,41,Media,NA,0,120,Yes,1.41,1.1,No,53,19,3.2,1.9,0,41.18,102,133,0,2.17,No,7,1.43,-0.44,64,90,64,0.92,102,379.4,3.9,9387.2,11.8,-2.2,18.6,16.2,NA,10,NA,38,118,A+,0,0,0,15.8,3.5,7.5,48,35.1,4,-8,8,NA,-5.5,3,Yes,0.58,0,3,NA,No,82,NA,No,No,No,11.38,0,No,-6,1.4,4,-6,NASDAQ,No,82,No,3.57,Yes,100,749.9,6,3,-1,-4.7,Yes,No,12.9,0,MEDIA,2.7,NA,No,33,303.6,No,No,No,3.9,-30.7,NA,21.7,71.4,2026-07-24,VALU,0,0,0,0,0,10,7,17,82.66666666666667,40,FALSE,FALSE,Other,Momentum Leader,49.4,Improving
3714,SOLV,Solventum Corp.,NA,4.5,3.1,2.7,83.34,0,3.1,4,2,1057.2,5023381,NA,0,C,No,No,No,No,No,7.59,-79.7,0,1.07,38.63,0,0,35,38.35,12,20.6,3.11,3.21,NA,0.1,-0.5,0,0,No,No,-4.1,4.4,5.4,-2.8,12,-,-,4,39,No,No,2.6,81.31,Medical-Products,NA,1.6,116,No,2.49,96.2,Yes,128,13,-11.4,3.4,0,88.2,142,122,-7,6.24,No,0,-0.48,-7.81,64,86,55,0.81,138301,14148.4,2.96,173174.7,8.8,-35.1,9.1,15.4,NA,2.3,NA,28,111,A,9.4,7,8,6.2,5,5.7,79,8325,-14,-3,-9,NA,-3.4,1816,Yes,-0.39,13,1115,NA,No,1216,NA,No,No,No,1.7,0,No,10,1.1,11,1,New York Stock Exchange,No,71,No,2.84,-,99,147074.2,-9,8,10.9,-2,Yes,No,8.9,-11.5,MEDICAL,6,NA,No,50,17940.7,No,No,No,10.1,-41.1,NA,38.9,0.7,2026-07-24,SOLV,0,0,0,0,0,10,5,15,75.33333333333333,25,FALSE,FALSE,Other,Momentum Leader,53.3,Improving
3797,STC,Stewart Information Services Corp.,NA,3.1,4.5,4.1,73.73,0,1.5,2,20,2363,873934,06/15/2026,0,A,No,No,No,No,Yes,22.88,17.4,3.1,1.18,10,0,0,36,62.04,12,5.7,2.87,3.04,NA,19.5,21.6,-3,7,Yes,No,80.1,99.8,86.7,78.8,58,-22,45,57,5,Yes,No,2.5,72,Insurance,NA,15.4,115,Yes,2.02,47,Yes,130,13,-9.6,2.9,0,78.61,91,54,0,5.41,No,82,-0.32,-8.41,63,77,95,0.78,13708,2197.7,3.07,30427.1,5.1,3.4,9.9,6.6,NA,9,NA,98,35,A+,50,21,22,7.3,4.8,6.4,36,2916.1,38,28,46,NA,23.7,212,Yes,-0.23,22,193,NA,No,447,NA,No,No,No,0.71,0,No,212,1.3,47,17,New York Stock Exchange,No,69,No,1.34,Yes,100,29799.4,40,47,129.7,22.3,Yes,Yes,6.9,0.2,INSURANCE,5.2,NA,No,73,2535.2,No,No,No,22.5,-6.3,NA,7.6,2.2,2026-07-24,STC,32,15,0,0,0,10,5,62,80.33333333333333,25,TRUE,TRUE,CANSLIM Growth,CANSLIM Growth,71.2,Strong
4013,TNET,TriNet Group Inc.,NA,3.6,4,4.1,62,0,0,0,1,291,1724719,07/01/2026,0,A+,No,No,No,No,No,3.77,4.3,2.1,1.12,9.63,0,0,28,69.39,14,4.3,4.68,4.34,NA,255.1,254.7,7,21,No,No,-13.5,8,-0.2,-1.7,3,-1,-16,1,197,Yes,No,0.7,59.56,Comml Svcs-Outsourcing,NA,4.5,123,No,2.16,1126.5,No,22,11,4.4,3.8,0,72.84,136,56,-13,5.2,No,21,-1.5,-18.23,63,98,77,0.8,18052,2778.3,4.56,45944.6,17.7,-20.5,30.7,53.6,NA,-5,NA,49,19,A+,34.7,-4,7,25.7,5.7,15,83,5010,-32,-4,-11,NA,195.7,390,Yes,-0.91,-19,300,NA,No,387,NA,No,No,No,0.55,0,No,25,1.1,5,-1,New York Stock Exchange,No,90,No,33.1,Yes,97,45129.7,-5,-25,14.6,239.7,Yes,Yes,25.3,-2,BUSINS SVC,7.2,NA,No,32,1598.2,No,No,No,-7.9,-15.4,NA,252,7.3,2026-07-24,TNET,10,0,0,0,0,10,7,27,99.33333333333333,25,FALSE,FALSE,Other,Momentum Leader,53.3,Improving
4020,TOL,Toll Brothers Inc.,NA,3.6,4.2,3.9,157.72,0,0,0,1,169.1,4404327,07/10/2026,0,E,No,No,No,No,No,0.32,12.7,0.7,3.83,13.52,0.5,0.52,27,44.06,11,16.3,3.4,3.5,NA,3,4.6,6,3,No,Yes,-6.7,0.6,1.3,-3.5,5,22,2,0,16,No,No,11.5,150.76,Bldg-Resident/Comml,NA,4.5,110,No,5.24,32.8,No,22,11,-7.5,4.8,0,168.36,112,98,-4,13.22,Yes,22,-3.24,-10.45,63,53,64,1.22,166914,14563.7,3.53,93471,6.1,-30.6,0.7,2.8,NA,2.8,NA,68,94,E,5.6,-5,11,4.2,-0.6,-2.7,65,10966.7,21,-8,-10,NA,3.9,1157,No,-5.05,-22,776,NA,No,860,NA,No,No,No,1.28,0,No,-22,1,25,1,New York Stock Exchange,No,54,Yes,1.67,-,96,92703,-1,4,1.4,3.5,No,No,4.4,2.9,BUILDING,0.8,NA,Yes,57,15976.1,No,No,No,28.3,-9.3,NA,16.9,10.3,2026-07-24,TOL,0,0,0,0,0,10,5,15,62,45,FALSE,FALSE,Value + Quality,Value + Quality,46.5,Improving
4249,VG,Venture Global Inc.,NA,1.3,2,2.5,13.84,0,0,0,0,2138.5,43590592,06/15/2026,0,D-,No,No,No,No,No,-395.83,-11.6,0.6,0.87,5.16,0,0,45,52.61,9,24.4,6.04,5.48,NA,158.9,172.5,0,0,No,Yes,1002.6,1948,1482.6,1184.7,7,-,-,69,43,No,No,102.3,13.8,Oil&Gas-Integrated,NA,0,49,No,0.66,517.1,No,22,15,26.8,8.7,0,17.62,33,89,51,0.9,No,0,8.92,-21.68,63,89,63,1,194856,31476.8,5.11,515753.6,29.3,41,24.9,20.4,NA,56.8,NA,52,56,C-,51.6,73,-51,11.8,12.3,18.7,39,13769,-48,59,51,NA,125.3,15605,No,1.13,249,21729,NA,No,290,NA,No,No,No,0.46,0,No,27,0.8,24,177,New York Stock Exchange,No,89,Yes,4.74,Yes,102,502672,5793,87,25.5,170,Yes,No,23.5,10.7,ENERGY,12.7,NA,No,28,64744.1,Yes,No,No,-15.2,5.7,NA,41.9,13,2026-07-24,VG,25,15,0,5,0,10,10,65,81.66666666666667,20,FALSE,FALSE,CANSLIM Growth,CANSLIM Growth,48.8,Improving
3608,SIBN,SI-BONE Inc.,NA,8,8.5,8.7,18.17,0,3.1,2,0,402.5,5978449,NA,0,B+,No,No,No,No,Yes,0.2,-81.8,0,9.99,-1106.14,0,0,55,0,0,-9.4,5.08,4.66,NA,18.7,17.1,23,21,No,Yes,44.7,42.7,41.1,41.8,56,24,43,49,-11,No,No,-11.9,17.38,Medical-Systems,NA,0,79,No,0.75,23.6,No,65,0,2.9,14.2,0,21.89,126,131,-8,-0.39,Yes,0,-1.92,-20.6,63,90,55,1.13,10360,785.9,4.79,44349.3,9.6,-39.9,14.3,23.3,NA,2.2,NA,55,137,A,46.7,1,17,13.2,0.1,3.6,55,200.9,34,11,41,NA,13.1,697,Yes,-0.34,-10,404,NA,No,285,NA,No,No,No,3.74,0,No,33,1,64,20,NASDAQ,No,69,No,4.29,-,96,41971.9,31,36,48.5,15.6,Yes,No,11.2,-3.7,MEDICAL,-1,NA,No,63,653.9,No,No,No,3.9,-38.6,NA,-11,-8.2,2026-07-24,SIBN,20,12,0,0,0,10,5,47,79.33333333333333,20,FALSE,FALSE,Other,Momentum Leader,53.3,Improving
3563,SFBS,ServisFirst Bancshares Inc.,NA,10.3,11.7,10.9,88.97,0,0,0,17,539.2,3103530,07/01/2026,0,B,No,No,No,No,Yes,-0.01,14.8,1.8,0.12,13.38,1.98,2.57,45,61.37,13,33.6,2.43,2.5,NA,17.5,17.2,6,7,No,Yes,27.5,27.9,27.8,26.9,144,6,8,28,12,No,No,21.1,86.94,Banks-Regional,NA,6.3,68,Yes,2.08,2.8,No,268,15,-7.1,6.1,0,90.64,57,35,4,5.63,Yes,9,-1.64,-4.08,62,73,94,0.96,23617,4831.6,2.48,54662.8,12,2.1,9.1,11.7,NA,11.1,NA,85,22,A,2,22,12,7.3,1.1,2,22,562.4,6,21,26,NA,21.8,289,Yes,-1.45,29,291,NA,No,434,NA,No,No,Yes,8.06,0,No,33,1.8,33,4,New York Stock Exchange,No,70,Yes,2.49,Yes,98,51075.4,18,27,32.8,17.9,Yes,Yes,10,-0.5,BANKS,1.9,NA,No,47,6139.7,Yes,No,No,4.8,-15.7,NA,16,32.9,2026-07-24,SFBS,20,12,0,0,0,10,7,49,78.33333333333333,45,TRUE,TRUE,Other,Momentum Leader,67.7,Leading
4136,UCB,United Community Banks Inc.,NA,4.8,5.1,4.9,37.18,0,0,0,17,539.2,4485345,06/15/2026,0,B,No,No,No,No,No,-0.01,8.7,2.8,0.05,12.1,0,0,34,51.02,12,27.5,2.16,2.2,NA,8.4,8.1,9,6,No,No,19.1,21,20.6,19.2,45,-3,4,21,6,No,No,16.8,36.45,Banks-Regional,NA,6.3,68,Yes,0.76,3.3,No,268,13,-4.6,3.8,0,37.18,57,35,1,2.82,Yes,12,-1.73,-1.96,62,74,90,0.99,30760,4441.9,2.13,119759.4,12,24.4,11.9,6.7,NA,7.6,NA,69,22,A-,0,11,6,7.5,2.4,4.3,46,1063.2,9,12,18,NA,13.9,914,Yes,-0.64,23,1169,NA,No,522,NA,No,No,No,4,0,No,19,1.3,13,3,New York Stock Exchange,No,71,Yes,1.19,-,98,118921.9,32,19,15.7,21.5,Yes,Yes,9.6,-0.8,BANKS,2.5,NA,No,60,4352.5,Yes,No,No,14.9,1.5,NA,9.2,22.3,2026-07-24,UCB,15,8,0,5,0,10,7,45,77.33333333333333,25,FALSE,FALSE,Other,Momentum Leader,67.7,Leading
4222,VAL,Valaris Ltd.,NA,7.3,7.5,6.6,81.57,0,0,0,0,30.7,6202202,NA,0,E,No,No,No,No,No,2.29,59.8,0,1.48,9.94,0.08,0.08,7,20.3,15,23.3,4.47,4.24,NA,-4.3,-9.9,18,14,No,Yes,57.7,233.9,170.2,85.9,1,64,59,341,36,No,No,51.9,76.54,Oil&Gas-Drilling,NA,0,20,No,3.45,35.3,No,9,5,-12.5,12.8,0,114.12,23,100,31,14.28,Yes,71,0.24,-32.93,62,20,67,1.08,80463,5288.1,4.25,69251.8,2.8,-50.8,-7.8,-13.6,NA,41.8,NA,98,97,E,-542.3,-78,144,-13,-0.1,-0.7,80,2369,-56,-25,172,NA,-16.5,926,No,0.18,-81,485,NA,No,489,NA,No,No,No,2.39,0,No,55,0.6,446,0,New York Stock Exchange,No,35,Yes,1.68,Yes,94,48267.3,201,-21,250.2,-13.5,Yes,No,-5.8,-1.2,ENERGY,-1.3,NA,No,70,5880.7,No,No,No,61.5,-19.4,NA,36.3,-3.5,2026-07-24,VAL,20,15,0,0,0,10,5,50,49.666666666666664,50,FALSE,FALSE,Value + Quality,Value + Quality,48.8,Improving
3695,SNDX,Syndax Pharmaceuticals Inc.,NA,13.4,13.1,10.6,25.24,0,1.8,1,2,243.9,16637071,NA,0,B+,No,No,No,No,Yes,0.82,-7.4,0,5.47,-6.12,0,0,25,0,0,-165.6,4.91,5.25,NA,0,567.5,22,795,No,No,13.3,36.2,26.2,17.9,45,-28,-10,31,-162,Yes,No,8.5,22.8,Medical - Revenue Biotech,NA,3.6,62,No,1.08,828.6,No,55,0,-18.9,20.6,0,25.59,83,69,1,-2.79,No,0,0.4,-10.9,62,61,61,1.01,40008,2012.3,5.51,88610,13.5,-44.4,19.7,-5.9,NA,11.1,NA,53,96,B,21,47,65,12.2,-2.3,5.3,25,172.4,-25,224,12,NA,509.3,1971,Yes,0.09,43,1061,NA,No,348,NA,No,No,Yes,9.29,0,No,51,1.1,29,628,NASDAQ,No,59,No,48.5,-,93,80758.4,29,-4,40.1,428.5,Yes,Yes,6.8,2.4,MEDICAL,-3.4,NA,No,84,2035.5,No,No,No,135.8,-24.9,NA,-161.8,-65.8,2026-07-24,SNDX,30,12,0,0,0,10,7,59,66.33333333333334,10,TRUE,FALSE,CANSLIM Growth,CANSLIM Growth,53.3,Improving
3955,TGB,Trekor Metals Ltd.,NA,1.3,1.7,1.5,8.14,0,19.4,13,0,847.3,7352963,NA,0,E,No,No,No,No,No,16.23,-24.7,0,1.37,20.97,4.2,4.2,89,907.76,12,-7.4,6.8,6.99,NA,22.5,29.5,11,18,Yes,No,63.2,250,152.5,88.7,14,13,4,70,-5,Yes,No,19.8,6.78,Mining-Metal Ores,NA,0,5,No,0.49,101.6,Yes,67,55,-9.9,2,0,9.25,15,90,-12,0.12,No,0,-1.88,-26.7,62,26,49,1.71,34829,2524.8,6.8,365633.2,6.5,-3,-8.7,-12.3,NA,-3.8,NA,69,124,E,0.1,654,90,-4.4,-3.9,-2.6,13,491.8,20,72,-62,NA,61.4,5104,No,-0.13,390,4895,NA,No,280,NA,No,No,No,4.42,0,No,504,0.8,280,9,NYSE American,No,39,Yes,4.23,-,83,359363.9,-34,-140,392.1,44.4,Yes,Yes,-3.2,1.8,MINING,-7.1,NA,No,27,3209.8,No,No,No,109.9,5.4,NA,-4.7,7.2,2026-07-24,TGB,35,15,0,0,0,10,5,65,45.666666666666664,15,TRUE,TRUE,CANSLIM Growth,CANSLIM Growth,12.5,Weak
4218,V,Visa Inc. Cl A,NA,2.8,2.9,2.5,365.14,0,0,0,0,1787.8,20676753,05/12/2026,0,A,No,No,No,No,No,6.43,27.7,0.8,1.09,30.57,1.54,1.6,74,119.68,26,60.5,2.22,2.41,NA,13.4,14.4,13,11,Yes,Yes,15.4,15.1,17.1,15.7,12,18,15,16,42,Yes,No,2.2,358.56,Finance-CrdtCard/PmtPr,NA,0,129,No,8.12,63.8,Yes,41,29,-14.7,1.2,0,365.14,119,74,3,12.44,Yes,4,-1.8,-1.8,61,82,96,0.82,2825245,687969.4,2.49,1659710,8.8,-11.9,8.5,13.1,NA,9.2,NA,89,54,A+,6.8,15,13,7.9,1,4.1,24,40000,15,17,14,NA,15.8,8537,Yes,-6.58,8,7399,NA,No,6827,NA,No,No,No,13.83,0,No,20,1.1,15,11,New York Stock Exchange,No,71,No,19.23,Yes,98,1655902.6,10,23,17.6,14.4,Yes,Yes,9.8,-1.9,FINANCE,2.7,NA,No,48,672017.2,No,No,No,2.5,4.3,NA,51.5,53.2,2026-07-24,V,15,8,0,0,0,10,5,38,81.66666666666667,40,FALSE,FALSE,Other,Momentum Leader,49.6,Improving
3734,SPFI,South Plains Financial Inc.,NA,2.6,3,3.5,46.94,0,0,0,17,539.2,464824,04/27/2026,0,B,No,No,No,No,Yes,-0.03,9.6,1.6,0.32,10.07,4.82,12.52,32,47.85,11,24.9,2.58,2.79,NA,11.5,11.3,-1,-1,Yes,Yes,18.6,7.8,17.2,19.8,233,1,-1,12,10,No,No,18.5,45.96,Banks-Regional,NA,6.3,68,No,1.17,12,Yes,268,13,15.5,3.1,0,46.94,57,35,-1,3.67,Yes,11,3.86,-2.09,61,78,85,0.69,5683,847.2,2.8,19145.8,13.4,124.7,11,3.5,NA,12.7,NA,41,22,A+,2.1,13,7,11.2,7.9,8.3,52,211.9,-19,18,18,NA,14.1,140,Yes,1.71,4,300,NA,No,254,NA,No,No,No,3.88,0,No,12,1.7,18,3,NASDAQ,No,79,No,1.49,-,103,15068.4,-6,45,14.8,10.7,Yes,Yes,10.9,3.7,BANKS,8.2,NA,No,31,828.8,Yes,Yes,No,13.2,2.2,NA,12.5,21.3,2026-07-24,SPFI,15,0,0,10,0,10,7,42,79.66666666666667,25,FALSE,FALSE,Other,Momentum Leader,67.7,Leading
4181,UPBD,Upbound Group Inc.,NA,7.3,7.7,6.7,23.1,0,0,0,2,175.6,6267185,06/16/2026,0,A+,No,No,No,No,Yes,1.63,10.1,7.4,2.96,4.25,0,0,7,60.39,5,2.3,4.18,4.57,NA,7.7,7.8,3,6,No,No,12.2,3.2,4.3,8.7,15,-4,6,3,7,No,No,26.2,22.16,Comml Svcs-Leasing,NA,11.1,69,Yes,0.9,241.4,No,18,5,-13,11.7,0,28.02,74,34,5,4.21,No,13,-2.64,-20.93,61,88,75,1.3,17527,1326.8,4.91,58293.7,14.7,-7.4,26.9,11.3,NA,10,NA,57,46,A,0.6,2,13,16.2,5.9,9.9,92,4695.1,8,4,8,NA,7.3,913,Yes,-0.6,-6,831,NA,No,416,NA,No,No,No,0.27,0,No,8,1.8,-4,9,NASDAQ,No,81,No,1.81,Yes,97,53572.5,5,8,2.1,7.8,Yes,Yes,16.1,-3,FINANCE,4.7,NA,No,66,3016.3,No,No,No,-9.8,-12.8,NA,11.1,2.9,2026-07-24,UPBD,0,0,0,0,0,10,7,17,79.66666666666667,20,FALSE,FALSE,Other,Momentum Leader,49.6,Improving
3768,SRTA,Strata Critical Medical Inc. Cl A,NA,8.4,8.6,5.8,5.7,0,1.6,1,2,225.3,4991225,NA,0,E,No,No,No,No,Yes,0.03,-6,0,5.93,-8.64,0,0,39,0,0,-10.2,5.25,4.78,NA,4.5,4.2,54,11,Yes,Yes,92.7,126,111.2,95.6,49,16,45,133,-8,No,No,7.1,5.15,Medical-Services,NA,3.3,76,No,0.27,1.2,Yes,61,0,-32.3,7.6,0,6.5,108,18,-17,-0.06,Yes,0,-1.53,-20.77,61,45,59,1.59,6731,452.5,4.37,86526.6,3.3,-39.1,-11.1,12.7,NA,-13.6,NA,64,11,E,180,74,85,-7.7,-1.8,-4.4,39,197.1,63,24,14,NA,23.5,1212,No,-0.08,45,729,NA,No,174,NA,No,No,No,1.75,0,No,175,1,35,-21,NASDAQ,No,46,Yes,1.56,-,93,65734.3,168,67,105.1,4.3,Yes,Yes,2,0,MEDICAL,0.8,NA,Yes,54,410.8,No,No,No,17,-45.3,NA,-8,3.6,2026-07-24,SRTA,30,15,0,0,0,10,5,60,55,35,TRUE,TRUE,CANSLIM Growth,CANSLIM Growth,53.3,Improving
3361,RH,RH,NA,4.5,5.2,6.1,193.45,0,0,0,0,55.5,5772447,NA,0,A+,No,No,No,No,No,23.35,28.7,0,1.11,8.22,0,0,85,138.67,29,4.9,6.27,6.48,NA,6.3,4.8,-2,3,No,No,-220.7,-549.9,-394.1,-288.7,3,-36,-23,-27,0,No,No,4.9,187.88,Retail - Home Furnishings/Electronics,NA,0,92,Yes,10.11,6783.9,No,16,45,17.7,37.5,0,257,72,10,-24,4.2,No,65,-0.7,-26.89,61,98,47,1.99,138727,3576.3,6.29,18901,14.3,-15.4,38.5,33.2,NA,-19.3,NA,10,5,A+,6.9,-22,92,25.9,9.6,16,8,3439.5,-22,-2,17,NA,1,934,Yes,-1.33,-84,706,NA,No,447,NA,No,No,No,1.04,0,No,-1615,1,-3,8,New York Stock Exchange,No,76,No,62.38,-,97,15463.4,-31,73,-809.3,3.6,No,No,16,-3.2,RETAIL,13.6,NA,No,88,7524.2,No,No,No,-4.5,-8.6,NA,0,-1.7,2026-07-24,RH,0,0,0,0,0,10,7,17,83.66666666666667,5,FALSE,FALSE,Other,Momentum Leader,48,Improving
3385,RLMD,Relmada Therapeutics Inc.,NA,4.9,5.1,6.6,6.67,0,3.9,21,3,457.1,10647441,NA,0,E,No,No,No,No,Yes,0,-8.6,0,18.26,-4.52,0,0,14,0,0,0,6.42,6.42,NA,0,0,0,0,No,Yes,45.3,59,56.5,49.1,422,27,38,80,-94,No,No,8.5,5.24,Medical - Development Biotech,NA,0.6,18,No,0.41,0,No,545,0,29,11.8,0,8,17,13,35,-1.09,Yes,0,-4.03,-34.5,61,4,46,0.74,11294,572.7,6.26,104890.2,3.8,100.6,-20.6,-29.9,NA,40.1,NA,65,17,E,-9.8,43,-17,-22.1,-16.4,-19.2,14,0,19,0,45,NA,0,1699,No,-0.22,33,3236,NA,No,77,NA,No,No,No,NA,0,No,62,1.4,56,0,NASDAQ,No,29,Yes,2.51,-,80,90417.4,58,49,59.3,0,Yes,Yes,-8.7,32.8,MEDICAL,-18.3,NA,No,40,558.4,Yes,Yes,No,780.5,-3.7,NA,-94,0,2026-07-24,RLMD,20,15,0,7,0,10,5,57,37,35,TRUE,FALSE,CANSLIM Growth,CANSLIM Growth,53.3,Improving
3685,SMWB,Similarweb Ltd.,NA,0.7,0.7,0.8,7.54,0,5.6,1,0,428.1,679253,NA,0,A+,No,No,No,No,No,-0.56,20.6,0,0.66,40.31,1.09,1.09,92,0,39,-10.2,8.8,8.31,NA,12.6,12.3,21,13,No,Yes,-22.6,50,16.1,-17.1,2,64,115,-19,-130,No,No,-7.1,6.96,Computer Sftwr-Database,NA,0,137,No,0.45,158.4,No,18,70,17.6,2,0,10.75,87,140,4,0.1,Yes,32,-1.28,-35.26,61,99,40,1.42,4724,617.6,8.24,87600.5,28,-14.9,42.9,164.6,NA,13.4,NA,38,140,A+,-39.4,141,63,46.7,4.9,15.9,13,282.6,383,10,-65,NA,10.5,1013,Yes,-0.09,210,857,NA,No,35,NA,No,No,No,2.11,0,No,150,1.5,0,13,New York Stock Exchange,No,92,No,29.28,-,92,34345.4,0,-86,75,10.7,Yes,Yes,55.9,0,SOFTWARE,4.5,NA,No,31,604.9,No,No,No,-16.7,69.3,NA,-129.6,-8.6,2026-07-24,SMWB,25,12,0,0,0,10,10,57,86.66666666666667,0,TRUE,FALSE,CANSLIM Growth,CANSLIM Growth,59.1,Strong
3649,SLGN,Silgan Holdings Inc.,NA,10.5,11.2,10.5,48.3,0,0,0,2,134.7,8996233,06/01/2026,0,B+,No,No,No,No,No,8.63,27.1,1.9,1.26,6.9,3.31,6.41,34,68.05,12,6.3,3.13,3.22,NA,9.7,9.3,3,1,No,Yes,7.2,-8.4,-2.6,1.7,5,2,1,-3,11,No,No,16.9,47.18,Containers/Packaging,NA,10,94,No,1.36,158.2,Yes,20,13,-6.9,9.5,0,56.85,77,68,2,3.68,Yes,6,-0.46,-17.01,60,90,67,0.59,36988,5009.2,3.2,105679.8,13.2,50,12.7,12.4,NA,10.1,NA,40,51,A,4.9,3,8,15.1,4.1,5.7,75,6483.2,6,6,3,NA,5.3,897,Yes,-0.22,-5,1343,NA,No,519,NA,No,No,No,0.76,0,No,-5,1.3,-21,11,New York Stock Exchange,No,78,No,2.15,Yes,99,94528.4,1,15,-13,8.5,No,No,12.3,-0.8,MISC,4.9,NA,No,72,8353.3,Yes,Yes,No,-14.7,34.9,NA,13.5,4,2026-07-24,SLGN,0,0,0,5,0,10,7,22,77.33333333333333,15,FALSE,FALSE,Other,Momentum Leader,52.3,Improving
3165,PRGS,Progress Software Corp.,NA,4.3,4.9,5.7,41.19,0,8.7,10,0,4502,4429539,08/30/2024,0,A+,No,No,No,No,No,-3.33,8.7,0,0.81,7.8,0.65,0.65,9,74.34,7,8.3,5.46,5.66,NA,19.4,15.4,14,17,No,Yes,17.3,17.1,17.6,19.8,17,10,14,18,16,No,No,-5.6,40.55,Comp Sftwr - Enterprise,NA,0,136,Yes,1.89,260.6,No,115,7,17,11.1,0,51.28,114,124,-10,6.23,Yes,4,0.5,-20.92,59,99,84,0.8,25456,1654.9,6.25,41012.9,8.6,-4,34.8,31.1,NA,1.1,NA,87,108,A+,8.8,8,2,26.2,5.2,16.2,85,977.8,13,0,16,NA,2.1,777,Yes,0.2,1,724,NA,No,446,NA,No,No,No,1.68,0,No,16,1.3,22,30,NASDAQ,No,78,No,3.31,Yes,100,40085.8,14,19,18.9,7.2,Yes,Yes,15,-4.5,SOFTWARE,7.1,NA,No,62,2931.7,Yes,No,No,-16.8,-26.4,NA,15.9,8.3,2026-07-24,PRGS,10,8,0,0,0,10,5,33,95.66666666666667,30,FALSE,FALSE,Other,Momentum Leader,59.1,Strong
4103,TWFG,TWFG Inc.,NA,1.8,1.8,1.8,27,0,1.5,2,20,2363,462062,NA,0,A+,No,No,No,No,Yes,0.03,6.3,0,3.42,7.44,0,0,70,248.26,26,17.9,5.23,5,NA,23.1,24.7,0,0,Yes,No,-2.7,64.2,23.5,5.9,90,-,-,-87,10,Yes,No,-8.4,26.35,Insurance,NA,15.4,115,No,1.12,6.3,Yes,130,26,4.2,4.1,0,34.09,91,54,-8,1.02,No,0,-0.68,-22.7,59,97,83,0.35,4535,1437.1,4.71,12997.1,13.4,-61.5,25.7,40.3,NA,2.6,NA,68,35,A+,42.6,17,8,23.5,1.8,9.3,6,247.1,-67,35,49,NA,34.2,226,Yes,-0.18,28,84,NA,No,86,NA,No,No,No,1.29,0,No,81,1.4,58,22,NASDAQ,No,86,No,5.4,-,99,11221.4,53,-99,69.6,28.6,Yes,No,19.4,-7.5,INSURANCE,1.5,NA,No,59,174.2,No,No,No,-20.5,-56,NA,10.1,2.4,2026-07-24,TWFG,27,15,0,0,0,10,7,59,94.66666666666667,45,TRUE,TRUE,CANSLIM Growth,CANSLIM Growth,71.2,Strong
3948,TFC,Truist Financial Corp.,NA,4,4.2,3.7,54.22,0,0,0,4,541,33234006,05/08/2026,0,B,No,No,No,No,Yes,-0.36,25.5,4,0.44,10.64,0,0,35,50.36,11,20.8,2.32,2.46,NA,94.1,15.4,-5,-3,Yes,No,21.6,23.9,19.2,24.4,10,-11,16,19,4,Yes,No,6.7,52.5,Banks-Super Regional,NA,33.3,38,No,1.23,72.3,Yes,12,13,-12.8,2.7,0,56.2,60,27,-3,4.36,No,59,-1.41,-6.58,59,66,75,1.1,446211,66343.1,2.27,1245879.3,8.6,57.4,9,3.8,NA,5,NA,46,20,B,13.8,20,11,6.3,1.7,3.7,67,20515,411,51,14,NA,28.1,9155,Yes,-0.75,8,13920,NA,No,2185,NA,No,No,No,3.15,0,No,37,1.7,25,25,New York Stock Exchange,No,59,No,1.1,-,97,1243570.1,10,5,31,19.9,Yes,Yes,6,1.2,BANKS,1.6,NA,No,43,131893.5,Yes,Yes,No,16.6,6.5,NA,8.2,20.4,2026-07-24,TFC,25,8,0,7,0,10,5,55,68.66666666666667,0,TRUE,TRUE,CANSLIM Growth,CANSLIM Growth,67.7,Leading
3521,SCCO,Southern Copper Corp.,NA,7.8,8.3,8.2,185,0,19.4,13,0,847.3,11666779,05/12/2026,0,E,No,No,No,No,Yes,1.19,33.6,1.9,4.38,30.56,2.67,3.24,74,111.53,23,50.6,4.75,4.71,NA,21.7,22.1,6,13,No,Yes,43.2,49.2,37.7,35.9,31,9,23,38,16,Yes,No,22.5,172.48,Mining-Metal Ores,NA,0,5,Yes,8.47,62,No,67,29,-0.6,12.7,0,221.67,15,90,-11,5.92,Yes,17,-1.81,-22.19,59,29,68,1.15,241400,146558.1,4.16,834328.5,4.3,-78,-10,-10.4,NA,-2.9,NA,97,124,E,4.4,48,-6,-4.6,-1.3,-2.7,20,13420,42,36,24,NA,37.6,1340,No,-3.18,66,1613,NA,No,1204,NA,No,No,Yes,9.89,0,No,67,0.9,59,17,New York Stock Exchange,No,37,Yes,12.21,-,93,91897.2,21,3,63.1,30.1,Yes,Yes,-2.8,-0.3,MINING,-1.9,NA,Yes,44,153968.4,Yes,Yes,No,85.4,0.1,NA,42.9,37.1,2026-07-24,SCCO,27,12,0,5,0,10,5,59,52,45,TRUE,TRUE,CANSLIM Growth,CANSLIM Growth,12.5,Weak
4197,USCB,USCB Financial Holdings Inc.,NA,2.4,2.8,3.4,20.99,0,0,0,17,539.2,234569,05/15/2026,0,A-,No,No,No,No,Yes,-0.09,10.1,2.2,0.13,9.4,0,0,28,54.79,10,23.6,2.69,2.85,NA,18.1,15.2,0,15,No,No,53.1,27.2,27.7,35.2,149,-,25,28,9,No,No,11.2,20.48,Banks-Regional,NA,6.3,68,No,0.56,24.7,Yes,268,12,23.6,2,0,20.99,57,35,-2,1.76,Yes,0,-2.2,-2.43,58,65,96,0.5,1231,382.4,2.85,18257.4,9.4,-37.3,7.3,2.7,NA,5.3,NA,91,22,A,-0.8,20,10,6.7,1.1,2.1,71,97.7,48,15,36,NA,12.9,64,Yes,-0.46,21,39,NA,No,167,NA,No,No,No,3.7,0,No,24,2.5,29,6,NASDAQ,No,64,Yes,1.67,-,98,11706.7,29,29,26.5,13.9,Yes,No,7.1,1.2,BANKS,1.6,NA,No,48,568.5,No,No,No,20.1,-46.2,NA,12.1,22.7,2026-07-24,USCB,15,12,0,0,0,10,5,42,75,35,FALSE,FALSE,Other,Momentum Leader,67.7,Leading
3907,TCBI,Texas Capital Bancshares Inc.,NA,6.2,7.2,7.4,107.78,0,0,0,17,539.2,3277588,NA,0,E,No,No,No,No,Yes,-0.11,5.6,0.8,0.4,13.31,0,0,39,54.07,14,21.6,2.38,2.36,NA,13.4,14.4,6,6,Yes,Yes,150.5,124.1,117.5,114,245,-7,-6,376,10,No,No,16,105.07,Banks-Regional,NA,6.3,68,Yes,2.4,26.6,Yes,268,14,2.9,7.7,0,108.92,57,35,1,7.44,Yes,0,-2.48,-3.53,58,59,89,1.08,51177,4705.1,2.4,43670.9,10,-7.7,5.8,0.5,NA,7.2,NA,77,22,B,11.1,12,11,4.3,1.5,2.3,30,1257.7,-64,16,430,NA,15.5,509,Yes,-2.67,19,461,NA,No,568,NA,No,No,No,3.53,0,No,70,0.9,48,4,NASDAQ,No,61,Yes,1.39,Yes,97,42615.9,255,98,58.9,14.2,Yes,Yes,6.4,0.9,BANKS,2.6,NA,No,69,5519.1,No,No,No,17.4,-12.4,NA,9.4,15.1,2026-07-24,TCBI,25,15,0,0,0,10,5,55,70.66666666666667,20,FALSE,FALSE,CANSLIM Growth,CANSLIM Growth,67.7,Leading
4046,TRIP,Tripadvisor Inc.,NA,8.8,9.1,8.4,15.14,0,0,0,0,278.9,33000280,NA,0,A+,No,No,No,No,Yes,2.85,7.5,0,1.25,7.79,0.29,0.29,39,575.65,10,2.4,5.25,5.32,NA,1.5,1.6,26,5,No,Yes,-36.9,-78.4,-54.3,-40.1,8,49,12,-21,5,No,No,0.1,14.58,Leisure-Travel Booking,NA,0,127,No,0.69,140.8,No,17,14,-7,30.7,0,20.16,82,85,-2,1.04,Yes,45,-2.08,-27.68,58,95,55,1.43,47452,1732.6,5.05,116361.2,13.3,-35.4,15.6,28,NA,9.8,NA,37,80,A+,-68.8,4,19,21.6,3.9,7.6,83,1891.3,1,-4,-2,NA,-1.9,4026,Yes,-0.31,-19,2513,NA,No,411,NA,No,No,No,0.9,0,No,-179,1.6,-87,3,NASDAQ,No,86,No,2.72,Yes,96,107564,30,18,-132.6,0,No,No,21.6,-2.4,LEISURE,4.3,NA,No,78,1914.9,No,No,No,-16.7,-29.9,NA,5,-8.5,2026-07-24,TRIP,0,0,0,0,0,10,7,17,79.33333333333333,5,FALSE,FALSE,Other,Momentum Leader,50.7,Improving
3994,TLS,Telos Corp.,NA,1.7,1.8,2.2,5.07,0,7.7,3,1,774.6,1548041,NA,0,B,No,No,No,No,Yes,0.12,8.8,0,2.18,11.42,0,0,71,0,38,-22.6,6.59,6.54,NA,55.9,69,-12,-6,No,No,154.1,246.7,201.7,173.8,24,-7,8,316,-33,Yes,No,-7.3,4.73,Computer Sftwr-Security,NA,2.6,132,No,0.3,5.4,No,39,26,25.7,2.9,0,8.36,116,5,-25,0.18,No,0,0,-43.42,57,63,73,1.6,3820,353.9,5.7,74819.2,-8.1,-50.7,8.2,8.5,NA,-16.4,NA,80,3,B,261.4,40,85,3.5,-2.5,1.8,55,164.8,-35,56,129,NA,66.7,837,Yes,0,176,395,NA,No,198,NA,No,No,No,1.95,0,No,300,1.7,250,52,NASDAQ,No,53,No,3.67,Yes,93,52018.8,190,67,275,83.2,Yes,Yes,1,2.1,SOFTWARE,-3.1,NA,No,47,316.3,No,No,No,64.2,-55.6,NA,-32.8,4.2,2026-07-24,TLS,35,15,0,0,0,10,0,60,66.33333333333333,40,TRUE,FALSE,CANSLIM Growth,CANSLIM Growth,59.1,Strong
3933,TECK,Teck Resources Ltd. Cl B,NA,2.5,2.6,2.6,61.72,0,19.4,13,0,847.3,8115775,06/15/2026,0,D,No,No,No,No,No,1.29,157.3,0.6,2.83,36.5,0,0,54,75.75,16,15.4,4.34,4.45,NA,3.1,14.7,-5,-15,No,No,49.2,145.7,96.4,73,27,-11,-28,88,5,No,No,15,55.05,Mining-Metal Ores,NA,0,5,No,2.75,34.9,Yes,67,18,-0.3,1.7,0,71.25,15,90,-2,3.1,No,73,-1.33,-22.74,57,20,53,1.29,194311,27373.5,4.19,482130.1,4.3,-4,-16.3,-7.3,NA,8.9,NA,83,124,E,56.6,66,-8,-11.6,-6.3,-8.2,60,7860.6,-52,75,24,NA,44.3,3230,No,-0.74,237,3725,NA,No,1427,NA,No,No,No,2.94,0,No,196,1.1,216,16,New York Stock Exchange,No,36,Yes,1.45,-,91,467268.3,25,-51,205.9,35.3,Yes,Yes,-1.9,1.2,MINING,-8,NA,No,45,31732,No,No,No,44.7,20.3,NA,5.5,20.8,2026-07-24,TECK,35,15,0,0,0,10,5,65,43.333333333333336,35,TRUE,TRUE,CANSLIM Growth,CANSLIM Growth,12.5,Weak
3353,RGEN,Repligen Corp.,NA,5.4,5.1,4.9,150.9,0,2.6,1,0,581.7,6048812,NA,0,A,No,No,No,No,Yes,0.68,63,0,9.2,70.93,0,0,93,608.85,70,8.4,4.91,4.5,NA,17,18.3,3,1,No,No,21,13.8,13.4,18.6,35,-14,-12,13,2,Yes,No,-10.1,147.25,Medical - Research,NA,0,37,Yes,6.04,31.7,No,38,82,-3.6,11.3,0,175.77,138,45,-17,1.8,No,28,-0.88,-16.23,56,88,68,1.43,144589,8379.4,4.47,56407.7,5.2,-18.9,10.3,12.2,NA,-9.1,NA,47,48,A,25,17,29,15.1,2.4,5.5,14,738.3,-10,15,8,NA,16.5,1142,Yes,-1.3,21,912,NA,No,816,NA,No,No,No,10.88,0,No,23,1.6,11,16,NASDAQ,No,69,No,3.94,Yes,98,53341.2,7,12,17.2,18.3,Yes,Yes,8.7,-2.3,MEDICAL,2.1,NA,No,79,8274,Yes,No,No,18.7,-41.3,NA,2.4,4.3,2026-07-24,RGEN,15,0,0,0,0,10,5,30,75.66666666666667,20,FALSE,FALSE,Other,Momentum Leader,53.3,Improving
3377,RJF,Raymond James Financial Inc.,NA,7.3,8.1,6.9,172.43,0,2.7,1,0,577.7,10503187,07/01/2026,0,A,No,No,No,No,Yes,0.4,8.8,1.3,2.11,14.76,1.07,1.18,45,60.79,13,17.1,2.51,2.43,NA,8.2,8,10,10,No,Yes,6.3,6.7,2.8,3.2,23,13,12,3,14,No,No,4.8,168.36,Finance-Invest Bnk/Bkrs,NA,0,78,No,3.8,38,Yes,37,15,-14.2,6,0,177.66,135,42,-10,10.98,Yes,6,-0.79,-5.23,55,76,89,1.03,219160,33071.7,2.52,194883,6.6,-9.9,6,10.9,NA,-2,NA,76,60,A,2.6,13,19,8.4,0.6,4.8,47,14065,21,13,6,NA,9.5,1441,Yes,-1.34,34,1320,NA,No,2014,NA,No,No,No,2.23,0,No,17,1.2,-2,6,New York Stock Exchange,No,64,No,2.61,-,98,174473.5,5,-9,7.3,8.9,Yes,Yes,7.3,-0.6,FINANCE,0.1,NA,No,56,23874.6,No,No,No,5.6,-0.7,NA,17.6,12.8,2026-07-24,RJF,15,0,0,0,0,10,5,30,75.33333333333333,45,FALSE,FALSE,Other,Momentum Leader,49.6,Improving
3316,RDDT,Reddit Inc.,NA,2.7,3.3,3.4,208.05,0,7.7,5,0,6175.7,17003132,NA,0,A+,No,No,No,No,Yes,0.01,28.2,0,12.73,53,0,0,88,195.92,34,24,6.57,6.99,NA,69.1,71.1,0,57,No,Yes,415,440.5,542.8,454.6,51,-,50,488,21,No,No,-21.2,181.18,Internet-Content,NA,0,44,No,12.52,0.4,No,65,52,2.6,12.4,0,282.95,45,71,-27,3.5,Yes,0,-2.2,-35.97,55,71,80,2.06,815769,35664.2,6.5,141965.6,-0.5,-28.6,9.2,10.6,NA,-21.6,NA,84,101,A-,77.6,89,32,5.3,-8.2,-1.4,6,2202.5,-499,69,179,NA,69.3,4800,Yes,-4.08,111,3327,NA,No,1564,NA,No,No,No,10.4,0,No,677,1.1,244,69,New York Stock Exchange,No,55,No,10.96,-,88,137102.7,400,850,460.7,68.8,Yes,Yes,3.9,0.4,INTERNET,-7.2,NA,No,56,35669,No,No,No,27.1,-23.8,NA,20.9,30.8,2026-07-24,RDDT,35,15,0,0,0,10,0,60,70.66666666666667,55,TRUE,TRUE,CANSLIM Growth,CANSLIM Growth,43.3,Weak
3906,TBPH,Theravance Biopharma Inc.,NA,11.4,13.2,8.9,17.28,0,0,0,2,1294.3,4502718,NA,0,E,No,No,No,No,Yes,0.14,1.9,0,13.14,3.66,0.96,0.96,13,29.17,8,120.3,1.98,1.81,NA,53.6,65.5,10,28,No,Yes,163.9,220.3,269.6,213.2,45,8,-77,275,45,No,No,-9.5,16.93,Medical - Profitable Biotech,NA,3.8,55,No,0.3,21.5,No,52,8,-32.1,9.3,0,21.03,70,99,-24,2.2,Yes,0,-0.24,-19.5,55,51,53,0.62,10001,879.5,1.64,51828.3,0.1,-23.4,1.3,-1.7,NA,-15.4,NA,69,79,E,-457.1,29,-30,1.8,-0.2,-0.2,77,107.5,-15,15,279,NA,79.9,601,No,-0.04,-93,450,NA,No,303,NA,No,No,No,7.99,0,No,63,0.6,471,67,NASDAQ,No,41,No,3,-,100,48478.4,127,418,267,59.4,Yes,Yes,-1.8,1.3,MEDICAL,0,NA,No,82,637.6,No,No,No,45.7,-19.7,NA,44.8,-27.9,2026-07-24,TBPH,25,15,0,0,0,10,5,55,55,50,FALSE,FALSE,CANSLIM Growth,CANSLIM Growth,53.3,Improving
4539,ZBRA,Zebra Technologies Corp. Cl A,NA,4.3,4.6,3.4,276.98,0,0,0,0,17.7,3561564,NA,0,A+,No,No,No,No,No,6.04,15.3,0,0.96,14.93,0,0,48,121.92,14,10.3,4.52,4.38,NA,9.5,9.1,-1,2,Yes,No,37.8,12.5,12.8,18.5,2,-5,7,12,12,No,No,10.1,267.4,Business Equip & Supplies,NA,0,30,Yes,10.83,73.3,Yes,10,16,-25.4,7.6,0,352.66,95,8,-6,16.57,No,24,0.89,-24.18,54,86,80,1.55,249660,12624.8,4.07,47633.4,7.9,-31,14.8,14.1,NA,6.4,NA,62,8,A+,11.9,17,11,8.1,0.6,4.4,22,5396,38,14,17,NA,12.4,1015,Yes,2.36,21,674,NA,No,1462,NA,No,No,No,2.28,0,No,18,1.1,8,9,NASDAQ,No,78,No,3.73,Yes,97,47132.9,11,14,13.2,10,Yes,Yes,11.7,-12.1,BUSINS SVC,-1.9,NA,No,60,14726.6,No,No,No,-18.9,-48.5,NA,11.7,9,2026-07-24,ZBRA,15,0,0,0,0,10,5,30,75.33333333333333,20,FALSE,FALSE,Other,Momentum Leader,53.3,Improving
3667,SMERY,Siemens Energy AG ADR,NA,0,0,0,38.92,0,15.2,10,1,693.3,0,03/02/2026,0,E,No,No,No,No,No,-0.64,19.9,1.6,0.91,24.1,0,0,89,42.91,27,4.2,2.79,3.02,NA,15.1,14,0,14,No,Yes,216.6,147,251.6,275.7,12,-,109,758,-5,No,No,19.3,33.74,Energy-Alternative/Other,NA,1.5,23,No,1.09,23.2,Yes,66,57,0,0,0,43.93,19,64,5,0.6,Yes,0,0.36,-23.19,54,16,58,1.01,31619,144999.8,2.98,4305524.4,2.2,-93.8,-10,-17,NA,6.7,NA,77,76,E,-7.7,166,39,-10.8,-5.1,-7.2,27,45406.8,124,13,32,NA,10.5,851,No,0.12,64,2617,NA,No,22,NA,Yes,No,No,3.09,0,No,154,0.6,128,15,US OTC,No,32,Yes,2.33,-,96,0,159,565,141.1,12.7,Yes,Yes,-5.6,-4.3,ENERGY,-2.9,NA,No,0,23667.5,Yes,Yes,Yes,52.4,58.3,NA,14,7.4,2026-07-24,SMERY,30,15,0,10,0,0,5,60,42.666666666666664,30,TRUE,FALSE,CANSLIM Growth,CANSLIM Growth,48.8,Improving
3218,PTON,Peloton Interactive Inc.,NA,4.1,4,4.5,6.44,0,0,0,1,474.3,61466080,NA,0,A,No,No,No,No,Yes,2.25,7,0,2.49,7.17,3.95,3.95,96,519.69,19,-4.6,5.19,4.75,NA,-5.2,-3.3,-11,-5,Yes,Yes,76.3,55.5,82.3,80.5,43,31,102,181,0,Yes,No,-0.6,6.12,Leisure-Services,NA,1.6,133,No,0.28,0,Yes,62,122,11.3,15.3,0,9.2,96,75,-15,0.05,Yes,0,-2.7,-33.48,54,81,47,2.05,74648,2723.5,4.57,417155.2,5,-49.7,10.7,20,NA,-3.3,NA,49,83,A,-21.5,144,126,7,2.2,4.9,11,2490.8,59,1,80,NA,-0.7,13055,Yes,-0.17,145,6372,NA,No,372,NA,No,No,No,1.04,0,No,150,2.1,63,-8,NASDAQ,No,73,No,-10.95,-,95,400536.4,-46,163,106.3,-2.5,Yes,Yes,15,9.1,LEISURE,4.4,NA,No,75,3677.9,No,No,No,-2.5,-47.9,NA,0,4.2,2026-07-24,PTON,25,15,0,0,0,10,5,55,67.66666666666666,25,TRUE,FALSE,CANSLIM Growth,CANSLIM Growth,50.7,Improving
3773,SSB,SouthState Bank Corp.,NA,2.9,3.2,4,104.34,0,0,0,17,539.2,3283000,05/08/2026,0,B-,No,No,No,No,No,-0.04,-115.8,2.4,0.1,-22.2,0.98,1.24,26,42.24,11,29.5,2.08,2.04,NA,45.9,44.4,13,16,No,Yes,39.7,74.6,61.4,40.7,122,9,6,45,8,Yes,No,9.6,103.19,Banks-Regional,NA,6.3,68,No,2,13,No,268,11,25.6,3.4,0,108.46,57,35,-3,9.27,Yes,20,-0.99,-4.86,53,69,95,1.01,76349,10179,1.94,97668,7.5,-21.8,7.7,3.3,NA,4.8,NA,92,22,A+,3.6,20,9,6.5,2.8,3.5,80,2681.1,8,5,13,NA,28.7,790,Yes,-1.03,9,597,NA,No,687,NA,No,No,No,3.72,0,No,162,1.5,32,44,New York Stock Exchange,No,63,No,1.12,Yes,99,96360.6,30,22,96.8,40.4,Yes,Yes,6,-0.4,BANKS,3.5,NA,No,61,11135.8,No,No,No,5.7,11.1,NA,10.7,24.6,2026-07-24,SSB,25,15,0,0,0,10,5,55,74.33333333333333,40,TRUE,FALSE,CANSLIM Growth,CANSLIM Growth,67.7,Leading
3900,TBBK,The Bancorp Inc.,NA,6.8,7,7.5,70.91,0,0,0,17,539.2,3529387,NA,0,A+,No,No,No,No,No,-0.03,14.1,0,0.02,11.98,0.46,0.46,36,50.5,11,34.4,3.14,3.28,NA,16.2,19.1,16,13,No,Yes,16.3,14.4,16.1,15.3,3,29,22,15,31,No,No,1.3,68.4,Banks-Regional,NA,6.3,68,No,1.96,32,No,268,13,7.2,9,0,81.65,57,35,-10,5.14,Yes,8,-1.41,-16.23,52,89,93,1.38,26006,2888.6,3.19,41634.4,9.5,-17.4,23.7,10.9,NA,-1.8,NA,90,22,A+,5.5,20,36,17,3.5,9,41,703.8,18,25,15,NA,29.2,446,Yes,-0.98,7,362,NA,No,495,NA,No,No,No,4.69,0,No,18,1.6,11,26,NASDAQ,No,79,No,4.11,-,96,39087.4,13,21,14.9,21.9,Yes,No,13.6,0.4,BANKS,2.9,NA,No,71,3322.9,No,No,No,-0.8,-17.4,NA,30.8,29.7,2026-07-24,TBBK,15,0,0,0,0,10,5,30,83,45,FALSE,TRUE,Other,Momentum Leader,67.7,Leading
3102,PLMR,Palomar Holdings Inc.,NA,3.2,3.9,3.3,147.62,0,1.5,2,20,2363,945335,NA,0,A,No,No,No,No,Yes,0.44,9.4,0,1.28,8.88,0.29,0.29,49,71.97,13,28.9,4.06,4.13,NA,33.4,36.8,40,32,No,Yes,47.3,44.8,43.8,49.3,60,57,47,44,24,No,No,0.5,135.44,Insurance,NA,15.4,115,No,5.04,31,Yes,130,16,-14.2,3.7,0,147.62,91,54,-6,8.32,Yes,25,0.9,-8.25,52,73,92,0.84,37572,3557.6,4.2,26503.9,10.7,-12.2,18.4,2.2,NA,5.4,NA,95,35,B+,4.5,25,13,14.5,-2.5,5.1,24,2028.3,38,42,54,NA,37.1,319,Yes,1.21,25,277,NA,No,532,NA,No,No,No,1.62,0,No,24,1,47,58,NASDAQ,No,70,No,3.74,Yes,97,25852.7,63,41,35.4,39.4,Yes,No,9.7,-2.6,INSURANCE,-0.5,NA,No,63,3390.5,No,No,No,-3.5,2.9,NA,23.6,15.4,2026-07-24,PLMR,17,12,0,0,0,10,7,46,77.33333333333333,45,FALSE,TRUE,Other,Momentum Leader,71.2,Strong
3982,TK,Teekay Corp. Ltd.,NA,5.6,5.9,5.7,11.23,0,2,1,0,71.3,3461878,01/31/2019,0,E,No,No,No,No,-,0.02,3,0,0,3.06,0.22,0.22,11,41.06,0,36.6,4.18,4.11,NA,-11.5,-5.2,-6,-16,Yes,Yes,25.6,94.6,61.4,35.4,-,32,-10,43,14,Yes,No,17.8,10.64,Transportation-Ship,NA,0,19,No,0.47,0,Yes,49,7,-3.6,6.3,0,14.38,12,24,4,1.52,Yes,51,-2.74,-26.01,52,20,55,0.55,7376,951.9,4.38,87011.8,-2,-32.6,-9.2,-18,NA,10,NA,83,38,E,0,0,0,-11.3,-1.3,-3.9,65,949.5,-5,24,-23,NA,12,625,No,-0.3,0,410,NA,No,252,NA,No,No,Yes,0.92,0,No,207,0.8,41,-22,New York Stock Exchange,No,25,Yes,1.57,-,95,54783.3,36,-38,123.9,2.6,Yes,Yes,-6.9,0,TRANSPORTATION,-3.2,NA,No,51,30.1,No,No,No,39.3,-18.1,NA,13.7,16.7,2026-07-24,TK,30,15,0,0,0,10,0,55,42.333333333333336,40,TRUE,TRUE,CANSLIM Growth,CANSLIM Growth,48.8,Improving
3405,RNGR,Ranger Energy Services Inc. Cl A,NA,1.5,1.6,2.2,16.54,0,0,0,0,140.8,560524,05/08/2026,0,E,No,No,No,No,No,0.33,26.3,1.5,1.66,5.13,0.44,0.46,64,93.56,13,3.3,3.45,3.38,NA,0.4,0.8,23,-6,Yes,Yes,136.8,130.2,110.8,128.6,14,49,-17,-35,3,Yes,No,11.7,15.61,Oil&Gas-Field Services,NA,0,8,No,0.53,8.4,Yes,30,22,41.5,2.9,0,18.82,25,82,-2,0.7,Yes,80,-0.26,-17.03,52,36,35,0.51,3356,371.9,3.23,23761.6,1.5,-39.5,2.9,-8.5,NA,6.2,NA,47,102,E,-24.4,99,34,-1.6,-1.4,-0.4,55,546.9,-15,18,-33,NA,8.5,215,No,-0.04,-7,129,NA,No,233,NA,No,No,No,0.65,0,No,522,1.1,-44,-4,New York Stock Exchange,No,36,No,1.24,-,94,19086.1,-87,52,238.9,0.4,Yes,Yes,-2.5,0.9,ENERGY,-3,NA,No,58,416.8,No,No,No,34.7,19.5,NA,4.3,1.9,2026-07-24,RNGR,30,15,0,0,0,10,5,60,41,20,TRUE,FALSE,CANSLIM Growth,CANSLIM Growth,48.8,Improving
3013,PD,PagerDuty Inc.,NA,3.6,3.4,3.1,11.29,0,8.7,10,0,4502,6829306,NA,0,A+,No,No,No,No,Yes,1.27,4.4,0,1.88,8.34,0.14,0.14,15,19.71,8,4.1,6.51,5.89,NA,4.5,3.7,16,8,No,Yes,35.1,32.4,35,36.2,61,59,43,34,91,No,No,-21.4,10.3,Comp Sftwr - Enterprise,NA,0,136,No,0.56,188.2,No,115,8,-9.6,9.7,0,18,114,124,-18,1.24,Yes,21,-3.29,-42.78,51,94,73,1.68,18455,821.4,5.88,77122.6,-0.8,-37.1,19.5,63,NA,-8.2,NA,95,108,A+,29.4,13,7,18.6,-1.2,6.8,79,492.5,15,1,36,NA,1.9,2117,Yes,-0.35,2,1291,NA,No,292,NA,No,No,No,1.61,0,No,33,1.1,32,5,New York Stock Exchange,No,75,No,3.65,-,91,70631.5,32,43,32.6,2.8,Yes,No,17.1,-0.3,SOFTWARE,-0.3,NA,Yes,60,772.6,No,No,No,-29.7,-15.6,NA,90.7,8.5,2026-07-24,PD,15,12,0,0,0,10,0,37,92.66666666666667,40,TRUE,FALSE,Other,Momentum Leader,59.1,Strong
3427,RPD,Rapid7 Inc.,NA,3.3,3.4,3.5,13.75,0,7.7,3,1,774.6,7271188,NA,0,A+,No,No,No,No,No,232.8,4.3,0,0.74,5.21,0.12,0.12,9,137.78,8,3.5,7.88,8.08,NA,1.5,1.2,14,7,No,Yes,-15.5,-16.2,-12.1,-11.9,7,52,39,-12,27,No,No,-19.7,12.2,Computer Sftwr-Security,NA,2.6,132,No,0.72,200.1,No,39,6,1.1,11.4,0,23.26,116,5,-17,1.95,Yes,36,0.25,-47.55,51,99,67,1.34,20374,813.3,8.77,66830.6,11.6,-19.8,80.2,114.8,NA,-3.5,NA,55,3,A+,18.8,-25,-1,51.8,6.7,31.7,95,859.8,50,0,-9,NA,0.1,2417,Yes,0.03,-40,1912,NA,No,283,NA,No,No,No,0.95,0,No,-27,1.7,-8,2,NASDAQ,No,88,No,4.66,Yes,89,63751.4,-14,0,-17.4,0.6,No,No,35.9,-9.3,SOFTWARE,9.2,NA,Yes,61,1312.4,No,No,No,-45.4,3,NA,27.1,0.5,2026-07-24,RPD,0,0,0,0,0,10,7,17,92.33333333333333,20,FALSE,FALSE,Other,Momentum Leader,59.1,Strong
3828,STVN,Stevanato Group S.p.A.,NA,1.8,1.9,2.2,20.27,0,1.6,1,2,225.3,946392,06/11/2026,0,A+,No,No,No,No,No,0.89,716,0.3,1.63,16.21,0,0,76,121.81,27,15.9,4.67,5.08,NA,14.7,14.8,0,8,No,Yes,17.8,15.3,18.7,21.2,25,-,-1,17,9,No,No,-4.7,19.17,Medical-Services,NA,3.3,76,No,0.92,21.2,No,61,31,17.3,1.9,0,28,108,18,-13,0.63,Yes,0,-4.63,-31.54,50,83,74,0.94,6795,5487.4,5.01,49709.7,0.6,-25.2,12.4,23.4,NA,-2.9,NA,57,11,A,6.2,9,19,5.2,-1.8,3.9,42,1399.8,-21,11,28,NA,14.9,367,Yes,-0.93,16,269,NA,No,118,NA,No,No,No,0.68,0,No,14,1.3,8,12,New York Stock Exchange,No,63,No,2.97,-,95,49709.7,24,29,10.9,15.2,No,Yes,10.4,2.6,MEDICAL,-2.1,NA,No,54,5557.1,No,No,No,-24.8,-36.5,NA,9.9,10.3,2026-07-24,STVN,15,8,0,0,0,10,5,38,76,15,FALSE,FALSE,Other,Momentum Leader,53.3,Improving
4062,TRU,TransUnion,NA,4.5,5.2,4.2,82.1,0,4.1,2,2,794,10160142,05/27/2026,0,A,No,No,No,No,Yes,5.43,26.7,0.7,1.93,15.9,3.86,4.51,54,84.23,16,14.1,4,4.08,NA,10.3,11,10,8,Yes,Yes,12.2,9.5,9.4,10.3,36,4,11,9,9,Yes,No,-6.9,79.85,Financial Svcs-Specialty,NA,4.1,99,Yes,2.9,114.9,Yes,49,18,-19.8,5.3,0,99.39,76,105,-14,4.43,Yes,6,-1.09,-19.66,49,85,80,1.39,169731,15564.7,4.1,192800,4.4,-15.7,23.9,2,NA,-7.4,NA,78,84,A+,6.6,11,16,12.8,3.1,9.8,30,4576.3,16,14,10,NA,13.3,2411,Yes,-0.88,7,1943,NA,No,1449,NA,No,No,No,3.26,0,No,12,1.4,10,9,New York Stock Exchange,No,69,No,3.24,Yes,99,191223.3,6,9,11.3,11.5,Yes,Yes,6.6,-0.1,FINANCE,6.4,NA,No,70,19263.4,No,No,No,-14.1,-24.5,NA,10.5,31.9,2026-07-24,TRU,15,0,0,0,0,10,5,30,76.33333333333333,25,FALSE,FALSE,Other,Momentum Leader,49.6,Improving
3488,SAIL,SailPoint Inc.,NA,4.4,4.2,4.4,16.95,0,7.7,3,1,774.6,18892334,NA,0,D-,No,No,No,No,No,0.07,32.7,0,1.39,125.73,0,0,89,0,46,-30.4,7.15,7.24,NA,24,24.3,0,0,No,Yes,385.5,654.8,527.1,442.9,16,-,-,280,-5,No,No,-22.5,15.68,Computer Sftwr-Security,NA,2.6,132,No,1.09,0,No,39,56,4.5,27.6,0,24,116,5,-25,0.28,No,0,-1.13,-34.67,49,88,68,1.52,72890,8995.5,7.15,567183,-6.2,-18.9,18.7,35.5,NA,-14.2,NA,82,3,C,15.5,33,24,6.4,3.7,10,23,1071.4,93,22,302,NA,22.1,4845,No,-0.18,12,3916,NA,No,242,NA,No,No,No,7.93,0,No,400,1.2,1391,24,NASDAQ,No,66,No,1.3,-,98,63108.2,174,144,895.4,21.4,Yes,No,2.4,3.4,SOFTWARE,14.4,NA,No,89,8238.2,No,No,No,-23.3,-18.5,NA,-4.7,-26.7,2026-07-24,SAIL,30,15,0,0,0,10,0,55,80.33333333333333,35,FALSE,TRUE,CANSLIM Growth,CANSLIM Growth,59.1,Strong
3736,SPGI,S&P Global Inc.,NA,2.3,2.5,1.6,462.02,0,4.1,2,2,794,3437187,08/26/2026,0.97,A,No,No,No,No,No,-10.35,25.9,0.9,0.68,24.34,2.91,3.23,70,108.45,24,40.6,3.04,3.24,NA,8.4,8.5,16,10,Yes,Yes,14.7,16.5,14.8,13.6,7,8,18,15,11,No,No,-8.8,450.84,Financial Svcs-Specialty,NA,4.1,99,Yes,13.11,35.5,Yes,49,26,-37.1,1.2,0,547.7,76,105,-20,17.43,Yes,10,-1.43,-17.68,48,83,87,0.87,932724,135384.5,3.5,295979.6,3.3,-67,14,7.7,NA,-12.8,NA,89,84,A,2.6,10,11,11.8,2.4,9,15,15336,25,10,14,NA,9.7,2297,Yes,-6.54,15,1752,NA,No,3900,NA,No,No,No,8.48,0,No,14,1.3,14,8,New York Stock Exchange,No,64,No,4.28,Yes,99,295228.3,22,10,13.9,9.4,Yes,No,5.5,-3.9,FINANCE,4.7,NA,No,47,143471.1,Yes,No,No,-9.3,-35.2,NA,13.9,33.5,2026-07-24,SPGI,10,8,0,0,0,10,5,33,77.66666666666667,35,FALSE,FALSE,Other,Momentum Leader,49.6,Improving
3010,PCTY,Paylocity Holding Corp.,NA,3.7,3.8,3.5,129.66,0,8.7,10,0,4502,2751366,NA,0,A+,No,No,No,No,No,0.88,11.7,0,1.05,17.04,0.46,0.46,46,102.22,15,19.4,4.51,4.16,NA,11.8,11.4,24,16,No,Yes,10.6,15.4,12.9,12.3,31,34,17,13,20,No,No,-17.4,126,Comp Sftwr - Enterprise,NA,0,136,No,4.61,10.6,Yes,115,16,-7.8,6.4,0,197.78,114,124,-19,8.05,Yes,13,-0.68,-36.29,48,95,78,1.21,87636,6792.6,4.33,53544.1,-0.2,-43.6,25.4,25,NA,-10.1,NA,90,108,A+,12,13,7,13.6,5.4,13.4,51,1595.2,28,11,9,NA,10.4,810,Yes,-0.86,4,436,NA,No,676,NA,No,No,No,3.91,0,No,19,1,22,14,NASDAQ,No,70,No,5.71,Yes,98,42711,5,5,20.3,11.1,Yes,Yes,6.1,-0.3,SOFTWARE,6.3,NA,No,69,6408.4,No,No,No,-33,-30.3,NA,20,22.1,2026-07-24,PCTY,15,8,0,0,0,10,0,33,83.66666666666667,50,FALSE,FALSE,Other,Momentum Leader,59.1,Strong
3239,PYPL,PayPal Holdings Inc.,NA,3.3,3.7,3.5,57.67,0,0,0,0,1787.8,54915943,06/04/2026,0,A+,No,No,No,No,No,0.79,8,1.2,1.26,8.53,1.72,2.13,24,39.88,10,18.9,3.43,3.83,NA,4.9,5.8,8,6,No,Yes,6.2,5.3,8.4,11.3,17,5,4,8,24,No,No,-3.1,56.56,Finance-CrdtCard/PmtPr,NA,0,129,No,1.7,49.6,Yes,41,11,-5.2,6.2,0,79.5,119,74,-9,5.31,Yes,6,-0.3,-28.86,48,94,69,1.42,801847,50041.8,4.17,882105.5,6.9,16.3,34.4,11.3,NA,-0.6,NA,53,54,A+,5.4,0,8,27.1,17.9,24.7,53,33172,-9,7,14,NA,5.5,17997,Yes,-0.17,-9,19847,NA,No,2783,NA,No,No,No,1.48,0,No,1,1.2,3,5,NASDAQ,No,83,No,2.52,Yes,98,881099.4,12,18,2.1,6.1,Yes,No,17,-1.6,FINANCE,22.1,NA,Yes,41,50648.5,No,No,No,-23.4,91.5,NA,25.7,13.2,2026-07-24,PYPL,0,0,0,0,0,10,5,15,75.33333333333333,30,FALSE,FALSE,Other,Momentum Leader,49.6,Improving
3752,SPT,Sprout Social Inc. Cl A,NA,2.7,3,2.8,9.12,0,7.7,5,0,6175.7,4358358,NA,0,A+,No,No,No,No,No,-1.14,5.9,0,0.84,11.64,0.14,0.14,22,0,9,-9.3,6.62,6.47,NA,12.4,12.3,27,20,No,Yes,192.8,28.9,46.7,61.3,11,73,163,33,-23,No,No,-23.5,8.62,Internet-Content,NA,0,44,No,0.48,20.4,No,65,10,-5.3,8.5,0,19.51,45,71,-23,0.84,Yes,31,0,-55.82,48,97,60,1.91,10491,518.1,6.4,54316.2,2.4,-38.6,25.5,56.2,NA,-7.8,NA,87,101,A+,47.9,13,28,18.9,3,12.4,73,457.5,257,11,64,NA,12,1461,Yes,0,-11,886,NA,No,224,NA,No,No,No,1,0,No,5,1.2,5,13,NASDAQ,No,80,No,2.41,-,95,51573.8,77,100,4.9,12.2,Yes,No,13,-10.8,INTERNET,4.1,NA,No,55,484,No,No,No,-54.5,-40.1,NA,-23.4,-5.2,2026-07-24,SPT,5,12,0,0,0,10,5,32,88.33333333333333,25,FALSE,FALSE,Other,Momentum Leader,43.3,Weak
4313,VRTS,Virtus Investment Partners Inc.,NA,3.3,4,4.5,170.41,0,0.9,1,3,1060.8,509070,07/31/2026,2.4,A,No,No,No,No,No,1.89,5.8,6,1.45,4.58,0,0,10,37.08,7,22.5,3.87,4.06,NA,-6.4,-7.6,0,2,No,No,0.3,-7.6,-6.8,-4.2,46,-3,8,-7,9,No,No,0.8,164.46,Finance-Investment Mgmt,NA,2.7,85,Yes,5.96,58.1,Yes,113,7,11.3,8.1,0,215.06,110,86,-9,24.82,No,18,-2.66,-23.53,48,87,60,1.32,17456,1128.9,4,6682.1,7.2,21.1,15.1,17.7,NA,-2.9,NA,48,71,A,-5.1,-1,3,12.8,3.5,9.5,78,852.9,20,-8,-4,NA,-9.7,119,Yes,-4.49,-3,128,NA,No,372,NA,No,No,No,1.32,0,No,-6,1.4,-13,-7,New York Stock Exchange,No,74,No,1.2,Yes,97,6247.5,-3,-4,-9.7,-8,No,No,11.5,-3.4,FINANCE,2.7,NA,No,63,1129.5,No,No,No,-21.8,8.2,NA,15.1,3.6,2026-07-24,VRTS,0,0,0,0,0,10,5,15,75,25,FALSE,FALSE,Other,Momentum Leader,49.6,Improving
3787,SSRM,SSR Mining Inc.,NA,1.5,1.8,1.5,31.69,0,5.5,5,0,631.8,5355212,08/11/2023,0,E,No,No,No,No,Yes,0.09,16.5,0,5.33,11.76,0,0,17,93.12,6,27.2,6.08,6.02,NA,70.4,78.6,2,11,Yes,Yes,549.8,681.1,804.6,676.4,56,-6,40,486,12,No,No,16.7,25.57,Mining-Gold/Silver/Gems,NA,0,3,Yes,1.73,1.8,Yes,91,9,-12.3,2.6,0,36.52,40,141,0,2.86,Yes,76,-1.24,-29.97,48,10,56,0.83,93960,5371.9,5.85,207491.1,-3.4,22.7,-19.5,-19.5,NA,11.8,NA,99,142,E,37.2,109,13,-14.1,-10.6,-12.3,78,1629.6,-78,84,618,NA,72.6,3187,No,-0.32,42,3747,NA,No,588,NA,No,No,No,2.8,0,No,297,0.8,780,64,NASDAQ,No,27,Yes,1.52,Yes,87,204770,967,1175,538.3,65,Yes,Yes,-8.2,3.5,MINING,-10.5,NA,No,60,5473.7,Yes,No,No,111,-18.6,NA,12,43.4,2026-07-24,SSRM,35,15,0,0,0,10,0,60,38,50,FALSE,TRUE,CANSLIM Growth,CANSLIM Growth,12.5,Weak
3757,SQM,Sociedad Quimica y Minera De Chile S.A. ADR,NA,1.2,1.4,1.8,75.25,0,0,0,1,92.3,2190934,05/08/2026,0,E,No,No,No,No,Yes,1.07,24.9,0.9,2.76,15.2,0,0,68,89.71,9,20.8,4.18,4.02,NA,15.3,20.1,10,-27,Yes,Yes,44.2,82.9,47.5,61.2,9,-15,-82,37,7,Yes,No,1.5,69.81,Chemicals-Agricultural,NA,6.7,73,No,3.05,82.9,Yes,15,24,27.8,1.5,0,98,47,107,-25,2.85,No,99,5.25,-28.77,48,14,49,1.17,90027,19518.2,3.79,120377,-2,59.9,-15.9,-21.4,NA,-10,NA,70,92,E,-17.2,229,3,-12.5,-3.6,-6.2,-,4576.2,-120,69,245,NA,46.3,1135,No,3.48,529,1952,NA,No,437,NA,Yes,No,No,1.59,0,No,167,0.6,52,2,New York Stock Exchange,No,23,Yes,3.41,-,94,142679.9,30,-59,109.5,33.3,Yes,Yes,-10.6,2.3,AGRICULTURE,-4.6,NA,No,19,12253.3,Yes,Yes,No,79.2,15.1,NA,10.8,20.7,2026-07-24,SQM,35,15,0,7,0,7,0,64,37,30,TRUE,TRUE,CANSLIM Growth,CANSLIM Growth,29.2,Weak
4082,TTAN,ServiceTitan Inc. Cl A,NA,5.6,5.6,6.3,82.62,0,2.2,1,0,290.1,10048144,NA,0,A,No,No,No,No,Yes,0.2,44.8,0,4.32,63.75,0,0,91,0,55,-16.3,6.27,6.24,NA,24.6,24.1,0,26,No,No,252,360.1,315.9,278.5,32,-,95,154,-11,No,No,-28.6,76,Comp Sftwr - Specialty Enterprise,NA,0,95,No,4.49,2.4,Yes,45,63,12.7,18,0,119.99,106,87,-25,1.21,No,0,0.66,-36.66,46,89,56,0.88,116107,7202.5,6.11,82746.4,-5.1,-23.6,21.7,18.2,NA,-16.3,NA,79,126,A,34.1,28,25,10.6,-3.2,5.2,8,961,113,25,206,NA,23,1668,Yes,0.5,6,1218,NA,No,339,NA,No,No,No,6.2,0,No,106,1.6,141,24,NASDAQ,No,57,No,4.65,-,92,55741.9,834,183,123.3,23.7,Yes,Yes,1.1,4,SOFTWARE,-2.2,NA,No,63,7096.8,No,No,No,-32.5,-33.7,NA,-10.7,-8.5,2026-07-24,TTAN,30,15,0,0,0,10,0,55,73.66666666666666,35,FALSE,TRUE,CANSLIM Growth,CANSLIM Growth,59.1,Strong
4192,USAC,USA Compression Partners L.P.,NA,12.1,13.2,10,27.41,0,0,0,0,140.8,2406197,04/27/2026,0,D,No,No,No,No,No,36.35,22.7,7.9,1.55,8.03,0.35,0.38,72,103.28,20,11.6,3.43,3.36,NA,11.1,12.1,13,12,No,Yes,164.1,71.7,52.7,36.9,11,70,65,45,0,No,No,13.4,26.09,Oil&Gas-Field Services,NA,0,8,No,0.9,945.5,Yes,30,27,-24.2,3.1,0,30.55,25,82,-4,0.97,Yes,20,-3.05,-14.6,46,34,54,0.64,6552,3901.2,3.33,144972.4,1,-24.4,2.2,-1.7,NA,1.8,NA,64,102,D-,-23.8,37,31,-4.9,-1.7,-0.3,36,998.1,260,35,18,NA,18.9,243,No,-0.82,27,192,NA,No,23,NA,No,No,No,3.49,0,No,93,0.7,22,5,New York Stock Exchange,No,35,Yes,11.94,Yes,95,78227.9,100,-4,57.5,14,Yes,Yes,-2,4.5,ENERGY,-1.5,NA,No,51,6387.9,No,No,No,8,-14.1,NA,0,11.6,2026-07-24,USAC,27,15,0,0,0,10,5,57,44.666666666666664,15,TRUE,TRUE,CANSLIM Growth,CANSLIM Growth,48.8,Improving
3383,RLI,RLI Corp.,NA,6.7,7,7.1,63.3,0,1.5,2,20,2363,7202891,05/29/2026,0,A,No,No,No,No,No,-0.05,10.3,1.2,0.38,9.26,1.11,1.19,54,54.1,23,27.1,2.8,2.68,NA,1.1,0.2,12,8,No,Yes,15.7,48.7,36,28.2,11,15,12,27,-9,No,No,-3.8,61.57,Insurance,NA,15.4,115,No,1.5,17.3,Yes,130,18,0.6,7.9,0,71.11,91,54,-9,3.44,Yes,10,3.34,-13.41,45,84,85,0.38,52343,5477.7,2.65,91938.3,4.3,5.4,16.7,4.3,NA,3.7,NA,85,35,A+,5.7,-20,1,13.8,1.4,6.1,14,2026.8,16,3,21,NA,0.2,976,Yes,1.99,-14,1041,NA,No,523,NA,No,No,No,2.78,0,No,-10,1.5,129,6,New York Stock Exchange,No,68,No,3.15,Yes,100,90649.2,27,-2,59.7,0.3,No,No,6.2,-2.4,INSURANCE,1.5,NA,No,44,5400.2,Yes,No,No,-12.5,-20.9,NA,24.4,12.8,2026-07-24,RLI,0,12,0,0,0,10,5,27,76.33333333333333,45,FALSE,FALSE,Other,Momentum Leader,71.2,Strong
3085,PINS,Pinterest Inc.,NA,3.9,3.9,3,23.92,0,7.7,5,0,6175.7,59627233,NA,0,A+,No,No,No,No,Yes,0.16,9.6,0,4.23,12.42,0.83,0.83,39,176.83,12,10.6,5.29,4.93,NA,16.3,16.5,15,17,No,Yes,11.1,10.7,11.5,12.2,43,17,36,12,9,No,No,-10.4,23.2,Internet-Content,NA,0,44,Yes,1.05,42.3,Yes,65,14,-23.3,12.6,0,39.93,45,71,-22,1.65,Yes,26,0.48,-41.9,45,89,74,1.55,408824,12934,4.56,481750.3,-0.8,-48.3,13.9,15.3,NA,-10.5,NA,88,101,A+,18,19,18,10.7,2.4,7.7,55,4221.8,18,18,24,NA,16.1,19094,Yes,0.11,8,9116,NA,No,1382,NA,No,No,No,2.56,0,No,17,1,20,16,New York Stock Exchange,No,71,No,4.67,Yes,97,472259.5,-5,14,18.5,16.3,Yes,No,9.2,-15.3,INTERNET,3,NA,No,65,11059.4,No,No,No,-35.7,-47.6,NA,8.8,-7.3,2026-07-24,PINS,15,0,0,0,0,10,0,25,79.33333333333333,30,FALSE,FALSE,Other,Momentum Leader,43.3,Weak
4521,YEXT,Yext Inc.,NA,2.9,3.3,3.1,5.63,0,8.7,10,0,4502,4594584,NA,0,A+,No,No,No,No,No,-9.48,10.9,0,0.72,12.68,0.16,0.16,21,278.41,7,9,5.44,5.71,NA,5.1,2.8,4,4,No,Yes,48,16.7,32,53.6,13,60,48,24,24,No,No,-33.7,5.34,Comp Sftwr - Enterprise,NA,0,136,No,0.25,840.8,No,115,10,-7.4,5.5,0,9.2,114,124,-36,0.54,Yes,27,-2.02,-41.96,45,97,68,1.13,5796,546.4,4.93,100248.1,-12.5,-20.8,34.5,43.9,NA,-29.8,NA,91,108,A+,7.7,28,-3,26.8,3.3,14,69,446.6,6,-1,51,NA,-1.2,1383,Yes,-0.11,42,1054,NA,No,250,NA,No,No,No,1.2,0,No,17,1.4,17,6,New York Stock Exchange,No,58,No,21.84,-,95,83873,17,78,16.7,-1.4,Yes,No,0.5,-9.7,SOFTWARE,4.9,NA,No,37,570.2,No,No,No,-34.7,-5.3,NA,24.2,2.4,2026-07-24,YEXT,10,8,0,0,0,10,0,28,85,30,FALSE,FALSE,Other,Momentum Leader,59.1,Strong
4038,TRC,Tejon Ranch Co.,NA,10.2,11.4,10.6,19,0,1.7,1,1,229.7,1035823,NA,0,E,No,No,No,No,Yes,3.93,-15.4,0,2.76,79.9,0,0,98,1140.33,182,2.3,2.57,2.37,NA,20.1,22.4,-5,-7,No,No,17.9,80.3,-2.2,-15.1,34,-25,-87,-13,0,No,No,15.3,18.18,Real Estate Dvlpmt/Ops,NA,1.7,50,No,0.45,20.1,No,60,260,-7.3,4.2,0,21.31,79,119,2,0.07,No,0,-2.57,-14.69,45,26,28,0.61,1845,503.9,2.44,27004.2,3.7,-24.7,-2.4,-8.3,NA,8.7,NA,30,106,E,150,1000,0,-4.6,-1.3,-2.1,3,49.6,-17,16,-90,NA,16.7,97,No,-0.48,133,72,NA,No,189,NA,No,No,No,9.65,0,No,120,1.1,-65,18,New York Stock Exchange,No,42,Yes,1.03,-,96,24835.3,186,-250,27.6,14.6,Yes,Yes,0.6,1.1,REAL EST,-0.7,NA,No,54,565.9,No,No,No,-0.2,-23.8,NA,0,1.6,2026-07-24,TRC,30,15,0,0,0,10,5,60,33,20,TRUE,FALSE,CANSLIM Growth,CANSLIM Growth,59.7,Strong
4324,VTEX,VTEX,NA,1.8,2.2,1.4,4.29,0,2.2,1,0,290.1,2258794,NA,0,A+,No,No,No,No,Yes,0.01,12.3,0,3.1,23.3,0,0,57,155166.94,19,9.3,5.09,4.6,NA,7.2,8.2,0,13,Yes,Yes,248,393.7,310.8,276.3,27,-,121,187,8,No,No,11.7,4.2,Comp Sftwr - Specialty Enterprise,NA,0,95,No,0.18,0.4,Yes,45,19,-39.6,3.7,0,6.82,106,87,10,0.22,Yes,0,5.53,-38.42,44,74,60,1.41,5840,678.5,4.7,92576.8,9.8,-30.2,17.3,-0.2,NA,28.8,NA,83,126,A+,48.4,-1,27,11.5,3.7,7.3,62,240.5,185,12,228,NA,11.2,1549,Yes,0.22,9,1090,NA,No,118,NA,No,No,No,1.57,0,No,813,1.4,134,6,New York Stock Exchange,No,79,No,3.08,-,100,60590.3,234,62,473.4,9.6,Yes,Yes,13.6,-11.9,SOFTWARE,3.4,NA,No,17,492.7,No,No,No,-37.9,-47.7,NA,8.2,6.7,2026-07-24,VTEX,30,15,0,0,0,7,5,57,64.33333333333334,40,TRUE,FALSE,CANSLIM Growth,CANSLIM Growth,59.1,Strong
4410,WLKP,Westlake Chemical Partners LP,NA,3.6,4.6,4.7,22.54,0,0,0,0,91.4,128063,05/14/2026,0,D,No,No,No,No,Yes,4.44,5.2,8.6,3.65,2.77,0,0,37,50.94,10,25.6,1.97,1.86,NA,7.9,14,-1,-6,No,No,16.9,54.5,40.9,19.3,9,-8,-4,5,-1,Yes,No,15.8,22.01,Chemicals-Basic,NA,0,72,Yes,0.42,80.1,Yes,12,13,3.4,0.6,0,23.88,24,126,-4,1.64,No,10,1.01,-7.83,44,36,48,0.42,668,768,2.06,35245.9,3.7,24.9,-3.3,-1.7,NA,5.6,NA,69,107,E,-7,36,-9,-3.3,-0.4,-1.6,75,1166.7,15,29,-22,NA,20,29,No,0.22,0,35,NA,No,14,NA,No,No,No,0.63,0,No,186,0.8,-5,3,New York Stock Exchange,No,45,Yes,1.56,-,98,20702.3,-18,0,90.5,17.2,Yes,Yes,0.9,0,CHEMICAL,0.2,NA,No,37,1127.3,No,No,No,-0.5,53.8,NA,9.6,4.6,2026-07-24,WLKP,32,15,0,5,0,10,5,67,42.666666666666664,20,TRUE,TRUE,CANSLIM Growth,CANSLIM Growth,37.2,Weak
4239,VEEV,Veeva Systems Inc. Cl A,NA,2.9,2.3,2.2,200.33,0,0,0,1,51.7,7472241,NA,0,A,No,No,No,No,Yes,0.01,11.4,0,4.74,23.05,1.07,1.07,66,133.05,21,37.4,4.32,4.24,NA,16.3,16.3,15,15,No,Yes,21.5,16.2,17.9,20.6,16,22,28,18,14,No,No,-12.5,195.38,Computer Sftwr-Medical,NA,4.5,138,Yes,7.38,1.2,Yes,22,23,-3.6,5.1,0,310.5,139,63,-18,8.33,Yes,5,-1.01,-37.08,43,92,84,1.01,556302,32061.4,4.09,162443.3,-6.7,-45.7,26.2,16.3,NA,-12.1,NA,92,63,A+,4.7,12,11,14.2,1.4,9.7,29,3195.3,36,16,23,NA,16.1,3270,Yes,-1.99,12,1252,NA,No,2564,NA,No,No,Yes,9.56,0,No,14,0.8,18,16,New York Stock Exchange,No,62,No,4.36,Yes,98,147753.6,17,23,16,16.1,Yes,No,5.1,4.1,SOFTWARE,2.8,NA,No,59,24995.4,No,No,No,-29.3,-52.1,NA,13.9,29.6,2026-07-24,VEEV,15,8,0,0,0,10,0,33,83,50,FALSE,FALSE,Other,Momentum Leader,59.1,Strong
3931,TEAM,Atlassian Corp. Cl A,NA,2.5,2.2,2.5,96.5,0,8.7,10,0,4502,16902283,NA,0,A,No,No,No,No,No,-636.03,14.1,0,0.69,16.72,0.67,0.67,56,0,16,-1.9,7.07,6.48,NA,22.4,24.5,25,22,Yes,Yes,38.6,47.5,47.8,40,10,28,49,45,-22,No,No,-42.5,93.29,Comp Sftwr - Enterprise,NA,0,136,Yes,5.76,135.9,Yes,115,19,12.5,10.7,0,206,114,124,-37,4.99,Yes,18,1.01,-54.71,43,92,64,1.69,495689,23438,6.62,159634.3,-16.8,-40.5,10.5,39.4,NA,-21.3,NA,98,108,A+,31.2,49,12,4.7,4.6,9.8,41,5215.3,53,32,26,NA,27.5,5497,No,0.93,52,3226,NA,No,1655,NA,No,No,No,2.41,0,No,80,0.9,27,20,NASDAQ,No,65,No,27.15,Yes,97,157565.9,35,48,53.7,25.2,Yes,Yes,-4.5,-7.6,SOFTWARE,5,NA,No,51,21740.2,No,No,No,-51.1,-41.8,NA,-21.6,-5.5,2026-07-24,TEAM,27,12,0,0,0,10,0,49,78.33333333333333,15,TRUE,TRUE,Other,Momentum Leader,59.1,Strong
3852,SVM,Silvercorp Metals Inc.,NA,6.4,6.7,6.7,10.41,0,5.5,5,0,631.8,26433114,06/05/2026,0,E,No,No,No,No,Yes,0.33,12.7,0.3,3.58,6.46,0,0,82,350.75,9,18.5,6.95,6.96,NA,51.6,45.6,13,28,Yes,Yes,92.1,228.7,163.2,90.6,44,-8,-19,-256,-1,No,No,7,8.92,Mining-Gold/Silver/Gems,NA,0,3,No,0.75,12.3,Yes,91,39,0.7,12.5,0,15.77,40,141,-22,0.23,Yes,0,1.13,-43.44,43,7,24,1.08,43469,1956.3,6.16,221202.5,-10.9,0.1,-24.9,-30.5,NA,-21.1,NA,38,142,E,-3.6,44,64,-22.9,-5.7,-12.9,8,438.1,38,96,138,NA,73.5,3834,No,0.1,240,3789,NA,No,214,NA,No,No,No,4.5,0,No,1000,0.9,-158,47,NYSE American,No,16,Yes,2.09,-,91,211799.2,-156,-33,420.8,56.5,No,Yes,-19.4,-0.9,MINING,-6.3,NA,No,49,1759.9,Yes,No,No,93.1,-13.4,NA,-1.2,-0.5,2026-07-24,SVM,35,15,0,0,0,10,0,60,24.666666666666668,25,TRUE,TRUE,CANSLIM Growth,CANSLIM Growth,12.5,Weak
4040,TREE,LendingTree Inc.,NA,4.2,4.5,5.7,47.24,0,7.7,2,4,67.2,1620463,NA,0,B,No,No,No,No,Yes,5.1,13,0,1.89,8.9,0,0,55,13.57,11,1.9,5.05,5.22,NA,27.7,24,-1,17,Yes,No,-177.4,72.4,57.3,-204.2,18,-1,81,296,76,No,No,-12.9,46.25,Finance-Mrtg&Rel Svc,NA,15.4,27,No,2.09,141,Yes,26,18,25.3,13.8,0,77.34,121,125,-39,2.57,No,0,-1.36,-40.2,39,67,40,1.9,9937,654.3,5.56,13953,-4.1,64.8,29.1,-3.6,NA,-32,NA,42,123,B,7.3,66,20,17.3,1.5,9,19,1117.3,67,37,208,NA,29.4,253,Yes,-0.64,109,411,NA,No,302,NA,No,No,No,0.54,0,No,271,1.6,-171,24,NASDAQ,No,63,No,2.12,Yes,98,11722.3,117,12,50.2,25.6,No,Yes,2.4,1,FINANCE,2.1,NA,Yes,46,995.9,Yes,Yes,No,21.2,-29.9,NA,76.5,5.3,2026-07-24,TREE,32,15,0,7,0,10,0,64,53.666666666666664,25,TRUE,TRUE,CANSLIM Growth,CANSLIM Growth,49.6,Improving
4366,WDAY,Workday Inc. Cl A,NA,5.2,5.5,5.5,149.88,0,8.7,10,0,4502,29641659,NA,0,A+,No,No,No,No,No,1.3,10.3,0,0.96,13.21,0.58,0.58,43,174.08,13,10.6,5.82,5.34,NA,13.2,13.3,17,15,No,Yes,24.6,23.6,24.2,25,22,26,30,24,8,No,No,-32.6,144.78,Comp Sftwr - Enterprise,NA,0,136,Yes,7.05,40,No,115,15,1.1,14.9,0,249.85,114,124,-33,9.66,Yes,10,-0.45,-42.05,38,91,72,1.16,671387,35921.2,5.7,201000,-15.1,14.6,18.8,16.9,NA,-22.5,NA,95,108,A+,5.8,16,18,10.4,3.1,11.4,56,9552,25,13,26,NA,14,5170,No,-0.65,18,5604,NA,No,2583,NA,No,No,No,2.95,0,No,19,1.1,29,13,NASDAQ,No,55,No,5.39,Yes,98,198908.4,23,26,24,13.5,Yes,No,-3.8,0.4,SOFTWARE,4.2,NA,Yes,60,33399.5,Yes,No,No,-37.3,-30.2,NA,8.2,8.7,2026-07-24,WDAY,15,8,0,0,0,10,0,33,77,20,FALSE,FALSE,Other,Momentum Leader,59.1,Strong
3615,SII,Sprott Inc.,NA,1.9,1.9,1.9,119.1,0,0.9,1,3,1060.8,374073,05/19/2026,0,E,No,No,No,No,Yes,0,27.7,1.5,3.19,27.52,1.42,1.52,77,119.52,20,31.2,5.15,5.07,NA,100.7,125.7,14,23,Yes,Yes,51.7,96.3,71.8,57.9,73,21,35,70,11,Yes,No,6.4,104.14,Finance-Investment Mgmt,NA,2.7,85,Yes,5.93,0,Yes,113,32,-1.3,1.7,0,169.63,110,86,-18,3.27,Yes,28,-0.37,-38.61,38,9,64,0.91,22558,2707.9,4.91,25786.3,-10.7,-32.6,-19.1,-29.8,NA,-10.9,NA,98,71,E,21.2,81,10,-15.2,-5.1,-7.8,4,285.1,18,282,34,NA,242.6,192,No,-0.39,139,126,NA,No,289,NA,No,No,No,7.77,0,No,146,0.7,141,62,New York Stock Exchange,No,17,No,7.06,Yes,95,21491,2,-2,143.5,167.3,Yes,Yes,-17.9,-2.7,FINANCE,-3.5,NA,No,38,2643,No,No,No,40.8,-19,NA,19.5,20.1,2026-07-24,SII,35,15,0,0,0,10,0,60,37,55,TRUE,TRUE,CANSLIM Growth,CANSLIM Growth,49.6,Improving
4525,YMM,Full Truck Alliance Co. Ltd. ADR,NA,2,2.9,2.4,9.44,0,7.7,5,0,6175.7,22471981,04/08/2026,0,A-,No,No,No,No,Yes,0,0,2.7,6.93,14.86,0.21,0.22,41,62.39,13,43.1,3.96,3.87,NA,12.7,15.8,28,21,Yes,Yes,43.1,68.1,66.2,53,46,67,53,49,10,Yes,No,-14.8,9.14,Internet-Content,NA,0,44,No,0.32,0,Yes,65,15,-14.3,2.6,0,14.07,45,71,-13,0.63,Yes,33,-2.14,-35.04,35,75,78,1.22,82178,9690.7,3.91,932510.2,-8.4,-27.7,14.3,2.9,NA,-7.3,NA,98,101,A+,19.2,6,21,7,5.1,10.3,45,1811,39,33,63,NA,22.3,9622,No,-0.2,3,6562,NA,No,489,NA,Yes,No,No,4.78,0,No,117,0.8,85,11,New York Stock Exchange,No,49,No,1.64,-,97,877255.3,2,60,101.4,15.4,No,Yes,-0.9,8.7,INTERNET,6.7,NA,No,44,6125,No,No,No,-25.6,-13.3,NA,11.3,34.8,2026-07-24,YMM,32,15,0,0,0,10,0,57,64.66666666666666,50,TRUE,TRUE,CANSLIM Growth,CANSLIM Growth,43.3,Weak
3076,PHR,Phreesia Inc.,NA,1.6,2.1,2.4,11.47,0,0,0,1,51.7,3469842,NA,0,A+,No,No,No,No,Yes,0.4,8.4,0,1.75,8.71,2.98,2.98,92,274.42,20,-1.9,5.39,4.86,NA,14.2,14.1,24,18,No,Yes,113.5,139.2,130.2,120.2,11,24,81,310,1,No,No,-36.7,10.71,Computer Sftwr-Medical,NA,4.5,138,No,0.48,24,No,22,71,9.9,7,0,32.76,139,63,-42,0.15,Yes,0,-1.65,-67.31,35,84,46,1.48,13019,673.1,4.96,61811.9,-25.4,-54.2,14.5,16.8,NA,-34.7,NA,54,63,A+,337.1,903,61,9.9,-1.4,4.6,21,480.6,59,13,104,NA,14.4,1357,Yes,-0.18,762,613,NA,No,304,NA,No,No,No,1.34,0,No,171,1.9,118,14,New York Stock Exchange,No,40,No,1.84,-,96,49490.2,128,103,144.8,13.8,Yes,Yes,-9,-8.4,SOFTWARE,-0.1,NA,No,44,693.7,No,No,No,-58.7,-45.9,NA,0.8,2.3,2026-07-24,PHR,30,15,0,0,0,10,0,55,62,15,TRUE,FALSE,CANSLIM Growth,CANSLIM Growth,59.1,Strong
3601,SHOP,Shopify Inc.,NA,2,2,2,130.75,0,8.7,10,0,4502,21297085,NA,0,B,No,No,No,No,Yes,0.03,70,0,6.2,79.31,2.12,2.12,94,456.02,64,13.1,5.35,5.04,NA,30.9,31.9,27,27,No,Yes,32.7,54.1,51.3,27.6,92,42,137,5,10,Yes,No,-23.2,123.56,Comp Sftwr - Enterprise,NA,0,136,Yes,5.81,1.3,Yes,115,89,-1.7,1.8,0,182.19,114,124,-29,1.39,Yes,0,-1.2,-32.18,34,65,71,2.31,1190802,162534,4.91,1219581,-8.5,-38.8,14.3,-5.8,NA,-20.7,NA,92,108,B+,-43.3,47,28,10.4,0.8,5.3,11,11556,60,34,8,NA,32.5,10879,Yes,-1.5,9,6435,NA,No,3147,NA,No,No,No,12.19,0,No,186,0.8,-7,30,NASDAQ,No,45,No,12.86,Yes,97,1215557.6,-16,43,89.3,32.1,Yes,Yes,-2.9,-2.5,SOFTWARE,0.8,NA,No,46,154735.2,No,No,No,-2.5,-45.2,NA,9.8,-18.3,2026-07-24,SHOP,32,15,0,0,0,10,0,57,61.666666666666664,40,TRUE,TRUE,CANSLIM Growth,CANSLIM Growth,59.1,Strong
3181,PRTA,Prothena Corp. PLC,NA,15.2,16.3,15.1,10.02,0,3.9,21,3,457.1,8369568,NA,0,E,No,No,No,No,Yes,0.02,-2.4,0,10.43,-2.85,0,0,3,0,0,-2073.8,5.67,5.66,NA,1443.1,414.9,-1,-42,No,No,-1.1,84.9,-9.3,-4.1,355,-29,-24,-4,-64,Yes,No,-9.3,8.66,Medical - Development Biotech,NA,0.6,18,No,0.51,1.5,Yes,545,0,-7.9,18.1,0,11.8,17,13,-17,-2.82,No,0,2.24,-26.61,32,19,34,1.43,5439,443.4,5.24,52353.2,-10.9,-28.2,2,-20.6,NA,-7.4,NA,62,17,E,272.2,101,-2307,-7.7,-5.8,-6.5,3,9.7,18,1706,-100,NA,803.7,581,No,0.19,83,408,NA,No,227,NA,No,No,No,7.82,0,No,154,0.9,63,-93,NASDAQ,No,28,No,1.47,-,94,46192.9,38,-292,108.3,585.4,Yes,Yes,-9,1.3,MEDICAL,-6.3,NA,No,65,142.2,No,No,No,33.8,-11.5,NA,-63.6,64,2026-07-24,PRTA,35,15,0,0,0,10,0,60,28.333333333333332,35,TRUE,TRUE,CANSLIM Growth,CANSLIM Growth,53.3,Improving
3657,SLSR,Solaris Resources Inc.,NA,3.3,2.9,3.9,8.7,0,5.5,5,0,631.8,549704,NA,0,E,No,No,No,No,No,0.02,24.3,0,3.28,24.22,0,0,51,0,0,0,6.02,6.22,NA,0,0,0,0,No,Yes,17.2,57.1,63.6,45.9,40,10,8,91,0,Yes,No,-11.2,7.08,Mining-Gold/Silver/Gems,NA,0,3,No,0.54,0,No,91,0,35.2,0.6,0,11.48,40,141,-28,-0.19,Yes,0,-2.07,-38.33,32,4,17,1.33,1141,1210.6,5.89,167035.3,-17,128.2,-25.7,-29.8,NA,-19.6,NA,64,142,E,60.9,24,38,-23,-10.2,-14.4,51,0,-69,0,47,NA,0,154,No,-0.15,-125,322,NA,No,112,NA,No,No,No,NA,0,No,70,0.7,56,0,NYSE American,No,10,Yes,-20.34,-,88,95438.3,45,83,62.9,0,Yes,Yes,-22.8,0.9,MINING,-10.9,NA,No,43,1231.4,No,No,No,40.5,83.9,NA,0,0,2026-07-24,SLSR,20,15,0,10,0,10,0,55,17.666666666666668,35,TRUE,FALSE,CANSLIM Growth,CANSLIM Growth,12.5,Weak
4320,VST,Vistra Corp.,NA,3.3,3.3,3.3,168.21,0,1.1,1,13,2004.3,15917274,06/22/2026,0,D,No,No,No,No,No,-13.97,40.6,0.6,0.9,13.2,5.88,5.96,98,96.87,16,6.6,4.49,4.4,NA,15.1,11.6,11,9,Yes,Yes,1569.5,245.1,176.8,127.6,41,45,30,-188,-15,No,No,-3.7,155.44,Utilities,NA,14.9,83,No,6.86,553.2,Yes,87,268,-1.3,4.8,0,219.82,64,81,-24,0.58,No,0,1.89,-29.29,31,33,39,1.27,753249,51440.6,4.49,337182.5,-6.5,-9.5,-2.1,-4.9,NA,-6.7,NA,44,75,E,26.1,317,23,0.9,-0.7,-2.4,-,17738,266,43,-75,NA,28.5,4988,No,2.88,171,4440,NA,No,2219,NA,No,No,No,2.7,0,No,882,0.8,-155,-12,New York Stock Exchange,No,42,No,16.84,-,92,333963.3,9,-28,363.2,12,No,Yes,-2.2,1.1,UTILITY,-2.2,NA,No,52,73605.7,No,No,No,-14.6,11.8,NA,17.7,22.1,2026-07-24,VST,32,15,0,0,0,10,0,57,36.333333333333336,15,TRUE,TRUE,CANSLIM Growth,CANSLIM Growth,47.4,Improving
3069,PHAT,Phathom Pharmaceuticals Inc.,NA,8.3,9,9.6,12.64,0,1.8,1,2,243.9,11993590,NA,0,A-,No,No,No,No,No,4.46,-13.1,0,2.21,-4.78,0,0,45,0,807,-126.3,6.12,5.98,NA,446.4,210.2,87,113,No,Yes,46.3,71,61.4,50.7,18,2,9,83,0,No,No,-34.1,10.94,Medical - Revenue Biotech,NA,3.6,62,No,0.65,0,Yes,55,0,6.2,23.8,0,18.31,83,69,-35,-2.12,Yes,0,-0.27,-40.25,30,37,44,1.4,12451,874.9,5.94,79755.9,-13.9,-56.6,-0.5,-17.1,NA,-22.2,NA,70,96,B,-27.4,79,313,-1.2,-4.8,-1.3,45,175.1,-35,104,43,NA,99.3,1119,Yes,-0.03,83,480,NA,No,248,NA,No,No,No,4.26,0,No,72,1.4,72,217,NASDAQ,No,26,No,-2.58,-,87,50299.1,69,33,72.1,133.8,Yes,Yes,-11.8,1.2,MEDICAL,-13.2,NA,No,66,1340.5,No,No,No,31.5,-27.2,NA,0,-52.1,2026-07-24,PHAT,30,15,0,0,0,10,0,55,37,35,TRUE,FALSE,CANSLIM Growth,CANSLIM Growth,53.3,Improving
3893,TARS,Tarsus Pharmaceuticals Inc.,NA,8.3,8.2,8.2,72.5,0,1.8,1,2,243.9,5125873,NA,0,E,No,No,No,No,Yes,0.21,-86,0,3.74,-200.85,0,0,73,0,0,-14.3,5.55,5.84,NA,143.4,133.4,78,285,No,No,54.8,64.2,59.5,54.9,34,-13,25,79,-23,Yes,No,-26.9,59.85,Medical - Revenue Biotech,NA,3.6,62,No,3.65,25.4,No,55,0,-0.3,12.7,0,85.25,83,69,-30,-1.14,Yes,0,3.74,-29.79,29,32,36,0.89,59652,2482.1,6.3,43024,-13.3,6.7,-4.3,-11,NA,-15.9,NA,68,96,E,60,39,409,-3.6,-4,-4.7,73,451.4,34,107,48,NA,117.6,1008,No,2.16,66,971,NA,No,404,NA,No,No,Yes,4.81,0,No,75,0.8,67,147,NASDAQ,No,27,No,7.38,-,99,40388.5,51,45,70.8,127.3,Yes,Yes,-12,-2.2,MEDICAL,2.9,NA,No,67,2139.1,No,No,No,44.6,33.2,NA,-23.4,-4.3,2026-07-24,TARS,30,15,0,0,0,10,0,55,32.333333333333336,30,TRUE,FALSE,CANSLIM Growth,CANSLIM Growth,53.3,Improving
3379,RKT,Rocket Cos. Inc.,NA,3.4,3.9,3.7,15.84,0,7.7,2,4,67.2,104019972,NA,0,D,No,No,No,No,Yes,-24.45,-49.7,0,0.84,-4.9,0,0,83,941.54,19,-3.1,6.04,6.41,NA,72.7,97.1,-20,29,No,No,186.7,145.8,101,80.8,12,-95,103,68,-1,Yes,No,-24.9,14.54,Finance-Mrtg&Rel Svc,NA,15.4,27,No,0.9,112.8,Yes,26,39,-5.2,10.8,0,24.36,121,125,-45,0.37,No,99,-2.42,-40.31,29,38,32,1.4,421338,42158.5,6.24,980550.3,-13.2,17.6,10,-12.6,NA,-37.4,NA,69,123,E,30.4,145,47,3,-0.9,-0.5,10,6695,429,184,22,NA,117.9,29910,Yes,-0.36,321,37618,NA,No,1072,NA,No,No,No,1.66,0,No,275,1.4,175,47,New York Stock Exchange,No,29,No,1.77,Yes,95,960678.2,-12,-33,225,127.9,Yes,Yes,-11.7,-1.1,FINANCE,1,NA,No,54,72431.7,No,No,No,5.5,15.8,NA,-0.6,10.8,2026-07-24,RKT,35,15,0,5,0,10,0,65,35,10,TRUE,TRUE,CANSLIM Growth,CANSLIM Growth,49.6,Improving
3376,RJET,Republic Airways Holdings Inc.,NA,3.2,2.6,3.9,21.64,0,10,2,0,240,751191,NA,0,D,No,No,No,No,Yes,-12.84,-22.5,0,0.94,2.17,0,0,4,21.73,0,6.8,7.32,5.86,NA,148.1,192.2,4,11,Yes,No,-35.7,69.5,131.4,0.3,17,-31,20,210,11,Yes,Yes,-6.3,17.21,Transportation-Airline,NA,0,35,No,1.09,76.1,Yes,20,3,51.7,5.4,0,26.7,90,33,-7,5.12,Yes,0,-5.54,-35.54,29,16,23,1.43,3761,853.2,5.83,46829.5,-12.5,-62.1,-2.5,-18.2,NA,-3.7,NA,24,42,E,0,0,0,-13.1,-11.4,-9.6,93,1676.5,0,457,0,NA,403.1,185,No,-1.01,0,68,NA,No,30,NA,No,No,No,0.69,0,No,108,1.4,100,252,NASDAQ,No,19,No,0.58,-,90,13966.9,0,317,104.1,261.6,Yes,Yes,-10.3,50,TRANSPORTATION,-8.3,NA,Yes,76,1763.8,No,No,No,4.3,-70.4,NA,10.6,5.1,2026-07-24,RJET,35,15,0,0,0,10,0,60,22.666666666666668,10,TRUE,TRUE,CANSLIM Growth,CANSLIM Growth,48.8,Improving
4403,WK,Workiva Inc. Cl A,NA,4.1,4.6,4.9,58.2,0,5.6,1,0,428.1,5902290,NA,0,B+,No,No,No,No,Yes,2.1,19.9,0,1.52,22.97,0.5,0.5,69,943.39,19,-2.5,5.25,4.7,NA,19.7,20.4,19,18,No,Yes,123.4,249.4,191.8,146.1,9,50,107,189,0,No,No,-33.7,57.18,Computer Sftwr-Database,NA,0,137,No,2.34,0,Yes,18,25,6.6,11.8,0,97.09,87,140,-41,2.29,Yes,95,0.37,-41.11,28,82,43,1.26,53830,3197.1,4.75,52549.8,-17.5,-27.5,19.1,-0.3,NA,-33.3,NA,82,140,A,17.6,63,20,14.9,7.4,13.2,47,884.6,324,20,89,NA,19.7,1095,Yes,0.21,234,773,NA,No,433,NA,No,No,Yes,3.25,0,No,450,1,136,20,New York Stock Exchange,No,46,No,-255.5,Yes,100,49892.4,162,19,293.2,20.1,Yes,Yes,-9.1,-3.6,SOFTWARE,9.6,NA,No,60,2956.8,No,No,No,-14,-30,NA,0,7.7,2026-07-24,WK,30,15,0,0,0,10,0,55,56,35,TRUE,FALSE,CANSLIM Growth,CANSLIM Growth,59.1,Strong
4365,WD,Walker & Dunlop Inc.,NA,4.1,4.3,3.8,54.96,0,7.7,2,4,67.2,1278095,05/21/2026,0,C,No,No,No,No,No,-0.78,-3,5.4,0.32,-2.52,0,0,68,94.88,15,6.2,3.92,3.87,NA,12.8,15,-1,5,No,No,62,119.7,101.7,66,7,-27,-26,-43,-1,No,No,-16.7,50.08,Finance-Mrtg&Rel Svc,NA,15.4,27,Yes,2,48,Yes,26,25,-11.6,3.9,0,90,121,125,-31,2.02,No,17,-2.17,-44.36,28,41,27,1.2,17276,1757.4,3.6,34331.2,-15.5,-33.9,-1.8,-0.2,NA,-23.4,NA,56,123,D+,666.7,117,29,-3,-1,-3.3,14,1234.3,0,27,-49,NA,13.3,336,No,-1.11,-9,221,NA,No,398,NA,No,No,No,1.32,0,No,475,1.1,-131,10,New York Stock Exchange,No,31,No,0.97,-,98,32950.2,15,48,172,14,Yes,Yes,-7.5,-3.4,FINANCE,-0.3,NA,No,57,3843.1,No,No,No,-32.1,-26,NA,3.2,5.5,2026-07-24,WD,32,15,0,0,0,10,0,57,32,5,TRUE,TRUE,CANSLIM Growth,CANSLIM Growth,49.6,Improving
3412,ROAD,Construction Partners Inc. Cl A,NA,4.1,4.2,3.9,110.99,0,2.8,1,0,363.8,2305590,NA,0,E,No,No,No,No,Yes,5.49,41.9,0,1.53,19.86,0.86,0.86,84,178.75,33,4.8,5.55,5.5,NA,50.1,49.1,30,32,No,Yes,146.7,97.1,82.2,169.7,19,48,67,76,14,No,No,-3.8,104.47,Bldg-Heavy Construction,NA,0,31,Yes,6.12,181.8,No,36,41,-6.5,4.9,0,151,27,51,-17,2.52,Yes,42,2.01,-30.81,27,25,61,1.3,80556,5789.7,5.48,47985.6,-10.1,283.8,-13.1,-16.8,NA,-8.7,NA,99,70,E,775,35,26,-9.4,3.5,-6.5,46,2812.4,39,35,68,NA,39.4,698,No,2.06,25,2650,NA,No,535,NA,No,No,No,1.54,0,No,114,0.8,88,54,NASDAQ,No,27,No,6.03,Yes,99,47073,89,38,101.2,48.6,Yes,Yes,-10.7,-1.1,BUILDING,10.1,NA,No,66,7401.9,Yes,Yes,Yes,-7.4,53,NA,13.7,1.2,2026-07-24,ROAD,32,15,0,10,0,10,0,67,37.666666666666664,30,TRUE,FALSE,CANSLIM Growth,CANSLIM Growth,46.5,Improving
3449,RUN,Sunrun Inc.,NA,5.5,6.7,7.1,13.36,0,0,0,0,56.5,59724111,NA,0,E,No,No,No,No,No,21.77,-7.4,0,1.45,-7.44,0,0,7,21.14,25,-39.8,7.58,7.85,NA,44.1,52.6,14,5,No,Yes,-1.3,143.1,130.9,134.8,9,-37,-12,216,16,No,No,-35.6,11.85,Energy-Solar,NA,0,47,No,1.03,435.1,No,23,6,6.2,26,0,22.44,141,73,-42,2.13,Yes,0,-2.39,-47.19,27,19,27,2.01,139618,2896,8.02,238549.3,-27.1,-25.7,-4.7,-4.4,NA,-35,NA,53,110,E,975.9,-21,-66,-12.8,-5.2,-8.3,75,2957,-73,43,113,NA,83.4,10234,No,-0.29,-75,7489,NA,No,551,NA,No,No,No,0.89,0,No,210,0.8,103,45,NASDAQ,No,14,No,0.84,Yes,89,230082.7,116,95,156.5,67.2,Yes,Yes,-22.3,-4.8,ENERGY,-5,NA,No,75,16640.9,No,No,No,19,-26.3,NA,15.9,23.3,2026-07-24,RUN,32,15,0,0,0,10,0,57,24.333333333333332,20,TRUE,FALSE,CANSLIM Growth,CANSLIM Growth,48.8,Improving
3110,PLTR,Palantir Technologies Inc.,NA,1.5,1.7,2,138.9,0,8.7,10,0,4502,87264219,NA,0,C,No,No,No,No,Yes,0.03,137,0,6.91,159.09,2.44,2.44,96,562.54,84,37,5.04,5.28,NA,61,66.4,28,37,Yes,Yes,92.9,114.1,105,96.5,95,57,94,105,26,No,No,-25.5,132.38,Comp Sftwr - Enterprise,NA,0,136,Yes,6.79,2.5,Yes,115,139,20.4,4,0,207.52,114,124,-33,0.95,Yes,64,-1.53,-36.21,26,40,71,2.08,5730575,322294.7,5.57,2296071.3,-15.1,-23.8,1.3,-9.6,NA,-22.6,NA,99,108,B+,19,94,43,-0.1,0.6,5.4,7,4475.4,64,85,83,NA,77.4,43060,No,-2.06,115,31875,NA,No,3720,NA,No,No,Yes,58.18,0,No,154,1.1,79,56,NASDAQ,No,28,No,37.56,-,97,2193477,110,78,116.2,72.5,Yes,Yes,-10.6,0.3,SOFTWARE,4.4,NA,No,37,313714,No,No,No,-14,-29.2,NA,26.2,53.3,2026-07-24,PLTR,35,15,0,0,0,10,0,60,45.666666666666664,60,TRUE,TRUE,CANSLIM Growth,CANSLIM Growth,59.1,Strong
3886,TAL,TAL Education Group ADR,NA,5.9,5.7,5.5,10.7,0,2.6,1,0,43.5,21993928,NA,0,B-,No,No,No,No,Yes,0.13,0,0,2.17,9.82,0.14,0.14,22,40.8,11,22.8,3.49,3.41,NA,35.7,34.1,-12,47,No,Yes,931.9,1755.5,1379.1,1078.3,20,71,124,592,14,Yes,No,-6.1,10.24,Consumer Svcs-Education,NA,0,114,No,0.33,7.4,Yes,38,10,-2.8,5.4,0,13.37,43,53,-20,1.01,Yes,73,0.2,-23.41,26,48,56,0.87,35224,5656.2,3.45,405978.1,-6.9,38.2,11.4,-19,NA,-7.3,NA,85,103,C+,211.1,-5,22,2.2,0.6,5,57,3008.9,0,31,557,NA,29.2,3553,No,0.02,84,4712,NA,No,526,NA,Yes,No,Yes,1.38,0,No,4600,0.8,525,34,New York Stock Exchange,No,36,No,1.5,Yes,96,405816.1,141,250,2562.5,32.5,Yes,Yes,-5.6,3.1,CONSUMER,-0.7,NA,No,27,1163.2,Yes,Yes,No,-3.7,3,NA,14.1,30.5,2026-07-24,TAL,32,15,0,5,0,10,0,62,45.333333333333336,50,TRUE,FALSE,CANSLIM Growth,CANSLIM Growth,55.2,Strong
4194,USAS,Americas Gold & Silver Corp.,NA,1.9,2.2,2.5,5.11,0,5.5,5,0,631.8,11937328,NA,0,E,No,No,No,No,No,1.42,-29.1,0,1.69,-256.16,0,0,7,0,14,-70.5,8.07,7.89,NA,54.2,62.7,28,18,No,Yes,60.8,94.9,75,71.5,17,52,45,100,-64,No,No,-26,3.78,Mining-Gold/Silver/Gems,NA,0,3,No,0.39,19.5,Yes,91,0,11.9,4.5,0,10.5,40,141,-48,-0.07,Yes,0,1.07,-64,25,3,18,1.21,25191,1223.2,7.41,326933.6,-34.1,-4.2,-34.4,-42.3,NA,-41.7,NA,63,142,E,-14.5,154,132,-30.3,-12.4,-19.6,7,117.9,-6,189,22,NA,109.8,4605,No,0.04,157,4315,NA,No,171,NA,No,No,No,7.62,0,No,186,0.8,28,19,NYSE American,No,5,No,5.18,Yes,87,264087.8,72,15,106.6,88.4,Yes,Yes,-39.7,12.5,MINING,-12.1,NA,No,45,1152.1,No,No,No,59.2,-17.8,NA,-63.6,14.7,2026-07-24,USAS,35,15,0,0,0,10,0,60,15.333333333333334,30,TRUE,TRUE,CANSLIM Growth,CANSLIM Growth,12.5,Weak
4063,TRUP,Trupanion Inc.,NA,10,9.9,9.2,27.62,0,1.5,2,20,2363,3763430,NA,0,A,No,No,No,No,Yes,0.38,16.4,0,1.73,13,1.22,1.22,86,170.81,47,1.5,4.33,4.36,NA,12,12.1,21,15,No,Yes,257.2,341.7,320.5,272.7,73,37,111,192,5,No,No,-28.6,26.7,Insurance,NA,15.4,115,No,1.06,25.2,Yes,130,45,-7,12.4,0,57,91,54,-31,0.59,Yes,0,1.33,-53.16,24,73,60,1.73,9075,1149.4,4.47,43620.5,-14.2,-4.7,13.3,-5.3,NA,-17.7,NA,83,35,A+,37.5,21,26,11.8,1.2,5.4,4,1439.3,79,12,296,NA,12,381,Yes,0.35,-48,356,NA,No,324,NA,No,No,No,0.79,0,No,467,0.9,225,12,NASDAQ,No,47,No,2.95,Yes,97,30444.8,333,257,345.8,12,Yes,Yes,-5.1,-0.6,INSURANCE,3.4,NA,No,71,1084.8,No,No,No,-47.4,-27.1,NA,5.5,1.3,2026-07-24,TRUP,30,15,0,0,0,10,0,55,57.333333333333336,30,TRUE,FALSE,CANSLIM Growth,CANSLIM Growth,71.2,Strong
3080,PICS,PicS N.V.,NA,2.6,4.3,4.8,12.33,0,0,0,0,1787.8,1999143,NA,0,C,No,No,No,No,Yes,1.15,2.7,0,5.34,0.7,0,0,9,25089.78,6,3.1,7.75,7.89,NA,81.9,88.5,0,0,No,No,943.1,456.4,438.9,1024.7,38,-,-,-100,40,No,No,0,11.52,Finance-CrdtCard/PmtPr,NA,0,129,No,0.83,548.9,Yes,41,6,12.9,9,0,19.95,119,74,1032,1.79,No,0,1.05,-42.26,24,48,50,2.76,4275,1477.3,6.69,43135.9,0,-35.3,4.8,-19.4,NA,0,NA,65,54,C,8.7,-100,104,5.3,0.6,5.2,84,1963.6,993722903,95,419,NA,89.8,403,Yes,0.12,175,253,NA,No,57,NA,No,No,No,0.22,0,No,148,1.1,1321,77,NASDAQ,No,28,No,1.29,Yes,93,22152.6,-100,386,734.6,92,No,No,0,-14.9,FINANCE,-2.8,NA,No,46,6289.5,No,No,No,0,-53.9,NA,40.4,4.3,2026-07-24,PICS,35,15,0,0,0,10,0,60,42.666666666666664,40,FALSE,TRUE,CANSLIM Growth,CANSLIM Growth,49.6,Improving
3951,TFPM,Triple Flag Precious Metals Corp.,NA,2.3,2.3,2.6,31.84,0,5.5,5,0,631.8,1700518,06/01/2026,0,E,No,No,No,No,Yes,0.04,40.3,0.7,6.31,18.02,0,0,63,68.2,22,69.3,4.41,4.46,NA,51.4,53.5,0,37,Yes,Yes,86.6,89.4,88.2,83.9,60,-,53,87,10,Yes,Yes,-17.6,27.36,Mining-Gold/Silver/Gems,NA,0,3,No,1.3,0,Yes,91,22,11.8,0.8,0,41.7,40,141,-34,1.26,Yes,0,0.74,-34.39,24,15,44,0.47,19786,5625.8,4.27,206603.9,-16.8,-40.9,-10.5,-24.8,NA,-26,NA,99,142,E,6.3,35,15,-9.8,-4,-6.1,24,388.7,64,79,87,NA,69.5,710,No,0.2,35,382,NA,No,306,NA,No,No,No,12.47,0,No,125,0.9,83,45,New York Stock Exchange,No,15,No,2.63,-,96,202638.2,60,85,104.2,55.3,Yes,Yes,-18.9,1,MINING,-2.6,NA,No,81,5540.2,No,No,No,18.6,-30.6,NA,12.7,79.5,2026-07-24,TFPM,35,15,0,0,0,10,0,60,27.666666666666668,50,TRUE,TRUE,CANSLIM Growth,CANSLIM Growth,12.5,Weak
4428,WPM,Wheaton Precious Metals Corp.,NA,1.5,1.3,1.5,117.63,0,5.5,5,0,631.8,3390686,05/27/2026,0,E,No,No,No,No,Yes,0.01,57.3,0.7,4.53,24.86,1.66,1.74,73,97.94,20,73.4,4.58,4.59,NA,80,85.4,12,41,No,Yes,93.3,131.7,121.5,107.8,48,16,51,129,15,No,Yes,-11.4,104.18,Mining-Gold/Silver/Gems,NA,0,3,Yes,5.36,0.1,No,91,28,14.3,0.7,0,165.76,40,141,-32,3.75,Yes,28,-0.07,-37.15,24,10,42,0.66,245948,47404.4,4.14,454125.1,-16.1,-15.8,-17.2,-31.6,NA,-23,NA,99,142,E,3.7,65,10,-14.4,-5.3,-8.4,12,2314.6,20,92,115,NA,109.4,2082,No,-0.07,82,1725,NA,No,2110,NA,No,No,No,17.23,0,No,132,0.8,179,80,New York Stock Exchange,No,12,No,5.12,Yes,93,453585,84,91,155.5,91.1,Yes,Yes,-20.4,0.9,MINING,-5.3,NA,Yes,56,48140.5,No,No,No,17.1,-16.6,NA,18.5,64.6,2026-07-24,WPM,35,15,0,0,0,10,0,60,25.333333333333332,55,TRUE,TRUE,CANSLIM Growth,CANSLIM Growth,12.5,Weak
3460,RWT,Redwood Trust Inc.,NA,4,4.7,5.4,5.26,0,1.5,3,41,1680.7,7782157,06/23/2026,0,D+,No,No,No,No,No,-8.31,-2,14.1,0.22,-0.07,0,0,45,0,5,-4.1,3.19,3.77,NA,13.8,17.3,-11,40,No,No,-130.4,92.3,-145.8,-127.1,32,-28,25,-101,-8,No,No,-7.4,5.12,REITs,NA,21,87,No,0.19,2466.2,No,195,0,14.5,6.3,0,6.97,41,46,-19,-0.43,No,0,-1.73,-26.54,23,31,45,1.02,12375,652.4,4.13,125215.7,-7.5,-48.4,-0.2,-14.7,NA,-14.1,NA,64,21,C,31.1,257,8,-0.4,4.3,4.3,45,269.5,400,18,-285,NA,56,2523,No,-0.09,131,1110,NA,No,236,NA,No,No,No,2.27,0,No,180,2.3,286,11,New York Stock Exchange,No,30,No,0.72,Yes,97,123066.9,-189,-860,232.9,33.4,Yes,Yes,-7.9,-2.5,REAL EST,0.4,NA,No,44,22487.8,No,No,No,-15.8,-22.9,NA,-7,-1.7,2026-07-24,RWT,30,15,0,0,0,10,0,55,33,10,TRUE,FALSE,CANSLIM Growth,CANSLIM Growth,59.7,Strong
3337,RERE,ATRenew Inc. ADR,NA,2.2,1.7,1.4,4.33,0,0,0,0,55.5,1582370,04/06/2026,0,E,No,No,No,No,Yes,0.02,0,2.5,2.42,-16.33,0.17,0.18,22,59.74,6,2.2,5.16,4.64,NA,33.3,34.7,27,31,Yes,Yes,665.8,246.3,392,342.6,14,57,135,232,9,No,No,-27,3.87,Retail - Home Furnishings/Electronics,NA,0,92,No,0.19,1.6,Yes,16,10,-14.2,0,0,6.47,72,10,-38,0.38,Yes,64,-5.84,-40.19,22,16,47,1.07,5022,902.2,4.48,131484.8,-19.3,-49.6,-2.5,-23.5,NA,-33,NA,79,5,E,18.4,75,35,-9.1,-3.4,-1.6,92,3054.2,95,41,4477,NA,38.1,1159,No,-0.24,109,565,NA,No,69,NA,Yes,No,Yes,0.16,0,No,243,0.9,78,29,New York Stock Exchange,No,11,No,1.49,-,89,0,418,829,160.2,35.8,Yes,Yes,-22.4,3,RETAIL,-2,NA,No,22,348.3,No,No,No,14.5,-14.3,NA,8.7,2.2,2026-07-24,RERE,32,15,0,0,0,10,0,57,28.333333333333332,35,FALSE,TRUE,CANSLIM Growth,CANSLIM Growth,48,Improving
3745,SPOT,Spotify Technology S.A.,NA,3.2,3.5,2.7,495.76,0,5.9,1,0,106.3,6297025,NA,0,A+,No,No,No,No,No,0.11,24.1,0,2.06,30.17,0.59,0.59,82,140.52,32,12.9,4.16,3.76,NA,17.7,16.6,16,18,No,Yes,169.3,187.2,106.9,88.9,4,64,108,153,32,Yes,No,-17.7,478.14,Computer Sftwr-Edu/Media,NA,0,142,No,17.95,5.2,No,17,38,-21.9,4.2,0,748.3,101,95,-15,12.58,Yes,77,0.43,-36.1,21,44,66,1.36,971194,97891.6,3.67,205620.1,-10.6,-15.5,4.9,-10.9,NA,-5.2,NA,81,85,A+,15.8,17,24,1.5,-1.1,1.5,14,20294.1,294,12,117,NA,16.5,2059,No,2.06,738,1741,NA,No,3104,NA,No,No,No,4.78,0,No,234,1.2,185,14,New York Stock Exchange,No,38,No,10.65,Yes,97,151110.1,143,-134,209.4,16,Yes,Yes,-4.1,-0.3,SOFTWARE,-0.3,NA,Yes,47,90982.5,Yes,No,No,-33.7,-37.5,NA,32.2,15.9,2026-07-24,SPOT,30,15,0,0,0,10,0,55,45.666666666666664,60,TRUE,FALSE,CANSLIM Growth,CANSLIM Growth,59.1,Strong
3120,PMT,PennyMac Mortgage Investment Trust,NA,4.8,5.2,5.8,10.98,0,1.5,3,41,1680.7,7208041,07/09/2026,0,D,No,No,No,No,No,-0.79,-2.3,15.6,0.04,-0.12,0,0,16,32.88,7,5.4,2.86,3.08,NA,10.5,23.2,-11,-7,No,Yes,256.2,590,411.6,308.8,2,-8,14,34,-2,No,No,-21.1,9.9,REITs,NA,21,87,No,0.32,799.1,Yes,195,9,10.2,8.4,0,13.81,41,46,-34,1.15,Yes,99,-1.88,-28.31,17,17,37,0.81,14769,879.9,3.23,87202.4,-16.5,-0.1,-1.6,-18.1,NA,-28.3,NA,67,21,E,-56.6,17,28,-5.2,-4.2,-5.1,77,307.5,-16,85,-28,NA,35.7,1409,No,-0.19,840,1423,NA,No,256,NA,No,No,No,2.5,0,No,1700,1.1,17,29,New York Stock Exchange,No,17,No,0.65,-,96,86147.5,53,-124,858.5,31.4,Yes,Yes,-15.3,-0.4,REAL EST,-3.7,NA,No,50,19489,No,No,No,-21.6,17.7,NA,6.7,5.5,2026-07-24,PMT,35,15,0,0,0,10,0,60,23.666666666666668,10,TRUE,TRUE,CANSLIM Growth,CANSLIM Growth,59.7,Strong
3666,SMCI,Super Micro Computer Inc.,NA,2.2,2,1.7,29.12,0,5.3,2,0,2936.1,74475797,NA,0,D,No,No,No,No,Yes,0.48,-3.4,0,2.66,9.16,0.17,0.17,23,48.54,8,5.5,8.6,8.54,NA,51.7,59.8,61,73,No,Yes,10.3,52.9,31.1,14.2,22,63,21,3,18,Yes,No,-17.4,24.18,Computer-Hardware/Perip,NA,0,2,No,2.9,92.7,No,38,11,-16.7,14.4,0,62.36,3,3,-25,2.29,Yes,41,-2.03,-61.22,14,11,55,2.03,1843728,15964.8,7.28,646873.1,-29.2,-39.7,-13,-15.3,NA,-25.9,NA,96,14,D-,36.1,26,20,-27.6,-11.2,-16.6,81,21972,87,123,-7,NA,123,55901,No,-0.5,73,32265,NA,No,1558,NA,No,No,No,0.46,0,No,171,1,35,47,NASDAQ,No,14,No,1.92,Yes,85,563388.9,-48,-34,103.1,76.9,Yes,Yes,-21.3,0.1,COMPUTER,-14.6,NA,No,34,17003.3,No,No,No,-54.2,-57.4,NA,17.9,4.7,2026-07-24,SMCI,35,15,0,0,0,10,0,60,26.666666666666668,40,TRUE,TRUE,CANSLIM Growth,CANSLIM Growth,49.2,Improving
3874,SYM,Symbotic Inc.,NA,10.9,9.7,8,45.1,0,6.1,4,1,712.1,14782498,NA,0,E,No,No,No,No,No,0.05,6.9,0,1.42,5.17,0,0,96,0,61,-3.5,5.85,5.42,NA,21.9,20,0,40,No,No,389.8,706.2,595,452.3,17,-,85,724,-8,No,No,-30.7,41.25,Machinery-Gen Industrial,NA,1.5,40,No,2.33,2.9,No,66,124,-17.3,20.8,0,87.88,88,84,-46,0.33,Yes,0,-1.74,-53.06,10,15,27,1.48,108272,25301.6,5.3,127215.4,-28,-28.3,2.7,-34.7,NA,-38.8,NA,76,88,E,-26.7,-75,62,-10.4,-3.6,-1.9,2,2246.9,267,23,1803,NA,26.3,2334,No,-0.73,79,1640,NA,No,402,NA,No,No,No,2.08,0,No,384,0.8,1723,26,NASDAQ,No,10,No,7.64,-,91,71618.6,12,261,1053.5,19.9,No,Yes,-23.4,0.8,MACHINE,-5.5,NA,No,37,4211.1,No,No,No,-23.9,-51.7,NA,-8.1,0.3,2026-07-24,SYM,30,15,0,0,0,10,0,55,17.333333333333332,30,FALSE,TRUE,CANSLIM Growth,CANSLIM Growth,38.5,Weak
4536,Z,Zillow Group Inc. Cl C,NA,4.2,3.8,3.3,34.46,0,1.7,1,1,229.7,14519579,NA,0,D+,No,No,No,No,Yes,0.06,28.9,0,2.29,23.41,0.34,0.34,58,510.05,14,1,4.86,4.99,NA,16.1,16.8,-22,10,Yes,Yes,340.8,629.2,471.1,404.7,31,56,78,213,0,Yes,No,-50.3,33.91,Real Estate Dvlpmt/Ops,NA,1.7,50,No,1.64,1.8,Yes,60,19,-12.3,9,0,93.88,79,119,-58,1.76,Yes,92,-0.51,-63.88,9,32,40,1.48,159917,7793.8,4.96,180224.1,-37.1,-31.8,5.9,-27.6,NA,-50.5,NA,99,106,C+,17.1,39,31,-2.9,3,5.6,32,2583,26,18,461,NA,18.2,4615,No,-0.17,11,3005,NA,No,904,NA,No,No,No,2.27,0,No,1597,0.8,277,16,NASDAQ,No,17,No,1.76,Yes,99,161422.1,13,-3,937.3,17.6,Yes,Yes,-28.5,-14.2,REAL EST,5.3,NA,No,49,6900.8,No,No,No,-56.3,-42.7,NA,0.5,6.5,2026-07-24,Z,30,15,0,0,0,10,0,55,27,40,TRUE,FALSE,CANSLIM Growth,CANSLIM Growth,59.7,Strong
4543,ZG,Zillow Group Inc. Cl A,NA,3.3,3.4,2.6,34.46,0,1.7,1,1,229.7,3262003,NA,0,D+,No,No,No,No,Yes,0.06,28.9,0,2.29,23.28,0.34,0.34,57,508.08,14,1,4.76,4.98,NA,16.1,16.8,-22,10,Yes,Yes,340.8,629.2,471.1,404.7,31,56,78,213,0,Yes,No,-50.6,33.71,Real Estate Dvlpmt/Ops,NA,1.7,50,No,1.63,1.8,Yes,60,19,-24.9,8.1,0,90.22,79,119,-58,1.76,Yes,92,-0.82,-62.64,9,30,40,1.5,45893,7793.8,4.97,42360.3,-36.6,-30.2,4.5,-28.3,NA,-50.2,NA,99,106,C+,16.2,39,32,-3.9,2.8,5.1,38,2583,26,18,461,NA,18.2,1320,No,-0.28,12,907,NA,No,340,NA,No,No,No,0.53,0,No,1597,0.6,277,16,NASDAQ,No,16,No,1.75,Yes,98,40282.8,13,-3,937.3,17.6,Yes,Yes,-28.7,-0.9,REAL EST,5.3,NA,No,51,6876.8,No,No,No,-54.7,-35.1,NA,0.5,6.5,2026-07-24,ZG,30,15,0,0,0,10,0,55,26.333333333333332,40,TRUE,FALSE,CANSLIM Growth,CANSLIM Growth,59.7,Strong
