Symbol,Name,Current Price,Market Cap (mil),RS Rating,Comp Rating,EPS Rating,SMR Rating,A/D Rating,Quality Score,% Chg 3 Months,% Chg 6 Months,% Chg 12 Months,Sector,ROE
ECO,Okeanis Eco Tankers Corp.,86.85,3397.7,99,99,99,NA,NA,74.3,62.8,69.1,197.4,TRANSPORTATION,25
LITE,Lumentum Holdings Inc.,1133.4,97922.8,99,99,99,NA,NA,74.3,55,46.8,605.7,TELECOM,-240
PAYS,Paysign Inc.,14.36,836.2,99,99,98,NA,NA,74.1,72,142.6,129.4,FINANCE,19.1
ATEYY,Advantest Corp. ADR,266.75,177969.6,98,99,99,NA,NA,74.05,43.1,92,117.1,CHIPS,59.4
HBB,Hamilton Beach Brands Holding Co. Cl A,35.8,488.9,99,98,98,NA,NA,73.85,64.1,93.5,144.4,CONSUMER,15.2
LPG,Dorian LPG Ltd.,56.45,2466,98,99,98,NA,NA,73.85,49.4,63.6,99.1,TRANSPORTATION,17.7
AMD,Advanced Micro Devices Inc.,649.42,1031316.1,97,99,98,NA,NA,73.6,17.6,194.9,218.8,CHIPS,7.1
DELL,Dell Technologies Inc. Cl C,574,351153,99,96,99,NA,NA,73.55,39.4,231.4,293.8,COMPUTER,0
SMTC,Semtech Corp.,197.2,17996,99,99,95,NA,NA,73.5,42,138.6,189.3,CHIPS,-7.4
P,Everpure Inc.,147.2,47944.7,98,99,96,NA,NA,73.45,89.4,140.6,63,COMPUTER,13.7
BWLP,BW LPG Ltd.,25.59,3801.3,97,99,97,NA,NA,73.4,35.5,46.1,85.8,TRANSPORTATION,13.3
RCRUY,Recruit Holdings Co. Ltd. ADR,21.35,142969.6,98,98,97,NA,NA,73.4,45.7,145.7,101.1,BUSINS SVC,31.8
DHT,DHT Holdings Inc.,23.52,3840.6,96,99,98,NA,NA,73.35,37.1,27.1,102.4,TRANSPORTATION,19.4
CRWD,CrowdStrike Holdings Inc. Cl A,278.86,279196.3,99,99,94,NA,NA,73.3,39.9,179.8,124.9,SOFTWARE,-4.2
ERO,Ero Copper Corp.,37.93,4015.1,96,98,99,NA,NA,73.3,43.7,33.7,75.3,MINING,34.6
FORM,FormFactor Inc.,141.3,11561.1,96,98,99,NA,NA,73.3,19.1,35.3,231.9,CHIPS,5.5
TEAM,Atlassian Corp. Cl A,193.98,49779.7,95,99,99,NA,NA,73.3,126.9,184.9,29.2,SOFTWARE,-4.5
TER,Teradyne Inc.,430.32,69498.1,95,99,99,NA,NA,73.3,13.4,36.4,191,CHIPS,19.7
WT,WisdomTree Inc.,24.18,3704.5,97,97,99,NA,NA,73.3,31.1,61.8,74.5,FINANCE,26.6
FTNT,Fortinet Inc.,191.27,135098.7,97,99,96,NA,NA,73.2,17.8,132.4,121.4,SOFTWARE,135.7
NET,Cloudflare Inc. Cl A,355.01,128007.1,97,99,96,NA,NA,73.2,43.4,67.6,60.6,SOFTWARE,-8.2
SHIP,Seanergy Maritime Holdings Corp.,17.5,382.9,96,97,99,NA,NA,73.05,23.2,26.1,109.8,TRANSPORTATION,7.7
SITM,SiTime Corp.,711.06,21351.6,96,97,99,NA,NA,73.05,15.5,95.4,126.4,CHIPS,-4.6
TWLO,Twilio Inc. Cl A,280.41,46212.3,98,99,94,NA,NA,73.05,34.1,113.2,155.6,SOFTWARE,0.4
HPE,Hewlett Packard Enterprise Co.,70.48,90745.5,99,98,93,NA,NA,72.85,63.3,186.7,184.3,BUSINS SVC,0.2
NTAP,NetApp Inc.,228.45,43952.7,98,99,93,NA,NA,72.85,39.7,126.4,89.7,COMPUTER,106.7
HALO,Halozyme Therapeutics Inc.,109.72,12293,97,99,94,NA,NA,72.8,35.8,73.9,63.8,MEDICAL,153.6
UGP,Ultrapar Participacoes S/A ADR,7.74,8549.8,97,98,95,NA,NA,72.75,43.1,37,98.5,ENERGY,17.9
ANET,Arista Networks Inc.,215.36,260947.4,95,99,96,NA,NA,72.7,24.3,70.6,44.1,COMPUTER,31.4
VIAV,Viavi Solutions Inc.,48.14,11536.2,95,97,98,NA,NA,72.6,13.5,34.2,276.7,TELECOM,-2.7
MRVL,Marvell Technology Inc.,287.01,237859.1,97,98,94,NA,NA,72.55,15.1,162.1,222.8,CHIPS,19.3
SN,SharkNinja Inc.,184.72,25735.8,96,99,94,NA,NA,72.55,24,70.3,95.8,CONSUMER,30.4
VCTR,Victory Capital Holdings Inc. Cl A,113.85,7090.8,96,98,95,NA,NA,72.5,25.4,81.3,72.6,FINANCE,18.6
AAMI,Acadian Asset Management Inc.,93.49,3412.7,96,96,97,NA,NA,72.4,18.1,67,107.7,FINANCE,198.5
ASAIY,Sendas Distribuidora S.A. ADR,12.87,3527.6,97,95,97,NA,NA,72.4,54.3,46.6,53.1,RETAIL,9.5
ASX,ASE Technology Holding Co. Ltd. ADR,46.78,102745.5,95,99,94,NA,NA,72.3,8,107.5,310.7,CHIPS,12.5
GCT,GigaCloud Technology Inc.,54.76,1951.9,95,99,94,NA,NA,72.3,60.7,20.2,90.7,BUSINS SVC,30.8
NVDA,NVIDIA Corp.,239.24,5757490,91,99,99,NA,NA,72.3,22.3,34.7,28.9,CHIPS,101.5
ILMN,Illumina Inc.,273.54,44347.2,98,99,90,NA,NA,72.25,40.8,114.1,170.8,MEDICAL,33.4
RNG,RingCentral Inc. Cl A,77.26,6602,99,98,90,NA,NA,72.25,96.9,102.9,172.3,SOFTWARE,0
VICR,Vicor Corp.,299.29,14090.7,94,99,95,NA,NA,72.25,4.9,92.2,498.9,ELECTRNCS,18.5
DDOG,Datadog Inc. Cl A,278.24,99253.7,94,99,94,NA,NA,72.05,9,138.8,76.8,SOFTWARE,3.3
FRO,Frontline PLC,52.77,11966,98,99,89,NA,NA,72.05,43.1,44.7,129.6,TRANSPORTATION,15.6
KRT,Karat Packaging Inc.,53.69,1089.9,99,98,89,NA,NA,72.05,54.3,91,129.9,MISC,20.6
RDVT,Red Violet Inc.,78.02,1282,93,98,96,NA,NA,71.95,13.5,113.4,53.2,BUSINS SVC,14
SNOW,Snowflake Inc.,335.95,119595.7,95,96,96,NA,NA,71.95,28.2,124.9,38.5,SOFTWARE,-54.1
TSM,Taiwan Semiconductor Manufacturing Co. Ltd. ADR,482.3,2102613.5,90,99,98,NA,NA,71.85,6.8,41.1,59.5,CHIPS,36.4
CLS,Celestica Inc.,388.24,48340.7,90,98,99,NA,NA,71.8,10.9,32.8,65,ELECTRNCS,40.5
PRLB,Proto Labs Inc.,97.28,2360.6,97,98,90,NA,NA,71.75,26.1,68.7,92.1,MACHINE,3.2
QLYS,Qualys Inc.,199.93,6873.3,96,99,90,NA,NA,71.75,26.3,121.4,54.3,SOFTWARE,38.2
MPC,Marathon Petroleum Corp.,432.36,121729.1,99,99,86,NA,NA,71.7,60.7,79.1,123.4,ENERGY,23.1
OKTA,Okta Inc. Cl A,218.67,38161.6,99,99,86,NA,NA,71.7,47.2,171.4,133.3,SOFTWARE,3.5
SCCO,Southern Copper Corp.,204.26,173335.3,92,96,98,NA,NA,71.6,18.9,18.2,63.4,MINING,42.9
SMCI,Super Micro Computer Inc.,43.46,28374.3,89,98,99,NA,NA,71.55,59.8,97.1,-20.4,COMPUTER,21.3
NVT,nVent Electric PLC,173.8,27057.8,93,97,95,NA,NA,71.5,10.8,48,77.3,MACHINE,12.3
ZBRA,Zebra Technologies Corp. Cl A,385.78,17772.7,95,99,90,NA,NA,71.5,42.7,82.7,27.8,BUSINS SVC,11.7
INSW,International Seaways Inc.,116.46,5775.4,98,98,87,NA,NA,71.4,36.6,53.8,153,TRANSPORTATION,16
MTSI,MACOM Technology Solutions Holdings Inc.,350.67,25072.6,93,98,93,NA,NA,71.35,7,50.5,166.2,CHIPS,-4.4
TTDKY,TDK Corp. ADR,23.24,41411.6,92,98,94,NA,NA,71.3,7.8,83.7,51.9,ELECTRNCS,10.1
IDT,IDT Corp. Cl B,80.31,2125,96,97,90,NA,NA,71.25,33.2,62.4,65.5,TELECOM,25.4
NVGS,Navigator Holdings Ltd.,23.61,1458.6,91,98,95,NA,NA,71.25,18.9,17.9,54.9,TRANSPORTATION,8.2
SNX,TD SYNNEX Corp.,278.38,22120.7,95,94,95,NA,NA,71.25,16.5,44.2,76.4,BUSINS SVC,9.9
TNK,Teekay Tankers Ltd.,101.24,3585.2,97,99,86,NA,NA,71.2,47.2,29.4,100.3,TRANSPORTATION,18.5
SANM,Sanmina Corp.,228.07,12063.7,90,97,97,NA,NA,71.15,4.8,76.4,62.9,ELECTRNCS,10.8
APH,Amphenol Corp. Cl A,88.62,215204.9,87,99,98,NA,NA,71.1,6.3,40.1,43.6,ELECTRNCS,36.8
MPWR,Monolithic Power Systems Inc.,1473.69,72726.2,91,99,93,NA,NA,71.1,9.5,24.9,52.2,CHIPS,18.6
FIX,Comfort Systems USA Inc.,1817.96,60290.3,88,97,99,NA,NA,71.05,1.4,26.8,120.2,BUILDING,49.2
DT,Dynatrace Inc.,61.05,17400.8,93,99,90,NA,NA,71,34.1,62.9,24.2,SOFTWARE,6.2
NAT,Nordic American Tankers Ltd.,8.22,1772.4,98,98,85,NA,NA,71,41,33,149.8,TRANSPORTATION,2.6
VLO,Valero Energy Corp.,419.22,120736.6,98,98,85,NA,NA,71,55.1,70.7,156.5,ENERGY,9.7
BBD,Banco Bradesco S/A Pref ADR,4.51,46164,92,99,91,NA,NA,70.95,28.9,21.2,41.8,BANKS,14.2
KEYS,Keysight Technologies Inc.,388.03,65402.9,96,99,86,NA,NA,70.95,21.4,32.5,123.9,ELECTRNCS,15.8
NHC,National Healthcare Corp.,228.27,3607.9,91,96,96,NA,NA,70.95,5,39.1,92.7,MEDICAL,11.7
THC,Tenet Healthcare Corp.,258.47,20892.3,92,95,96,NA,NA,70.95,25.4,35.8,29.4,MEDICAL,33.5
ESTC,Elastic N.V.,94.6,9964.7,93,97,92,NA,NA,70.9,61.6,87.1,12.6,SOFTWARE,33.4
MLAB,Mesa Laboratories Inc.,136.06,795.9,97,97,87,NA,NA,70.9,32.7,44.3,89.1,MEDICAL,3.9
NTNX,Nutanix Inc. Cl A,73.41,19862.6,91,99,92,NA,NA,70.9,40,85.8,-1.3,SOFTWARE,37460.2
PWR,Quanta Services Inc.,719.56,102747.7,90,96,97,NA,NA,70.9,6.8,29.8,68.2,BUILDING,12.7
MG,Mistras Group Inc.,21.03,657.3,96,89,98,NA,NA,70.85,25.2,35.6,115.5,BUSINS SVC,7.8
XP,XP Inc. Cl A,29.73,14554,98,99,83,NA,NA,70.85,81.3,57,73.7,FINANCE,24.5
PANW,Palo Alto Networks Inc.,419.91,332729.7,97,99,84,NA,NA,70.8,17.4,159.3,97.5,SOFTWARE,1.7
TSEM,Tower Semiconductor Ltd.,258.41,28157.7,96,96,89,NA,NA,70.8,18,35.9,250.2,CHIPS,7.9
FROG,JFrog Ltd.,98.51,12066.3,89,98,95,NA,NA,70.75,0.4,99.8,103.3,SOFTWARE,-8.6
CHEF,Chefs' Warehouse Inc.,111.21,4531.2,96,90,96,NA,NA,70.7,17.1,87.8,103.6,FOOD/BEV,12.7
NMM,Navios Maritime Partners L.P.,91.38,2621.8,95,99,86,NA,NA,70.7,22.1,28.7,105,TRANSPORTATION,8.8
TEN,Tsakos Energy Navigation Ltd.,50.47,1510.5,96,98,86,NA,NA,70.7,33.3,24,131.5,TRANSPORTATION,9
COHR,Coherent Corp.,338.36,65337.5,89,96,97,NA,NA,70.65,0.8,33.6,194.8,ELECTRNCS,8.5
NSIT,Insight Enterprises Inc.,159.49,4677.9,97,95,88,NA,NA,70.6,42.8,131.5,44.2,BUSINS SVC,9.2
PAYC,Paycom Software Inc.,222.44,9999.2,93,99,88,NA,NA,70.6,59,80.9,11.1,SOFTWARE,27.4
TK,Teekay Corp. Ltd.,14.7,1311.9,95,97,88,NA,NA,70.6,41.1,14.3,81.3,TRANSPORTATION,13.7
ANF,Abercrombie & Fitch Co.,141.39,6000.2,95,96,89,NA,NA,70.55,57.5,45.1,81.5,RETAIL,37
ARW,Arrow Electronics Inc.,240.4,12228.5,97,98,84,NA,NA,70.55,21.5,63.3,95.6,ELECTRNCS,9.3
DDI,DoubleDown Interactive Co. Ltd. ADR,13.4,656.1,94,97,89,NA,NA,70.55,17.6,50.4,45,SOFTWARE,11.1
PLTR,Palantir Technologies Inc.,192.07,455139.3,84,99,99,NA,NA,70.55,44.9,29.8,7,SOFTWARE,26.2
TRGP,Targa Resources Corp.,285.72,61627.5,88,95,99,NA,NA,70.55,8.4,16.3,75.7,ENERGY,65.1
IMAX,Imax Corp.,50.58,2883.6,94,91,96,NA,NA,70.45,35.5,28.6,51.7,LEISURE,10.9
CPAY,Corpay Inc.,406.79,26376.8,90,98,92,NA,NA,70.4,14.1,36.4,40.9,FINANCE,30.5
CIEN,Ciena Corp.,443.65,55261.4,87,96,98,NA,NA,70.35,2.3,2.2,189.5,TELECOM,4.4
TWIN,Twin Disc Inc.,28.56,417.6,97,98,83,NA,NA,70.35,27.8,82.4,98.9,TRANSPORTATION,14.1
ALNT,Allient Inc.,117.24,2017,98,96,84,NA,NA,70.3,33,94.7,171.8,MACHINE,7.8
FFIV,F5 Inc.,469.79,25965.3,93,99,86,NA,NA,70.2,12.1,52.7,42.8,INTERNET,20.6
FMAO,Farmers & Merchants Bancorp Inc.,35.34,487.2,91,97,91,NA,NA,70.2,14.6,37.9,39.5,BANKS,9.3
PD,PagerDuty Inc.,15.44,1226.2,90,98,91,NA,NA,70.2,55.2,134.3,-3.4,SOFTWARE,90.7
VEEV,Veeva Systems Inc. Cl A,283.5,45893.1,89,99,91,NA,NA,70.2,47.6,62.3,-5.4,SOFTWARE,13.9
VIRT,Virtu Financial Inc.,61.62,9759,86,98,96,NA,NA,70.2,-2.1,29.8,90.2,FINANCE,30.9
SAFT,Safety Insurance Group Inc.,103.94,1525.2,94,97,87,NA,NA,70.15,34.6,41.8,48.5,INSURANCE,11.5
WEYS,Weyco Group Inc.,50.96,479.4,96,94,88,NA,NA,70.1,31.5,58.3,73.7,CONSUMER,9.5
MXL,MaxLinear Inc.,109.3,9567.2,97,96,84,NA,NA,70.05,14.2,492.4,561.6,CHIPS,-28.2
CNXN,PC Connection Inc.,92.39,2332,95,97,85,NA,NA,70,25.7,54.1,54.5,BUSINS SVC,9.2
DINO,HF Sinclair Corp.,114.6,20484.3,98,98,80,NA,NA,70,53.9,87.3,119.8,ENERGY,6.2
AVT,Avnet Inc.,106.37,8715.3,97,98,81,NA,NA,69.95,29,70.4,103,ELECTRNCS,6.7
CVE,Cenovus Energy Inc.,31.24,58084.6,94,93,91,NA,NA,69.95,28.2,16.2,78.8,ENERGY,12.9
FCX,Freeport-McMoRan Inc.,72.56,104254.9,92,95,91,NA,NA,69.95,19,18.9,80,MINING,12
HAFN,Hafnia Ltd.,10.13,4972.1,96,99,81,NA,NA,69.95,42.5,25.1,63.4,TRANSPORTATION,14.8
KN,Knowles Corp.,39.19,3365.2,91,96,91,NA,NA,69.95,6.6,50.2,60.5,ELECTRNCS,6.6
CRCT,Cricut Inc. Cl A,6.38,1355.1,92,98,87,NA,NA,69.9,44.3,55.2,10.8,COMPUTER,18.9
DXCM,DexCom Inc.,83.39,32792.6,88,94,97,NA,NA,69.9,15.2,31.9,25.7,MEDICAL,34.5
IESC,IES Holdings Inc.,341.85,13533.4,88,94,97,NA,NA,69.9,1.9,39.8,71.2,BUILDING,40.5
JCI,Johnson Controls International PLC,158.76,95010.6,88,98,92,NA,NA,69.9,11.2,18.7,44.9,MISC,11.9
MSFT,Microsoft Corp.,529.3,3899748,86,99,93,NA,NA,69.85,36.9,41.9,0.1,SOFTWARE,34
WKC,World Kinect Corp.,36.52,1863.5,91,94,93,NA,NA,69.85,10.1,57.2,40.6,ENERGY,-37.8
AMG,Affiliated Managers Group Inc.,379.72,9844.9,88,96,94,NA,NA,69.8,6.5,42.1,55.1,FINANCE,21.8
AMRX,Amneal Pharmaceuticals Inc.,20.3,6498.9,96,96,84,NA,NA,69.8,19.9,64.3,92.4,MEDICAL,0
MGNI,Magnite Inc.,24.84,3579.9,93,95,89,NA,NA,69.8,19.2,104.3,28.9,BUSINS SVC,17.1
EXEL,Exelixis Inc.,58.33,14582,86,97,95,NA,NA,69.75,5,32.6,45.8,MEDICAL,35.5
VSXY,Victoria's Secret & Co.,85.09,7131.7,94,89,95,NA,NA,69.75,9.3,76.3,191.4,CONSUMER,21.5
PSX,Phillips 66,269.79,107623.9,98,98,78,NA,NA,69.6,52.1,52.1,103,ENERGY,15.6
PARR,Par Pacific Holdings Inc.,86.91,4384.7,98,97,79,NA,NA,69.55,43.1,34.1,146.6,ENERGY,27.3
LRCX,Lam Research Corp.,333.89,432742.5,85,97,95,NA,NA,69.5,-4.7,51.3,123.9,CHIPS,65.1
QUAD,Quad/Graphics Inc.,9.39,489.2,93,89,95,NA,NA,69.5,14.8,32.6,65,MEDIA,30.3
SB,Safe Bulkers Inc.,8.58,996,96,98,80,NA,NA,69.5,28.4,30.6,91.9,TRANSPORTATION,4.6
CRSR,Corsair Gaming Inc.,13.64,1463.6,98,95,81,NA,NA,69.45,50.4,141.4,71.1,COMPUTER,-2
DV,DoubleVerify Holdings Inc.,13.48,2099.1,87,94,96,NA,NA,69.45,15.5,34,19.2,BUSINS SVC,4.6
ROG,Rogers Corp.,156.6,2842.9,93,95,87,NA,NA,69.4,11,48,85.3,CHIPS,-5.1
SSRM,SSR Mining Inc.,34.28,6914.6,88,92,97,NA,NA,69.4,11.9,7.6,46.4,MINING,12
SU,Suncor Energy Inc.,68.22,80466.2,90,94,92,NA,NA,69.4,24.2,3.2,64.3,ENERGY,13.3
WAB,Wabtec,291.16,49298.3,87,97,92,NA,NA,69.4,11.4,14.6,44.7,TRANSPORTATION,11
TRMD,Torm PLC,39.05,4014.1,97,98,78,NA,NA,69.35,39.5,32,82.6,TRANSPORTATION,13.3
FSM,Fortuna Mining Corp.,11.18,3305.8,85,93,99,NA,NA,69.3,28.8,8.9,24.6,MINING,17.2
MU,Micron Technology Inc.,1045.56,1201629.1,95,95,84,NA,NA,69.3,6.2,176.8,447.5,COMPUTER,88.3
BBDO,Banco Bradesco S/A Ord ADR,4.02,46164,92,97,85,NA,NA,69.25,35.4,18.9,42,BANKS,14.2
MUFG,Mitsubishi UFJ Financial Group Inc. ADR,23.2,255906.1,90,94,91,NA,NA,69.2,9.6,32,49.3,BANKS,11.6
RGA,Reinsurance Group of America Inc.,251.14,16393.3,86,94,96,NA,NA,69.2,12.1,20.4,27.2,INSURANCE,9.7
SHOP,Shopify Inc. Cl A,164.44,206110.5,81,99,96,NA,NA,69.2,36.9,38.4,0,SOFTWARE,9.8
UOVEY,United Overseas Bank Ltd. ADR,68.1,55482.2,83,97,96,NA,NA,69.2,8.7,18.5,24.2,BANKS,9.7
FRD,Friedman Industries Inc.,42.27,304.4,97,94,82,NA,NA,69.15,26.1,143,105.5,METALS,13.5
CZFS,Citizens Financial Services Inc.,79.65,382.5,88,94,93,NA,NA,69.1,9.9,24.4,37.7,BANKS,11.5
LQDT,Liquidity Services Inc.,41.51,1354.2,89,93,93,NA,NA,69.1,8.2,32.3,53.2,RETAIL,14.6
MFG,Mizuho Financial Group Inc. ADR,11.15,133811.4,91,95,88,NA,NA,69.1,7.7,36,72.1,BANKS,11.8
MTLS,Materialise N.V. ADR,8.56,505,93,97,83,NA,NA,69.1,16.9,72.2,34.4,MACHINE,3.1
FLXS,Flexsteel Industries Inc.,87.81,360.3,97,96,79,NA,NA,69.05,21,88.8,104.3,CONSUMER,22
ADI,Analog Devices Inc.,420.55,203081.4,90,98,85,NA,NA,69,8.2,28.5,73.4,CHIPS,6.6
IMOS,ChipMOS Technologies Inc. ADR,78.39,2750.8,95,97,80,NA,NA,69,8.1,114.4,289.8,CHIPS,2.1
JXN,Jackson Financial Inc.,132.91,9065.5,89,95,90,NA,NA,69,21.5,25.5,30.8,INSURANCE,0.3
PTC,PTC Inc.,193,20861.4,85,99,90,NA,NA,69,54.4,33.7,-5.9,SOFTWARE,20.9
TENB,Tenable Holdings Ltd.,39.47,4241.5,82,98,95,NA,NA,69,-4.4,113.8,33.2,SOFTWARE,-9.9
STNG,Scorpio Tankers Inc.,86.23,4327.5,91,96,86,NA,NA,68.95,17,12.7,53.3,TRANSPORTATION,11.4
DGII,Digi International Inc.,73.94,2829.4,89,93,92,NA,NA,68.9,1,46.2,101.1,COMPUTER,6.7
TECK,Teck Resources Ltd. Cl B,67.1,33332,89,97,87,NA,NA,68.9,9.2,26.9,55.9,MINING,5.5
SIMO,Silicon Motion Technology Corp. ADR,284.96,9577.2,82,95,98,NA,NA,68.85,-10.6,144.4,185,COMPUTER,15.3
ASML,ASML Holding N.V.,1834.1,709129.8,87,97,89,NA,NA,68.8,0.5,40.7,75.8,CHIPS,51.4
FIVN,Five9 Inc.,33.29,2568.2,97,95,79,NA,NA,68.8,38.1,119.4,44.2,SOFTWARE,5.6
MATX,Matson Inc.,224.78,6897.5,93,95,84,NA,NA,68.8,9.9,34.5,127.6,TRANSPORTATION,16.4
BLFS,BioLife Solutions Inc.,38.61,1888.9,96,95,80,NA,NA,68.75,38.9,100.4,45.6,MEDICAL,-3.4
HSHP,Himalaya Shipping Ltd.,17.78,851.9,95,96,80,NA,NA,68.75,20,26.4,116.8,TRANSPORTATION,11.2
IBEX,IBEX Ltd.,43.19,575.4,89,98,85,NA,NA,68.75,32.4,56.4,14.8,BUSINS SVC,30.4
ETON,Eton Pharmaceuticals Inc.,54.77,1589.8,99,91,81,NA,NA,68.7,44.1,119.1,164.2,MEDICAL,-18.2
NVEC,NVE Corp.,116.53,552.1,96,98,76,NA,NA,68.7,17.6,65.9,70.2,ELECTRNCS,25.2
SBLK,Star Bulk Carriers Corp.,29.86,3453.6,92,94,86,NA,NA,68.7,14.3,23.9,61.9,TRANSPORTATION,3.4
BGC,BGC Group Inc. Cl A,11.85,5800.7,84,97,92,NA,NA,68.65,6.8,14.1,31.8,FINANCE,16.6
MTRN,Materion Corp.,312.15,6649.7,97,95,78,NA,NA,68.6,19.2,109.7,147.9,METALS,8.3
CAKE,Cheesecake Factory Inc.,108.23,5425.4,98,89,84,NA,NA,68.55,40.8,89.7,99.1,RETAIL,33.7
FIGS,FIGS Inc.,14.1,2264.5,87,88,99,NA,NA,68.55,42.7,5.2,100.6,CONSUMER,8.4
GRMN,Garmin Ltd.,279.21,55063.3,84,95,94,NA,NA,68.55,13.9,15,8.4,CONSUMER,19.8
WXXWY,Wuxi Biologics (Cayman) Inc. ADR,14.79,29060.8,96,99,74,NA,NA,68.55,53.7,63.4,33.6,MEDICAL,10.9
PNTG,Pennant Group Inc.,39.95,1407.6,83,95,95,NA,NA,68.5,0.1,33.5,56.6,MEDICAL,9.5
RBRK,Rubrik Inc. Cl A,125.8,25432.1,97,97,75,NA,NA,68.5,44,147.2,53,SOFTWARE,0
ATLC,Atlanticus Holdings Corp.,93.07,1408.7,84,93,96,NA,NA,68.45,-2.9,68.1,71.9,FINANCE,20.7
REPYY,Repsol S.A. ADR,31.68,35283.1,92,89,91,NA,NA,68.45,23.6,11.8,76.5,ENERGY,8.1
XMTR,Xometry Inc. Cl A,110.66,6173.7,97,96,76,NA,NA,68.45,17.4,158.6,109.8,ELECTRNCS,-20.9
OOMA,Ooma Inc.,19.86,579.6,87,89,97,NA,NA,68.4,0.3,35.7,71.8,TELECOM,7.2
MSADY,MS&AD Insurance Group Holdings Inc. ADR,30.83,44944.9,87,92,93,NA,NA,68.35,10,19.3,39.3,INSURANCE,10.1
DCBO,Docebo Inc.,24.11,593.9,81,97,94,NA,NA,68.3,30.7,38.7,-12.6,SOFTWARE,56.9
NEM,Newmont Corp.,116.39,122038.6,82,92,99,NA,NA,68.3,18.5,3.2,31.5,MINING,22.2
S,SentinelOne Inc.,25.8,8850.9,97,97,74,NA,NA,68.3,42.1,91,44.1,SOFTWARE,-29
SMBK,SmartFinancial Inc.,51.25,865,88,94,89,NA,NA,68.3,8.9,27.8,43.3,BANKS,9.6
SMMYY,Sumitomo Metal Mining Co. Ltd. ADR,15.52,16698,92,86,94,NA,NA,68.3,27.2,4.6,87.6,MINING,9.2
TRV,Travelers Cos. Inc.,360.64,75233,82,92,99,NA,NA,68.3,6.3,22,27.6,INSURANCE,20.7
EQNR,Equinor ASA ADR,43.01,100785,91,94,85,NA,NA,68.25,34.2,2.5,69.5,ENERGY,12.2
ALRS,Alerus Financial Corp.,32.36,807.5,87,93,91,NA,NA,68.2,4,34.4,47.8,BANKS,3.3
CGNX,Cognex Corp.,66.35,10828.6,80,96,96,NA,NA,68.2,-4.5,34,41.6,ELECTRNCS,7.6
DOCU,DocuSign Inc.,68.22,13088.8,82,98,91,NA,NA,68.2,45.5,42,-5.5,SOFTWARE,15.8
RELY,Remitly Global Inc.,23.2,4849.7,82,94,96,NA,NA,68.2,-4.3,43.1,47.6,FINANCE,8.9
STGW,Stagwell Inc. Cl A,8.5,2085.4,92,88,91,NA,NA,68.2,12.1,33,55.1,BUSINS SVC,5.3
FBIZ,First Business Financial Services Inc.,70.71,591.1,88,95,87,NA,NA,68.15,9.9,26.4,38.7,BANKS,14.1
PBF,PBF Energy Inc.,82.88,9976.1,99,96,72,NA,NA,68.15,68.3,78.7,167.4,ENERGY,-2.9
BOX,Box Inc. Cl A,35.27,4848.7,88,98,83,NA,NA,68.1,24.4,45.9,6.7,SOFTWARE,58.5
DXPE,DXP Enterprises Inc.,191.65,3038.3,93,93,83,NA,NA,68.1,17.9,34.3,50.2,MACHINE,19.3
RCKY,Rocky Brands Inc.,46.56,345.7,92,90,88,NA,NA,68.1,17.3,18.9,61.1,CONSUMER,9.2
HSTM,HealthStream Inc.,31.31,965,85,96,89,NA,NA,68.05,7.7,53.5,14.5,BUSINS SVC,5.1
SEIC,SEI Investments Co.,102.86,12393.2,83,94,94,NA,NA,68.05,8.3,35.4,20.5,FINANCE,30.4
WPM,Wheaton Precious Metals Corp.,137.65,62001.2,81,92,99,NA,NA,68.05,19.4,2.7,25.4,MINING,18.5
ELF,e.l.f. Beauty Inc.,102.79,6122.1,86,93,91,NA,NA,67.95,39.9,62.6,-25.7,CONSUMER,2.8
LTH,Life Time Group Holdings Inc.,40.38,8951.9,84,91,96,NA,NA,67.95,-1.8,45.1,49.7,LEISURE,13
WCC,Wesco International Inc.,384.09,18376.7,95,96,76,NA,NA,67.95,21.2,37.6,75,ELECTRNCS,13.5
ENTG,Entegris Inc.,166.89,25505.4,94,96,77,NA,NA,67.9,15,44.3,66.5,CHIPS,6.2
UVE,Universal Insurance Holdings Inc.,43.51,1215.1,82,92,97,NA,NA,67.9,1.4,29,46.4,INSURANCE,39.6
ASC,Ardmore Shipping Corp.,18.82,790.1,94,95,78,NA,NA,67.85,23.7,19.6,60.9,TRANSPORTATION,6.1
OPY,Oppenheimer Holdings Inc. Cl A,120.58,1290.8,89,92,88,NA,NA,67.85,4.4,32.5,67.8,FINANCE,16.2
AAPL,Apple Inc.,333.63,4858256.7,84,96,89,NA,NA,67.8,6.7,28.9,30,TELECOM,171.4
CHMG,Chemung Financial Corp.,81.62,394.9,91,92,85,NA,NA,67.75,9.2,49.8,55.4,BANKS,6.4
TMP,Tompkins Financial Corp.,97.81,1408.5,84,91,95,NA,NA,67.75,3.3,21.2,47.5,BANKS,19.5
ATI,ATI Inc.,194.69,26293.1,88,86,96,NA,NA,67.7,1.4,31.6,132.7,AEROSPACE/DEFENSE,22.1
PBI,Pitney Bowes Inc.,16.56,2304.5,85,89,96,NA,NA,67.7,-1.4,49.9,51.1,BUSINS SVC,0
SFL,SFL Corp. Ltd.,13.3,2030.9,94,96,76,NA,NA,67.7,21.7,21.2,74.8,TRANSPORTATION,-2.5
TGB,Trekor Metals Ltd.,8.81,3255.9,95,91,81,NA,NA,67.7,26.4,30.1,114.4,MINING,-4.7
BWMN,Bowman Consulting Group Ltd.,42.79,741.2,90,87,92,NA,NA,67.65,45.3,45,1.6,BUSINS SVC,4.8
GCBC,Greene County Bancorp Inc.,34.37,584.5,85,96,87,NA,NA,67.65,-0.4,50.6,48.7,BANKS,15.9
LFST,LifeStance Health Group Inc.,12.12,4669.9,94,91,82,NA,NA,67.65,10.3,89.4,116,MEDICAL,0.7
LSCC,Lattice Semiconductor Corp.,134.47,18868.7,86,95,87,NA,NA,67.65,-2.1,38.3,80.6,CHIPS,0.4
APPN,Appian Corp. Cl A,37.25,2736.9,90,94,83,NA,NA,67.6,52.8,51.8,23.8,SOFTWARE,0
CXW,CoreCivic Inc.,31.78,3335.7,91,89,88,NA,NA,67.6,4.5,58.5,66.5,BUSINS SVC,8
AMZN,Amazon.com Inc.,256.29,2711679.4,76,95,99,NA,NA,67.55,5,20.4,16,RETAIL,22.3
CRVL,Corvel Corp.,75.83,3839.3,83,96,89,NA,NA,67.55,18.7,40.3,1.6,MEDICAL,30.8
OII,Oceaneering International Inc.,44.97,4544.5,93,86,89,NA,NA,67.55,15.7,22.9,84.6,ENERGY,39.6
WHD,Cactus Inc. Cl A,64.17,5191.6,94,89,84,NA,NA,67.55,27.1,29,72.3,ENERGY,14.5
BHE,Benchmark Electronics Inc.,85.96,3093.1,89,93,85,NA,NA,67.5,0.5,53.9,122.8,ELECTRNCS,2.2
HAE,Haemonetics Corp.,103.52,4762.6,96,94,75,NA,NA,67.5,38,77.1,108.9,MEDICAL,12
ISMAY,Indra Sistemas S.A. ADR,33.49,11792.1,87,90,91,NA,NA,67.45,12.1,17.6,47.3,BUSINS SVC,29.1
FET,Forum Energy Technologies Inc.,84.43,1002.4,98,85,83,NA,NA,67.35,81.4,42.8,228.6,ENERGY,-3.2
MTCH,Match Group Inc.,40.62,9257.8,84,91,93,NA,NA,67.35,7.8,26.4,19.5,INTERNET,0
MTW,Manitowoc Co.,23.38,847.8,99,96,68,NA,NA,67.35,81.5,98.3,118.7,MACHINE,1.1
ARM,Arm Holdings PLC ADR,302.56,323497.2,85,93,89,NA,NA,67.3,-6.1,103.4,93.7,CHIPS,12
EME,EMCOR Group Inc.,824.52,34370.4,79,95,94,NA,NA,67.3,4.7,8.8,23.1,BUILDING,38.5
NDSN,Nordson Corp.,334.22,18627.5,89,97,79,NA,NA,67.3,13.8,27,42.8,MACHINE,16.2
SHEL,Shell PLC ADR,97.62,273925.4,86,96,84,NA,NA,67.3,24.9,4.3,31.4,ENERGY,10.1
CVLT,Commvault Systems Inc.,154.98,6371.3,76,97,95,NA,NA,67.25,3.3,96.3,-13,SOFTWARE,42.5
DIOD,Diodes Inc.,107.74,4767.7,94,95,75,NA,NA,67.25,10.3,46.3,103.2,CHIPS,3.6
EQH,Equitable Holdings Inc.,54.5,14743.9,84,93,90,NA,NA,67.25,14.8,41.7,7,FINANCE,-182.7
MEDP,Medpace Holdings Inc.,602.9,17319.5,76,97,95,NA,NA,67.25,6.7,21.6,13.7,MEDICAL,70.2
TAL,TAL Education Group ADR,12.6,5927.9,83,98,85,NA,NA,67.25,27.1,11.7,12.1,CONSUMER,14.1
DSEEY,Daiwa Securities Group Inc. ADR,11.25,15040,85,94,87,NA,NA,67.15,6.6,19,39.3,FINANCE,10.5
ELPC,Companhia Paranaense de Energia-COPEL ADR,13.89,10280.7,92,95,77,NA,NA,67.15,19.6,12.6,58,UTILITY,11.4
FSLY,Fastly Inc. Cl A,25.51,4143.4,91,92,82,NA,NA,67.15,39.8,-19.1,194.6,SOFTWARE,-12.8
RAMP,LiveRamp Holdings Inc.,37.65,2292.6,81,90,97,NA,NA,67.15,0.3,36.6,34.4,BUSINS SVC,15.1
USCB,USCB Financial Holdings Inc.,22.3,414.6,83,92,92,NA,NA,67.15,9.3,16.4,29,BANKS,12.1
DBSDY,DBS Group Holdings Ltd. ADR,245.19,172842.3,92,94,78,NA,NA,67.1,18.5,36.6,48.8,BANKS,16.3
GIC,Global Industrial Co.,43.44,1660.8,92,94,78,NA,NA,67.1,31.3,37.5,22.9,RETAIL,24
PANL,Pangaea Logistics Solutions Ltd.,8.41,558.5,90,96,78,NA,NA,67.1,23,17,65.9,TRANSPORTATION,4.5
META,Meta Platforms Inc.,738.88,1889994.9,83,98,84,NA,NA,67.05,23.1,28.9,3.2,INTERNET,30.2
ALRM,Alarm.Com Holdings Inc.,56.11,2760.8,80,96,90,NA,NA,67,12.5,27,7.3,BUSINS SVC,16.8
BELFB,Bel Fuse Inc. Cl B,260.26,3616.6,78,94,95,NA,NA,67,-6.2,25.8,84.4,ELECTRNCS,15.7
CDNA,CareDx Inc.,63.79,3613.6,99,97,65,NA,NA,67,119.5,258,326.4,MEDICAL,-6.3
ACNB,ACNB Corp.,63.73,648.6,86,93,86,NA,NA,66.95,5.4,30.5,44.9,BANKS,10.2
CAC,Camden National Corp.,56.76,962.8,82,93,91,NA,NA,66.95,3.5,15.8,44.8,BANKS,10.6
FTI,TechnipFMC PLC,69.89,27549.5,82,89,96,NA,NA,66.95,3.9,-2.4,83.9,ENERGY,29.9
HURN,Huron Consulting Group Inc.,157.26,2547.2,79,96,91,NA,NA,66.95,57.2,20.6,4.7,BUSINS SVC,19.3
KARO,Karooooo Ltd.,61.6,1884.5,83,96,86,NA,NA,66.95,9.4,24.1,12.3,SOFTWARE,30
SMFG,Sumitomo Mitsui Financial Group Inc. ADR,25.83,162154.5,84,91,91,NA,NA,66.95,1.3,26.4,57.5,BANKS,10.6
GPRK,GeoPark Ltd.,11.44,732,93,93,77,NA,NA,66.9,22.4,29.9,75.7,ENERGY,22.1
IVZ,INVESCO Ltd.,30.38,13465.7,82,88,97,NA,NA,66.9,9.2,32.8,25.9,FINANCE,-2.1
VRNS,Varonis Systems Inc.,49.08,5530.5,81,93,92,NA,NA,66.9,7.5,107.3,-19.2,SOFTWARE,-24.5
APA,APA Corp.,44.1,15362.9,92,93,78,NA,NA,66.85,35.9,2.5,75.6,ENERGY,25.2
TILE,Interface Inc.,35.05,2014.9,80,89,98,NA,NA,66.85,0.7,40.9,28.7,BUILDING,20.6
LIND,Lindblad Expeditions Holdings Inc.,36.08,2336.1,99,93,69,NA,NA,66.8,41.6,106.4,189.3,LEISURE,0
SUTNY,Sumitomo Mitsui Trust Group Inc. ADR,5.71,31025.5,93,93,76,NA,NA,66.7,13.5,42.4,62.5,BANKS,9.8
ING,ING Groep N.V. ADR,34.9,96976.4,85,92,87,NA,NA,66.65,5.9,30.3,37.8,BANKS,12.9
INGM,Ingram Micro Holding Corp.,28.17,6344.4,84,89,92,NA,NA,66.65,7.2,12.3,30.8,BUSINS SVC,8.2
SCSC,Scansource Inc.,60.94,1228.9,94,95,72,NA,NA,66.65,18.6,65.1,42.7,BUSINS SVC,8.7
CRM,Salesforce Inc.,224.99,189117.2,73,95,98,NA,NA,66.6,35.8,21.6,-8.5,SOFTWARE,12.4
EMBJ,Embraer S/A ADR,75.2,13778,85,87,93,NA,NA,66.6,11.8,18.4,28.2,AEROSPACE/DEFENSE,10.7
STT,State Street Corp.,175.75,48449.1,83,89,93,NA,NA,66.6,-0.1,35,50.3,FINANCE,11.1
NTOIY,Neste Oyj ADR,17.96,27933.5,90,89,84,NA,NA,66.55,12.8,14.5,88.4,ENERGY,2
URBN,Urban Outfitters Inc.,80.25,6989.9,80,94,90,NA,NA,66.5,15.7,20.6,9.8,RETAIL,17.6
LFUS,Littelfuse Inc.,454.28,11465.5,91,94,76,NA,NA,66.45,7.6,34.1,74.4,ELECTRNCS,-3
YEXT,Yext Inc.,6.56,655.2,74,95,96,NA,NA,66.45,31.5,67.8,-22,SOFTWARE,24.2
CIX,CompX International Inc.,39,471.6,97,95,67,NA,NA,66.4,56,71.4,66.5,CONSUMER,13.7
NNBR,NN Inc.,4.04,350.1,95,93,72,NA,NA,66.4,9.2,174.8,103,MACHINE,-21.6
MANH,Manhattan Associates Inc.,202.84,11978.8,87,96,78,NA,NA,66.35,31.9,48.7,1.2,SOFTWARE,71.7
NUE,Nucor Corp.,251.07,57038.8,93,90,78,NA,NA,66.35,12.1,48,85.2,METALS,8.4
CNO,CNO Financial Group Inc.,54.04,4998.9,82,88,94,NA,NA,66.3,2.7,29.9,36.5,INSURANCE,8.9
CTBI,Community Trust Bancorp Inc.,76.11,1382.2,84,94,84,NA,NA,66.3,4.5,21.7,34.8,BANKS,12.2
PCTY,Paylocity Holding Corp.,146.16,7820.1,78,96,89,NA,NA,66.3,28.5,36.9,-6.6,SOFTWARE,22
PLXS,Plexus Corp.,272.63,7280.8,86,92,84,NA,NA,66.3,-0.9,32.8,83.2,ELECTRNCS,12.4
SLAB,Silicon Laboratories Inc.,222.62,7434.1,82,96,84,NA,NA,66.3,2.3,6.3,64.7,CHIPS,-6
ZS,Zscaler Inc.,212.25,32904.4,75,95,94,NA,NA,66.3,41.1,52.1,-30.5,SOFTWARE,-2.9
SNDK,Sandisk Corp.,1660.46,249521.4,88,89,85,NA,NA,66.25,-4.8,129.1,1270.4,COMPUTER,91.6
AUGO,Aura Minerals Inc.,86.67,7136.3,92,88,81,NA,NA,66.2,28,-2.6,136.7,MINING,-32.5
GEO,GEO Group Inc.,29.94,4256.6,88,88,86,NA,NA,66.2,0.7,68.5,54.2,BUSINS SVC,17.9
PBR,Petroleo Brasileiro S/A ADR,23.8,149200.9,95,97,66,NA,NA,66.2,46.4,14.1,92.6,ENERGY,29.2
WTBA,West Bancorp Inc.,29.53,501.9,87,93,81,NA,NA,66.2,9.5,21.4,46.4,BANKS,13.2
CARE,Carter Bankshares Inc.,30.46,677.1,75,91,98,NA,NA,66.1,-8.3,29.3,56.9,BANKS,7.7
CMBT,CMB.TECH N.V.,19.68,5796,97,97,63,NA,NA,66.1,29.4,50.6,108.9,TRANSPORTATION,8.4
LGND,Ligand Pharmaceuticals Inc.,296.94,6115.6,78,92,93,NA,NA,66.1,-7.3,45.8,62.6,MEDICAL,13.5
TELWY,Tokyo Electron Ltd. ADR,200.52,188023.3,79,95,88,NA,NA,66.1,-10,66.9,96.7,CHIPS,30
AKO.A,Embotelladora Andina S.A. (Series A) ADR,24.5,4314,76,97,89,NA,NA,66.05,8.4,7.1,21.2,FOOD/BEV,24.9
SRCE,1st Source Corp.,85.77,2077.3,84,93,84,NA,NA,66.05,4.2,19.9,40.9,BANKS,13.1
WDAY,Workday Inc. Cl A,186.55,45539.4,74,95,94,NA,NA,66.05,35.2,43.8,-21.7,SOFTWARE,8.2
COHU,Cohu Inc.,73.1,3490.3,98,94,65,NA,NA,66,24.5,125.1,262.1,CHIPS,-9
EGO,Eldorado Gold Corp.,38.54,9909,80,88,95,NA,NA,66,15.4,7.4,29,MINING,12.7
IBKR,Interactive Brokers Group Inc.,90.58,40346.6,75,93,95,NA,NA,66,-5.6,32,30.1,FINANCE,20.4
NUTX,Nutex Health Inc.,218.4,1540.8,94,98,65,NA,NA,66,12.8,117,101.1,MEDICAL,30.7
VBNK,VersaBank,22.28,726.1,86,94,80,NA,NA,66,-1.4,52.5,77.6,BANKS,6.1
EAT,Brinker International Inc.,190.44,8131.7,88,83,91,NA,NA,65.95,8,27.3,50.5,RETAIL,119.6
MCK,McKesson Corp.,921.67,106732.6,80,95,86,NA,NA,65.95,17.5,7.6,24.3,MEDICAL,0
EXPD,Expeditors International of Washington Inc.,191.8,25233.8,91,91,77,NA,NA,65.9,15.8,31.8,55.1,TRANSPORTATION,35.4
PLBC,Plumas Bancorp,61.7,429.8,85,97,77,NA,NA,65.9,4.2,23.4,45.1,BANKS,13.5
TTMI,TTM Technologies Inc.,132.71,14026.1,76,90,97,NA,NA,65.9,-11.2,38.7,121.6,ELECTRNCS,10.7
CFFN,Capitol Federal Financial Inc.,8.52,1074.7,77,92,93,NA,NA,65.85,0.7,16.2,33.5,BANKS,6.5
FVCB,FVCBankcorp Inc.,17.6,319.2,79,94,88,NA,NA,65.85,1.3,15.3,38.8,BANKS,9
ITUB,Itau Unibanco Holding S/A ADR,10.15,114473,92,97,68,NA,NA,65.85,22.4,20.4,46.6,BANKS,22.5
ONTO,Onto Innovation Inc.,313.71,15969.3,91,94,73,NA,NA,65.85,3.2,41.8,115.9,CHIPS,6.8
ARIS,Aris Mining Corp.,17.66,3634.3,77,87,99,NA,NA,65.8,10.5,-8.5,69.6,MINING,7
FLEX,Flex Ltd.,121.38,43138.2,78,89,95,NA,NA,65.75,-12.5,79.3,111.9,ELECTRNCS,17.3
PBR.A,Petroleo Brasileiro S/A ADR A,21.62,149200.9,95,96,65,NA,NA,65.75,47.2,14,87.2,ENERGY,29.2
MET,MetLife Inc.,97.16,61565,83,91,86,NA,NA,65.7,7.4,36.8,18,INSURANCE,12.1
AMAT,Applied Materials Inc.,530.27,430352,79,94,87,NA,NA,65.65,-10.5,50.4,136.8,CHIPS,35.5
FNV,Franco-Nevada Corp.,243.98,46541,75,90,97,NA,NA,65.65,14.7,-4.9,10,MINING,16.3
ITIC,Investors Title Co.,293.23,553.9,77,92,92,NA,NA,65.65,4.2,31.6,6.1,INSURANCE,13.5
MYE,Myers Industries Inc.,31.83,1200.8,91,82,87,NA,NA,65.65,4,51.3,89,MISC,12.2
NU,Nu Holdings Ltd. Cl A,15.66,73326.8,68,97,97,NA,NA,65.65,11.4,9.8,1.8,BANKS,30.3
PAY,Paymentus Holdings Inc.,31.71,3982.2,74,91,97,NA,NA,65.65,12.6,25.1,-3.9,FINANCE,12.8
PDFS,PDF Solutions Inc.,54.44,2368.1,86,83,92,NA,NA,65.65,-4.1,59.8,102.2,SOFTWARE,-0.2
AVGO,Broadcom Inc.,375.81,1730488.6,70,94,98,NA,NA,65.6,0.5,19.5,12,CHIPS,31
AXTI,AXT Inc.,84.06,5682.6,98,86,73,NA,NA,65.6,32.3,100.2,1456.7,CHIPS,-9.1
FIVE,Five Below Inc.,209.92,11887.8,78,86,98,NA,NA,65.6,19,-10.2,36.6,RETAIL,17.9
LLY,Eli Lilly & Co.,1157.49,1076084.1,71,93,98,NA,NA,65.6,-3.5,24.9,37,MEDICAL,101.4
AME,Ametek Inc.,253.72,57755.5,83,96,79,NA,NA,65.55,7,16.2,38.7,MACHINE,14.6
CBOE,Cboe Global Markets Inc.,278.2,28976.5,74,92,95,NA,NA,65.5,13.5,-6,17.5,FINANCE,23.2
TGT,Target Corp.,154.33,69502.9,94,84,80,NA,NA,65.5,22.4,26.3,73.5,RETAIL,24
UMC,United Microelectronics Corp. ADR,23.19,60359.9,83,91,85,NA,NA,65.5,-10.2,166.9,215.5,CHIPS,11.4
BBVA,Banco Bilbao Vizcaya Argentaria S.A. ADR,27.15,147865,81,92,86,NA,NA,65.45,3.9,24.4,44.4,BANKS,18.3
GNK,Genco Shipping & Trading Ltd.,27.28,1203,89,92,76,NA,NA,65.45,9.2,14,60.7,TRANSPORTATION,-0.5
PKBK,Parke Bancorp Inc.,32.78,385.3,78,91,91,NA,NA,65.45,-1,15,55.1,BANKS,12.1
WSBF,Waterstone Financial Inc.,19.87,357.7,73,92,96,NA,NA,65.45,-0.5,8.2,30,BANKS,7.7
A,Agilent Technologies Inc.,169.33,48291.6,91,97,67,NA,NA,65.4,29.7,47.4,19.6,MEDICAL,20.6
DAC,Danaos Corp.,165.94,3018.5,97,98,58,NA,NA,65.35,32.4,42.3,87.4,TRANSPORTATION,13.7
BE,Bloom Energy Corp.,295.78,84426.3,92,89,75,NA,NA,65.25,0.2,119.1,240.1,ENERGY,-13.3
NPK,National Presto Industries Inc.,148.96,1083.6,86,91,80,NA,NA,65.25,19.6,6.4,24.7,AEROSPACE/DEFENSE,8.7
RRBI,Red River Bancshares Inc.,102.89,678,85,92,80,NA,NA,65.25,6,11.9,59.3,BANKS,12.5
BWIN,Baldwin Insurance Group Inc.,31.83,4474.8,88,88,81,NA,NA,65.2,17.5,43.8,15.2,INSURANCE,-5.7
ITT,ITT Inc.,207.31,18434.3,76,92,91,NA,NA,65.2,9.1,6.8,14.6,MACHINE,14.3
AGEN,Agenus Inc.,7.49,394.3,99,88,67,NA,NA,65.15,119.6,98.7,80.5,MEDICAL,0
CIB,Grupo Cibest S.A. ADR,96.54,25388.4,94,93,67,NA,NA,65.15,19.3,32.6,85.1,BANKS,16.5
HRMY,Harmony Biosciences Holdings Inc.,39.36,2324.8,82,92,83,NA,NA,65.1,6.3,42,48,MEDICAL,20.8
MRX,Marex Group Ltd.,74.24,5409.9,95,95,63,NA,NA,65.1,11.9,61.3,154.8,FINANCE,27.4
SBS,Companhia de Saneamento Basico do Estado de Sao Paulo ADR,6.41,22278.1,82,92,83,NA,NA,65.1,10.3,5.9,37.4,UTILITY,22.1
UTZ,Utz Brands Inc.,14.27,2055.8,94,84,78,NA,NA,65.1,75.7,84.4,16.9,FOOD/BEV,0.1
EMR,Emerson Electric Co.,161.4,90547.7,84,96,75,NA,NA,65,14,21.7,19.8,ELECTRNCS,10.9
GRC,Gorman-Rupp Co.,77.22,2048.1,74,90,95,NA,NA,65,-9.5,22.9,65.5,MACHINE,13.4
UFPT,UFP Technologies Inc.,302.87,2380.5,91,93,70,NA,NA,65,11.3,57.7,50,MISC,17.8
EOG,EOG Resources Inc.,144.28,75574.2,81,94,81,NA,NA,64.95,11.5,0.9,30.6,ENERGY,16.8
NBBK,NB Bancorp Inc.,22.46,915,74,93,91,NA,NA,64.95,6.8,2.9,24.8,BANKS,6.2
NOW,ServiceNow Inc.,137.97,140706.7,72,95,91,NA,NA,64.95,27.8,34.7,-24.4,SOFTWARE,15.5
ONC,BeOne Medicines Ltd. ADR,362.78,41153.8,82,96,77,NA,NA,64.9,17.2,19.9,5.3,MEDICAL,7.5
SMPNY,Sompo Holdings Inc. ADR,20.93,38384.1,75,87,97,NA,NA,64.9,0.4,11.1,35.5,INSURANCE,14
ETN,Eaton Corp. PLC,445.09,168021.8,83,94,78,NA,NA,64.85,7.7,22.3,17.1,MACHINE,21.6
SXT,Sensient Technologies Corp.,132.91,5500,89,84,83,NA,NA,64.85,6.8,44.1,41.9,FOOD/BEV,11.9
GOOGL,Alphabet Inc. Cl A,347.68,4222736.8,69,91,99,NA,NA,64.8,-5.1,15.9,38.8,INTERNET,35.7
NEU,NewMarket Corp.,926.28,8500.7,87,93,74,NA,NA,64.8,16.2,44.5,7.6,CHEMICAL,25.8
OBK,Origin Bancorp Inc.,52.82,1638.7,85,87,84,NA,NA,64.8,2.7,24.5,51.3,BANKS,6.3
COKE,Coca-Cola Consolidated Inc.,194.61,12930.8,77,90,90,NA,NA,64.75,3.6,-1.7,63.8,FOOD/BEV,168.3
IOVA,Iovance Biotherapeutics Inc.,12.96,6409.5,99,92,60,NA,NA,64.75,209.3,292.7,486.4,MEDICAL,-55.5
LTRX,Lantronix Inc.,7.33,334.3,93,90,70,NA,NA,64.75,30.7,33.8,42.6,COMPUTER,-4.3
MGRT,Mega Fortune Co. Ltd.,108,1429.9,99,76,80,NA,NA,64.75,29.7,466,2131.4,SOFTWARE,21.1
EHC,Encompass Health Corp.,124.69,11934.1,82,96,76,NA,NA,64.7,16.5,18.6,0.9,MEDICAL,25.1
HBT,HBT Financial Inc.,36.29,1320.4,90,92,71,NA,NA,64.7,11.4,32.7,45.3,BANKS,13.3
SSL,Sasol Ltd. ADR,14.29,8934,95,95,61,NA,NA,64.7,44.6,14.5,130.5,ENERGY,7.8
BHKLY,BOC Hong Kong (Holdings) Ltd. ADR,130.07,68040.7,89,92,72,NA,NA,64.65,18.7,18,38.5,BANKS,11.5
INCY,Incyte Corp.,112.73,23133.9,71,90,97,NA,NA,64.65,-2.5,18.8,29.2,MEDICAL,29.9
NMR,Nomura Holdings Inc. ADR,9.78,27816.8,81,88,87,NA,NA,64.65,5,21,33.6,FINANCE,10.3
NWSA,News Corp Cl A,28.55,16194.7,72,89,97,NA,NA,64.65,7.2,16.7,1.7,MEDIA,6.6
SAN,Banco Santander S.A. ADR,14.01,201161.7,75,90,92,NA,NA,64.65,-2.5,21.6,38.6,BANKS,12.7
SFST,Southern First Bancshares Inc.,60.44,574.7,72,89,97,NA,NA,64.65,-1.3,8.1,37.2,BANKS,8.7
AMN,AMN Healthcare Services Inc.,36.73,1426.8,92,92,68,NA,NA,64.6,2.7,97.9,85.6,BUSINS SVC,-14.2
BP,BP PLC ADR,45.01,115063.9,82,90,83,NA,NA,64.6,20.4,-5.2,29.2,ENERGY,0.1
CSW,CSW Industrials Inc.,296.89,4920.5,71,93,93,NA,NA,64.6,6,11.8,19.2,MACHINE,10.6
KEX,Kirby Corp.,138.5,7384.1,79,93,83,NA,NA,64.6,4.2,0.9,66,TRANSPORTATION,10.5
WST,West Pharmaceutical Services Inc.,372.64,26514.8,87,93,73,NA,NA,64.6,4.2,45.1,39,MEDICAL,16.9
AEIS,Advanced Energy Industries Inc.,302.77,11906.6,71,92,94,NA,NA,64.55,-2.6,-8.8,72,CHIPS,11.6
CSCO,Cisco Systems Inc.,117.94,444802.6,89,94,69,NA,NA,64.55,3.5,46.6,71.2,COMPUTER,27.3
FRSH,Freshworks Inc. Cl A,13.76,3449.4,91,96,64,NA,NA,64.55,35.3,66.8,21.7,SOFTWARE,16.9
GOOG,Alphabet Inc. Cl C,344.59,4222736.8,68,91,99,NA,NA,64.55,-5.6,15.8,37,INTERNET,35.7
CACI,CACI International Inc. Cl A,599.64,13794.3,80,90,85,NA,NA,64.5,18.7,4.8,13.4,BUSINS SVC,12.8
CFFI,C&F Financial Corp.,102.21,323.4,94,96,60,NA,NA,64.5,26.5,40.9,53.6,BANKS,11
CTS,CTS Corp.,61.1,1759.3,84,94,75,NA,NA,64.5,1.3,26.2,52.4,ELECTRNCS,12.1
KMDA,Kamada Ltd.,8.11,458.1,73,93,90,NA,NA,64.5,8.3,-2.1,21,MEDICAL,7.6
PAGS,PagSeguro Digital Ltd. Cl A,10.72,3038.8,80,94,80,NA,NA,64.5,20,0.8,16.5,FINANCE,15
WTS,Watts Water Technologies Inc. Cl A,362.45,12109.7,76,90,90,NA,NA,64.5,-1.9,25.9,28.1,BUILDING,18.2
DMLP,Dorchester Minerals L.P.,29.11,1423.2,81,96,76,NA,NA,64.45,14.8,4.1,13.9,ENERGY,16.4
AMAL,Amalgamated Financial Corp.,47.65,1427.1,86,90,77,NA,NA,64.4,2.7,18.7,73.3,BANKS,13.9
CCNE,CNB Financial Corp. (Pennsylvania),33.83,1007.4,78,90,87,NA,NA,64.4,0.3,13,39,BANKS,8.9
DBX,Dropbox Inc.,33.73,7473.5,88,88,77,NA,NA,64.4,18.3,42,15,SOFTWARE,0
V,Visa Inc. Cl A,370.64,690266,72,96,87,NA,NA,64.4,3.7,22.2,6.1,FINANCE,51.5
KB,KB Financial Group Inc. ADR,124.76,42009.1,89,90,73,NA,NA,64.35,9.5,24.8,49.9,BANKS,10.7
RMBS,Rambus Inc.,114.09,11963.3,76,95,83,NA,NA,64.35,0.7,23.7,13,CHIPS,18.5
SENEB,Seneca Foods Corp. Cl B,170.99,1206.7,83,76,98,NA,NA,64.35,-5.8,15.5,54,FOOD/BEV,16.5
AEM,Agnico Eagle Mines Ltd.,186.03,93504,71,87,99,NA,NA,64.3,20.1,-10.8,9.2,MINING,19.6
ROST,Ross Stores Inc.,224.21,72314.6,79,87,89,NA,NA,64.3,6.1,1.4,47.3,RETAIL,36.7
AKO.B,Embotelladora Andina S.A. (Series B) ADR,30.55,4314,78,95,80,NA,NA,64.25,2.6,14.8,38.8,FOOD/BEV,24.9
MORN,Morningstar Inc.,195.69,7096.1,68,93,95,NA,NA,64.25,17.6,10.8,-12.5,FINANCE,26.3
SHBI,Shore Bancshares Inc.,22.65,761.9,77,88,90,NA,NA,64.25,-1,18.2,37.9,BANKS,10.5
BNY,Bank of New York Mellon Corp.,143.73,97535,73,87,96,NA,NA,64.2,-4.2,16.3,35,BANKS,13
DK,Delek US Holdings Inc.,75.67,4616.9,98,90,61,NA,NA,64.2,42.9,67.1,136.3,ENERGY,-6.8
RPRX,Royalty Pharma PLC,56.44,32582.4,80,88,86,NA,NA,64.2,-0.8,19.3,56.2,MEDICAL,11.5
CAT,Caterpillar Inc.,863.44,389868.6,71,92,92,NA,NA,64.15,-11,19.7,74.3,MACHINE,43.5
CBNA,Chain Bridge Bancorp Inc. Cl A,49.42,308.8,92,95,62,NA,NA,64.15,13.9,40.9,53.8,BANKS,12.9
DGX,Quest Diagnostics Inc.,228.39,25630.9,82,93,77,NA,NA,64.15,7,14.8,28,MEDICAL,14.2
HSBC,HSBC Holdings PLC ADR,97.58,330670.9,76,87,92,NA,NA,64.15,-1.2,15.3,36.5,BANKS,12.3
KNSA,Kiniksa Pharmaceuticals International PLC,77.09,5954,96,91,62,NA,NA,64.15,22.8,55.6,101.3,MEDICAL,11.7
WEX,WEX Inc.,171.48,5878.4,78,89,87,NA,NA,64.15,14.6,9.2,8.3,FINANCE,22.3
MVBF,MVB Financial Corp.,29.84,388,75,87,93,NA,NA,64.1,3.2,16.3,12.2,BANKS,8.4
PH,Parker Hannifin Corp.,984.91,123045.4,73,93,88,NA,NA,64.1,1.4,8,29,MACHINE,25.1
ROKU,Roku Inc. Cl A,152.06,22782.7,89,81,83,NA,NA,64.1,6.9,54.8,45,LEISURE,3.4
WSM,Williams-Sonoma Inc.,242.25,28113.9,85,97,68,NA,NA,64.1,8.2,32.7,23.5,RETAIL,51.5
ARMK,Aramark,55.45,14560,83,86,84,NA,NA,64.05,-1,30.5,42.2,BUSINS SVC,10.6
AVPT,AvePoint Inc. Cl A,14.59,3101.5,82,95,74,NA,NA,64.05,21.1,45.5,-4.3,SOFTWARE,9.3
OSBC,Old Second Bancorp Inc.,25.05,1265.3,86,91,74,NA,NA,64.05,7.9,20.7,42.9,BANKS,10.2
YAHOY,LY Corp. ADR,6.15,20874.2,80,85,89,NA,NA,64.05,13.8,25.4,-1.1,RETAIL,6.6
BDSX,Biodesix Inc.,27.96,306.6,98,90,60,NA,NA,64,28,82,270.8,MEDICAL,-383.1
SILC,Silicom Ltd.,61.65,351.6,99,93,55,NA,NA,64,41.5,176,249.3,COMPUTER,-9.4
CM,Canadian Imperial Bank of Commerce,111.59,100239.5,73,90,91,NA,NA,63.95,-3.3,14.8,36.6,BANKS,13.7
STLD,Steel Dynamics Inc.,238.17,34547.8,88,87,76,NA,NA,63.95,4.9,34.9,68.2,METALS,13.3
CECO,Ceco Environmental Corp.,75.45,4390.4,72,86,97,NA,NA,63.900000000000006,-6.5,25,42.1,MACHINE,17.7
GLW,Corning Inc.,168.97,137279.5,72,89,93,NA,NA,63.85,-13.3,15.3,98,ELECTRNCS,14.2
NIC,Nicolet Bankshares Inc.,163.62,3450,72,89,93,NA,NA,63.85,-1.5,9.5,21,BANKS,12.4
OBT,Orange County Bancorp Inc.,37.5,503.9,79,90,83,NA,NA,63.85,-0.5,13,51.5,BANKS,17.7
OPCH,Option Care Health Inc.,31,3500.5,81,96,73,NA,NA,63.85,45.1,11.8,13.4,MEDICAL,15.2
GLNCY,Glencore PLC ADR,15.16,88285.5,83,85,84,NA,NA,63.8,9.8,1.7,59.9,ENERGY,0.9
ITGR,Integer Holdings Corp.,126.47,4298.9,93,83,74,NA,NA,63.8,35.4,47.7,20,MEDICAL,6.1
BELFA,Bel Fuse Inc. Cl A,209.58,3616.6,68,91,95,NA,NA,63.75,-11.6,6.8,83.8,ELECTRNCS,15.7
CLH,Clean Harbors Inc.,318.06,17017,83,88,80,NA,NA,63.75,8,6.1,36.9,MACHINE,14.7
FCCO,First Community Corp. (South Carolina),32.59,306.2,68,94,91,NA,NA,63.7,-0.9,9.3,18.2,BANKS,12.3
FDBC,Fidelity D&D Bancorp Inc.,55.46,320,84,90,76,NA,NA,63.7,7.6,26.9,25.9,BANKS,12.7
PAGP,Plains GP Holdings LP,26.24,19946.7,84,82,86,NA,NA,63.7,8.6,10.2,46.3,ENERGY,11.3
CDNS,Cadence Design Systems Inc.,359.55,97345.9,65,96,92,NA,NA,63.650000000000006,-4.3,28.7,1.8,SOFTWARE,21.9
FBP,First BanCorp (Puerto Rico),26.83,4137.3,78,87,87,NA,NA,63.650000000000006,1.2,21.8,22.1,BANKS,19
KMT,Kennametal Inc.,33.41,2510.2,65,92,97,NA,NA,63.650000000000006,-2.4,-7.9,52.3,MACHINE,24
SPT,Sprout Social Inc. Cl A,10.13,617.8,76,85,92,NA,NA,63.650000000000006,22.9,75.3,-17.4,INTERNET,-23.4
CGAU,Centerra Gold Inc.,21.69,4228.4,94,87,67,NA,NA,63.65,31.4,18.6,86.8,MINING,31.4
JAPAY,Japan Tobacco Inc. ADR,21.82,77866.1,85,88,77,NA,NA,63.65,14.5,14.3,32.6,ALCOHL/TOB/THC,13.3
CPAC,Cementos Pacasmayo S.A.A. ADR,12.29,1123.7,82,82,88,NA,NA,63.6,3.3,16.8,74.8,BUILDING,12.8
NWFL,Norwood Financial Corp.,34.07,368.1,80,92,78,NA,NA,63.6,6.3,12,32.9,BANKS,12.2
RGLD,Royal Gold Inc.,234.35,19795.8,70,86,98,NA,NA,63.6,16.1,-10.1,15.1,MINING,9.1
TEL,TE Connectivity PLC,219.51,63383.1,64,96,93,NA,NA,63.6,9.7,4.7,-1.5,ELECTRNCS,14.8
REX,Rex American Resources Corp.,44.04,1440.2,67,88,99,NA,NA,63.55,-3.2,-2.2,37.5,ENERGY,14.2
BHB,Bar Harbor Bankshares,38.99,657.9,79,91,80,NA,NA,63.5,3,17.3,27.7,BANKS,7.5
CAH,Cardinal Health Inc.,233.44,53981.1,72,86,95,NA,NA,63.5,-1.7,9.8,50.4,MEDICAL,0
EXLS,ExlService Holdings Inc.,35.41,5442.9,68,94,90,NA,NA,63.5,30.5,14.7,-16.8,BUSINS SVC,27.2
KAOOY,Kao Corp. ADR,7.3,19872.8,72,86,95,NA,NA,63.5,6.9,15.5,3.6,CONSUMER,11.8
SNPS,Synopsys Inc.,505.17,93608.8,79,95,75,NA,NA,63.5,14.2,27.2,5.6,SOFTWARE,7.2
OFG,OFG Bancorp,50.84,2154.3,78,87,86,NA,NA,63.45,2.3,21.8,17.8,BANKS,15.5
OVV,Ovintiv Inc.,61.48,16791.9,87,86,76,NA,NA,63.45,15.3,3.5,53.4,ENERGY,11.5
AIT,Applied Industrial Technologies Inc.,344.99,12702.2,84,92,72,NA,NA,63.4,5,28,33.2,METALS,22.4
EDU,New Oriental Education & Technology Group Inc. ADR,57.11,7826,73,90,88,NA,NA,63.35,17.7,1.1,8.3,CONSUMER,12.5
NEO,NeoGenomics Inc.,16.5,2457.7,92,87,68,NA,NA,63.35,8.9,105.8,81.4,MEDICAL,-12.4
ESEA,Euroseas Ltd.,72.22,480.3,78,92,79,NA,NA,63.3,4.9,6.7,25.7,TRANSPORTATION,33.1
STRL,Sterling Infrastructure Inc.,563.69,16007.9,66,88,99,NA,NA,63.3,-21.4,43.2,59.8,BUILDING,30.3
WAT,Waters Corp.,436.43,43241,88,94,64,NA,NA,63.3,15.2,43.5,33.2,MEDICAL,29.3
APPS,Digital Turbine Inc.,10.49,1356.6,84,85,80,NA,NA,63.25,-6.2,246.2,60.4,SOFTWARE,-21.8
BAND,Bandwidth Inc. Cl A,60.09,2012.3,91,86,70,NA,NA,63.25,-1,229.1,263.3,SOFTWARE,-3.6
TTNDY,Techtronic Industries Co. Ltd. ADR,83.23,30273.2,82,87,80,NA,NA,63.25,1.5,22.7,36.7,BUILDING,18
TXN,Texas Instruments Inc.,297.23,269316.8,86,95,65,NA,NA,63.25,-2.1,49,63.5,CHIPS,30
CTAS,Cintas Corp.,195.96,78297,72,92,86,NA,NA,63.2,9.9,14.1,-1.5,BUSINS SVC,40.6
GABC,German American Bancorp Inc.,49.06,1851.9,78,90,81,NA,NA,63.2,3.3,14.8,24.3,BANKS,12
MA,Mastercard Inc.,566.58,494586.5,66,94,91,NA,NA,63.2,6.3,13,-2.1,FINANCE,210.5
NIQ,NIQ Global Intelligence PLC,17.25,5108.6,89,79,81,NA,NA,63.2,75.7,50.3,13.1,BUSINS SVC,-57.1
SKWD,Skyward Specialty Insurance Group Inc.,56.49,2450.2,65,91,96,NA,NA,63.2,-6.2,27.3,17.7,INSURANCE,18.9
AXIAY,AXIA Energia S/A ADR,11.67,29429.3,83,84,82,NA,NA,63.150000000000006,11.9,1.8,45.4,UTILITY,6.1
NTCT,NetScout Systems Inc.,40.99,2995.5,81,90,77,NA,NA,63.15,-2.7,26.6,53,SOFTWARE,6
AU,AngloGold Ashanti PLC,93.55,47713.1,72,82,98,NA,NA,63.1,11.3,-7.8,25.3,MINING,35.8
FTDR,Frontdoor inc.,78.77,5347.5,80,82,88,NA,NA,63.1,-0.4,41.3,17.3,BUSINS SVC,106
SPNT,SiriusPoint Ltd.,24.61,2846,73,89,88,NA,NA,63.1,0.2,7.9,35.1,INSURANCE,20.9
STLN,Starling Oncology Inc.,6.58,629.9,96,86,63,NA,NA,63.1,21,105,72.7,MEDICAL,0
CLDT,Chatham Lodging Trust,13.71,638.9,94,87,64,NA,NA,63.05,7.7,72.5,110.9,REAL EST,2
CNQ,Canadian Natural Resources Ltd.,48.1,99764.2,87,90,69,NA,NA,63.05,22.2,-0.3,48.2,ENERGY,25.9
FCFS,FirstCash Holdings Inc.,213,9165.8,72,85,94,NA,NA,63.05,-5,11.9,37.5,FINANCE,15.3
WTTR,Select Water Solutions Inc.,19.99,2586.6,92,77,79,NA,NA,63.05,10.4,32,84.2,UTILITY,2.7
ALAB,Astera Labs Inc.,389.8,62860.6,81,95,70,NA,NA,63,-9.9,230.4,76.5,CHIPS,18.8
FRCOY,Fast Retailing Co. Ltd. ADR,47.81,148617.5,69,91,90,NA,NA,63,-10.7,17.3,50.3,RETAIL,19.8
INTA,Intapp Inc.,37.03,2860,76,80,95,NA,NA,63,34.2,49.2,-7,SOFTWARE,-9.9
MTC,MMTec Inc.,5.01,496.9,94,78,75,NA,NA,63,98,-7.9,483.2,FINANCE,-272.7
PBT,Permian Basin Royalty Trust,33.55,1507.3,97,87,60,NA,NA,63,34.1,51.1,90,ENERGY,8747
TT,Trane Technologies PLC,476.39,103578.1,69,95,85,NA,NA,63,-2.2,10.6,12.2,BUILDING,36.9
CON,Concentra Group Holdings Parent Inc.,36.4,4617.4,95,92,56,NA,NA,62.95,14.3,73.4,76.4,MEDICAL,49.8
LH,Labcorp Holdings Inc.,311.71,25031.5,80,91,76,NA,NA,62.95,9.6,13.6,13.3,MEDICAL,10.5
PR,Permian Resources Corp.,22.35,18618.9,90,89,66,NA,NA,62.95,22.9,5.8,77.2,ENERGY,9.6
WSFS,WSFS Financial Corp.,75.92,3951.3,76,87,86,NA,NA,62.95,-2.6,12.7,39.2,BANKS,10.8
ISNPY,Intesa Sanpaolo S.p.A. ADR,43.88,127180.3,73,89,87,NA,NA,62.900000000000006,2.7,19.1,13,BANKS,16.7
LILAK,Liberty Latin America Ltd. Cl C,8.86,1716.2,95,83,67,NA,NA,62.9,19.7,50.7,53.5,TELECOM,-72.9
MRAAY,Murata Manufacturing Co. Ltd. ADR,27.92,102108.3,80,90,77,NA,NA,62.9,-12.3,131.7,185.2,ELECTRNCS,9
NPO,Enpro Inc.,332.06,7045.9,80,90,77,NA,NA,62.9,-2.7,30.9,42.2,MACHINE,2.7
SMCAY,SMC Corp. ADR,23.97,29786.2,84,90,72,NA,NA,62.9,2.7,23.3,39.8,MACHINE,8.5
JMSB,John Marshall Bancorp Inc.,22.91,324.6,74,83,93,NA,NA,62.85,3.6,11.7,19,BANKS,8.3
KALU,Kaiser Aluminum Corp.,153.77,2546.5,68,84,99,NA,NA,62.8,-14.1,17.9,100.9,METALS,15.1
STX,Seagate Technology Holdings PLC,805.63,201718.1,85,87,74,NA,NA,62.8,-7.2,77.7,231.8,COMPUTER,371.5
HAS,Hasbro Inc.,91.03,13029.7,76,83,90,NA,NA,62.75,16.7,0.7,21.7,LEISURE,-38
MSI,Motorola Solutions Inc.,456.28,75360.9,72,91,85,NA,NA,62.75,7.9,3.4,-0.2,TELECOM,104.7
TCBX,Third Coast Bancshares Inc.,43.02,714.3,74,89,85,NA,NA,62.75,6.4,11,11.9,BANKS,13.4
VRSN,VeriSign Inc.,293.1,26391.1,81,90,75,NA,NA,62.75,13.1,6.8,8.2,SOFTWARE,0
EZPW,Ezcorp Inc. Cl A,30.85,1874,69,85,96,NA,NA,62.7,-12.5,16.1,66,FINANCE,12
GLP,Global Partners LP,47.6,1579.5,68,90,91,NA,NA,62.7,1,4.5,3.4,ENERGY,11.4
SIG,Signet Jewelers Ltd.,102.1,3762.6,85,85,76,NA,NA,62.7,24.7,15.4,9.1,RETAIL,15.4
BFC,Bank First Corp.,150.33,1676.4,69,88,92,NA,NA,62.650000000000006,-0.6,9.2,13.3,BANKS,11.1
GM,General Motors Co.,82.01,70397.9,74,83,92,NA,NA,62.650000000000006,5.3,11.7,40.9,AUTO,4.3
MD,Pediatrix Medical Group Inc.,26,2120.7,73,88,87,NA,NA,62.650000000000006,-5.1,19.9,47.4,MEDICAL,20.3
MITK,Mitek Systems Inc.,17.47,798.7,73,88,87,NA,NA,62.650000000000006,-12.1,27.8,81,SOFTWARE,3.9
NWS,News Corp Cl B,31.52,16194.7,67,86,97,NA,NA,62.650000000000006,5,12,-0.9,MEDIA,6.6
HPQ,HP Inc.,31.73,28379.4,93,88,62,NA,NA,62.65,40.4,67.5,19.2,COMPUTER,0
LILA,Liberty Latin America Ltd. Cl A,8.89,1716.2,95,82,67,NA,NA,62.65,18.1,54.4,57,TELECOM,-72.9
MBIN,Merchants Bancorp,49.95,2284,85,84,77,NA,NA,62.65,4.3,11.4,55,BANKS,9.7
REPX,Riley Exploration Permian Inc.,42.87,951.1,94,95,52,NA,NA,62.65,35,16.4,57.3,ENERGY,28.1
SONO,Sonos Inc.,17.43,2122.2,78,91,77,NA,NA,62.65,28.2,28.3,-2.1,CONSUMER,-15.6
AIZ,Assurant Inc.,270.96,13140.3,70,86,93,NA,NA,62.6,-3,24.3,22.2,INSURANCE,15.9
PM,Philip Morris International Inc.,190.4,295404,76,88,83,NA,NA,62.6,3.1,18.7,24,ALCOHL/TOB/THC,0
URI,United Rentals Inc.,1080.62,66865.9,76,92,78,NA,NA,62.6,-1.7,46.7,9.4,FINANCE,28.4
BVN,Compania de Minas Buenaventura S.A. ADR,31.94,8783.8,68,83,99,NA,NA,62.55,6.6,-11.9,28.8,MINING,21.4
LPLA,LPL Financial Holdings Inc.,332.39,26140.9,67,92,89,NA,NA,62.55,9.1,12.9,6.5,FINANCE,20.9
PRAA,PRA Group Inc.,20.04,730.7,82,93,69,NA,NA,62.55,9.3,11.1,41.5,FINANCE,-28.9
RDWR,Radware Ltd.,30.64,1291.1,74,93,79,NA,NA,62.55,1.1,11,11.2,COMPUTER,6.1
SII,Sprott Inc.,119.41,2988.2,66,85,99,NA,NA,62.55,0.7,-17.6,38.3,FINANCE,19.5
AGM,Federal Agricultural Mortgage Corp. Cl C,213.92,2262.3,86,79,81,NA,NA,62.45,6.5,40.5,35.8,FINANCE,12.9
BAP,Credicorp Ltd.,385.14,30025.9,76,88,82,NA,NA,62.400000000000006,-1.8,13.7,45.5,BANKS,18.9
MDB,MongoDB Inc.,360.71,28938.3,67,85,97,NA,NA,62.400000000000006,0.8,41.4,12,SOFTWARE,-2.5
NDAQ,Nasdaq Inc.,92.27,51532.1,67,93,87,NA,NA,62.400000000000006,9.2,5,4.7,FINANCE,15.3
ZETA,Zeta Global Holdings Corp.,32.95,8253.3,98,94,47,NA,NA,62.4,51,108.4,64.9,SOFTWARE,-4.3
RLGT,Radiant Logistics Inc.,9.31,433.8,80,79,88,NA,NA,62.35,-3.1,26.7,53.4,TRANSPORTATION,8
SENEA,Seneca Foods Corp. Cl A,171.42,1206.7,75,76,98,NA,NA,62.35,-5.5,10.6,53.5,FOOD/BEV,16.5
DFIN,Donnelley Financial Solutions Inc.,49.57,1187,65,93,89,NA,NA,62.3,7.2,1.7,-8.7,FINANCE,7.9
RNR,RenaissanceRe Holdings Ltd.,324.42,13437.5,71,87,89,NA,NA,62.3,0.4,7.8,21.8,INSURANCE,23.8
BJRI,BJ's Restaurants Inc.,61.33,1311.7,90,75,80,NA,NA,62.25,3.6,66.3,96.6,RETAIL,13.3
CLMB,Climb Global Solutions Inc.,32.8,629.4,88,97,55,NA,NA,62.25,35.5,57.8,-8.5,BUSINS SVC,20.3
GSL,Global Ship Lease Inc. Cl A,45.5,1652.6,90,95,55,NA,NA,62.25,16.7,16.9,52.1,TRANSPORTATION,25.5
HCC,Warrior Met Coal Inc.,92.42,4873.1,77,84,85,NA,NA,62.25,13.8,-2.3,44.6,ENERGY,2.7
E,ENI S.p.A. ADR,54.55,80025.9,85,83,76,NA,NA,62.2,17.3,-5.3,54.3,ENERGY,5.4
GLBE,Global-E Online Ltd.,38.7,6678.4,70,94,81,NA,NA,62.2,3.7,23.4,7.3,SOFTWARE,7.5
KNBWY,Kirin Holdings Co. Ltd. ADR,17.86,14455.6,75,81,91,NA,NA,62.2,1.8,8.9,24.8,ALCOHL/TOB/THC,12.5
INTR,Inter & Co. Inc.,7.03,2886.4,56,95,97,NA,NA,62.150000000000006,23.6,-11.1,-21.9,BANKS,14.3
NATL,NCR Atleos Corp.,45.67,3362.3,70,85,92,NA,NA,62.150000000000006,1.6,4.2,14.4,BUSINS SVC,52.1
SAIC,Science Applications International Corp.,124.59,5316.8,84,83,77,NA,NA,62.15,8.6,25.1,21.2,BUSINS SVC,23.3
OMER,Omeros Corp.,18.51,1368.1,97,81,63,NA,NA,62.1,79,70.1,301.5,MEDICAL,0
PGEN,Precigen Inc.,7.55,2771.2,98,84,58,NA,NA,62.1,34.8,80.2,140.4,MEDICAL,-572
AVAL,Grupo Aval Acciones y Valores S.A. ADR,4.97,6005.8,73,84,89,NA,NA,62.05,-2.2,12.4,45.3,BANKS,9.5
CRDO,Credo Technology Group Holding Ltd.,220.83,39936,71,94,79,NA,NA,62.05,-16.8,115.5,49.8,CHIPS,34.4
DRH,Diamondrock Hospitality Co.,12.38,2549,86,79,79,NA,NA,62.05,3.8,31.9,57.4,REAL EST,6.7
KMI,Kinder Morgan Inc.,32.16,69943.9,66,91,89,NA,NA,62.05,1.5,-3.1,15.1,ENERGY,9.9
RGEN,Repligen Corp.,174.86,10694.5,86,91,64,NA,NA,62.05,23.6,49.5,16.5,MEDICAL,2.4
CASS,Cass Information Systems Inc.,53.9,693.5,82,86,75,NA,NA,62,3.2,20.4,37.7,FINANCE,13.2
LECO,Lincoln Electric Holdings Inc.,275.54,14985.8,74,94,75,NA,NA,62,4.8,15.7,16.6,MACHINE,37.2
UI,Ubiquiti Inc.,626.48,36879.3,63,89,95,NA,NA,62,16.6,-25.4,-5.6,TELECOM,91.1
YPF,YPF S.A. ADR,51.16,21212.4,88,84,70,NA,NA,62,10.9,16.6,107.8,ENERGY,-7.8
CQP,Cheniere Energy Partners L.P.,63.97,30621.5,70,89,86,NA,NA,61.95,3.3,-1.7,20,ENERGY,101.3
FN,Fabrinet,489.16,16263.3,59,92,96,NA,NA,61.95,-2.3,-11.8,32.1,ELECTRNCS,21.3
LNVGY,Lenovo Group Ltd. ADR,91.24,56781.8,99,92,46,NA,NA,61.95,74.9,269,208.5,COMPUTER,27.9
PKOH,Park-Ohio Holdings Corp.,48.68,692,98,89,51,NA,NA,61.95,31,102.7,134.9,METALS,7
SSUMY,Sumitomo Corp. ADR,11.03,51878.3,88,83,71,NA,NA,61.95,10.9,18.2,50.1,MISC,13.2
IX,Orix Corp. ADR,37.16,38605.5,72,82,92,NA,NA,61.900000000000006,-6.8,24.7,43.2,FINANCE,10.7
MLI,Mueller Industries Inc.,63.13,13927.8,79,89,74,NA,NA,61.8,11.1,12,26.7,METALS,25.6
BNS,Bank of Nova Scotia,90.22,111402.7,83,84,75,NA,NA,61.75,3.6,28.4,38,BANKS,9.2
BSBR,Banco Santander (Brasil) S.A. ADR,5.98,22072.1,69,90,85,NA,NA,61.75,13,-1,10.9,BANKS,10.8
FOX,Fox Corp. Cl B,55.58,25244.3,64,91,90,NA,NA,61.75,11.4,3.9,0.9,MEDIA,14.3
KNTK,Kinetik Holdings Inc.,53.95,8619.1,87,84,70,NA,NA,61.75,13.7,15.5,38.6,ENERGY,0
ADP,Automatic Data Processing Inc.,262.36,103128.4,72,90,81,NA,NA,61.7,9.5,28.4,-9.7,BUSINS SVC,72.2
IA,Innovative Solutions & Support Inc.,19.77,342.2,71,79,96,NA,NA,61.7,4.9,-8.9,60,AEROSPACE/DEFENSE,28.1
OSCR,Oscar Health Inc.,32.34,10007.8,91,87,61,NA,NA,61.7,2.9,153.4,45,INSURANCE,-44.5
OTSKY,Otsuka Holdings Co. Ltd. ADR,36.24,37977.9,73,85,86,NA,NA,61.7,0.8,3.6,28.9,MEDICAL,13.2
PCB,PCB Bancorp,28.1,393.7,76,86,81,NA,NA,61.7,-2.2,22.1,35.4,BANKS,9.9
TW,Tradeweb Markets Inc.,107.54,25066.8,59,95,91,NA,NA,61.7,5,-13,3.8,FINANCE,13.2
XOM,ExxonMobil Holdings Corp.,164.48,674353.6,85,89,66,NA,NA,61.7,20.6,0.7,44,ENERGY,11
CF,CF Industries Holdings Inc.,116.02,17558.2,72,81,92,NA,NA,61.650000000000006,2.5,-11.4,26,AGRICULTURE,29.6
RIO,Rio Tinto PLC ADR,95.89,162142.6,75,86,82,NA,NA,61.650000000000006,2.5,2,43.2,MINING,17
SPSC,SPS Commerce Inc.,81.02,2896.6,75,78,92,NA,NA,61.650000000000006,34.9,39.3,-24.4,SOFTWARE,10.2
ABEV,Ambev S.A. ADR,3.22,51254.3,82,91,67,NA,NA,61.65,4.9,7.7,47.7,ALCOHL/TOB/THC,17.3
SUN,Sunoco L.P.,72.96,14315.2,79,86,77,NA,NA,61.65,8,13.2,43.9,ENERGY,5.6
VSTS,Vestis Corp.,13.92,1851.6,92,77,72,NA,NA,61.65,2.4,78.5,177.3,BUSINS SVC,-4.5
JBAXY,Julius Baer Group AG ADR,17.44,18155.9,66,86,93,NA,NA,61.6,-5.5,16.5,24.7,FINANCE,11
QCRH,QCR Holdings Inc.,99.02,1638.1,76,84,83,NA,NA,61.6,1.7,13.1,30.1,BANKS,12.1
NL,NLI Holdings Inc.,6.95,342.8,85,86,69,NA,NA,61.55,18.2,23.2,15.1,CONSUMER,-10
BWFG,Bankwell Financial Group Inc.,65.83,527.3,91,87,60,NA,NA,61.5,12.6,32,52.3,BANKS,12.2
ISTR,Investar Holding Corp.,29.3,404.5,69,85,90,NA,NA,61.5,0.2,5.4,27.8,BANKS,8.4
AVAH,Aveanna Healthcare Holdings Inc.,12.22,2700.3,95,86,56,NA,NA,61.45,28.2,88.3,43.6,MEDICAL,634.7
BTG,B2Gold Corp.,5.21,6790.9,79,86,76,NA,NA,61.45,28.6,12.3,-2.3,MINING,12.2
CEG,Constellation Energy Corp.,300.4,94819.7,64,89,91,NA,NA,61.45,22.2,9.2,-17.5,ENERGY,16.8
JAKK,JAKKS Pacific Inc.,27.43,317.9,94,87,56,NA,NA,61.45,20.4,30.6,46,LEISURE,4
MCBS,MetroCity Bankshares Inc.,34.86,1009.4,73,88,81,NA,NA,61.45,-4.6,16.5,28.8,BANKS,14.2
RVTY,Revvity Inc.,153.3,17559.2,97,92,46,NA,NA,61.45,35.7,73.6,64.2,MEDICAL,3.2
SMBC,Southern Missouri Bancorp Inc.,71.61,791.9,66,87,91,NA,NA,61.45,-6.5,10,34.5,BANKS,12.6
URGN,UroGen Pharma Ltd.,41.43,2091.1,95,82,61,NA,NA,61.45,10.7,122.6,143,MEDICAL,0
KLAC,KLA Corp.,197.46,269940.6,70,90,82,NA,NA,61.400000000000006,-15.4,28.2,73.3,CHIPS,87.5
MMSI,Merit Medical Systems Inc.,84.96,5203.2,77,83,82,NA,NA,61.400000000000006,18.9,25.3,2,MEDICAL,8.7
MRVI,Maravai LifeSciences Holdings Inc.,7.85,2212.4,98,86,52,NA,NA,61.4,33.1,166.1,151.6,MEDICAL,-48.6
ACA,Arcosa Inc.,146.5,7206.4,85,82,73,NA,NA,61.35,0.8,37.8,60.4,BUILDING,8.2
BTSG,BrightSpring Health Services Inc.,63.75,12267.6,79,88,73,NA,NA,61.35,-9.7,46.5,120.8,MEDICAL,6
GDDY,GoDaddy Inc. Cl A,98.18,12631.8,61,94,88,NA,NA,61.35,14.7,18.5,-28.4,SOFTWARE,192.9
NTSK,Netskope Inc. Cl A,19.64,7526.2,86,85,68,NA,NA,61.35,60.7,107,-11.3,SOFTWARE,0
VAL,Valaris Ltd.,82,5797.2,80,79,83,NA,NA,61.35,11.5,-15.8,57.8,ENERGY,36.3
CAMT,Camtek Ltd.,154.55,7562.6,81,89,69,NA,NA,61.3,9,-2.9,32.5,ELECTRNCS,8.7
FA,First Advantage Corp.,18.49,3155.1,69,85,89,NA,NA,61.3,-8.2,65.2,17.5,BUSINS SVC,-2.7
JBL,Jabil Inc.,309.19,31534.6,70,84,89,NA,NA,61.3,-8.6,15.6,52.9,ELECTRNCS,66.7
MSBI,Midland States Bancorp Inc.,32.78,684.8,92,82,64,NA,NA,61.3,7.7,41,93.7,BANKS,-19.6
CBNK,Capital Bancorp Inc.,39.59,651.9,88,93,55,NA,NA,61.25,11.6,30.5,29.8,BANKS,15.1
CRGY,Crescent Energy Co.,13.62,4480.3,91,86,60,NA,NA,61.25,49,0.9,48.5,ENERGY,3.2
MKSI,MKS Inc.,281.41,18966.7,63,86,95,NA,NA,61.25,-23.5,18.7,101.8,CHIPS,11.7
NBN,Northeast Bank,125.32,1076.5,63,86,95,NA,NA,61.25,-7.8,7.3,29,BANKS,19.6
UFCS,United Fire Group Inc.,54.87,1404.8,89,92,55,NA,NA,61.25,3.9,45.9,75.6,INSURANCE,13.7
AZZ,AZZ Inc.,141.59,4181.7,67,89,86,NA,NA,61.2,-7.2,11.1,32.4,MACHINE,26.6
IEX,IDEX Corp.,236.28,17345.6,85,91,61,NA,NA,61.2,5.3,23.9,41.4,MACHINE,12.4
KLIC,Kulicke & Soffa Industries Inc.,97.92,5166.5,73,87,81,NA,NA,61.2,-18.1,47,135.3,CHIPS,0
RBB,RBB Bancorp,26.1,443.5,74,82,86,NA,NA,61.2,-4.3,19.5,41.9,BANKS,6.2
CRON,Cronos Group Inc.,3.29,1202.7,89,90,57,NA,NA,61.15,19,27.3,28.8,ALCOHL/TOB/THC,-0.9
FAST,Fastenal Co.,50.81,58166.7,74,93,72,NA,NA,61.15,5.2,10.8,6.3,RETAIL,33.3
GGB,Gerdau S/A ADR,5.12,9605.2,93,86,57,NA,NA,61.15,21,36.2,57.1,METALS,2.6
QMCO,Quantum Corp.,33.47,1340.1,99,88,47,NA,NA,61.15,217.9,444.2,181,COMPUTER,0
AMGN,Amgen Inc.,402.6,217863.9,83,91,63,NA,NA,61.1,9.9,17.5,36.9,MEDICAL,106.1
ET,Energy Transfer LP,20.74,71345.2,79,87,73,NA,NA,61.1,7.7,9.4,24.5,ENERGY,12.7
NWG,NatWest Group PLC ADR,17.67,69492.9,63,87,93,NA,NA,61.1,-3.8,14.9,19.6,BANKS,15.4
B,Barrick Mining Corp.,40.72,65934.8,64,81,99,NA,NA,61.05,6.8,-0.9,19.7,MINING,19.6
CHE,Chemed Corp.,509.84,6682.7,81,88,69,NA,NA,61.05,6.1,32,17.1,MISC,25.3
GHC,Graham Holdings Co.,1157.67,4892.9,59,90,94,NA,NA,61.05,-2.2,7.9,0.5,MEDIA,6.4
INTC,Intel Corp.,112.5,614192.6,85,80,74,NA,NA,61.05,-7.9,121.5,207.5,CHIPS,-0.3
LOGI,Logitech International S.A.,102.41,14343.9,62,87,94,NA,NA,61.05,5.1,10.7,-10.3,COMPUTER,32.8
MGA,Magna International Inc.,65.66,17261.5,76,77,89,NA,NA,61.05,0,20.1,33.5,AUTO,6.9
RBCAA,Republic Bancorp Inc. (Kentucky) Cl A,93.29,1637.6,82,83,74,NA,NA,61.05,2.4,29.7,29.1,BANKS,12.5
SWK,Stanley Black & Decker Inc.,89.99,13543.2,73,80,89,NA,NA,61.05,-2.8,32.4,21,BUILDING,4.5
VIST,Vista Energy S.A.B. de C.V. ADR,66.06,7330.3,79,86,74,NA,NA,61.05,7.9,-7,86,ENERGY,34.9
ATRC,AtriCure Inc.,53.68,2867.3,96,88,50,NA,NA,61,65.7,83.9,54.6,MEDICAL,-2.4
CZNC,Citizens & Northern Corp.,25.43,457.3,82,90,65,NA,NA,61,8.4,12.3,30.1,BANKS,7.5
FOXA,Fox Corp. Cl A,62.08,25244.3,64,88,90,NA,NA,61,11.1,4.7,1.1,MEDIA,14.3
ENS,EnerSys,192.49,6961.3,67,84,91,NA,NA,60.95,-9.8,9,66,MACHINE,15.4
MSA,MSA Safety Inc.,182.45,7064.8,72,83,86,NA,NA,60.95,6,10.1,4.2,BUSINS SVC,22.2
MSM,MSC Industrial Direct Co.,130.32,7269,89,90,56,NA,NA,60.95,7.6,43.7,41.5,RETAIL,14.3
SEI,Solaris Energy Infrastructure Inc.,79.7,5992.4,95,92,46,NA,NA,60.95,18.1,44.5,70.5,MACHINE,6.3
TD,Toronto-Dominion Bank,118.18,198348.4,78,85,76,NA,NA,60.95,-2,23.2,45.5,BANKS,16.9
IAG,IAMGOLD Corp.,18.55,10551.3,76,82,82,NA,NA,60.900000000000006,12,-2.2,35.2,MINING,17.7
BB,BlackBerry Ltd.,9.58,5333.1,77,89,72,NA,NA,60.9,-15.8,169.9,99.6,SOFTWARE,7.3
OABI,OmniAb Inc.,4.35,715.3,99,79,57,NA,NA,60.9,80.5,182.5,158.9,MEDICAL,-23.4
VREX,Varex Imaging Corp.,18.48,783.5,97,81,57,NA,NA,60.9,72.1,75,55.8,MEDICAL,-14
ANDE,Andersons Inc.,66.61,2273,69,76,98,NA,NA,60.85,-1.3,-10.6,59,FOOD/BEV,7.3
IOT,Samsara Inc.,41.74,24823.8,81,92,63,NA,NA,60.85,11.3,32.7,4.1,SOFTWARE,-0.7
DCO,Ducommun Inc.,175.33,2610,80,72,89,NA,NA,60.8,-7.3,34.9,81.1,AEROSPACE/DEFENSE,-5.6
SAP,SAP SE ADR,210.46,242164.9,70,90,79,NA,NA,60.8,31.1,23,-23.3,SOFTWARE,16.3
TATYY,Tate & Lyle PLC ADR,29.85,3283.7,85,75,79,NA,NA,60.8,1.8,60.9,24.6,FOOD/BEV,6.3
BLZE,Backblaze Inc. Cl A,13.8,859.2,80,79,80,NA,NA,60.75,-9.8,273,44.7,COMPUTER,-31.8
BY,Byline Bancorp Inc.,37.34,1700.4,77,86,75,NA,NA,60.75,-0.1,16,32.7,BANKS,11
EBAY,eBay Inc.,107.06,47677.3,67,88,85,NA,NA,60.75,-5.8,9.6,16.7,RETAIL,40.8
JILL,J.Jill Inc.,24.76,365.9,98,89,45,NA,NA,60.75,56.8,115.9,57.4,RETAIL,24.5
AER,AerCap Holdings N.V.,146.27,22128.3,57,89,96,NA,NA,60.7,-4.7,3.4,16.9,FINANCE,21.1
JOYY,JOYY Inc. ADR,80.65,3942.4,90,92,51,NA,NA,60.7,16.3,36,38.2,INTERNET,4
KSPI,Kaspi.kz JSC ADR,93.16,18056.3,78,88,71,NA,NA,60.7,3.3,23.1,20,FINANCE,52.8
PACS,PACS Group Inc.,42.81,6762.5,77,85,76,NA,NA,60.7,-4.9,31.5,209.1,MEDICAL,23.1
CICHY,China Construction Bank Corp. ADR,24.6,326300.9,88,93,52,NA,NA,60.65,22.9,14.1,31.3,BANKS,10
FNLC,First Bancorp Inc.,33.75,386,73,92,72,NA,NA,60.65,-4.1,17.4,33,BANKS,12.8
HBM,Hudbay Minerals Inc.,26.95,12139.5,92,85,57,NA,NA,60.65,15.5,24,72.2,MINING,19.7
PI,Impinj Inc.,184.16,5658.4,83,86,67,NA,NA,60.65,24.4,81,-6.1,CHIPS,-6
KMTUY,Komatsu Ltd. ADR,49.07,43892.7,92,92,48,NA,NA,60.6,18.1,23,38.3,MACHINE,11.5
MCHP,Microchip Technology Inc.,81.26,44249.8,68,88,83,NA,NA,60.6,-7.2,20.9,22,CHIPS,3.4
RYCEY,Rolls-Royce Holdings PLC ADR,19.05,162178.4,71,77,93,NA,NA,60.6,-5.2,21.1,22.4,AEROSPACE/DEFENSE,609.9
XMAX,XMAX Inc.,8.76,565.1,80,84,73,NA,NA,60.6,-2.2,20.7,60.1,SOFTWARE,-22
JOE,St. Joe Co.,65.98,3769.4,78,81,79,NA,NA,60.55,8.7,1.6,38.1,REAL EST,15.5
LAUR,Laureate Education Inc.,38.25,5304.7,67,88,84,NA,NA,60.55,-3.4,11.8,27.9,CONSUMER,26.2
MOG.A,Moog Inc. Cl A,375.74,12079.2,72,75,94,NA,NA,60.55,-11.5,25.7,77.9,AEROSPACE/DEFENSE,12.2
BSRR,Sierra Bancorp,39.48,510.6,72,82,85,NA,NA,60.5,-3.4,14.8,36.4,BANKS,11.7
COP,ConocoPhillips,129.35,154251.7,86,88,60,NA,NA,60.5,24.9,-1.7,36.3,ENERGY,12.3
GNRC,Generac Holdings Inc.,223.62,12710.6,64,85,91,NA,NA,60.45,-13.3,14.4,36.2,MACHINE,6.2
MAR,Marriott International Inc.,361.28,92804.1,67,86,86,NA,NA,60.45,-4.9,6.9,32.9,LEISURE,0
MTD,Mettler-Toledo International Inc.,1533.07,30889,82,91,61,NA,NA,60.45,18.3,21,14,MACHINE,0
RSKD,Riskified Ltd.,7.79,1031.2,97,92,41,NA,NA,60.45,48.4,92.3,67.2,SOFTWARE,-8.1
XYZ,Block Inc.,76.54,45798.8,66,83,91,NA,NA,60.45,-3,26.1,-1.6,FINANCE,6
HOCPY,Hoya Corp. ADR,159.48,51813.7,59,89,92,NA,NA,60.400000000000006,1.3,-8.9,6,MEDICAL,26
GCO,Genesco Inc.,36.14,385.8,86,78,72,NA,NA,60.4,9,22.3,23.8,RETAIL,2.4
BPOP,Popular Inc.,158.29,10129.3,68,83,88,NA,NA,60.35,-6.2,13.1,24.6,BANKS,14
GWW,W.W. Grainger Inc.,1275.56,60611.4,68,87,83,NA,NA,60.35,-6.9,14.2,33,RETAIL,48.1
IHG,InterContinental Hotels Group PLC ADR,160.54,23312.6,70,85,83,NA,NA,60.35,-3.5,19,29.2,LEISURE,0
KOF,Coca-Cola Femsa S.A.B. de C.V. ADR,107.2,5680.1,70,85,83,NA,NA,60.35,-0.8,8.3,30,FOOD/BEV,16.5
ROK,Rockwell Automation Inc.,450.74,50547.1,68,91,78,NA,NA,60.35,-6.7,22.8,29.3,MACHINE,24.2
INDV,Indivior Pharmaceuticals Inc.,35.9,4248,59,83,99,NA,NA,60.3,-10.2,18,57.9,MEDICAL,0
CTVA,Corteva Inc.,13.91,8267.8,84,81,70,NA,NA,60.25,7.3,10,44.2,AGRICULTURE,5
IQV,IQVIA Holdings Inc.,259.98,43798.4,90,91,50,NA,NA,60.25,26.2,52.3,26.8,MEDICAL,21.6
NWPX,NWPX Infrastructure Inc.,105.48,1017.7,64,79,97,NA,NA,60.150000000000006,-26.3,34.5,108.4,METALS,9.2
LEGH,Legacy Housing Corp.,28.91,694.5,89,86,57,NA,NA,60.15,11.4,42.1,24,REAL EST,8.2
SNEX,StoneX Group Inc.,66,8133.2,62,80,98,NA,NA,60.1,-19,15.6,50,FINANCE,14.5
NTRA,Natera Inc.,400.65,61353.5,98,91,39,NA,NA,60.05,41.2,95.6,135.2,MEDICAL,-14.3
PRTH,Priority Technology Holdings Inc.,7.78,641.6,87,90,54,NA,NA,60.05,10,59.1,10.7,FINANCE,0
IRM,Iron Mountain Inc.,116.5,33441,74,77,86,NA,NA,59.95,0.1,11.6,9.5,REAL EST,0
SBC,SBC Medical Group Holdings Inc.,5.33,549.2,91,88,51,NA,NA,59.95,73.1,17.7,22.2,BUSINS SVC,23
IFS,Intercorp Financial Services Inc.,54.26,6257.3,65,85,87,NA,NA,59.900000000000006,-8.1,8.7,34.4,BANKS,16.5
RCEL,Avita Medical Inc.,12.99,409.8,99,83,47,NA,NA,59.9,150.3,233.1,135.3,MEDICAL,0
ECPG,Encore Capital Group Inc.,99.19,2076.8,94,87,48,NA,NA,59.85,10.8,36.8,144.1,FINANCE,29.5
HVT,Haverty Furniture Cos. Inc.,27.92,436.4,86,87,58,NA,NA,59.85,11.5,32.8,32.4,RETAIL,6.4
SGHT,Sight Sciences Inc.,8.56,491.4,93,84,53,NA,NA,59.85,56.2,141.1,154.8,MEDICAL,-50.7
NBTB,NBT Bancorp Inc.,50.67,2647.4,75,85,74,NA,NA,59.8,1,16,21.4,BANKS,9.9
RY,Royal Bank of Canada,196.35,270232.8,69,83,84,NA,NA,59.8,-5.6,19.4,33.5,BANKS,15.3
ADUS,Addus HomeCare Corp.,113.16,2109.8,72,87,75,NA,NA,59.75,7,21,0.4,MEDICAL,9.3
SMSMY,Sims Ltd. ADR,17.46,3247.7,83,72,80,NA,NA,59.75,0.8,37.1,92.2,METALS,9.4
GMAB,Genmab A/S ADR,37.8,21306.2,88,94,46,NA,NA,59.7,35,36.2,13.5,MEDICAL,17.7
NTRS,Northern Trust Corp.,169.46,31225,68,78,91,NA,NA,59.7,-6.4,18.2,28.2,BANKS,13.4
CVSA,Covista Inc.,127.37,4245.7,60,85,92,NA,NA,59.650000000000006,-1.7,8.7,-15,CONSUMER,18.6
UBSI,United Bankshares Inc.,46.06,6324.3,70,83,82,NA,NA,59.650000000000006,-0.9,9.1,22.6,BANKS,8.8
ZWS,Zurn Elkay Water Solutions Corp.,47.85,7959.8,56,89,92,NA,NA,59.650000000000006,-2.6,5.9,1.2,MACHINE,12.1
SM,SM Energy Co.,35.1,8336.8,92,85,52,NA,NA,59.65,33.2,15.2,38.3,ENERGY,14.3
ADSK,Autodesk Inc.,231.28,46306,51,93,93,NA,NA,59.6,11.4,-2.7,-28.5,SOFTWARE,39.7
ATRO,Astronics Corp.,69.16,2946.3,81,71,83,NA,NA,59.6,-3.7,21.3,79.6,AEROSPACE/DEFENSE,14.8
ATROB,Astronics Corp. Cl B,68.43,2946.3,81,71,83,NA,NA,59.6,-3.8,14.6,71,AEROSPACE/DEFENSE,14.8
DAR,Darling Ingredients Inc.,61.17,9894.2,83,77,73,NA,NA,59.6,5.7,-4.3,96.2,AGRICULTURE,1.4
PFG,Principal Financial Group Inc.,109.7,23772,74,78,83,NA,NA,59.6,-2.5,20.4,30.3,INSURANCE,10.3
AZTA,Azenta Inc.,39.35,1871.9,92,87,49,NA,NA,59.55,53.3,74.2,23.7,MEDICAL,1.4
BSVN,Bank7 Corp.,55.68,531.3,87,84,59,NA,NA,59.55,9.2,36,20.2,BANKS,18.6
HMY,Harmony Gold Mining Co. Ltd. ADR,17.32,10859.4,59,80,99,NA,NA,59.55,6.3,8.7,-6.5,MINING,47.6
PGC,Peapack-Gladstone Financial Corp.,44.18,786.1,75,80,79,NA,NA,59.55,-7.7,20.3,56.7,BANKS,5.9
MASS,908 Devices Inc.,12.33,529.1,97,89,40,NA,NA,59.5,46.4,80,40.8,MEDICAL,-25.8
APG,APi Group Corp.,41.4,17734.3,59,86,91,NA,NA,59.45,-3.3,-1.9,18.4,BUILDING,9.5
ICE,Intercontinental Exchange Inc.,153.49,85416.2,62,91,81,NA,NA,59.45,13.8,-7.8,-3.5,FINANCE,11.7
DNKEY,Danske Bank A/S ADR,27.53,43516.5,70,82,82,NA,NA,59.400000000000006,-1.8,11.7,29.6,BANKS,13.2
SEZL,Sezzle Inc.,112.84,3732.9,56,84,97,NA,NA,59.400000000000006,-37,64,30.7,FINANCE,103.3
VOXR,Vox Royalty Corp.,5.13,349.6,72,80,82,NA,NA,59.400000000000006,12.3,-2.3,21.3,MINING,7.8
CNK,Cinemark Holdings Inc.,35.28,4169.3,90,82,57,NA,NA,59.4,17.8,17.1,31.1,LEISURE,27.3
VIR,Vir Biotechnology Inc.,11.6,1993.4,94,86,47,NA,NA,59.4,15.8,28,107.5,MEDICAL,-45.7
AEO,American Eagle Outfitters Inc.,17.89,3034.8,62,85,88,NA,NA,59.35,8.4,2.3,13.5,RETAIL,11.1
AVNT,Avient Corp.,41.49,3815.5,82,73,78,NA,NA,59.35,6.7,19.5,27.4,CHEMICAL,3.5
CNC,Centene Corp.,64.61,31763.9,86,81,63,NA,NA,59.35,-2.2,82.5,71.7,MEDICAL,-28.8
CRD.A,Crawford & Co. Cl A,12.77,594.5,84,87,58,NA,NA,59.35,13.4,24.6,25,INSURANCE,11.9
ATLCY,Atlas Copco AB Series B ADR,18.56,96839.3,77,89,64,NA,NA,59.3,5.3,18.5,14.7,MACHINE,24.2
RRC,Range Resources Corp.,40.02,9036.4,65,89,79,NA,NA,59.3,7.3,-8.4,3.2,ENERGY,15.9
VSH,Vishay Intertechnology Inc.,37.84,5690.4,75,79,79,NA,NA,59.3,-18,101.7,135.3,ELECTRNCS,-0.4
CNMD,CONMED Corp.,44.48,1417.6,81,72,80,NA,NA,59.25,26.7,30.5,-4.3,MEDICAL,4.7
GRAL,GRAIL Inc.,137.28,6882.2,98,87,40,NA,NA,59.25,99.1,165.3,122.5,MEDICAL,-16.1
RS,Reliance Inc.,401.49,20842.5,87,82,60,NA,NA,59.25,6.3,31.2,42.9,METALS,10.3
TRST,Trustco Bank Corp.,55.13,939.6,81,84,65,NA,NA,59.25,0.3,23,48.9,BANKS,9
WEST,Westrock Coffee Co.,8.25,802.5,96,77,55,NA,NA,59.25,18,75.5,75.9,FOOD/BEV,-28.1
BFLY,Butterfly Network Inc.,8.7,2544.7,94,78,56,NA,NA,59.2,5.7,110.7,239.8,MEDICAL,-42.2
ECL,Ecolab Inc.,280.82,77670.6,59,89,86,NA,NA,59.2,-1,5.2,0.4,MACHINE,22.4
JAZZ,Jazz Pharmaceuticals PLC,231.39,15322.4,77,79,76,NA,NA,59.2,-5.2,23.8,68.2,MEDICAL,-8.5
IBDRY,Iberdrola S.A. ADR,94.67,155231,66,81,87,NA,NA,59.150000000000006,-1,0.7,24.5,UTILITY,12.4
GTES,Gates Industrial Corp. Ltd.,28.25,7040.1,79,88,62,NA,NA,59.15,4.1,25.6,10.7,MACHINE,7.9
MEOH,Methanex Corp.,60.81,4701,90,81,57,NA,NA,59.15,38.8,-1.2,53.4,CHEMICAL,3.5
OMRNY,OMRON Corp. ADR,41.03,8212.1,90,85,52,NA,NA,59.15,7.9,45.4,41.9,ELECTRNCS,4.4
HNI,HNI Corp.,46.74,3398.3,80,82,68,NA,NA,59.1,13,45.6,0.4,CONSUMER,4.1
MNST,Monster Beverage Corp.,43.25,85238.3,60,86,88,NA,NA,59.1,-11.2,16.6,28.9,FOOD/BEV,26.8
OLLI,Ollie's Bargain Outlet Holdings Inc.,87.75,5159.1,56,86,93,NA,NA,59.1,26.9,-9.7,-30.9,RETAIL,13.4
ROMA,Roma Green Finance Ltd. Cl A,8.74,524.2,93,69,68,NA,NA,59.1,1.9,94.2,216.7,BUSINS SVC,-44.2
ATLKY,Atlas Copco AB Series A ADR,21.31,96839.3,77,88,64,NA,NA,59.05,4.9,18.3,16,MACHINE,24.2
BEN,Franklin Templeton Inc.,32.44,16705.6,76,77,79,NA,NA,59.05,-5.8,38.6,39.9,FINANCE,3.8
DSGX,Descartes Systems Group Inc.,78.62,6907.1,58,83,94,NA,NA,59.05,7.5,10.8,-17,SOFTWARE,10.9
LKNCY,Luckin Coffee Inc. ADR,33.1,9489.9,56,81,99,NA,NA,59.05,6.1,9.7,-21.2,RETAIL,23.6
NEXA,Nexa Resources S.A.,12.45,1651.5,77,76,79,NA,NA,59.05,-5.8,13.9,145.6,MINING,14.6
TSBK,Timberland Bancorp Inc.,45.65,351.2,81,84,64,NA,NA,59.05,3.8,10,39.6,BANKS,11.5
USFD,US Foods Holding Corp.,96.53,20471.4,64,81,89,NA,NA,59.05,-6.2,6.2,27.8,FOOD/BEV,15.3
WELL,Welltower Inc.,225.78,161562.2,71,78,84,NA,NA,59.05,-3,12.4,29.7,REAL EST,2.5
DDD,3D Systems Corp.,3.59,591.5,94,74,60,NA,NA,59,26.9,93,13.2,MACHINE,14.3
HRTG,Heritage Insurance Holdings Inc.,34.17,1010.6,90,86,50,NA,NA,59,24.6,28.3,37.6,INSURANCE,49.1
PENG,Penguin Solutions Inc.,64.21,3110.9,87,85,55,NA,NA,59,-5.2,216.8,119.1,COMPUTER,6.1
TX,TERNIUM S.A. ADR,56.97,11380,95,81,50,NA,NA,59,34.3,43.5,57.8,METALS,3.6
FMBH,First Mid Bancshares Inc.,49.51,1321.3,79,84,66,NA,NA,58.95,1.7,17.5,31.6,BANKS,10.2
HTFL,Heartflow Inc.,50.69,4539.8,97,82,46,NA,NA,58.95,87,95.3,36,SOFTWARE,-111.4
TEM,Tempus AI Inc.,71.98,15075.3,79,84,66,NA,NA,58.95,18.6,52.2,-22.7,MEDICAL,-89.5
CRD.B,Crawford & Co. Cl B,12.13,594.5,82,88,57,NA,NA,58.9,13.6,19,26.7,INSURANCE,11.9
DVN,Devon Energy Corp.,48.02,52778,83,87,57,NA,NA,58.9,19,-3.3,37.6,ENERGY,17.6
BFH,Bread Financial Holdings Inc.,97.8,3799.7,77,80,73,NA,NA,58.85,-5.5,30.1,78.6,FINANCE,16.3
MBWM,Mercantile Bank Corp.,58.83,1021.4,77,84,68,NA,NA,58.85,1.6,14.2,28.6,BANKS,13.6
PRK,Park National Corp.,180.28,3270,65,80,88,NA,NA,58.85,-2.6,8.3,11.1,BANKS,13.9
EWBC,East West Bancorp Inc.,127.12,17378.6,67,85,79,NA,NA,58.8,-3.4,15.6,18.3,BANKS,15.9
NGLOY,Anglo American PLC ADR,27.39,59639.8,88,76,64,NA,NA,58.8,8.4,25.1,44.1,MINING,-6.2
SAIL,SailPoint Inc.,19.91,11583.8,76,88,64,NA,NA,58.8,25.6,51.9,-15.7,SOFTWARE,-4.7
SHC,Sotera Health Co.,18.25,5293.7,73,87,69,NA,NA,58.8,2.2,22.7,12.5,MEDICAL,15.4
TMO,Thermo Fisher Scientific Inc.,656.58,250230.2,88,92,44,NA,NA,58.8,26.9,34.5,20.7,MEDICAL,13
EC,Ecopetrol S.A. ADR,16.96,35459.5,92,83,50,NA,NA,58.75,17.2,13.7,85.2,ENERGY,10.8
GEV,GE Vernova Inc.,1029.21,263670.3,71,87,71,NA,NA,58.7,-10.7,14.7,70.6,ENERGY,47.1
THFF,First Financial Corp.,74.39,1187.3,72,82,76,NA,NA,58.7,-3.4,16.1,36.4,BANKS,13.2
WEAV,Weave Communications Inc.,7.38,592.1,81,81,66,NA,NA,58.7,10.1,45.3,8.8,SOFTWARE,-37.6
JPM,JPMorgan Chase & Co.,331.28,883528,61,84,87,NA,NA,58.650000000000006,-1.9,12.1,7.1,BANKS,16.1
WK,Workiva Inc. Cl A,70.16,3911.5,69,80,82,NA,NA,58.650000000000006,36.1,17.4,-21.1,SOFTWARE,0
CME,CME Group Inc. Cl A,270.18,97097.2,65,88,77,NA,NA,58.65,15.1,-12.4,3.1,FINANCE,14.6
CVI,CVR Energy Inc.,57.42,5724.2,98,91,32,NA,NA,58.65,98.8,76.5,56.3,ENERGY,3.8
MATV,Mativ Holdings Inc.,12.21,668.4,86,75,67,NA,NA,58.65,63.7,45.9,11.3,MISC,-49.8
MGRC,McGrath RentCorp,117.98,2847.3,66,91,72,NA,NA,58.65,1.4,8.4,4.1,FINANCE,13.2
CBZ,CBIZ Inc.,54.74,3006.3,87,77,63,NA,NA,58.6,54.8,93.6,-2.4,BUSINS SVC,6.5
FORTY,Formula Systems (1985) Ltd. ADR,110,1738.4,53,83,98,NA,NA,58.6,1.4,-11.6,-22.5,BUSINS SVC,3.6
MOG.B,Moog Inc. Cl B,373.21,12079.2,71,68,94,NA,NA,58.55,-12.9,25,81.2,AEROSPACE/DEFENSE,12.2
ORRF,Orrstown Financial Services Inc.,41.33,814.3,74,85,69,NA,NA,58.55,1.2,12.6,21.8,BANKS,14.6
PEB,Pebblebrook Hotel Trust,18.98,2155.3,89,78,59,NA,NA,58.55,1.8,49.3,74.6,REAL EST,-2.5
PGNY,Progyny Inc.,25.91,1984.2,56,83,94,NA,NA,58.55,-16.2,54.4,28.3,MEDICAL,12.5
SMWB,Similarweb Ltd.,8.03,707.8,85,78,64,NA,NA,58.55,28.3,194.1,-13.4,SOFTWARE,-129.6
VWDRY,Vestas Wind Systems A/S ADR,9.75,29065.2,72,83,74,NA,NA,58.55,4.4,6.3,48,ENERGY,21.4
ARX,Accelerant Holdings,19.73,4285.1,92,70,65,NA,NA,58.5,48.9,49.8,31.5,INSURANCE,-436.7
USAC,USA Compression Partners L.P.,25.84,3680.1,59,78,96,NA,NA,58.45,1.3,-5.9,10.3,ENERGY,0
MRK,Merck & Co. Inc.,141.94,344269.1,88,80,57,NA,NA,58.4,12,17.5,59.8,MEDICAL,36.9
PSTL,Postal Realty Trust Inc. Cl A,22.69,799,74,78,77,NA,NA,58.4,-6.8,19.3,51.5,REAL EST,4.3
BHC,Bausch Health Cos. Inc.,6.02,2210.8,69,82,78,NA,NA,58.35,25.2,11.3,-7,MEDICAL,0
BLX,Bladex Inc.,55.58,1930,67,88,73,NA,NA,58.35,-4.8,5.5,22.7,BANKS,16.1
CRL,Charles River Laboratories International Inc.,304.96,14835.8,96,87,38,NA,NA,58.35,31.8,81.3,74.3,MEDICAL,-4.4
DOCN,DigitalOcean Holdings Inc.,131.01,16135.4,90,81,53,NA,NA,58.35,-0.3,50.5,241.3,SOFTWARE,0
HUBB,Hubbell Inc.,485.41,25394,60,87,83,NA,NA,58.35,-2.1,-2.8,17.5,MACHINE,24.9
MHK,Mohawk Industries Inc.,126.05,7550.5,77,78,73,NA,NA,58.35,8.5,30,-0.1,BUILDING,4.6
OR,OR Royalties Inc.,34.47,6426.8,56,79,98,NA,NA,58.35,11.9,-13.3,-14.7,MINING,15.7
SPB,Spectrum Brands Holdings Inc.,76.72,1747.4,65,70,98,NA,NA,58.35,-8.1,0.2,44.8,BUILDING,4.9
AHKSY,Asahi Kasei Corp. ADR,21.11,14168.5,62,76,94,NA,NA,58.3,-9.9,9.6,33.2,CHEMICAL,8.2
AMPH,Amphastar Pharmaceuticals Inc.,25.91,1079.2,79,87,59,NA,NA,58.3,32.1,25.9,-2.5,MEDICAL,12.9
APLE,Apple Hospitality REIT Inc.,16.33,3871.8,81,81,64,NA,NA,58.3,-1.5,40.9,39.3,REAL EST,5.5
CBAN,Colony Bankcorp Inc.,20.43,433.1,67,83,79,NA,NA,58.3,0.1,0.8,21.5,BANKS,8.6
ESI,Element Solutions Inc.,37.74,9148.2,65,81,84,NA,NA,58.3,-10.8,11.2,39,CHEMICAL,7.5
GL,Globe Life Inc.,166.28,12750.9,67,79,84,NA,NA,58.3,-6,16,24.1,INSURANCE,20.6
GWRE,Guidewire Software Inc.,164.52,13383.7,60,82,89,NA,NA,58.3,19.6,11.3,-29.4,SOFTWARE,10.5
PAM,Pampa Energia S.A. ADR,81.48,4508.4,56,82,94,NA,NA,58.3,-1.1,-7.9,34.6,UTILITY,11.5
PLGO,Pelagos Insurance Capital Ltd.,23.77,2029.3,73,77,79,NA,NA,58.3,-3.5,23.2,28.2,INSURANCE,9.3
WMB,Williams Cos.,72.39,86612.5,66,88,74,NA,NA,58.3,-0.6,-0.3,13.9,ENERGY,20.7
AROW,Arrow Financial Corp.,37.2,692.4,61,80,90,NA,NA,58.25,-9.9,7.4,34.3,BANKS,10.5
CLBK,Columbia Financial Inc.,11.13,3053.9,93,80,50,NA,NA,58.25,14.4,37.9,59.4,BANKS,4.6
FCNCA,First Citizens Bancshares Inc. Cl A,2088.13,23221.6,61,80,90,NA,NA,58.25,-1.4,8.3,18.7,BANKS,9.9
HTHIY,Hitachi Ltd. ADR,35.92,161521.7,86,91,45,NA,NA,58.25,21.4,21.6,20.4,MISC,13.2
ITRN,Ituran Location & Control Ltd.,52.17,1041.4,61,80,90,NA,NA,58.25,-10,1.7,43.5,BUSINS SVC,28.8
PFIS,Peoples Financial Services Corp.,69.26,691.5,85,84,55,NA,NA,58.25,2.7,26,44.3,BANKS,12
QTWO,Q2 Holdings Inc.,57.42,3629.7,60,77,95,NA,NA,58.25,7.5,17.8,-12.9,SOFTWARE,8.8
SDGR,Schrodinger Inc.,28.9,2438.7,97,88,35,NA,NA,58.25,70,150.9,35.7,MEDICAL,-26.3
SYNA,Synaptics Inc.,119.39,4753.4,84,85,55,NA,NA,58.25,-3.9,59.3,73.5,CHIPS,-42.2
BUSE,First Busey Corp.,29.4,2436.8,74,82,71,NA,NA,58.2,-0.3,13.6,25.8,BANKS,7
NBIS,Nebius Group N.V. Cl A,249.87,63225.4,97,79,46,NA,NA,58.2,17.3,122,100,INTERNET,0.2
SMTI,Sanara MedTech Inc.,35,321.6,93,79,51,NA,NA,58.2,39.1,103.6,12,MEDICAL,-1.7
CB,Chubb Ltd.,334.21,127503,56,83,92,NA,NA,58.150000000000006,-6.3,2.2,16.7,INSURANCE,15
PATH,UiPath Inc.,13.1,6858.4,62,85,82,NA,NA,58.150000000000006,10.7,17.5,-9.8,SOFTWARE,14.4
SSB,SouthState Bank Corp.,100.95,9807,62,81,87,NA,NA,58.150000000000006,0.1,7.2,0.2,BANKS,10.7
API,Agora Inc. ADR,4.12,388.1,66,84,78,NA,NA,58.1,-0.2,11.7,3.3,SOFTWARE,1.7
ASIC,Ategrity Specialty Insurance Co. Holdings,25.51,1233.2,82,80,63,NA,NA,58.1,2.1,25.4,48.3,INSURANCE,14.6
CRESY,Cresud S.A.C.I.F. y A. ADR,12.13,884.6,73,85,68,NA,NA,58.1,9.1,-3.3,42.4,REAL EST,14.1
EVVTY,Evolution Gaming Group AB ADR,81.34,14856.2,85,73,68,NA,NA,58.1,19.2,26.7,1.8,LEISURE,26.9
HQY,HealthEquity Inc.,91.05,7572.6,53,85,93,NA,NA,58.1,-5.7,9.1,3.7,BUSINS SVC,10.2
SXI,Standex International Corp.,297.12,3552.3,70,84,73,NA,NA,58.1,-7.1,17,37.5,MACHINE,14.3
SYBT,Stock Yards Bancorp Inc.,77.07,2411.1,69,81,78,NA,NA,58.1,-1,13.9,9.5,BANKS,13.9
CHRD,Chord Energy Corp.,137.53,7609,86,79,59,NA,NA,58.05,23.2,-3.3,38,ENERGY,0.5
UVSP,Univest Financial Corp.,41.37,1148.7,70,79,79,NA,NA,58.05,-6.4,17,35.6,BANKS,9.9
ZM,Zoom Communications Inc.,94.2,27316.8,78,87,59,NA,NA,58.05,10.9,13.9,16.3,SOFTWARE,20.3
BKR,Baker Hughes Co.,57.13,56959.6,72,76,80,NA,NA,58,7.3,-5.9,16.4,ENERGY,14.5
ENVA,Enova International Inc.,182.88,4431.9,57,79,95,NA,NA,58,-22.1,31.8,65.5,FINANCE,24.3
MAN,ManpowerGroup,51.87,2520.6,96,80,45,NA,NA,58,34.9,81.4,32,BUSINS SVC,-0.6
BDX,Becton Dickinson & Co.,180.3,49212.1,83,76,66,NA,NA,57.95,15.9,16.1,19.5,MEDICAL,6.5
HTH,Hilltop Holdings Inc.,37.1,2185.5,58,77,96,NA,NA,57.95,-3.9,2.9,12.2,BANKS,7.6
ODC,Oil-Dri Corp. of America,88.13,1180.3,73,74,81,NA,NA,57.95,-11.6,29.8,46,CONSUMER,21.9
POWL,Powell Industries Inc.,204.69,7207.8,65,82,81,NA,NA,57.95,-17.5,9.6,97,MACHINE,32.2
UMAC,Unusual Machines Inc.,22.36,1090.6,89,70,66,NA,NA,57.95,3.3,63.1,37.9,LEISURE,-20.2
BRDCY,Bridgestone Corp. ADR,12,29560.5,73,73,82,NA,NA,57.900000000000006,8.1,15.9,1.9,AUTO,9
HCSG,Healthcare Services Group Inc.,21.13,1454.3,54,80,97,NA,NA,57.900000000000006,-14.2,12.5,30.4,BUSINS SVC,11.7
RCL,Royal Caribbean Group,288.78,73557.3,55,87,87,NA,NA,57.900000000000006,0.3,4.7,-9,LEISURE,48.5
VRT,Vertiv Holdings Co.,253.14,97640.7,54,80,97,NA,NA,57.900000000000006,-20.5,-2.2,55.5,MACHINE,41.8
CEVA,CEVA Inc.,36.17,1032.1,66,84,77,NA,NA,57.9,-19,84.3,24.8,CHIPS,-3.5
CYPH,Cypherpunk Technologies Inc.,3.26,341.6,99,79,42,NA,NA,57.9,383,323.2,326.9,FINANCE,5.1
TAK,Takeda Pharmaceutical Co. Ltd. ADR,18.1,56980.2,73,77,77,NA,NA,57.9,7.2,-0.7,24.4,MEDICAL,-2.2
AMP,Ameriprise Financial Inc.,496.61,43719.6,57,84,88,NA,NA,57.85,-2.1,15.4,0.6,FINANCE,60.5
EXPE,Expedia Group Inc.,260.07,31225.3,59,74,98,NA,NA,57.85,-2.5,13.5,16.2,LEISURE,91.1
HNGE,Hinge Health Inc. Cl A,98.35,7936.3,95,86,38,NA,NA,57.85,11.1,151,90.3,MEDICAL,-106.7
OUT,OUTFRONT Media Inc.,29.07,5088.5,63,78,88,NA,NA,57.85,-10.6,6.4,60.6,REAL EST,19.9
OXY,Occidental Petroleum Corp.,58.33,58288.9,81,79,64,NA,NA,57.8,19.5,-7.4,28.5,ENERGY,5.8
TKNO,Alpha Teknova Inc.,8.75,483.2,98,86,34,NA,NA,57.8,58.2,180.4,54.9,MEDICAL,-22.8
KYOAY,Kyocera Corp. ADR,24.71,32147.9,62,85,80,NA,NA,57.75,3.6,0,0,ELECTRNCS,4.4
BSY,Bentley Systems Inc.,35.97,10497.7,55,91,81,NA,NA,57.7,10.3,2.5,-36.7,SOFTWARE,24.9
MS,Morgan Stanley,191.02,298706,52,82,96,NA,NA,57.7,-14,14.7,20.8,BANKS,15.6
ESQ,Esquire Financial Holdings Inc.,116.44,1428.6,62,79,87,NA,NA,57.650000000000006,-3.4,6.4,11.2,BANKS,19.3
MCRI,Monarch Casino & Resort Inc.,119.23,2117.9,68,73,87,NA,NA,57.650000000000006,-6.2,21.5,18.8,LEISURE,19.2
MYRG,MYR Group Inc.,324.51,4712,55,78,97,NA,NA,57.650000000000006,-26.7,12.7,62.5,BUILDING,18.8
UNTY,Unity Bancorp Inc.,55.23,549,59,82,87,NA,NA,57.650000000000006,-3.6,3.1,11.5,BANKS,18.1
LILAB,Liberty Latin America Ltd. Cl B,7.45,1679.4,86,71,67,NA,NA,57.65,56.8,26.3,30,TELECOM,-72.9
FTRE,Fortrea Holdings Inc.,20.78,2007.6,93,79,48,NA,NA,57.6,16.4,130.6,116.7,MEDICAL,-102.4
NTB,Bank of Butterfield Ltd.,58.81,2303,71,85,68,NA,NA,57.6,-3,9.2,40.8,BANKS,21.4
OKE,ONEOK Inc.,89.23,55841.6,70,82,73,NA,NA,57.6,2.1,0.8,22.7,ENERGY,17.2
RL,Ralph Lauren Corp. Cl A,368.67,21762.5,55,81,93,NA,NA,57.6,-7,2.8,14.8,CONSUMER,34.7
AMTB,Amerant Bancorp Inc.,29.06,1146.3,91,80,49,NA,NA,57.55,11.6,25.2,53,BANKS,5.7
BSAC,Banco Santander-Chile ADR,32.11,15470.9,56,83,89,NA,NA,57.55,-3.5,-3.4,20.7,BANKS,18.7
FLYW,Flywire Corp.,18.21,2210.7,82,85,54,NA,NA,57.55,-0.6,53.1,35.2,FINANCE,1.6
NICE,NICE Ltd. ADR,115.33,6705.8,68,91,64,NA,NA,57.55,18.7,1.7,-16.4,SOFTWARE,16.5
BCAL,California BanCorp,21.66,697.7,78,84,60,NA,NA,57.5,3.6,20.3,26.1,BANKS,11.6
NOVT,Novanta Inc.,149.1,5695.7,68,86,70,NA,NA,57.5,-9.6,27.5,42.9,ELECTRNCS,5.2
FDX,FedEx Corp.,289.03,68428.5,63,70,96,NA,NA,57.45,-6.7,0,45.3,TRANSPORTATION,14.8
UHS,Universal Health Services Inc. Cl B,177.08,10373.6,55,82,91,NA,NA,57.45,12,-2.3,-14.4,MEDICAL,21.4
ARCO,Arcos Dorados Holdings Inc. Cl A,8.12,1687.7,62,74,92,NA,NA,57.400000000000006,-1.9,-2.8,20.8,RETAIL,33.2
VNOM,Viper Energy Inc.,41.59,14680.3,60,80,87,NA,NA,57.400000000000006,2.7,-10.2,6.9,ENERGY,-2.2
ABBV,AbbVie Inc.,266.69,469629.1,77,86,58,NA,NA,57.35,4.7,29,15.9,MEDICAL,15221.8
BLCO,Bausch + Lomb Corp.,17.18,6132.5,65,78,83,NA,NA,57.35,0.4,5.1,15.4,MEDICAL,-5.6
CHCO,City Holding Co.,141.57,1991.2,76,83,63,NA,NA,57.35,4.9,15.1,14.6,BANKS,16.8
HAFC,Hanmi Financial Corp.,31.68,934,71,80,73,NA,NA,57.35,-2.5,17.9,26.3,BANKS,9.9
ITOCY,Itochu Corp. ADR,13.74,108213.2,82,81,58,NA,NA,57.35,17.8,8.7,22.2,MISC,15
SCHW,Charles Schwab Corp.,96.8,169405.7,51,84,93,NA,NA,57.35,-3.8,4.1,3,FINANCE,18.1
VG,Venture Global Inc.,13.51,33626.2,76,83,63,NA,NA,57.35,24.5,-15.2,-3.2,ENERGY,41.9
DHC,Diversified Healthcare Trust,7.58,1825.7,64,66,99,NA,NA,57.3,-16.5,8.5,75.5,REAL EST,-15.8
MCS,Marcus Corp.,26.44,803.4,95,67,59,NA,NA,57.3,18.3,43.4,79.6,LEISURE,2.8
MOV,Movado Group Inc.,32.85,533.8,72,74,79,NA,NA,57.3,-13,33.6,70.6,RETAIL,5.4
OGC,OceanaGold Corp.,26.71,5937.8,56,74,99,NA,NA,57.3,3.5,-16,15.6,MINING,30.8
PLUS,ePlus Inc.,94.16,2426.9,82,88,49,NA,NA,57.3,13,21.4,28.3,BUSINS SVC,12.1
ABBNY,ABB Ltd. ADR,99.05,176613.3,71,82,70,NA,NA,57.25,-8.3,20,33.8,MACHINE,30
BMO,Bank of Montreal,166.09,114464,71,78,75,NA,NA,57.25,-5.7,20.9,28.5,BANKS,10.1
COR,Cencora Inc.,316.37,60097.2,61,84,80,NA,NA,57.25,6,-1.4,3.6,MEDICAL,144.3
DIS,Walt Disney Co.,104.03,178902,60,81,85,NA,NA,57.25,6.8,8,-7.7,MEDIA,11.8
ELMT,Elmet Group Co.,23.16,648.5,80,77,65,NA,NA,57.25,32.6,0,0,METALS,11
FRST,Primis Financial Corp.,15.48,384.6,73,80,70,NA,NA,57.25,-3.1,14.7,45.2,BANKS,15.9
PSO,Pearson PLC ADR,16.32,9739.7,72,81,70,NA,NA,57.25,-1.3,22.4,14.9,MEDIA,8.9
TNET,TriNet Group Inc.,62.78,2933.3,81,80,60,NA,NA,57.25,14.8,66.9,-5.1,BUSINS SVC,252
EXPO,Exponent Inc.,69.18,3268.8,69,87,66,NA,NA,57.2,13.1,3.9,2.8,BUSINS SVC,26.1
IMO,Imperial Oil Ltd.,122.19,59840.1,78,78,66,NA,NA,57.2,8.3,-5.6,34.2,ENERGY,14.4
PAYO,Payoneer Global Inc.,7.15,2422.8,79,85,56,NA,NA,57.2,0.3,45.3,15.3,FINANCE,10.2
BRK.B,Berkshire Hathaway Inc. Cl B,505.54,970683.3,59,84,82,NA,NA,57.150000000000006,-0.2,6.1,1.1,MISC,9.8
BUD,Anheuser-Busch InBev S.A. ADR,75.62,146540.7,67,76,82,NA,NA,57.150000000000006,-4.7,4.3,29.2,ALCOHL/TOB/THC,8.3
C,Citigroup Inc.,128.52,215634.5,57,78,92,NA,NA,57.150000000000006,-10.7,9.5,31.1,BANKS,6.7
KBCSY,KBC Group N.V. ADR,70.91,58402.7,74,81,67,NA,NA,57.15,2.6,13,19.2,BANKS,14.7
TKOMY,Tokio Marine Holdings Inc. ADR,50.5,93472.8,78,89,52,NA,NA,57.15,5,10.4,21.3,INSURANCE,8.4
ATEN,A10 Networks Inc.,28.58,2046.8,61,85,78,NA,NA,57.1,-21.6,19.2,53.1,INTERNET,19
HST,Host Hotels & Resorts Inc.,22.48,15374.2,73,77,73,NA,NA,57.1,-3.3,16.9,35.3,REAL EST,11.6
KUBTY,Kubota Corp. ADR,86.38,19663.8,75,75,73,NA,NA,57.1,0.4,10,32.1,MACHINE,7.7
UTHR,United Therapeutics Corp.,541.62,23006.6,58,88,78,NA,NA,57.1,-1,-3.2,19.5,MEDICAL,19.7
DSGR,Distribution Solutions Group Inc.,35.05,1619.9,90,87,39,NA,NA,57.05,29.5,32.4,22,MACHINE,1.3
HESM,Hess Midstream LP Cl A,38.69,7919.3,66,83,74,NA,NA,57.05,1.3,-0.6,16.2,ENERGY,64.2
LUV,Southwest Airlines Co.,42.45,20473.4,50,83,94,NA,NA,57.05,-16.5,11.2,30.3,TRANSPORTATION,4.8
OTCM,OTC Markets Group Inc. Cl A,54.4,644.1,66,87,69,NA,NA,57.05,5.8,0.4,7.7,FINANCE,80.1
PICS,PicS N.V.,12.46,1505.8,62,82,80,NA,NA,57,9.2,12.2,0,FINANCE,40.4
VMI,Valmont Industries Inc.,486.89,9205.5,57,79,90,NA,NA,57,-13.7,20.7,21.6,METALS,21.1
ALIZY,Allianz SE ADR,47.09,177941.3,62,77,86,NA,NA,56.95,-2.2,10.4,10.5,INSURANCE,19.1
CCSI,Consensus Cloud Solutions Inc.,36.35,666.7,82,81,56,NA,NA,56.95,-2.2,47.9,30.5,SOFTWARE,0
OBIO,Orchestra BioMed Holdings Inc.,5.84,362.4,96,75,46,NA,NA,56.95,43.1,37.7,110.8,MEDICAL,-109.4
OVCHY,Oversea-Chinese Banking Corp. Ltd. ADR,49.79,111962.5,96,83,36,NA,NA,56.95,26.3,42.5,90.9,BANKS,12.6
PAHC,Phibro Animal Health Corp.,36.61,1510,51,80,96,NA,NA,56.95,7.3,-33.4,-3.1,MEDICAL,29.7
BRC,Brady Corp. Cl A,85.11,4005.7,54,84,87,NA,NA,56.900000000000006,-7.7,6.1,12.2,ELECTRNCS,16.1
CPF,Central Pacific Financial Corp.,36.28,935.7,63,79,82,NA,NA,56.900000000000006,-5.7,11,18.6,BANKS,13.7
EL,Estee Lauder Cos. Cl A,93.36,33804.7,72,70,82,NA,NA,56.900000000000006,10,31.7,5.3,CONSUMER,4.7
UMBF,UMB Financial Corp.,130.08,9858.3,55,79,92,NA,NA,56.900000000000006,-9.9,13.1,8.4,BANKS,12.6
LTC,LTC Properties Inc.,42.44,2287.2,81,85,52,NA,NA,56.9,9.5,11.4,21,REAL EST,11.5
PLPC,Preformed Line Products Co.,421.52,2034.2,95,79,42,NA,NA,56.9,14.6,44.3,113.4,TELECOM,7.9
SWDBY,Swedbank AB ADR,40.94,45416,83,83,52,NA,NA,56.9,7.6,20.2,33.9,BANKS,15.1
ULTA,Ulta Beauty Inc.,547.29,23205.3,68,86,67,NA,NA,56.9,21,0.9,-3.5,RETAIL,43.6
CSTM,Constellium SE,25.5,3427.5,58,71,98,NA,NA,56.85,-15.5,-8.4,68.4,METALS,32.9
SJM,J.M. Smucker Co.,116.8,12416.1,76,69,78,NA,NA,56.85,4.6,22.7,9.1,FOOD/BEV,-2.4
BWA,BorgWarner Inc.,63.36,12272.9,75,69,79,NA,NA,56.8,-3.9,19.4,42.7,AUTO,5
DVA,DaVita Inc.,180.4,11402.3,57,75,94,NA,NA,56.8,-23.5,20.2,40.8,MEDICAL,0
EVTC,Evertec Inc.,29.05,1740,55,89,79,NA,NA,56.8,0.9,3.2,-9.6,FINANCE,25.9
FDS,FactSet Research Systems Inc.,272.01,9831.7,69,83,69,NA,NA,56.8,7.9,17.8,-1.1,BUSINS SVC,25.5
TFPM,Triple Flag Precious Metals Corp.,30.68,6284.2,51,77,99,NA,NA,56.8,2,-13.1,0.9,MINING,12.7
AMKR,Amkor Technology Inc.,53.39,13573,57,78,90,NA,NA,56.75,-23.6,13.5,74.6,CHIPS,8.7
BFST,Business First Bancshares Inc.,30.74,1004.8,73,86,60,NA,NA,56.75,-0.5,11.5,29.7,FINANCE,10.4
BRK.A,Berkshire Hathaway Inc. Cl A,758166,970683.3,59,84,80,NA,NA,56.75,0.2,5.8,1,MISC,9.8
PTGX,Protagonist Therapeutics Inc.,138.69,9099.9,90,73,55,NA,NA,56.75,5.5,34.8,116.2,MEDICAL,-20.2
TFSL,TFS Financial Corp.,16.57,4703,65,78,80,NA,NA,56.75,-7.3,16.6,21.4,BANKS,4.8
GPN,Global Payments Inc.,81.79,21746.3,68,78,76,NA,NA,56.7,5.7,25.8,-6.2,FINANCE,4.7
LFCBY,Lifco AB ADR,15.92,14652.6,52,86,86,NA,NA,56.7,-2.9,4.1,-6.9,MEDICAL,19.9
SLP,Simulations Plus Inc.,18.5,374.2,71,83,66,NA,NA,56.7,0.8,48.5,11.8,SOFTWARE,-42.1
TTC,Toro Co.,98.89,9366,75,87,56,NA,NA,56.7,1.9,5.8,29.1,BUILDING,21
AWR,American States Water Co.,81.56,3240.6,65,76,82,NA,NA,56.650000000000006,-1.9,6.2,15.4,UTILITY,13.2
ACCO,ACCO Brands Corp.,4.37,400.6,81,83,53,NA,NA,56.6,6.6,51.2,7.6,BUSINS SVC,6.5
PDLB,Ponce Financial Group Inc.,20.34,490.5,79,81,58,NA,NA,56.6,0.8,18.9,39.5,BANKS,5.5
TXNM,TXNM Energy Inc.,58.55,6443.5,60,80,83,NA,NA,56.6,3.4,-0.6,3,UTILITY,5.1
FLS,Flowserve Corp.,73.34,9444.5,63,76,84,NA,NA,56.55,-1.8,-3.4,39.7,MACHINE,16.5
LNTH,Lantheus Holdings Inc.,99.95,6542.4,83,68,69,NA,NA,56.55,-2.8,31.7,89.7,MEDICAL,21.4
NWBI,Northwest Bancshares Inc.,14.93,2202.7,73,78,69,NA,NA,56.55,-1.2,14.1,18.9,BANKS,7.2
OUST,Ouster Inc.,44.91,3181.6,78,81,59,NA,NA,56.55,-9.9,132.6,38.5,ELECTRNCS,-27.3
CRAI,CRA International Inc.,171.43,1075.2,61,85,75,NA,NA,56.5,14.3,4.7,-11.3,BUSINS SVC,25.7
FEIM,Frequency Electronics Inc.,87.13,963.4,97,81,35,NA,NA,56.5,34.7,60.6,127.7,TELECOM,-1.6
NOK,Nokia Corp. ADR,10.97,57357.9,75,75,70,NA,NA,56.5,-12.3,23.4,121.6,TELECOM,3.1
FCBC,First Community Bankshares Inc.,47.79,905.4,84,85,46,NA,NA,56.45,5.9,13.7,39,BANKS,9.5
HLT,Hilton Worldwide Holdings Inc.,322.61,71147.5,62,79,81,NA,NA,56.45,-4.9,5.1,24,LEISURE,0
HOPE,Hope Bancorp Inc.,13.48,1733.5,74,75,71,NA,NA,56.45,-0.4,14.3,21.2,BANKS,2.8
TDW,Tidewater Inc.,82.07,4176,87,70,61,NA,NA,56.45,20.4,-3.8,52.8,ENERGY,27
UAN,CVR Partners LP,125.28,1331,79,74,66,NA,NA,56.45,9.6,-3.4,32.4,AGRICULTURE,35.3
WRB,W.R. Berkley Corp.,69.65,25900.5,52,84,87,NA,NA,56.400000000000006,-1.8,5.3,-9.5,INSURANCE,19.7
CCDBF,CCL Industries Inc. Cl B,66.17,11176.2,68,79,73,NA,NA,56.35,2.3,5.3,19.1,MISC,14.7
NPSCY,Nippon Steel Corp. ADR,4.17,21618.5,76,83,58,NA,NA,56.35,17.8,14.6,-0.2,METALS,0.3
DAO,Youdao Inc. ADR,16.87,1885.5,97,77,39,NA,NA,56.3,33.4,72.8,63.9,SOFTWARE,0
PPHC,Public Policy Holding Co. Inc.,10.85,321.5,65,73,84,NA,NA,56.3,31,-20.8,0,BUSINS SVC,-53.1
PRI,Primerica Inc.,279.13,8555.2,55,79,89,NA,NA,56.3,-6.7,10,0.6,INSURANCE,31.8
SWBI,Smith & Wesson Brands Inc.,14.52,659.1,69,77,74,NA,NA,56.3,-5.5,-1.6,46.2,BUSINS SVC,4.9
TRMB,Trimble Inc.,60.95,13713.3,53,85,84,NA,NA,56.3,16.2,-6.3,-24.6,SOFTWARE,7.3
LIVN,LivaNova PLC,74.93,4210.8,64,73,85,NA,NA,56.25,-10.8,18,42.4,MEDICAL,-19.2
NDEKY,Nitto Denko Corp. ADR,22.8,14524.7,69,88,60,NA,NA,56.25,14.6,18.1,-11.4,ELECTRNCS,12.5
PRGS,Progress Software Corp.,37.2,1521.1,53,84,85,NA,NA,56.25,-4,31,-20.3,SOFTWARE,15.9
FHI,Federated Hermes Inc.,56.56,4218.3,57,79,86,NA,NA,56.2,-2.3,-1.7,8.9,FINANCE,33.6
SGU,Star Group L.P.,12.94,423.3,64,88,66,NA,NA,56.2,0.2,3.3,8.8,ENERGY,21.8
ASAN,Asana Inc. Cl A,9.29,2092.8,67,80,72,NA,NA,56.15,28.8,49.1,-36.4,SOFTWARE,-99.1
CLOV,Clover Health Investments Corp. Cl A,4.6,2485.8,81,78,57,NA,NA,56.15,-9.1,146,75.6,MEDICAL,-26.3
SIBN,SI-BONE Inc.,19.55,887.9,82,81,52,NA,NA,56.15,10.6,48,34.9,MEDICAL,-11
COCO,Vita Coco Co.,54.48,3175.2,48,78,98,NA,NA,56.1,-18.4,10,27,FOOD/BEV,24.2
RJF,Raymond James Financial Inc.,159.43,30931.8,51,83,88,NA,NA,56.1,-4.2,12.5,-4.9,FINANCE,17.6
SLF,Sun Life Financial Inc.,77.73,43725.5,76,74,68,NA,NA,56.1,-1.6,22.4,27.2,INSURANCE,14.3
PAAS,Pan American Silver Corp.,45.92,18813.3,52,73,99,NA,NA,56.05,2,-17.9,14.7,MINING,16.7
PLMR,Palomar Holdings Inc.,126.88,3351.3,46,83,94,NA,NA,56.05,-10.7,4.1,12.4,INSURANCE,23.6
RBC,RBC Bearings Inc.,514.18,16227.9,48,81,94,NA,NA,56.05,-15.7,-6.9,37.3,METALS,9
GASS,StealthGas Inc.,9.08,343.9,80,80,55,NA,NA,56,9.4,-5.5,38.4,TRANSPORTATION,8.9
BZ,Kanzhun Ltd. ADR,15.11,7061.6,54,81,86,NA,NA,55.95,10.5,11.9,-37.9,INTERNET,15.5
CMRE,Costamare Inc.,15.1,1860.5,62,85,71,NA,NA,55.95,4.2,-14,28.4,TRANSPORTATION,17
FSS,Federal Signal Corp.,118.14,7107.1,45,82,96,NA,NA,55.95,-11.7,8.3,-0.2,BUSINS SVC,19.2
STM,STMicroelectronics N.V.,58.72,50870.7,74,77,66,NA,NA,55.95,-17.7,65.7,103,CHIPS,0.9
WES,Western Midstream Partners L.P.,46.18,18836.6,77,82,56,NA,NA,55.95,5.7,13,21.6,ENERGY,31.8
AGM.A,Federal Agricultural Mortgage Corp. Cl A,146.58,2262.3,71,67,82,NA,NA,55.900000000000006,-2.3,18.2,22.1,FINANCE,12.9
CMC,Commercial Metals Co.,64.91,7247,62,72,87,NA,NA,55.900000000000006,3.5,5.9,10.8,METALS,2
OIS,Oil States International Inc.,8.28,511.5,68,58,97,NA,NA,55.900000000000006,7.7,-27,31.4,ENERGY,-17.4
DLO,dLocal Ltd.,14.53,4096.3,57,85,77,NA,NA,55.9,-4.7,14,2.5,FINANCE,37.2
FTK,Flotek Industries Inc.,29.97,1074.7,96,82,32,NA,NA,55.9,29,94.6,69.6,CHEMICAL,26.9
ZIM,ZIM Integrated Shipping Services Ltd.,29.2,3486.6,91,83,37,NA,NA,55.9,23.2,11,113.1,TRANSPORTATION,11.9
CSLLY,CSL Ltd. ADR,31.17,59178.3,83,74,58,NA,NA,55.85,44.7,29.7,-8.4,MEDICAL,-15.2
FCF,First Commonwealth Financial Corp. (Pennsylvania),20.06,2059.5,69,76,73,NA,NA,55.85,-2.1,10.6,18,BANKS,10.3
GRDN,Guardian Pharmacy Services Inc. Cl A,41.2,2666.5,78,79,58,NA,NA,55.85,-0.4,7.2,73.5,MEDICAL,28.3
SLDE,Slide Insurance Holdings Inc.,23.89,2819.8,89,80,43,NA,NA,55.85,13.9,32.4,49.1,INSURANCE,57.4
DCOM,Dime Commercial Bancshares Inc.,39.47,1744.6,75,77,64,NA,NA,55.8,-1.8,14.7,28.8,BANKS,7.6
IT,Gartner Inc.,184.92,11856.9,66,78,74,NA,NA,55.8,36.9,18.7,-27.9,BUSINS SVC,86.9
TDC,Teradata Corp.,29.62,2781.6,46,82,94,NA,NA,55.8,-18.7,14.2,28.7,SOFTWARE,71.6
CATY,Cathay General Bancorp,60.16,4034.9,70,77,70,NA,NA,55.75,-3.8,17.2,22.7,BANKS,10.9
SHG,Shinhan Financial Group Co. Ltd. ADR,77.91,35695.2,90,77,45,NA,NA,55.75,10.5,24.1,54.3,BANKS,9.3
ARGX,argenx SE ADR,930.52,56969.2,75,79,61,NA,NA,55.7,1.5,24.4,18.1,MEDICAL,20.2
TEVA,Teva Pharmaceutical Industries Ltd.,39.13,45789.9,90,83,37,NA,NA,55.65,10.9,31.2,96,MEDICAL,21.2
ALPMY,Astellas Pharma Inc. ADR,14.15,25479.2,65,75,78,NA,NA,55.6,4.1,-13.3,27.8,MEDICAL,17.9
ANL,Adlai Nortye Group Ltd. ADR,14.46,968.5,99,61,53,NA,NA,55.6,32.4,60.7,726.3,MEDICAL,-415.1
PRSU,Pursuit Attractions & Hospitality Inc.,52.73,1425.6,82,78,53,NA,NA,55.6,-2.8,35.8,44.9,LEISURE,4.5
HKXCY,Hong Kong Exchanges & Clearing Ltd. ADR,48.51,60956.3,49,82,89,NA,NA,55.55,1.1,-4,-15.8,FINANCE,31.6
UNM,Unum Group,91.83,14236.5,76,75,64,NA,NA,55.55,2.6,21.1,16.8,INSURANCE,6.7
WDC,Western Digital Corp.,411.04,159229.3,67,76,74,NA,NA,55.55,-28.8,35.1,228.1,COMPUTER,131.2
AES,AES Corp.,14.93,10630.2,66,68,85,NA,NA,55.5,2.5,4.2,4.6,UTILITY,16.4
DLR,Digital Realty Trust Inc.,184.65,66731.5,71,75,70,NA,NA,55.5,6.3,1.5,4.3,REAL EST,5.9
ENIC,Enel Chile S.A. ADR,4.36,5914.1,65,73,80,NA,NA,55.5,-1.6,7.4,15,UTILITY,10.6
ACLS,Axcelis Technologies Inc.,141.15,4394.7,88,81,41,NA,NA,55.45,0.8,44.8,61,CHIPS,11.7
ADEA,Adeia Inc.,24.6,2875,55,78,86,NA,NA,55.45,-16.1,-4.2,36.6,INTERNET,25.3
BWB,Bridgewater Bancshares Inc.,20.37,569.7,63,78,76,NA,NA,55.45,-5.6,12,16.7,BANKS,9.5
DLTR,Dollar Tree Inc.,116.19,21237.9,58,71,91,NA,NA,55.45,-4.3,4.6,32.5,RETAIL,31.7
ESE,ESCO Technologies Inc.,268.22,7044.8,46,79,96,NA,NA,55.45,-21.7,-8.6,28.2,MACHINE,8.4
FJTSY,Fujitsu Ltd. ADR,25.68,44621.4,78,83,51,NA,NA,55.45,24.5,26,0.3,BUSINS SVC,16.6
FNKO,Funko Inc. Cl A,6.11,340.4,94,67,51,NA,NA,55.45,10.3,79.2,83.5,LEISURE,-32.2
PEBO,Peoples Bancorp Inc. (Ohio),36.73,1333.8,66,75,76,NA,NA,55.45,-5.3,8.5,21.3,BANKS,9.1
ILPT,Industrial Logistics Properties Trust,7.2,474.6,60,64,97,NA,NA,55.400000000000006,-17.4,31.1,29.9,REAL EST,-12.6
GFF,Griffon Corp.,94.51,4261.8,79,73,62,NA,NA,55.4,1.5,31.3,23.4,BUILDING,34.2
BMY,Bristol Myers Squibb Co.,59.59,120132,71,76,68,NA,NA,55.35,5.1,0.4,32,MEDICAL,40.5
CMDB,Costamare Bulkers Holdings Ltd.,21.9,541.2,93,70,48,NA,NA,55.35,18.9,26.9,50.4,TRANSPORTATION,-10.8
GMED,Globus Medical Inc.,76.43,10280.4,48,75,98,NA,NA,55.35,-5.1,-13.7,27,MEDICAL,12.3
RIG,Transocean Ltd.,5.4,6154,77,66,73,NA,NA,55.35,9.5,-18.1,57.4,ENERGY,-31.7
CCEP,Coca-Cola Europacific Partners PLC,101.71,44973.3,63,79,74,NA,NA,55.3,-4.9,9,16,FOOD/BEV,24.4
EQIX,Equinix Inc.,1047.36,100984.5,79,75,59,NA,NA,55.3,4.9,3.1,32.6,REAL EST,9.8
PRU,Prudential Financial Inc.,113.54,39150.6,64,74,79,NA,NA,55.3,-0.6,16.1,10,INSURANCE,11.9
EPD,Enterprise Products Partners L.P.,37.26,79468.8,68,77,70,NA,NA,55.25,2.2,-1.5,18.3,ENERGY,19.7
VOYA,Voya Financial Inc.,97.82,8887.5,83,78,50,NA,NA,55.25,1.6,43.3,29.7,INSURANCE,14.6
LNG,Cheniere Energy Inc.,275.26,56782.4,79,85,46,NA,NA,55.2,11.9,-3.1,18,ENERGY,78.1
MOD,Modine Manufacturing Co.,189.91,9714.8,49,75,96,NA,NA,55.2,-16.5,-8.6,27.6,BUILDING,11.5
AFRM,Affirm Holdings Inc. Cl A,74.88,25222.2,51,84,82,NA,NA,55.150000000000006,-12.7,54.6,-1.3,FINANCE,45.1
CACC,Credit Acceptance Corp.,536.58,5515.7,52,75,92,NA,NA,55.150000000000006,-18.4,21.6,9,FINANCE,25.9
AXTA,Axalta Coating Systems Ltd.,33.4,6994.2,64,75,77,NA,NA,55.15,-4.6,26.6,18.5,CHEMICAL,17.8
ECG,Everus Construction Group Inc.,132.74,6442.7,72,79,62,NA,NA,55.15,-7.7,10,62.2,BUILDING,38.3
CFR,Cullen/Frost Bankers Inc.,152.96,9560.3,69,77,68,NA,NA,55.1,-2.1,9.3,19.5,BANKS,15.2
GTLB,GitLab Inc. Cl A,51.63,8580.7,94,84,28,NA,NA,55.1,57.2,126.8,9.5,BUSINS SVC,-6.3
PLOW,Douglas Dynamics Inc.,40.68,939,53,73,93,NA,NA,55.1,-13.3,-3.2,33.2,AUTO,16.8
ZION,Zions Bancorp N.A.,62.85,9235.9,51,75,93,NA,NA,55.1,-11,6.6,10.5,BANKS,13.3
AUPH,Aurinia Pharmaceuticals Inc.,15.69,2091.6,67,78,69,NA,NA,55.05,1.3,-1.9,38.6,MEDICAL,59.9
BCPC,Balchem Corp.,165.29,5293,59,78,79,NA,NA,55.05,-1,-2.5,15.5,CHEMICAL,12.9
BVS,Bioventus Inc. Cl A,13.1,1136.9,93,72,44,NA,NA,55.05,11.2,45.2,92.9,MEDICAL,13.7
CCK,Crown Holdings Inc.,107.69,11591.7,58,75,84,NA,NA,55.05,-4.9,4.3,14.2,MISC,25.6
DE,Deere & Co.,682.79,183938.4,87,86,34,NA,NA,55.05,7.5,18.7,49.3,MACHINE,20.6
MSGS,Madison Square Garden Sports Corp.,402.07,9639.9,87,70,54,NA,NA,55.05,4.1,23.9,73.3,LEISURE,0
STBA,S&T Bancorp Inc.,48.81,1736.1,74,75,64,NA,NA,55.05,-1.1,13.6,29.4,BANKS,9.4
CORT,Corcept Therapeutics Inc.,119.57,13191.2,95,81,30,NA,NA,55,30.5,192.7,33.1,MEDICAL,14.8
HASI,HA Sustainable Infrastructure Capital Inc.,36.57,4665.7,58,74,85,NA,NA,55,-4.5,-2.9,19.6,REAL EST,7.4
HIPO,Hippo Holdings Inc.,32.48,849.7,75,85,50,NA,NA,55,15.7,25.9,-9.5,INSURANCE,14.5
MFC,Manulife Financial Corp.,42.93,71397.8,80,76,55,NA,NA,55,3.8,22,32.9,INSURANCE,11.1
ATNI,ATN International Inc.,28.34,432.8,86,65,61,NA,NA,54.95,14.6,4,94.8,TELECOM,-3.2
BHRB,Burke Herbert Financial Services Corp.,69.2,1398.6,66,77,71,NA,NA,54.95,-0.7,9.9,12.4,BANKS,14.8
RNST,Renasant Corp.,39.4,3623.3,54,77,86,NA,NA,54.95,-8.4,5.1,5.6,BANKS,5.5
SEPN,Septerna Inc.,35.67,1767.7,88,63,61,NA,NA,54.95,6.6,43.9,71.5,MEDICAL,-12.2
BBY,Best Buy Co. Inc.,84.85,18328.1,82,80,47,NA,NA,54.9,8.8,32.2,12.2,RETAIL,37
BJ,BJ's Wholesale Club Holdings Inc.,95.62,11848.3,66,80,67,NA,NA,54.9,9.2,0,6.1,RETAIL,28.6
COFS,ChoiceOne Financial Services Inc.,33.02,494.3,68,86,57,NA,NA,54.9,-1,15.5,15.4,BANKS,7.8
PAA,Plains All American Pipeline L.P.,24.06,16870.1,83,71,57,NA,NA,54.9,8,10.2,44,ENERGY,10.6
PUBM,PubMatic Inc.,18.35,847.2,98,76,32,NA,NA,54.9,35.7,115.9,116.6,BUSINS SVC,-5.4
W,Wayfair Inc. Cl A,105.45,14525.5,84,74,52,NA,NA,54.9,13.2,46.6,25.3,RETAIL,0
FSBC,Five Star Bancorp,43.32,1065.6,60,77,78,NA,NA,54.85,-11.6,12.4,35.1,BANKS,14.6
KMX,CarMax Inc.,55.29,7787,86,63,63,NA,NA,54.85,10.1,29.8,18.1,RETAIL,4.1
MKTX,MarketAxess Holdings Inc.,164.03,5773.7,69,84,58,NA,NA,54.85,40.9,-6.3,-2.3,FINANCE,19.5
AMBP,Ardagh Metal Packaging S.A.,4.44,2653.8,60,64,94,NA,NA,54.8,-5.9,10.2,18.4,FOOD/BEV,0
BWMX,Betterware de Mexico S.A.P.I. de C.V.,16.3,607.8,53,83,79,NA,NA,54.8,-11.6,-6.7,27.9,CONSUMER,83.9
IDCC,InterDigital Inc.,339.29,8727.3,76,84,49,NA,NA,54.8,19.9,7.9,0.6,ELECTRNCS,41.5
PNRG,PrimeEnergy Resources Corp.,210.25,331.8,77,75,59,NA,NA,54.8,20.2,-11.9,26.4,ENERGY,12.6
AGYS,Agilysys Inc.,98.79,2806.5,45,78,95,NA,NA,54.75,-11,38.2,-9.2,BUSINS SVC,13.1
ASTH,Astrana Health Inc.,37,1825.9,61,74,80,NA,NA,54.75,-21.1,42.3,28.2,MEDICAL,3
CAIXY,CaixaBank S.A. ADR,4.57,95454.8,67,76,70,NA,NA,54.75,-5.7,14.5,31,BANKS,15.2
CCBG,Capital City Bank Group Inc.,49.26,843.9,70,77,65,NA,NA,54.75,-0.5,10.3,14.4,BANKS,11.7
CVX,Chevron Corp.,207.58,407937.5,86,81,40,NA,NA,54.75,23.5,4.4,34.8,ENERGY,7.3
EBC,Eastern Bankshares Inc.,21.2,4853.6,59,76,80,NA,NA,54.75,-6.6,5.8,13.5,BANKS,2.2
TPC,Tutor Perini Corp.,89.06,4543.5,86,73,50,NA,NA,54.75,11.5,14.7,41.7,BUILDING,6.8
EE,Excelerate Energy Inc.,34.6,3870.4,58,72,86,NA,NA,54.7,-10.6,4.3,33.1,UTILITY,6.7
MUSA,Murphy USA Inc.,513.03,9404.9,61,65,91,NA,NA,54.7,-8.9,1.1,35.1,RETAIL,64.3
NBIX,Neurocrine Biosciences Inc.,145.51,14658.8,42,80,96,NA,NA,54.7,-16.4,9.8,4.4,MEDICAL,16.4
OSPN,OneSpan Inc.,18.38,678.8,91,91,21,NA,NA,54.7,21.8,69.2,13.2,SOFTWARE,30.1
SBH,Sally Beauty Holdings Inc.,16.26,1501.7,76,78,56,NA,NA,54.7,14.8,21.6,-1.4,RETAIL,27.5
WDS,Woodside Energy Group Ltd. ADR,21.75,41309.1,80,74,56,NA,NA,54.7,12.1,-10.9,42,ENERGY,7.6
DD,DuPont de Nemours Inc.,133.28,17648.8,58,67,92,NA,NA,54.650000000000006,-5.5,-2.5,31.4,CHEMICAL,0.3
FMX,Fomento Economico Mexicano S.A.B. de C.V. ADR,116.98,23561.5,56,73,87,NA,NA,54.650000000000006,-10.2,2.8,23,FOOD/BEV,6.7
EPAC,Enerpac Tool Group Corp. Cl A,35.7,1842,50,87,77,NA,NA,54.65,1.4,0.5,-12,MACHINE,22.5
IPAR,Interparfums Inc.,112.85,3643.3,69,80,62,NA,NA,54.65,-6.8,24.5,20.8,CONSUMER,20.7
SHOO,Steven Madden Ltd.,45.58,3342.7,86,71,52,NA,NA,54.65,14.8,29.5,35.3,CONSUMER,5.2
ADPT,Adaptive Biotechnologies Corp.,26.9,4762.3,96,80,28,NA,NA,54.6,25.1,91.1,85.9,MEDICAL,-28.2
CNOB,ConnectOne Bancorp Inc.,30.4,1535.8,60,76,78,NA,NA,54.6,-7.1,11.3,15.7,BANKS,5.7
CTOS,Custom Truck One Source Inc.,9.96,2247.8,87,73,48,NA,NA,54.6,0,50.2,54.2,FINANCE,-3.7
GKOS,Glaukos Corp.,161.59,9674,91,69,48,NA,NA,54.6,8.7,38.5,86.6,MEDICAL,-26.4
VLTO,Veralto Corp.,96.45,23543.1,59,81,73,NA,NA,54.6,4.3,8.7,-9.1,MACHINE,36.6
DNA,Ginkgo Bioworks Holdings Inc.,12.41,1008.8,87,76,44,NA,NA,54.55,22.7,80.6,-16.5,MEDICAL,-51.1
WF,Woori Financial Group Inc. ADR,75.2,18358,87,76,44,NA,NA,54.55,21.5,14.1,32.3,BANKS,9.7
AXAHY,AXA S.A. ADR,48.02,97263.6,52,78,85,NA,NA,54.5,-5.3,2.1,3.8,INSURANCE,17
BRKR,Bruker Corp.,60.5,9729.7,84,74,50,NA,NA,54.5,-1.4,64.7,65.9,MEDICAL,-0.4
EDPFY,EDP S.A. ADR,54.36,22148.3,71,71,70,NA,NA,54.5,4,0,11.2,UTILITY,10.3
PNFP,Pinnacle Financial Partners Inc.,96.14,14509.8,54,76,85,NA,NA,54.5,-4.1,9,2.7,BANKS,9.5
BNPQY,BNP Paribas S.A. ADR,53.25,114855.6,58,71,86,NA,NA,54.45,-10,10.8,20.4,BANKS,10.2
NGL,NGL Energy Partners LP,15.68,1965.8,89,72,46,NA,NA,54.45,4.5,22.8,157.9,ENERGY,-48
ONB,Old National Bancorp,24.89,9510.7,59,78,76,NA,NA,54.45,-5.9,11,10.3,BANKS,9
TEO,Telecom Argentina S.A. ADR,12.69,5695.1,72,69,71,NA,NA,54.45,-2.5,9.4,68.5,TELECOM,-2.7
VTRS,Viatris Inc.,17.54,20238.2,88,73,46,NA,NA,54.45,4.4,30.8,73.1,MEDICAL,-21.1
CENT,Central Garden & Pet Co.,40.02,2205.6,65,75,72,NA,NA,54.4,-6.6,10.1,28.3,CONSUMER,10.4
ICAGY,International Consolidated Airlines Group S.A. ADR,11.65,25048.5,57,79,77,NA,NA,54.4,-10,19.8,11.4,TRANSPORTATION,49.3
SSNC,SS&C Technologies Holdings Inc.,77.99,18556.5,69,71,72,NA,NA,54.4,19.4,13.6,-10.7,SOFTWARE,11.9
SVM,Silvercorp Metals Inc.,10.51,2332.7,76,68,67,NA,NA,54.4,5.5,-5.3,46.8,MINING,-1.2
WMG,Warner Music Group Corp.,27.61,14453.5,53,74,88,NA,NA,54.35,0.8,6.2,-17.9,LEISURE,62
WRTBY,Wartsila Oyj ADR,6.88,19562.9,50,77,88,NA,NA,54.35,-5.5,-10,20.1,MACHINE,23.6
DJCO,Daily Journal Corp.,629.69,897.7,86,80,39,NA,NA,54.3,7.8,21.5,53.2,MEDIA,33.5
GRVY,GRAVITY Co. Ltd. ADR,67.58,473.7,73,73,64,NA,NA,54.3,4.4,10.1,10.2,SOFTWARE,11.5
IBCP,Independent Bank Corp. (Michigan),35.79,797.2,65,77,69,NA,NA,54.3,-0.3,6,13.7,BANKS,14.3
MH,McGraw Hill Inc.,12.98,2408.6,65,73,74,NA,NA,54.3,22.9,-7.4,10.8,CONSUMER,7
MUR,Murphy Oil Corp.,37.79,5504.4,78,76,54,NA,NA,54.3,19.1,-9.3,23.2,ENERGY,2
RUSHB,Rush Enterprises Inc. Cl B,56.54,5733.7,90,76,39,NA,NA,54.3,8.8,27.4,55.2,RETAIL,12.1
ST,Sensata Technologies Holding PLC,43.92,6282.8,75,75,59,NA,NA,54.3,-4.8,26.1,41.4,ELECTRNCS,1.1
SXC,SunCoke Energy Inc.,10.04,843.7,92,74,39,NA,NA,54.3,27.1,56.4,20.1,ENERGY,-6.9
AFRI,Forafric Global PLC,11.64,303.9,84,65,60,NA,NA,54.25,14.6,20.2,36.1,FOOD/BEV,0
ETSY,Etsy Inc.,71.39,6506.4,70,71,70,NA,NA,54.25,-4.9,31.2,2,RETAIL,0
FANG,Diamondback Energy Inc.,184.98,51546.9,73,76,60,NA,NA,54.25,6.5,-4.8,24.1,ENERGY,4.4
HTHT,H World Group Ltd. ADR,42.05,12674.7,48,73,95,NA,NA,54.25,0,-18.9,9.8,LEISURE,40.4
LSAK,Lesaka Technologies Inc.,4.67,392.9,52,81,80,NA,NA,54.25,-4.1,-5.1,8.9,FINANCE,1
WTKWY,Wolters Kluwer N.V. ADR,77.99,16700.6,55,78,80,NA,NA,54.25,18,3.4,-41,BUSINS SVC,116.4
ATAT,Atour Lifestyle Holdings Ltd. ADR,32.21,4416.6,41,78,97,NA,NA,54.150000000000006,-0.6,-10.4,-11,LEISURE,49.1
VVX,V2X Inc.,70.96,2221.4,60,63,92,NA,NA,54.150000000000006,-7.7,0.5,17.8,AEROSPACE/DEFENSE,7.4
ABM,ABM Industries Inc.,48.4,2842.2,78,69,62,NA,NA,54.15,9,25.5,4.7,BUSINS SVC,9.1
KO,Coca-Cola Co.,86.17,372213.5,78,77,52,NA,NA,54.15,3.9,11.6,30.4,FOOD/BEV,46
NECB,Northeast Community Bancorp Inc.,26.78,364.9,69,78,62,NA,NA,54.15,-3.3,11.1,30,BANKS,13.3
CUBI,Customers Bancorp Inc.,75,2534.8,57,77,78,NA,NA,54.1,-3.9,4.6,13.9,BANKS,11.3
GFL,GFL Environmental Inc.,42.52,18464.9,59,79,73,NA,NA,54.1,5,-5.3,-7.7,MACHINE,3.7
KWR,Quaker Houghton,161.08,2771.3,76,70,63,NA,NA,54.1,1,33.8,22,CHEMICAL,-0.2
MRNA,Moderna Inc.,187.46,81128.7,99,79,23,NA,NA,54.1,129.2,284.4,580.7,MEDICAL,-28.9
SFNC,Simmons First National Corp. Cl A,22.59,3281.9,71,71,68,NA,NA,54.1,-0.8,14.1,15.8,BANKS,-11.4
BIO,Bio-Rad Laboratories Inc. Cl A,368.83,10159.5,89,80,34,NA,NA,54.05,25,32.3,19.3,MEDICAL,10.8
CLMT,Calumet Inc.,56.21,4924.9,98,75,29,NA,NA,54.05,52.5,57.4,208.3,ENERGY,0
LOCO,El Pollo Loco Holdings Inc.,14.39,438.2,61,64,89,NA,NA,54.05,-11.7,0.6,55.2,RETAIL,9.6
OSW,OneSpaWorld Holdings Ltd.,23.28,2326.4,44,77,94,NA,NA,54.05,-15.9,-1.3,11.4,LEISURE,13.1
ACMR,ACM Research Inc. Cl A,75.35,5305.2,68,76,65,NA,NA,54,-23.5,80.8,80.3,CHIPS,7.9
LXFR,Luxfer Holdings PLC,17.24,465.6,79,61,70,NA,NA,54,-0.6,41.2,26.4,CHEMICAL,5.9
MNDY,monday.com Ltd.,84.29,3494.4,45,79,90,NA,NA,54,2.2,24.5,-55.3,SOFTWARE,10.4
RYZ,Ryerson Holding Corp.,26.55,1399.7,70,74,65,NA,NA,54,2.7,17.2,13.2,METALS,-7.2
SKM,SK Telecom Co. Ltd. ADR,36.45,13879.3,92,60,55,NA,NA,54,15.1,20.6,70,TELECOM,3.3
YMM,Full Truck Alliance Co. Ltd. ADR,8.44,8725.7,38,82,95,NA,NA,54,-2.7,1.9,-39.7,INTERNET,11.3
AVBC,Avidia Bancorp Inc.,22.2,437.9,84,71,51,NA,NA,53.95,6.9,12.9,50,BANKS,-1.1
HIFS,Hingham Institution for Savings,286.4,618.8,47,76,91,NA,NA,53.95,-5.3,-0.2,-2.5,BANKS,12
TXG,10x Genomics Inc.,80.66,12734.7,99,72,31,NA,NA,53.95,101.7,268.5,538.1,MEDICAL,-5.8
GATX,GATX Corp.,170.88,6081.1,49,77,87,NA,NA,53.900000000000006,-3.9,-1.2,-3.1,FINANCE,12.6
HUBS,HubSpot Inc.,217.09,11001,41,77,97,NA,NA,53.900000000000006,12,-11.4,-53.2,SOFTWARE,2.3
NVMI,Nova Ltd.,394.48,12495.4,44,82,87,NA,NA,53.900000000000006,-15.5,-11.5,19.2,CHIPS,23.1
USB,U.S. Bancorp,57.29,89229.6,56,70,87,NA,NA,53.900000000000006,-8.8,7.2,20.1,BANKS,12.2
GAP,Gap Inc.,23.79,8184.6,70,80,57,NA,NA,53.9,22.8,-6.2,10.6,RETAIL,23.1
PFBC,Preferred Bank Los Angeles,104.54,1247.3,64,77,68,NA,NA,53.85,-2.8,13.5,14.1,BANKS,17.2
PKX,POSCO Holdings Inc. ADR,58.74,17102.1,75,62,73,NA,NA,53.85,13,0.4,20.9,METALS,1.2
WLY,John Wiley & Sons Inc. Cl A,48.45,2458.6,72,73,63,NA,NA,53.85,-7.8,25.8,25.4,MEDIA,27.7
ACIW,ACI Worldwide Inc.,50.71,5170.9,52,72,89,NA,NA,53.8,-9.3,23.3,-5.4,SOFTWARE,15.4
ALLE,Allegion PLC,155.2,13067.6,63,77,69,NA,NA,53.8,10.7,10.7,-12.5,BUSINS SVC,36.1
CIHKY,China Merchants Bank Co. Ltd. ADR,32.53,156590.1,70,82,54,NA,NA,53.8,12.5,2.6,8.9,BANKS,13.1
DRD,DRDGOLD Ltd. ADR,24.41,2077.1,47,69,99,NA,NA,53.8,11.3,-20.2,-18,MINING,39.4
MCO,Moody's Corp.,452.32,77619.6,40,80,94,NA,NA,53.8,-9.3,1.9,-6.4,FINANCE,64.5
MKTAY,Makita Corp. ADR,33.73,9133,52,80,79,NA,NA,53.8,-9.2,2,3.5,BUILDING,8.5
PS,Pershing Square Inc.,59.75,21948,87,73,44,NA,NA,53.8,68.9,0,0,FINANCE,25.8
VOD,Vodafone Group PLC ADR,16.53,38962.1,89,67,49,NA,NA,53.8,26.4,9.2,46.4,TELECOM,-0.6
KFY,Korn Ferry,71.06,3912.4,63,76,70,NA,NA,53.75,-0.1,12.2,-0.4,BUSINS SVC,14.3
PK,Park Hotels & Resorts Inc.,15.25,3072.4,88,67,50,NA,NA,53.75,6.6,46.8,39.9,REAL EST,-8.4
AX,Axos Financial Inc.,89.03,5032.5,45,81,86,NA,NA,53.7,-11.6,2.6,4,BANKS,16.8
CRBG,Corebridge Financial Inc.,35.17,15530.7,85,77,41,NA,NA,53.7,14.2,43.4,9.2,INSURANCE,-3
KFRC,Kforce Inc.,50.68,927.7,88,74,41,NA,NA,53.7,0.4,71,66.9,BUSINS SVC,24.9
OPRT,Oportun Financial Corp.,8.32,385.4,96,78,26,NA,NA,53.7,42.5,76.3,44.9,FINANCE,6.8
GRFS,Grifols S.A. ADR,7.52,6471.7,48,69,97,NA,NA,53.650000000000006,4.9,-8.6,-21.7,MEDICAL,7.4
GS,Goldman Sachs Group Inc.,897.18,260150,43,74,97,NA,NA,53.650000000000006,-15,3.6,12.6,BANKS,13.9
RXRX,Recursion Pharmaceuticals Inc.,4.63,2563.4,78,71,57,NA,NA,53.65,16.9,47,-16.3,MEDICAL,-59.5
SIEGY,Siemens AG ADR,156.64,234966,68,77,62,NA,NA,53.65,-2.7,26.5,9.6,MISC,12.8
SSDOY,Shiseido Co. Ltd. ADR,20.37,8280.1,82,63,62,NA,NA,53.65,17.6,-5.2,19.9,CONSUMER,-6.9
BURL,Burlington Stores Inc.,276.43,17073.8,37,79,98,NA,NA,53.6,-11.5,-18.2,5.4,RETAIL,38.4
DORM,Dorman Products Inc.,126.58,3663.2,48,76,88,NA,NA,53.6,-9.6,26,-14.2,AUTO,14.7
PSMT,PriceSmart Inc.,172,5302.1,65,67,78,NA,NA,53.6,-11.4,11,40.3,RETAIL,12.2
ALGM,Allegro MicroSystems Inc.,38.76,7169,53,74,84,NA,NA,53.55,-31.5,18.1,37.3,CHIPS,-1.6
CODI,Compass Diversified Holdings,11.02,832.1,92,63,49,NA,NA,53.55,7.9,15.4,64,FINANCE,-41.1
PKE,Park Aerospace Corp.,30.06,653.6,56,67,89,NA,NA,53.55,-20.3,3.6,51.1,AEROSPACE/DEFENSE,9.5
FOSL,Fossil Group Inc.,7.06,427,98,76,25,NA,NA,53.5,70.1,45.6,175.8,RETAIL,-62.3
LUXE,LuxExperience B.V. ADR,10,1362.1,89,85,25,NA,NA,53.5,26.3,24.2,30,RETAIL,-12.2
REGN,Regeneron Pharmaceuticals Inc.,738.72,74793.7,70,76,60,NA,NA,53.5,13.7,-3.2,26.2,MEDICAL,14.9
RMD,ResMed Inc.,220.69,31342.9,47,75,90,NA,NA,53.5,1,-1.9,-21.6,MEDICAL,24.3
TS,Tenaris S.A. ADR,56.87,31289.6,80,70,55,NA,NA,53.5,5.7,-2.8,57.2,METALS,11.7
GTE,Gran Tierra Energy Inc.,10.46,370.8,96,73,31,NA,NA,53.45,75.2,20.6,122.6,ENERGY,-60.1
NRIM,Northrim BanCorp Inc.,24.65,548.8,47,74,91,NA,NA,53.45,-9.6,2.9,12,BANKS,21.8
EQT,EQT Corp.,52.47,31976.4,48,80,82,NA,NA,53.400000000000006,1.5,-13.1,-8.3,ENERGY,9.2
FAF,First American Financial Corp.,62.31,6327.1,44,72,97,NA,NA,53.400000000000006,-11.1,3,1,INSURANCE,11.9
HCA,HCA Healthcare Inc.,432.2,94160.8,53,71,87,NA,NA,53.400000000000006,3.6,-10.7,-0.3,MEDICAL,0
AFG,American Financial Group Inc.,140.07,11553.4,57,75,77,NA,NA,53.4,-1.4,7.8,-5.2,INSURANCE,18.1
EBF,Ennis Inc.,22.56,571.2,77,87,37,NA,NA,53.4,6.3,3.6,27.5,BUSINS SVC,14
KOPN,Kopin Corp.,4.88,905.2,95,69,37,NA,NA,53.4,18.2,89.1,36.7,CHIPS,5.4
MQBKY,Macquarie Group Ltd. ADR,174.38,63596.1,77,75,52,NA,NA,53.4,0.3,22.5,17.8,FINANCE,13.3
TRI,Thomson Reuters Corp.,98.09,42064.3,54,78,77,NA,NA,53.4,11.6,8.2,-35.5,BUSINS SVC,12.4
ACGL,Arch Capital Group Ltd.,94.82,32198.4,47,76,88,NA,NA,53.35,-6.9,-2,3.8,INSURANCE,19.5
DLB,Dolby Laboratories Inc. Cl A,58.46,5560.2,58,81,68,NA,NA,53.35,16.8,-4.7,-19.6,ELECTRNCS,10
OPTX,Syntec Optics Holdings Inc. Cl A,9.82,394.7,89,74,38,NA,NA,53.35,-1,7.8,439.6,TELECOM,-17.4
SCL,Stepan Co.,62.39,1426.2,86,69,48,NA,NA,53.35,9.7,26.3,28.3,CHEMICAL,3.9
DB,Deutsche Bank AG,35.13,65680.4,53,73,84,NA,NA,53.3,-5.2,16.9,0.5,BANKS,9.3
CTO,CTO Realty Growth Inc.,20.53,760.6,67,66,75,NA,NA,53.25,-4.2,8.1,31.9,REAL EST,1.7
FUTU,Futu Holdings Ltd. ADR,113.21,15379.3,45,76,90,NA,NA,53.25,15.3,-19.8,-34.6,FINANCE,33.3
RACE,Ferrari N.V.,386.5,84053.7,55,74,80,NA,NA,53.25,-1.4,14.3,-21.4,AUTO,43.7
SZKMY,Suzuki Motor Corp. ADR,50.25,24420.4,43,74,95,NA,NA,53.25,-4.9,11.3,-15.8,AUTO,14.2
BOW,Bowhead Specialty Holdings Inc.,33.78,1113.5,85,71,46,NA,NA,53.2,7.1,49.5,28.7,INSURANCE,13.1
ON,ON Semiconductor Corp.,86.31,33453.6,77,75,51,NA,NA,53.2,-8.8,35.9,71.4,CHIPS,1.5
TTEK,Tetra Tech Inc.,33.38,8534,65,71,71,NA,NA,53.2,7.2,7,-1.4,MACHINE,13.7
UNP,Union Pacific Corp.,276.61,164594.6,69,75,61,NA,NA,53.2,-2.1,12.7,16.5,TRANSPORTATION,40.4
XNCR,Xencor Inc.,24.36,1905.7,98,70,31,NA,NA,53.2,63.6,95.8,106.6,MEDICAL,-14
BILL,BILL Holdings Inc.,43.96,3794,59,64,87,NA,NA,53.150000000000006,9.3,14.2,-17.6,SOFTWARE,-0.3
NCNO,nCino Inc.,19.12,2038.6,56,63,92,NA,NA,53.150000000000006,5.4,10.1,-26.6,SOFTWARE,0.5
COSO,CoastalSouth Bancshares Inc.,27,322.2,71,76,57,NA,NA,53.15,1.4,8.4,21.7,BANKS,10.9
HUM,Humana Inc.,404.27,48520.9,89,74,37,NA,NA,53.15,2.9,121.3,36.9,MEDICAL,7
MIELY,Mitsubishi Electric Corp. ADR,67.44,71388.2,58,73,77,NA,NA,53.15,-9.4,1.6,26.3,MISC,9.9
NGVT,Ingevity Corp.,72.8,2514.4,69,74,62,NA,NA,53.15,-1.4,3.3,32.3,CHEMICAL,-133.7
AG,First Majestic Silver Corp.,17.54,8641,60,66,83,NA,NA,53.1,1.3,-18,36.6,MINING,8
ALLT,Allot Ltd.,8.34,414.6,51,79,78,NA,NA,53.1,-2.8,16.5,-25.6,COMPUTER,4.5
BLK,BlackRock Inc.,1079.42,173272.7,64,78,63,NA,NA,53.1,6.7,12.5,-8.5,FINANCE,10.7
HLIT,Harmonic Inc.,11.22,1223.7,48,70,93,NA,NA,53.1,-19.6,20.8,5.5,TELECOM,0.3
TRMK,Trustmark Corp.,45.19,2644.5,63,74,69,NA,NA,53.05,-2.9,4.9,13.5,BANKS,11
DHR,Danaher Corp.,215.61,155507.6,70,82,50,NA,NA,53,11.4,12.2,1.8,MEDICAL,7.1
STNE,StoneCo Ltd. Cl A,11.62,2806.9,41,83,85,NA,NA,53,6.1,-18.6,-35,FINANCE,21.6
ACT,Enact Holdings Inc.,46.32,6306.4,75,68,61,NA,NA,52.95,1.4,10.9,28.6,FINANCE,13
GEF.B,Greif Inc. Cl B,107.63,4331.9,92,67,41,NA,NA,52.95,17.4,21.1,72.3,MISC,0.7
SWKS,Skyworks Solutions Inc.,82.79,12626.2,91,80,26,NA,NA,52.95,33.7,47.9,7.6,CHIPS,7.9
STRA,Strategic Education Inc.,79.82,1760.6,48,74,87,NA,NA,52.900000000000006,-3,-4.8,-4.9,CONSUMER,7.7
AEHR,Aehr Test Systems,92.14,3409.7,98,64,37,NA,NA,52.9,27.4,76.6,191.1,CHIPS,-4.2
AVY,Avery Dennison Corp.,168.45,12884,55,75,77,NA,NA,52.9,1.5,-0.5,3.5,MISC,30.2
CURLF,Curaleaf Holdings Inc.,9.99,2591.7,81,65,57,NA,NA,52.9,5.2,37.6,6.1,ALCOHL/TOB/THC,-30.6
MTUS,Metallus Inc.,20.92,872.1,86,68,47,NA,NA,52.9,13.8,30.6,25.9,METALS,-0.2
NWE,NorthWestern Energy Group Inc.,68.92,4230,64,70,72,NA,NA,52.9,-1.1,1.2,18.6,UTILITY,6.3
XHR,Xenia Hotels & Resorts Inc.,18.06,1674.3,66,68,72,NA,NA,52.9,-10.5,22.7,36.7,REAL EST,5.3
BASFY,BASF SE ADR,14.41,50261.5,67,62,78,NA,NA,52.85,6.3,-3,12.2,CHEMICAL,4.3
KSS,Kohl's Corp.,19.63,2214.2,81,72,48,NA,NA,52.85,16.2,47.3,18.9,RETAIL,6.9
MTA,Metalla Royalty & Streaming Ltd.,9.15,869.4,89,68,43,NA,NA,52.85,24,37.6,31.3,MINING,-1.7
TTE,TotalEnergies SE,83.98,189656.1,78,71,53,NA,NA,52.85,10.1,-9,38.7,ENERGY,11.3
WOR,Worthington Enterprises Inc.,61.64,2991.4,80,81,38,NA,NA,52.85,12.3,18.4,11.3,METALS,15.9
XPO,XPO Inc.,183.49,21410.4,56,65,88,NA,NA,52.85,-11.3,-10.5,37.5,TRANSPORTATION,18.3
AGI,Alamos Gold Inc.,32.73,13545.5,44,68,99,NA,NA,52.8,3.7,-29.3,-5.8,MINING,22.1
SYF,Synchrony Financial,72.16,23387.7,46,78,84,NA,NA,52.8,-6.3,4.2,1.1,FINANCE,21.3
NJR,New Jersey Resources Corp.,51.55,5163.7,50,69,90,NA,NA,52.75,-8.4,-7.7,11,UTILITY,14.6
XERS,Xeris Biopharma Holdings Inc.,10.07,1846.9,92,82,21,NA,NA,52.7,20.3,66.4,23.9,MEDICAL,0
AAOI,Applied Optoelectronics Inc.,130.16,10322.1,93,72,32,NA,NA,52.65,5.5,21.1,285.2,TELECOM,-7.9
USPH,U.S. Physical Therapy Inc.,83.63,1252.9,72,81,47,NA,NA,52.65,14,13,-6.6,MEDICAL,4.5
PINE,Alpine Income Property Trust Inc.,17.75,314.8,49,71,88,NA,NA,52.6,-13.5,-3.5,29.8,REAL EST,-1
TOP,TOP Financial Group Ltd.,15.16,1926.1,99,69,28,NA,NA,52.6,48.6,273.2,139.7,FINANCE,-3.4
YARIY,Yara International ASA ADR,21.64,10996.1,52,60,98,NA,NA,52.6,-1.2,-25,16.4,AGRICULTURE,17.5
ENSG,Ensign Group Inc.,172.06,10076.4,52,75,79,NA,NA,52.55,3.1,-13.1,-2.9,MEDICAL,16.9
EXTR,Extreme Networks Inc.,24.54,3083.5,60,79,64,NA,NA,52.55,-21.7,58.7,21.7,COMPUTER,54.6
GFI,Gold Fields Ltd. ADR,36.17,31588.9,43,68,99,NA,NA,52.55,4.5,-22.5,-14.8,MINING,52.5
HRB,H&R Block Inc.,42.63,5144.7,69,70,64,NA,NA,52.55,8.7,30.5,-16.3,FINANCE,710
NRDBY,Nordea Bank AB ADR,19.22,65025.4,65,73,65,NA,NA,52.5,-1.3,9.9,17.6,BANKS,15.3
NTGR,NETGEAR Inc.,23.04,623.5,54,72,80,NA,NA,52.5,4.3,-2.2,-29.3,COMPUTER,-3.5
TWFG,TWFG Inc.,25.01,1336.7,58,76,70,NA,NA,52.5,-0.5,34.4,-12,INSURANCE,10.1
AWI,Armstrong World Industries Inc.,164.87,6908.7,50,75,81,NA,NA,52.45,3.3,-0.7,-17.5,BUILDING,37.2
BDC,Belden Inc.,113.21,4351.4,52,77,76,NA,NA,52.45,0,-2,-3.1,TELECOM,18.6
MPTI,M-tron Industries Inc.,76.37,330.1,61,64,81,NA,NA,52.45,-16,14.3,37.7,AEROSPACE/DEFENSE,17.9
MURGY,Muenchener Rueckversicherungs-Gesellschaft AG ADR,11.48,72640.5,46,71,91,NA,NA,52.45,1.4,-8.8,-13.5,INSURANCE,19
AMPL,Amplitude Inc. Cl A,14.79,1858.7,96,84,12,NA,NA,52.4,66,116.9,44,SOFTWARE,-32.7
ASYS,Amtech Systems Inc.,17.76,312.2,80,72,47,NA,NA,52.4,-5.6,44.7,70.1,CHIPS,-44.7
AVTR,Avantor Inc.,15.43,10693.2,93,75,27,NA,NA,52.4,48.8,93.4,9.5,MEDICAL,-9.2
HG,Hamilton Insurance Group Ltd. Cl B,34.24,3368.7,76,76,47,NA,NA,52.4,-0.7,11.8,37.2,INSURANCE,22.4
LB,LandBridge Co. LLC,85.65,6442.8,91,77,27,NA,NA,52.4,14.4,25.3,50.1,ENERGY,7.6
LXP,LXP Industrial Trust,60.95,3591.7,86,66,47,NA,NA,52.4,9.5,32.3,30.8,REAL EST,5.5
TCBK,TriCo Bancshares,52.11,1670.9,62,70,72,NA,NA,52.4,-3.7,6.9,17.2,BANKS,9.5
INR,Infinity Natural Resources Inc.,13.5,837.8,54,73,78,NA,NA,52.35,10.3,-21.4,-1.9,ENERGY,3.4
MTDR,Matador Resources Co.,52.91,6560.2,68,75,58,NA,NA,52.35,6.1,-16.8,18,ENERGY,14.1
NEXOY,NEXON Co. Ltd. ADR,16.45,12918.4,49,66,93,NA,NA,52.35,15.7,-0.4,-26.4,SOFTWARE,9.3
HLNE,Hamilton Lane Inc. Cl A,86.5,4819.4,40,74,94,NA,NA,52.3,4.9,-9.3,-30.8,FINANCE,30.5
BAC,Bank of America Corp.,54.09,377608.4,49,72,85,NA,NA,52.25,-9.7,8.1,7.3,BANKS,10.2
MMM,3M Co.,163.64,84160.7,67,74,60,NA,NA,52.25,2.8,13.2,4.9,MISC,76.1
TDY,Teledyne Technologies Inc.,622.22,28723.8,58,67,80,NA,NA,52.25,-5,-1.5,4.8,AEROSPACE/DEFENSE,8.9
WFC,Wells Fargo & Co.,81.51,246274.5,44,73,90,NA,NA,52.25,-6.8,-0.4,1,BANKS,11.8
WTM,White Mountains Insurance Group Ltd.,2037.25,4819.8,47,74,85,NA,NA,52.25,-6,-7.6,9.3,INSURANCE,22
CLF,Cleveland-Cliffs Inc.,12.25,6960.6,77,63,61,NA,NA,52.2,25.4,43.6,-3.1,METALS,-23.1
MPLX,MPLX L.P.,57.77,58165,66,78,56,NA,NA,52.2,1.4,3.8,17.5,ENERGY,35
LOB,Live Oak Bancshares Inc.,36.49,1691.2,46,69,92,NA,NA,52.150000000000006,-12.7,7.9,3.1,BANKS,9.4
OPLN,OPENLANE Inc.,34.96,4337.2,56,67,82,NA,NA,52.150000000000006,-15,17.7,26.2,RETAIL,10.2
ARTNA,Artesian Resources Corp. Cl A,33.69,345.8,60,71,72,NA,NA,52.15,-1.4,5.1,4.3,UTILITY,9.3
BHP,BHP Group Ltd. ADR,87,219209.1,85,74,37,NA,NA,52.15,4,19.5,55.4,MINING,20
ASGLY,AGC Inc. ADR,7.66,7810.7,59,67,78,NA,NA,52.1,-7.7,10.4,16.8,BUILDING,5
DCI,Donaldson Co. Inc.,90.11,10338,58,72,73,NA,NA,52.1,-1.4,5.3,8.6,MACHINE,28.2
DDS,Dillard's Inc.,655.25,10861,86,76,33,NA,NA,52.1,26.8,14.6,6.6,RETAIL,31.9
FRBA,First Bank (NJ),17.65,437.9,66,76,58,NA,NA,52.1,0.7,7.8,11.9,BANKS,10.2
PEN,Penumbra Inc.,317.05,12490.8,60,66,78,NA,NA,52.1,-0.4,-3.9,24,MEDICAL,13.8
PNW,Pinnacle West Capital Corp.,98.04,11630.1,50,72,83,NA,NA,52.1,-8.3,-4.3,7.9,UTILITY,8.9
FBNC,First Bancorp (North Carolina),59.74,2556.5,59,70,74,NA,NA,52.05,-6.1,6.1,15.1,BANKS,7.1
BIO.B,Bio-Rad Laboratories Inc. Cl B,365.08,10159.5,89,71,35,NA,NA,52,23.1,31.2,28.2,MEDICAL,10.8
GME,GameStop Corp. Cl A,24.76,12733.6,72,80,45,NA,NA,52,8.8,7.3,-1.2,RETAIL,8.1
HL,Hecla Mining Co.,17.1,11426.8,60,64,80,NA,NA,52,3.9,-10.6,37.1,MINING,13.9
OPRA,Opera Ltd. ADR,17.28,1574.7,49,75,80,NA,NA,52,-15.9,16.3,-3.7,INTERNET,11.1
UBS,UBS Group AG,48.47,145796.3,61,71,70,NA,NA,52,-7.1,22.1,18.1,BANKS,8.9
BALL,Ball Corp.,57.43,15117.2,51,68,86,NA,NA,51.95,-8.8,-3.9,15.7,MISC,16.2
CHT,Chunghwa Telecom Co. Ltd. ADR,46.08,35540.4,70,81,46,NA,NA,51.95,4.5,8.7,6.6,TELECOM,10.3
FLNG,Flex LNG Ltd.,31.13,1668.3,75,76,46,NA,NA,51.95,4.1,1.8,22.8,TRANSPORTATION,9.8
MELI,MercadoLibre Inc.,1857.99,94327,56,83,61,NA,NA,51.95,2.9,8.6,-13.8,RETAIL,36
UROY,Uranium Royalty Corp.,4.24,1550.9,83,68,46,NA,NA,51.95,50.4,16.8,-0.7,ENERGY,15.3
GNE,Genie Energy Ltd.,16.42,424,80,70,47,NA,NA,51.9,13.5,17,6.6,UTILITY,12.8
VTMX,Corp. Inmobiliaria Vesta S.A.B. de C.V. ADR,33.37,3129.1,58,68,77,NA,NA,51.9,-4.6,-2.4,24.7,REAL EST,9.1
AAON,AAON Inc.,88.07,6955,38,75,93,NA,NA,51.85,-19.5,8.4,-15.2,BUILDING,12.5
DRI,Darden Restaurants Inc.,203.14,22597,62,67,73,NA,NA,51.85,0,3.3,5.1,RETAIL,53.7
HTB,HomeTrust Bancshares Inc.,46.47,776.7,58,75,68,NA,NA,51.85,-6,6.5,14,BANKS,11.1
ISRG,Intuitive Surgical Inc.,404.76,143600.5,33,84,88,NA,NA,51.85,-6.5,-10.6,-10,MEDICAL,16.7
MPB,Mid Penn Bancorp Inc.,36.36,922.7,75,78,43,NA,NA,51.85,2.9,10.8,23.3,BANKS,7.7
SDRL,Seadrill Ltd.,45.09,2852.9,84,61,53,NA,NA,51.85,17.6,-4.5,40.2,ENERGY,-2.7
FISI,Financial Institutions Inc.,39.28,781,80,72,44,NA,NA,51.8,0.9,19.9,43.3,BANKS,12.5
HWM,Howmet Aerospace Inc.,231.6,91552.8,45,67,94,NA,NA,51.8,-16.7,-2.1,21.6,AEROSPACE/DEFENSE,30.4
PBYI,Puma Biotechnology Inc.,9.5,499.2,94,74,24,NA,NA,51.8,15.6,37.9,88.9,MEDICAL,28
RSG,Republic Services Inc.,214.74,65171.3,54,74,74,NA,NA,51.8,0.1,-2.8,-3.8,MACHINE,18.3
SOLV,Solventum Corp.,87.04,14984.8,83,69,44,NA,NA,51.8,11.7,37.6,18,MEDICAL,38.9
BCS,Barclays PLC ADR,23.67,78822.9,42,73,90,NA,NA,51.75,-16.7,8,14.7,BANKS,10
FRHC,Freedom Holding Corp.,173.86,11066.5,83,84,25,NA,NA,51.75,15.7,13.1,3.4,FINANCE,11.3
JAPSY,Japan Airlines Co. Ltd. ADR,9.46,8330.1,60,79,60,NA,NA,51.75,-1.3,16.9,-1.7,TRANSPORTATION,12.1
NEOG,Neogen Corp.,11.96,2837.6,95,60,40,NA,NA,51.75,25.8,25.1,112.4,MEDICAL,-0.4
PRDO,Perdoceo Education Corp.,32.06,1973.7,41,78,85,NA,NA,51.75,-8.4,-15.5,-10.7,CONSUMER,16.6
FTV,Fortive Corp.,57.89,17329.7,53,73,76,NA,NA,51.7,-9,2.1,15.7,MACHINE,6.4
BOKF,BOK Financial Corp.,128.15,7792.1,51,70,82,NA,NA,51.650000000000006,-8.5,-1.3,12,BANKS,10
CNX,CNX Resources Corp.,33.24,4769.7,46,75,82,NA,NA,51.650000000000006,-0.4,-16.3,-0.2,ENERGY,15
ABCL,AbCellera Biologics Inc.,13.15,4465.4,99,70,22,NA,NA,51.65,67.1,287.9,124,MEDICAL,-14.5
CCC,CCC Intelligent Solutions Holdings Inc.,6.65,3875.6,60,65,77,NA,NA,51.65,16.9,8.8,-29.9,SOFTWARE,0
EG,Everest Group Ltd.,366.84,14064.5,62,71,67,NA,NA,51.65,-1.6,11.7,1.5,INSURANCE,10.8
HLIO,Helios Technologies Inc.,71.38,2337.2,59,70,72,NA,NA,51.65,-13.5,8.4,36.8,MACHINE,5.4
HSIC,Henry Schein Inc.,84.84,9387.1,70,67,62,NA,NA,51.65,-2.1,13.3,28.5,MEDICAL,12
PFS,Provident Financial Services Inc.,22.28,2918.9,57,72,72,NA,NA,51.65,-5.6,3.7,11.2,BANKS,10.7
PRCH,Porch Group Inc.,17.17,1969.6,91,70,32,NA,NA,51.65,15.4,135.5,4.4,BUSINS SVC,0
ADM,Archer Daniels Midland Co.,82.21,39747.2,82,62,53,NA,NA,51.6,5.5,12,31.6,FOOD/BEV,4.8
CROX,Crocs Inc.,120.22,5666.6,79,61,58,NA,NA,51.6,-4.4,35.1,49.1,CONSUMER,-5.2
LGGNY,Legal & General Group PLC ADR,19.41,20528.5,72,68,58,NA,NA,51.6,-0.9,15,21.7,FINANCE,16.7
MSGE,Madison Square Garden Entertainment Corp.,79.99,3784.9,89,67,38,NA,NA,51.6,5.4,32.8,75.3,LEISURE,407.5
J,Jacobs Solutions Inc.,139.23,16229.7,65,66,69,NA,NA,51.55,7.9,8.7,-10.2,BUILDING,7.7
SFBS,ServisFirst Bancshares Inc.,38.72,4318.4,43,72,89,NA,NA,51.55,-11.8,4.8,-6,BANKS,16
ACN,Accenture PLC Cl A,193.4,119359.3,59,75,65,NA,NA,51.5,41.2,-2.8,-22.1,BUSINS SVC,26.7
SBGSY,Schneider Electric SE ADR,58.2,172677.8,51,71,80,NA,NA,51.5,-8.4,6.8,-0.7,MACHINE,15.7
VLGEA,Village Super Market Inc. Cl A,43.72,607.5,72,66,60,NA,NA,51.5,2.3,1.3,20.1,RETAIL,11.6
WRLD,World Acceptance Corp.,176.96,822,56,66,80,NA,NA,51.5,-12.2,23.4,0,FINANCE,8.8
FBK,FB Financial Corp.,52.66,2627.9,42,71,91,NA,NA,51.45,-7.1,-1.9,-11.1,BANKS,7
IDEXY,Industria de Diseno Textil S.A. ADR,15.03,184902.1,49,72,81,NA,NA,51.45,-6.3,2.7,6.1,RETAIL,31.7
IOSP,Innospec Inc.,98.55,2405.2,89,76,26,NA,NA,51.45,19.6,36.4,25,CHEMICAL,9.2
NXPI,NXP Semiconductors N.V.,244.38,61016.2,53,80,66,NA,NA,51.45,-12.9,24,5.6,CHIPS,21
SF,Stifel Financial Corp.,70.12,10665.3,38,74,92,NA,NA,51.400000000000006,-6.6,-4.1,-7.1,FINANCE,11.7
INOD,Innodata Inc.,66.24,2302.6,58,78,62,NA,NA,51.4,-9.4,69.4,-24.1,BUSINS SVC,37.7
RLJ,RLJ Lodging Trust,11.18,1709.1,82,66,47,NA,NA,51.4,-3.9,54,58.4,REAL EST,1.3
TWST,Twist Bioscience Corp.,166.97,13495.6,99,77,12,NA,NA,51.4,67.1,226.2,424.2,MEDICAL,-16.4
BIIB,Biogen Inc.,222.89,33036.3,85,70,38,NA,NA,51.35,6.9,29.3,44.7,MEDICAL,7.4
FMNB,Farmers National Banc Corp.,15.23,905.3,74,73,48,NA,NA,51.35,6.2,12.6,6.5,BANKS,12.2
VAC,Marriott Vacations Worldwide Corp.,104.57,3505.9,91,64,38,NA,NA,51.35,6.8,53.9,52.8,LEISURE,-13.9
AGX,Argan Inc.,419.64,5439.9,35,71,99,NA,NA,51.3,-42.1,-26.7,59.2,BUILDING,33.8
BLKB,Blackbaud Inc.,43.51,1965.8,64,62,74,NA,NA,51.3,48.7,11.9,-31.2,SOFTWARE,101.3
GGG,Graco Inc.,78.89,12766.8,54,80,64,NA,NA,51.3,4.3,-6.7,-6.9,MACHINE,19.9
ICUI,ICU Medical Inc.,159.73,4036.1,75,59,64,NA,NA,51.3,0.2,29.9,31.6,MEDICAL,0
NCLTY,Nitori Holdings Co. Ltd. ADR,9.88,11275.9,87,71,34,NA,NA,51.3,35.1,33.4,17.1,RETAIL,9.7
TPG,TPG Inc.,44.97,17111.4,51,66,85,NA,NA,51.25,5.6,18.6,-23.2,FINANCE,12.6
BEKE,KE Holdings Inc. ADR,16.76,18604,69,63,66,NA,NA,51.2,11.6,11.1,-11.7,REAL EST,4.3
JOUT,Johnson Outdoors Inc. Cl A,44.82,461.5,61,63,76,NA,NA,51.2,4.3,-6.1,6,LEISURE,-7.8
VEON,VEON Ltd. ADR,76.41,4905.9,96,80,11,NA,NA,51.2,43.8,57.6,48.2,TELECOM,44.4
WTFC,Wintrust Financial Corp.,144.94,9796.1,47,73,81,NA,NA,51.2,-11,3.3,9.3,BANKS,12.1
MDA,MDA Space Ltd.,30.25,4786.5,51,60,92,NA,NA,51.150000000000006,-28.2,4,18.1,AEROSPACE/DEFENSE,8.6
SPOT,Spotify Technology S.A.,488.13,99451.5,45,74,82,NA,NA,51.150000000000006,1.1,0.8,-28.2,SOFTWARE,32.2
QCOM,Qualcomm Inc.,181.03,189871.8,67,76,52,NA,NA,51.15,-2.9,44,7.4,CHIPS,23.3
AMBQ,Ambiq Micro Inc.,63.24,1594.2,70,64,63,NA,NA,51.1,-24.6,123.6,102.6,CHIPS,-29.4
AROC,Archrock Inc.,30.83,5277.7,46,68,88,NA,NA,51.1,-15.6,-11.7,28.2,ENERGY,22.7
JNJ,Johnson & Johnson,254.78,609535.6,70,72,53,NA,NA,51.1,-1.8,5.7,35.4,MEDICAL,35
KNSL,Kinsale Capital Group Inc.,336.45,7572,40,70,93,NA,NA,51.1,-3.1,-2.7,-29.1,INSURANCE,29.3
NUAI,New Era Energy & Digital Inc.,5.86,644.7,94,60,38,NA,NA,51.1,23.1,39.9,227.4,ENERGY,0
CCHGY,Coca-Cola HBC AG ADR,56.19,20499,46,71,84,NA,NA,51.05,-16.3,-0.7,25.3,FOOD/BEV,27.1
FELE,Franklin Electric Co. Inc.,99.25,4378.7,53,72,74,NA,NA,51.05,-5.8,5.2,4.4,MACHINE,11.3
ABNB,Airbnb Inc. Cl A,160.39,98242.8,84,67,41,NA,NA,50.95,8.6,26.5,33.3,LEISURE,30.2
CRS,Carpenter Technology Corp.,395.71,19436.9,42,64,97,NA,NA,50.900000000000006,-36.1,0.2,57,METALS,25.7
FRPT,Freshpet Inc.,62.77,2947.4,75,63,57,NA,NA,50.9,16,6.4,17.9,FOOD/BEV,12.3
GSBC,Great Southern Bancorp Inc.,79.2,866,79,71,42,NA,NA,50.9,1,22.9,26.9,BANKS,11.5
KRNT,Kornit Digital Ltd.,18.15,783.3,88,74,27,NA,NA,50.9,17.1,20.4,29.5,MACHINE,-1.9
KRO,Kronos Worldwide Inc.,7.86,913.9,93,61,37,NA,NA,50.9,34.6,25,37.7,CHEMICAL,-14.1
RIGL,Rigel Pharmaceuticals Inc.,46.11,892.7,88,82,17,NA,NA,50.9,14.5,68.5,59.6,MEDICAL,185.9
ANDG,Andersen Group Inc.,57.12,6327.4,99,70,18,NA,NA,50.85,50.7,95.8,0,BUSINS SVC,-7.6
IR,Ingersoll Rand Inc.,79.21,30477.4,50,75,73,NA,NA,50.85,-1.8,0.6,-5,MACHINE,5.7
NGVC,Natural Grocers by Vitamin Cottage Inc.,29.84,695.1,48,65,88,NA,NA,50.85,-10.1,13.1,-22.5,RETAIL,24
NMIH,NMI Holdings Inc.,39.91,2962.8,55,66,78,NA,NA,50.85,-3.6,5.3,9.6,FINANCE,16.2
PUBGY,Publicis Groupe S.A. ADR,26.56,26478,76,65,53,NA,NA,50.85,7.8,27,9.4,BUSINS SVC,15.7
TALO,Talos Energy Inc.,16.76,2840.1,91,66,33,NA,NA,50.85,27,5.3,63.7,ENERGY,-20.1
DOCS,Doximity Inc.,27.79,5094.3,56,80,59,NA,NA,50.8,21.6,20.5,-61.8,SOFTWARE,19.3
IFNNY,Infineon Technologies AG ADR,72.66,92584.4,72,72,49,NA,NA,50.8,-17.6,61.6,82,CHIPS,6
VALU,Value Line Inc.,41,380.9,74,82,34,NA,NA,50.8,8.7,17.1,4.2,MEDIA,20.8
CI,Cigna Group,274.37,71685.8,51,72,75,NA,NA,50.75,-2.7,-0.5,-9.4,MEDICAL,14.4
CXT,Crane NXT Co.,49.77,2829.7,53,70,75,NA,NA,50.75,-4.3,20.2,-26.3,SOFTWARE,12.5
HWC,Hancock Whitney Corp.,72.72,5870.7,66,69,60,NA,NA,50.75,-3.1,11.8,15.3,BANKS,11.3
LIN,Linde PLC,489.95,222367.6,50,77,70,NA,NA,50.75,-9.4,-1.9,4.6,CHEMICAL,18.1
VST,Vistra Corp.,160.5,48630.2,56,74,66,NA,NA,50.7,2.1,5.9,-19.9,UTILITY,17.7
CFG,Citizens Financial Group Inc.,64.09,27085.9,52,65,82,NA,NA,50.650000000000006,-11.1,4.4,18.7,BANKS,7.2
CD,Chaince Digital Holdings Inc.,8.32,826.1,84,73,32,NA,NA,50.65,93.9,95.3,-76.8,FINANCE,-6.7
CPK,Chesapeake Utilities Corp.,128.08,3043.9,60,69,67,NA,NA,50.65,5,0,-6.2,UTILITY,9.4
SGIOY,Shionogi & Co. Ltd. ADR,8.68,14816.6,43,69,88,NA,NA,50.6,-3.6,-22.5,0.2,MEDICAL,13.8
UNFI,United Natural Foods Inc.,44.29,2685.9,59,61,78,NA,NA,50.6,-5.1,-2.4,7.1,FOOD/BEV,5.3
CCJ,Cameco Corp.,93.02,38164,47,68,84,NA,NA,50.55,-4.6,-15.8,9,MINING,8.9
KGC,Kinross Gold Corp.,23.81,28016.4,37,66,99,NA,NA,50.55,-3.7,-24.1,-6.1,MINING,31
NVZMY,Novonesis A/S ADR,64.97,29746.5,66,69,59,NA,NA,50.55,2.6,8.6,6.7,CHEMICAL,5.4
NYT,New York Times Co. Cl A,64.07,10322.1,34,73,94,NA,NA,50.55,-12.6,-24.7,15.3,MEDIA,17.3
SBCF,Seacoast Banking Corp. of Florida,32.42,3145.8,57,73,65,NA,NA,50.5,-2.3,5.3,3,BANKS,5.4
SONY,Sony Group Corp. ADR,23.85,139660.4,65,69,60,NA,NA,50.5,12.7,14.8,-20.8,MEDIA,12.9
TXO,TXO Partners L.P.,13.96,771.3,77,69,45,NA,NA,50.5,12.4,11,-3.7,ENERGY,-3.3
VSTM,Verastem Inc.,7.75,724.5,82,64,45,NA,NA,50.5,73.8,41.4,-10,MEDICAL,-1480.2
WSBC,WesBanco Inc.,37.12,3620.4,56,70,70,NA,NA,50.5,-7.5,5.8,11,BANKS,6.5
CYRX,Cryoport Inc.,17.8,918.8,96,65,26,NA,NA,50.45,16.9,93.1,78.4,TRANSPORTATION,-7.5
KCDMY,Kimberly-Clark de Mexico S.A.B. de C.V. ADR,10.65,6162.6,46,67,86,NA,NA,50.45,-5.3,-11.6,2.6,CONSUMER,104.1
KRYS,Krystal Biotech Inc.,326.81,9911.2,68,73,51,NA,NA,50.45,-12.8,24.8,81,MEDICAL,18.9
PYPL,PayPal Holdings Inc.,54.61,46545.6,68,77,46,NA,NA,50.45,21.1,20.1,-23.4,FINANCE,25.7
RVLV,Revolve Group Inc.,21.21,1496.3,36,69,96,NA,NA,50.45,-6.4,-9.6,-4.9,RETAIL,13
SGMT,Sagimet Biosciences Inc.,8.76,556.2,90,55,46,NA,NA,50.45,13.2,70.4,19.8,MEDICAL,-38.2
WLYB,John Wiley & Sons Inc. Cl B,48,2458.6,66,67,61,NA,NA,50.45,-10.5,23.6,18,MEDIA,27.7
FMS,Fresenius Medical Care AG,22.42,11988.1,42,66,92,NA,NA,50.400000000000006,-5,-0.3,-16.1,MEDICAL,7.2
LNWO,Light & Wonder Inc.,76.82,5838.1,46,58,97,NA,NA,50.400000000000006,2.4,-8.5,-7.5,LEISURE,62.7
HNST,Honest Co. Inc.,5.03,552.5,95,61,32,NA,NA,50.4,27.7,80.9,26.7,CONSUMER,-9.1
AMLX,Amylyx Pharmaceuticals Inc.,28.04,3486.8,99,52,38,NA,NA,50.35,56,77.2,121,MEDICAL,-61.6
BSM,Black Stone Minerals L.P.,14.68,3120.5,68,75,48,NA,NA,50.35,8.4,1.5,8.6,ENERGY,26.6
HAPN,Happen Inc.,15.35,1784.2,31,72,98,NA,NA,50.35,-22.2,4.1,3.6,FINANCE,9.5
HIG,Hartford Insurance Group Inc.,126.79,34186.8,39,72,88,NA,NA,50.35,-7.9,-7.1,-4.3,INSURANCE,21.7
VIV,Telefonica Brasil S.A. ADR,12.64,20533.7,44,67,88,NA,NA,50.35,-6.2,-20.3,1.8,TELECOM,9.3
WTW,Willis Towers Watson PLC,291.98,26757.3,50,69,78,NA,NA,50.35,1.5,0.3,-16.4,INSURANCE,20.2
HZO,MarineMax Inc.,52.39,1156.2,98,60,29,NA,NA,50.3,48.3,90.8,99,RETAIL,-3.3
VMD,Viemed Healthcare Inc.,9.33,351.9,48,74,74,NA,NA,50.3,-23.1,-4.4,35.8,MEDICAL,10.9
CERT,Certara Inc.,9.27,1536.1,78,75,35,NA,NA,50.25,30,69.8,-31.1,SOFTWARE,-0.2
NPNYY,Nippon Yusen K.K. ADR,9.04,17879.9,92,65,30,NA,NA,50.25,36.6,14.8,33.1,TRANSPORTATION,7.2
NSSC,NAPCO Security Technologies Inc.,36.64,1295.5,37,68,95,NA,NA,50.25,-6.5,-8.9,-15.8,BUSINS SVC,23.9
QGEN,Qiagen N.V.,45.65,9436.2,70,75,45,NA,NA,50.25,16.6,11.9,-7.7,MEDICAL,11.6
RXO,RXO Inc.,28.54,4725.1,93,68,25,NA,NA,50.25,7.3,86.3,63,TRANSPORTATION,-6.3
YORW,York Water Co.,30.81,499.4,55,66,75,NA,NA,50.25,0.1,-1.1,2,UTILITY,8.5
BLLN,BillionToOne Inc.,99.94,5146.2,46,70,81,NA,NA,50.2,-19,16.9,0,MEDICAL,0.9
BOLSY,B3 S/A Brasil Bolsa Balcao ADR,13.52,22715.5,97,83,1,NA,NA,50.2,59.9,26.3,90.1,FINANCE,26.7
NESR,National Energy Services Reunited Corp.,24.51,2428.5,71,57,66,NA,NA,50.2,-11.3,15.7,137.7,ENERGY,5.5
NTR,Nutrien Ltd.,71.2,33462.5,72,64,56,NA,NA,50.2,10.3,-6.1,17.9,AGRICULTURE,9.1
TROW,T. Rowe Price Group Inc.,103.6,22169.9,44,72,81,NA,NA,50.2,-13,16,-2,FINANCE,19.2
WASH,Washington Trust Bancorp Inc.,38.22,727.1,81,71,36,NA,NA,50.2,6,11.9,30,BANKS,10
USLM,U.S. Lime & Minerals Inc.,111.81,3178.1,51,64,82,NA,NA,50.150000000000006,8.8,-15.2,-11.9,BUILDING,23.8
AFYA,Afya Ltd.,13.91,1217.2,40,79,77,NA,NA,50.15,-6.4,-7.2,-10.3,CONSUMER,17.1
CSX,CSX Corp.,47.5,87862.9,74,69,47,NA,NA,50.15,-2.7,14.5,31,TRANSPORTATION,22.5
KRP,Kimbell Royalty Partners L.P.,14.94,1900.7,72,75,42,NA,NA,50.15,3.2,-0.3,8.8,ENERGY,12.4
AIG,American International Group Inc.,75.11,39279.7,40,74,83,NA,NA,50.1,-7,-1.7,-9.5,INSURANCE,7.4
JLL,Jones Lang LaSalle Inc.,303.62,13913.2,43,59,98,NA,NA,50.1,-8,-1,4.3,REAL EST,11.1
KOD,Kodiak Sciences Inc.,92.34,5895.9,99,63,23,NA,NA,50.1,149.4,136.8,530.3,MEDICAL,-149.5
MCY,Mercury General Corp.,103,5644.7,61,73,58,NA,NA,50.1,-7.3,15.6,19.4,INSURANCE,24.8
DAVE,Dave Inc.,343.14,4706,75,74,39,NA,NA,50.05,-13.3,97.2,71.3,BUSINS SVC,73.1
GOOD,Gladstone Commercial Corp.,12.71,623.9,69,68,54,NA,NA,50.05,-0.1,8.8,7.3,REAL EST,5.5
REPL,Replimune Group Inc.,13.25,1239,94,59,34,NA,NA,50.05,15.5,55.2,183.1,MEDICAL,-107.9
YOU,Clear Secure Inc.,41.5,5580.6,37,68,94,NA,NA,50.05,-26.9,-19.8,33.7,BUSINS SVC,58.1
BKH,Black Hills Corp.,70.74,5374.3,59,65,70,NA,NA,50,-2,-0.7,16.9,UTILITY,8
BR,Broadridge Financial Solutions Inc.,158.66,17960.1,47,73,75,NA,NA,50,9.6,-2.4,-32.5,FINANCE,40.9
DAL,Delta Air Lines Inc.,83.66,54635.3,68,76,45,NA,NA,50,-8.7,25.3,43.6,TRANSPORTATION,27.7
HOMB,Home BancShares Inc.,28.55,5715.4,59,69,65,NA,NA,50,-0.7,4.2,1.2,BANKS,11.5
PNGAY,Ping An Insurance (Group) Co. of China Ltd. ADR,13.22,133273.3,41,67,90,NA,NA,50,-1.5,-14.4,-4.4,INSURANCE,13.9
TOWN,Towne Bank,35.41,3313,58,70,65,NA,NA,50,-2.5,2.7,3,BANKS,7.4
WWD,Woodward Inc.,332.56,19659.9,39,65,95,NA,NA,50,-21.5,-12.2,28.7,AEROSPACE/DEFENSE,18.6
NWL,Newell Brands Inc.,5.55,2333.9,79,64,46,NA,NA,49.95,-0.4,59,5.7,CONSUMER,-11.1
PAYX,Paychex Inc.,101.02,35519.7,46,73,76,NA,NA,49.95,-4.1,10,-18.8,BUSINS SVC,44.8
AMADY,Amadeus IT Group S.A. ADR,58.9,24002.8,45,69,82,NA,NA,49.900000000000006,-0.2,3,-26.3,BUSINS SVC,27.5
XPEL,XPEL Inc.,45.15,1240.4,48,66,82,NA,NA,49.900000000000006,-9.8,0.6,34.5,AUTO,20.3
CNI,Canadian National Railway Co.,118.41,72417.2,70,68,52,NA,NA,49.9,-2.7,12.7,22.6,TRANSPORTATION,22.2
COST,Costco Wholesale Corp.,935.68,409365,55,71,67,NA,NA,49.9,-1.5,-8.1,2.7,RETAIL,28.4
OBE,Obsidian Energy Ltd.,10.62,704.1,93,61,32,NA,NA,49.9,34.9,13.1,57.1,ENERGY,2.5
ABCB,Ameris Bancorp,79.95,5395.4,46,67,83,NA,NA,49.85,-12,1.2,6.8,BANKS,10.5
BBCP,Concrete Pumping Holdings Inc.,9.94,495.4,71,62,58,NA,NA,49.85,-11.3,39.8,43.8,BUILDING,2
DKL,Delek Logistics Partners L.P.,56.22,3196.2,80,73,33,NA,NA,49.85,6.9,12.2,25.3,ENERGY,847.5
GFR,Greenfire Resources Ltd.,6.21,1440.1,93,68,23,NA,NA,49.85,32.8,15.1,69.3,ENERGY,4.8
ONON,On Holding AG,33.13,10500.4,30,71,98,NA,NA,49.85,-10.1,-1.6,-22.2,CONSUMER,13.6
TKR,Timken Co.,119.54,8314.9,63,66,63,NA,NA,49.85,-16,20.8,55.7,METALS,9.6
HVT.A,Haverty Furniture Cos. Inc. Cl A,28.09,436.4,73,59,59,NA,NA,49.8,-1.8,18.4,33.8,RETAIL,6.4
TPL,Texas Pacific Land Corp.,355.16,23773.5,42,70,84,NA,NA,49.8,-11.8,-20.9,9.2,ENERGY,37.2
ADYYF,Adyen N.V.,978.06,30641.9,34,73,90,NA,NA,49.75,-1.9,-1.2,-43.5,FINANCE,22.6
ARHS,Arhaus Inc.,9.92,1433.1,75,80,30,NA,NA,49.75,21.7,52.9,-5.6,RETAIL,17.7
HIMX,Himax Technologies Inc. ADR,14.85,2507.7,91,67,26,NA,NA,49.7,3.8,67.8,61.9,CHIPS,4.9
INDB,Independent Bank Corp.,79.39,3769.9,55,71,66,NA,NA,49.7,-6.3,2.1,12.9,BANKS,6.3
MTB,M&T Bank Corp.,218.74,31520.3,54,64,76,NA,NA,49.7,-8.8,3.2,15.1,BANKS,9.8
PFE,Pfizer Inc.,27.5,156228.1,72,74,41,NA,NA,49.7,15.9,-1.2,4,MEDICAL,8.9
CENTA,Central Garden & Pet Co. Cl A,34.61,2205.6,60,61,72,NA,NA,49.65,-7.5,7.6,22.5,CONSUMER,10.4
SLB,SLB Ltd.,50,74622.7,80,61,47,NA,NA,49.65,9.4,0.4,44.6,ENERGY,14.3
ARES,Ares Management Corp.,117.74,38685.4,41,67,88,NA,NA,49.6,-3.4,14.5,-21.6,FINANCE,12.4
LYTS,LSI Industries Inc.,20.94,776.5,41,71,83,NA,NA,49.6,-18.4,12.2,-7.6,BUILDING,7.6
PNC,PNC Financial Services Group Inc.,220.16,87879.3,47,65,83,NA,NA,49.6,-13,3.3,12.5,BANKS,12
VCEL,Vericel Corp.,40.05,2103.1,54,70,68,NA,NA,49.6,-14,17.5,18.7,MEDICAL,5.1
VIA,Via Transportation Inc. Cl A,30.83,2517.7,79,53,58,NA,NA,49.6,59.4,93.2,-34.3,SOFTWARE,0
HBCP,Home Bancorp Inc.,67.21,530.3,67,68,54,NA,NA,49.55,-2.9,9.2,21.9,BANKS,11.1
LZAGY,Lonza Group AG ADR,69.12,47118.2,55,76,59,NA,NA,49.55,-3.9,7.7,-1.3,CHEMICAL,10.8
VECO,Veeco Instruments Inc.,55.67,3442.2,90,69,24,NA,NA,49.55,2.3,58.4,80.4,CHIPS,4.3
COF,Capital One Financial Corp.,195.82,119715.4,44,70,80,NA,NA,49.5,-5.2,6.3,-8.4,FINANCE,2.4
RHHBY,Roche Holding AG ADR,52.55,335071.7,65,69,55,NA,NA,49.5,1.9,5.1,15.9,MEDICAL,39.9
TLX,Telix Pharmaceuticals Ltd. ADR,10.78,3687.3,57,65,70,NA,NA,49.5,-11.3,18.6,5.9,MEDICAL,-1.9
CSANY,Cosan S.A. ADR,3.81,4051.2,63,70,56,NA,NA,49.45,25.7,-7.5,-15.3,ENERGY,-127.4
ITW,Illinois Tool Works Inc.,267.14,75241.3,57,72,61,NA,NA,49.45,-2.6,3.4,3.3,MACHINE,93.7
KE,Kimball Electronics Inc.,28.8,677.3,74,75,36,NA,NA,49.45,12.2,20.7,0.4,ELECTRNCS,4.8
ORCL,Oracle Corp.,144.77,430821.9,38,67,91,NA,NA,49.45,0.7,-0.5,-50.4,SOFTWARE,54.3
CHRN,ChronoScale Holdings Corp.,19.28,2708.9,94,58,32,NA,NA,49.4,5.6,97.7,251.2,BUSINS SVC,-51.2
NVAX,Novavax Inc.,11.32,2071.7,92,72,17,NA,NA,49.4,21.1,42,24.7,MEDICAL,0
THG,Hanover Insurance Group Inc.,220.04,7674.4,75,69,42,NA,NA,49.4,-0.1,25.5,19.2,INSURANCE,20.6
ABSI,Absci Corp.,10.27,1978.7,82,69,33,NA,NA,49.35,-11,247,173.1,MEDICAL,-62.5
SD,SandRidge Energy Inc.,13.76,508.7,57,70,63,NA,NA,49.35,4.9,-11.2,12.1,ENERGY,14.5
SMERY,Siemens Energy AG ADR,33.08,138902.6,51,68,73,NA,NA,49.35,-15,-4.3,32.2,ENERGY,14
CWBC,Community West Bancshares,26.35,721.1,69,81,34,NA,NA,49.3,-3.1,13,26.1,BANKS,9.9
STVN,Stevanato Group S.p.A.,19.86,5473.7,64,74,49,NA,NA,49.3,3,44,-19,MEDICAL,9.9
INVX,Innovex International Inc.,27.62,1986.9,87,62,35,NA,NA,49.25,17,11.4,43,ENERGY,8.3
RPD,Rapid7 Inc.,12.27,833.1,69,72,45,NA,NA,49.25,16.9,112.3,-34.1,SOFTWARE,27.1
CL,Colgate-Palmolive Co.,87.25,68708.3,55,69,66,NA,NA,49.2,-6.6,3.2,12.7,CONSUMER,1603
HEI,Heico Corp.,303.26,35665.1,36,64,96,NA,NA,49.2,-17,9.6,-5.8,AEROSPACE/DEFENSE,17.4
PINS,Pinterest Inc.,20.03,11360.2,33,71,91,NA,NA,49.2,-10,9.8,-37.5,INTERNET,8.8
UCB,United Community Banks Inc.,33.72,4076.7,55,69,66,NA,NA,49.2,-5.4,4.4,5.9,BANKS,9.2
BCO,Brink's Co.,103.5,4232.6,47,64,82,NA,NA,49.150000000000006,-1,-0.1,-10,BUSINS SVC,86.5
CHKP,Check Point Software Technologies Ltd.,131.98,13230.2,32,79,82,NA,NA,49.150000000000006,-5,-10.9,-34.3,SOFTWARE,37.3
ADBE,Adobe Inc.,238.12,92935.1,47,72,72,NA,NA,49.15,9.2,-2.6,-32,SOFTWARE,55.4
CKHUY,CK Hutchison Holdings Ltd. ADR,8.51,32896.7,77,62,47,NA,NA,49.15,3.2,9.8,31,MISC,2.2
DASTY,Dassault Systemes SE ADR,24.12,32115.5,64,67,57,NA,NA,49.15,14.7,18.6,-29.5,SOFTWARE,13.7
PPLI,People Inc.,41.29,3107.4,48,71,72,NA,NA,49.15,-12.6,3,20.7,INTERNET,-2.3
WTI,W&T Offshore Inc.,3.59,543.4,90,57,37,NA,NA,49.15,16.2,5,66.2,ENERGY,0
AJG,Arthur J. Gallagher & Co.,229.85,58241.6,38,68,88,NA,NA,49.1,-8,4.8,-25.7,INSURANCE,6.9
CNH,CNH Industrial N.V.,13.27,16461.8,89,73,18,NA,NA,49.1,22.1,23.7,21.1,MACHINE,6.6
FCEL,FuelCell Energy Inc.,20.65,1444.8,68,62,58,NA,NA,49.1,-30.5,209.6,94.8,ENERGY,-26.1
PVH,PVH Corp.,78.21,3455.7,65,53,73,NA,NA,49.1,1.8,-3.2,-8.1,CONSUMER,0.5
SMC,Summit Midstream Corp.,33.15,651.3,84,70,28,NA,NA,49.1,10,14.4,55.7,ENERGY,1.4
ACVA,ACV Auctions Inc.,10.44,1783,92,65,24,NA,NA,49.05,40.5,125,7.7,RETAIL,-15.2
CIVB,Civista Bancshares Inc.,26.71,557.4,69,72,44,NA,NA,49.05,-4.4,15.2,29.2,BANKS,9.9
PSTVY,Postal Savings Bank of China Co. Ltd. ADR,13.12,87083.1,69,72,44,NA,NA,49.05,11.1,4.7,-12.5,BANKS,8.6
RELX,RELX PLC ADR,34.03,58281.3,50,71,69,NA,NA,49.05,5.5,1.2,-26.7,BUSINS SVC,72.2
EGBN,Eagle Bancorp Inc.,28.24,863.3,80,64,40,NA,NA,49,3.8,9.4,31.2,BANKS,-11.7
TCBI,Texas Capital Bancshares Inc.,92.97,4073.1,42,66,85,NA,NA,49,-11.7,-4.3,7.5,BANKS,9.4
ASB,Associated Banc-Corp.,28.9,5480.4,59,68,61,NA,NA,48.95,-5.7,9.9,8.6,BANKS,9.9
EPAM,EPAM Systems Inc.,109.31,5672,47,68,76,NA,NA,48.95,25.9,-20.2,-28.3,BUSINS SVC,10.3
ESLT,Elbit Systems Ltd.,691.1,33993.2,44,55,96,NA,NA,48.95,-14.8,-25.2,31.3,AEROSPACE/DEFENSE,14.4
HEI.A,Heico Corp. Cl A,226.52,35665.1,35,64,96,NA,NA,48.95,-13.7,6.1,-11.1,AEROSPACE/DEFENSE,17.4
WABC,Westamerica Bancorp,58.73,1364.9,72,67,46,NA,NA,48.95,-1,12.1,23.1,BANKS,12.7
CBRL,Cracker Barrel Old Country Store Inc.,56.32,1258.9,93,61,27,NA,NA,48.9,11.4,89.9,30,RETAIL,6.7
KDP,Keurig Dr Pepper Inc.,31.13,42035.9,70,68,47,NA,NA,48.9,-2,21.1,23,FOOD/BEV,8.4
GNW,Genworth Financial Inc.,9.63,3623.6,69,64,53,NA,NA,48.85,0.9,12.8,9.1,INSURANCE,2.6
LOPE,Grand Canyon Education Inc.,155.55,4038.3,45,76,68,NA,NA,48.85,1.4,-9.9,-28,CONSUMER,28.2
SIGI,Selective Insurance Group Inc.,84.82,5078.3,45,64,83,NA,NA,48.85,-13.7,9.1,0.7,INSURANCE,13.9
SOPH,SOPHiA GENETICS S.A.,7.38,698,97,60,23,NA,NA,48.85,38.2,49.1,82.2,MEDICAL,-110
BANR,Banner Corp.,67.12,2469.5,62,66,59,NA,NA,48.8,-0.7,7.1,6.5,BANKS,10.5
EQBK,Equity Bancshares Inc.,47.5,979,61,67,59,NA,NA,48.8,-2.9,5.7,16.9,BANKS,3.4
KGS,Kodiak Gas Services Inc.,55.89,5415.1,57,59,74,NA,NA,48.8,-15.6,-4,66.6,ENERGY,6.3
NGS,Natural Gas Services Group Inc.,34.06,433.1,47,65,79,NA,NA,48.8,-9.1,-10,25.3,ENERGY,7.5
DAKT,Daktronics Inc.,17.85,856,36,67,90,NA,NA,48.75,-10.4,-7.3,-8.3,ELECTRNCS,15.8
IBRX,ImmunityBio Inc.,9.69,11001.1,93,74,10,NA,NA,48.75,8.8,36.9,283,MEDICAL,0
AUB,Atlantic Union Bankshares Corp.,38.14,5478.4,50,68,71,NA,NA,48.7,-9.6,5,5.6,BANKS,6.7
CMCO,Columbus McKinnon Corp.,17.02,488.4,78,64,41,NA,NA,48.7,21.6,21.1,11.9,MACHINE,-19.7
CSTL,Castle Biosciences Inc.,33.36,1119.6,86,72,21,NA,NA,48.7,37.8,34.9,43.1,MEDICAL,-5.2
FIBK,First Interstate Bancsystem Inc.,35.52,3394.8,49,65,76,NA,NA,48.7,-9.8,4.9,11,BANKS,8.9
MQ,Marqeta Inc.,16.55,1772.8,45,73,71,NA,NA,48.7,-1.7,3.4,-17.9,FINANCE,-1.5
PG,Procter & Gamble Co.,148.41,338970.8,57,77,51,NA,NA,48.7,-0.6,4,-1.3,CONSUMER,30.2
TARS,Tarsus Pharmaceuticals Inc.,74.11,3483.9,67,71,46,NA,NA,48.7,10.5,5.6,9.4,MEDICAL,-23.4
TJX,TJX Cos.,137.03,147847.5,34,72,86,NA,NA,48.7,-9.4,-15.3,-4.2,RETAIL,59.1
WDFC,WD-40 Co.,204.17,2762.9,38,68,86,NA,NA,48.7,-17.2,-3,6.6,CHEMICAL,36.4
LRN,Stride Inc.,79.75,3278.2,36,65,92,NA,NA,48.650000000000006,-11.7,-10.8,-43.3,CONSUMER,21.7
GPRE,Green Plains Inc.,15.16,1061.9,68,61,57,NA,NA,48.65,-3.7,-5.8,51.1,ENERGY,-14.9
SFTBY,SoftBank Group Corp. ADR,19.62,234794.6,84,61,37,NA,NA,48.65,5.3,71.4,9.7,TELECOM,35.6
BBT,Beacon Financial Corp.,27.93,2357.7,49,67,73,NA,NA,48.6,-7.6,-9.2,15.5,BANKS,4.9
GE,GE Aerospace,309.39,317846.9,39,61,93,NA,NA,48.6,-18.3,7.2,3.7,AEROSPACE/DEFENSE,45.2
JHX,James Hardie Industries PLC,25.53,14629.2,78,62,43,NA,NA,48.6,-0.4,34.2,27.1,BUILDING,2.4
RAL,Ralliant Corp.,73.86,8182.9,91,69,18,NA,NA,48.6,6.6,76,67.9,ELECTRNCS,-45.3
TITN,Titan Machinery Inc.,25.2,596.1,96,64,18,NA,NA,48.6,37.6,44.2,54.1,RETAIL,-9.1
CNS,Cohen & Steers Inc.,72.56,3754.8,59,68,59,NA,NA,48.55,-8.7,14.5,9.8,FINANCE,28.5
EXK,Endeavour Silver Corp.,8.67,2549,55,60,74,NA,NA,48.55,1.9,-9.3,10.9,MINING,-22.4
DCTH,Delcath Systems Inc.,15.41,550.7,93,65,20,NA,NA,48.5,14.3,58.9,42.7,MEDICAL,3
FR,First Industrial Realty Trust Inc.,59.26,8115,54,64,70,NA,NA,48.5,-6,1.4,14.9,REAL EST,9.3
UCTT,Ultra Clean Holdings Inc.,73.24,3351.4,60,58,70,NA,NA,48.5,-30.6,15.7,149.4,CHIPS,-22.9
CTRE,CareTrust REIT Inc.,36.55,8553.8,42,66,82,NA,NA,48.400000000000006,-11.7,-2.3,4,REAL EST,9.2
SPGI,S&P Global Inc.,396.13,115243.2,33,71,87,NA,NA,48.400000000000006,-11.4,-3.5,-12.4,FINANCE,13.9
CVEO,Civeo Corp.,32.67,335.8,84,56,42,NA,NA,48.4,2,20.7,49,ENERGY,-9.8
DG,Dollar General Corp.,123.27,26324,67,61,57,NA,NA,48.4,6,-1.4,25.6,RETAIL,19
FLR,Fluor Corp.,52,6768.6,74,62,47,NA,NA,48.4,1,10.7,18.4,BUILDING,-1.4
TECH,Bio-Techne Corp.,72.43,11381.9,79,69,32,NA,NA,48.4,2.1,34.6,17,MEDICAL,9
CSWC,Capital Southwest Corp.,23.67,1502.2,64,71,48,NA,NA,48.35,-0.5,4.4,9.4,FINANCE,11.8
LOGC,ContextLogic Holdings Inc.,15.13,690.9,98,69,8,NA,NA,48.35,68.1,86.1,89.1,RETAIL,-20.4
PPERY,Bank Mandiri (Persero) ADR,9.1,21481.1,41,66,83,NA,NA,48.35,1.6,-15.9,-11.6,BANKS,19.3
AIR,AAR Corp.,104.03,4109.5,40,58,94,NA,NA,48.3,-27.6,-8.7,24.8,AEROSPACE/DEFENSE,12.9
ALL,Allstate Corp.,224.27,56819.7,52,66,69,NA,NA,48.3,-9.7,7.6,7.4,INSURANCE,39.5
APAM,Artisan Partners Asset Management Inc.,35,2788.9,40,66,84,NA,NA,48.3,-3.3,-3.3,-19.6,FINANCE,64.2
BWAY,Brainsway Ltd. ADR,11.89,489.3,43,67,79,NA,NA,48.3,-25.8,-5.5,56.1,MEDICAL,11.3
CMCL,Caledonia Mining Corp. PLC,24.84,470.6,65,73,44,NA,NA,48.3,28.6,3.8,-33.7,MINING,23.4
HGTY,Hagerty Inc.,13.83,4724.8,80,78,19,NA,NA,48.3,12.9,25,14.4,INSURANCE,18.1
SMP,Standard Motor Products Inc.,37.56,836,56,61,70,NA,NA,48.25,-0.8,6.3,-7.5,AUTO,12.2
APD,Air Products & Chemicals Inc.,281,62229.5,49,63,76,NA,NA,48.2,-9,-4.5,3.7,CHEMICAL,-2.4
LIFE,Ethos Technologies Inc. Cl A,35.05,2303.6,94,62,21,NA,NA,48.2,80.5,187.3,0,INSURANCE,21
SNAP,Snap Inc.,5.78,9487.6,64,64,56,NA,NA,48.2,21.7,22.7,-32.2,INTERNET,-19.5
TBBB,BBB Foods Inc.,54.24,5849.4,97,71,6,NA,NA,48.2,29.4,48.5,118.4,RETAIL,-69.8
VGNT,Versigent PLC,47.37,3348.4,86,58,36,NA,NA,48.2,11.4,67.1,0,AUTO,33.2
AAGIY,AIA Group Ltd. ADR,34.9,90912.1,33,62,97,NA,NA,48.150000000000006,-7.5,-20.6,-9.7,INSURANCE,14.9
FFIN,First Financial Bankshares Inc.,31.92,4590.8,49,66,72,NA,NA,48.15,-8.1,5,-5.1,BANKS,14.4
HFWA,Heritage Financial Corp.,27.69,1140.7,57,66,62,NA,NA,48.15,-7.1,4.6,13.6,BANKS,7.6
MCHB,Mechanics Bancorp,14.89,3455.6,52,67,67,NA,NA,48.15,-8.1,-0.5,14.4,BANKS,16.3
TGTX,TG Therapeutics Inc.,52.19,8252,80,71,27,NA,NA,48.15,-5.9,54.9,42,MEDICAL,102.8
GHM,Graham Corp.,88.28,1062,53,65,68,NA,NA,48.1,-23.9,6.7,52.8,MACHINE,9.6
IBN,ICICI Bank Ltd. ADR,28.02,99369.3,45,73,68,NA,NA,48.1,-6.8,7.5,-8.8,BANKS,16.4
LEA,Lear Corp.,122,5984.6,52,58,78,NA,NA,48.1,-8.7,3.1,18.5,AUTO,9.2
TRNS,Transcat Inc.,89.8,847.7,77,73,28,NA,NA,48.1,-2.1,19,26.8,ELECTRNCS,1.8
WLDN,Willdan Group Inc.,73.91,1120.8,34,60,98,NA,NA,48.1,-6.3,-6.4,-18.7,BUILDING,19.5
FULT,Fulton Financial Corp.,22.4,4331.9,59,66,59,NA,NA,48.05,-7.9,7.8,19.9,BANKS,11.7
GDYN,Grid Dynamics Holdings Inc.,7.82,636,76,64,40,NA,NA,48,32.1,37.4,-8.2,BUSINS SVC,1.8
HMN,Horace Mann Educators Corp.,45.51,1846.8,40,64,85,NA,NA,48,-15.9,4.4,2.8,INSURANCE,11.7
MRSH,Marsh,171.74,81331.1,46,66,75,NA,NA,48,-1.7,-1.8,-14.7,INSURANCE,29.3
AR,Antero Resources Corp.,35.72,10665.1,57,70,56,NA,NA,47.95,3,-11.5,5.3,ENERGY,8.7
DEC,Diversified Energy Co.,14.03,963.2,54,65,66,NA,NA,47.95,4.4,-18.7,4.7,ENERGY,47.6
EGP,EastGroup Properties Inc.,192.86,10531,52,63,71,NA,NA,47.95,-9.1,2.8,12.3,REAL EST,7.6
SOBKY,SoftBank Corp. ADR,15.14,72082.7,78,65,36,NA,NA,47.95,16.8,11.4,4.6,TELECOM,19.5
VSAT,ViaSat Inc.,74.38,9614,79,64,36,NA,NA,47.95,-11.2,42.8,125.3,TELECOM,-0.7
FFBC,First Financial Bancorp (Ohio),31.37,3307.6,61,65,57,NA,NA,47.9,-9.4,9.7,20.6,BANKS,9.8
ITRI,Itron Inc.,88.39,3844,47,63,77,NA,NA,47.9,1.9,-3,-29.8,ELECTRNCS,19.4
MLR,Miller Industries Inc.,54.12,616.4,87,63,27,NA,NA,47.9,10,18.1,35.3,AUTO,5.6
TH,Target Hospitality Corp.,18.54,1883.9,93,57,27,NA,NA,47.9,4.5,36.1,136.8,LEISURE,-9.2
VZ,Verizon Communications Inc.,45.98,190496.5,69,61,52,NA,NA,47.9,9.3,-6.4,11,TELECOM,16.9
BAH,Booz Allen Hamilton Holding Corp.,68.14,8252.8,46,59,83,NA,NA,47.85,9.4,-18.6,-34.3,BUSINS SVC,80.2
EPR,EPR Properties,55.27,4258.7,56,61,68,NA,NA,47.85,-6.7,8.6,0.1,REAL EST,11.8
EW,Edwards Lifesciences Corp.,86.48,50279.4,52,65,68,NA,NA,47.85,-9.1,6.5,13,MEDICAL,10.4
CAI,Caris Life Sciences Inc.,27.45,8588.1,80,68,29,NA,NA,47.8,54.2,44.4,-16.3,MEDICAL,-45.4
CRUS,Cirrus Logic Inc.,118.87,6081.8,26,74,89,NA,NA,47.8,-20.1,-20.1,-7.2,CHIPS,20.3
FRNM,Freenome Inc.,16.36,1808.3,94,66,14,NA,NA,47.8,51.1,49.1,54.3,MEDICAL,1
NGG,National Grid PLC ADR,76.85,76333.1,44,60,84,NA,NA,47.8,-7,-11.7,4,UTILITY,8.6
EOLS,Evolus Inc.,7.38,493.4,80,59,40,NA,NA,47.75,5.6,77.4,14.8,MEDICAL,0
HPK,HighPeak Energy Inc.,8.22,1023,90,69,15,NA,NA,47.75,27,16.6,12,ENERGY,1.1
LYB,LyondellBasell Industries N.V. Cl A,58.93,19130.3,72,47,65,NA,NA,47.75,11.3,-25,21.1,CHEMICAL,-7
AKAM,Akamai Technologies Inc.,108.62,15520,65,65,51,NA,NA,47.7,-3.6,-5.2,38.5,SOFTWARE,9.2
FHN,First Horizon Corp.,23.34,11067.4,43,67,76,NA,NA,47.7,-9.7,0.3,1.3,BANKS,11.1
FSBW,FS Bancorp Inc.,44.11,349.3,67,75,36,NA,NA,47.7,0.1,11.6,10.7,BANKS,10.9
PJT,PJT Partners Inc.,139.65,3526.7,25,69,96,NA,NA,47.7,-18.8,-0.3,-22.6,FINANCE,72.7
CINF,Cincinnati Financial Corp.,163.08,24884.9,39,66,82,NA,NA,47.650000000000006,-14,1.9,-1.3,INSURANCE,16
CAAP,Corporacion America Airports S.A.,25.22,4167.6,61,68,52,NA,NA,47.65,-1.8,-1.3,43.4,REAL EST,16.8
KDDIY,KDDI Corp. ADR,18.2,65973.3,72,61,47,NA,NA,47.65,8,5.2,15.5,TELECOM,14.2
CDW,CDW Corp.,135.67,16742.3,57,67,58,NA,NA,47.6,1.1,9.9,-13.8,BUSINS SVC,43
PGR,Progressive Corp.,212.05,123553.5,42,70,73,NA,NA,47.6,-8.5,8,-11.8,INSURANCE,40.4
T,AT&T Inc.,24.43,166101.8,61,63,58,NA,NA,47.6,18.7,-13.7,-5.6,TELECOM,20.4
ADYEY,Adyen N.V. ADR,9.68,30641.9,34,65,89,NA,NA,47.55,-2.4,-0.8,-44,FINANCE,22.6
ASM,Avino Silver & Gold Mines Ltd.,5.57,945.7,31,60,99,NA,NA,47.55,-15.3,-17.7,3.3,MINING,14.8
ATKR,Atkore Inc.,94.72,3201,95,56,24,NA,NA,47.55,34.5,50.9,48.7,BUILDING,-1
AXP,American Express Co.,304.55,205307.7,32,70,85,NA,NA,47.5,-14.5,-0.4,-8.3,FINANCE,33.8
NEXN,Nexxen International Ltd.,8.72,495.5,68,62,50,NA,NA,47.5,-6.4,27.7,4.3,BUSINS SVC,5
NRP,Natural Resource Partners L.P.,110.24,1454.9,67,71,40,NA,NA,47.5,12.6,-9.6,3,ENERGY,23
ASO,Academy Sports & Outdoors Inc.,52.31,3200.9,63,62,56,NA,NA,47.45,11.6,-11.4,-3.2,RETAIL,18
ELV,Elevance Health Inc.,400.09,85557.1,73,64,41,NA,NA,47.45,-2,32.2,14.3,MEDICAL,13.3
EVRG,Evergy Inc.,80.35,18231.3,51,62,71,NA,NA,47.45,-6.9,-2.8,3.7,UTILITY,8.5
SSLZY,Santos Ltd. ADR,6.04,19348.1,89,68,16,NA,NA,47.45,20.9,8,37.1,ENERGY,5.2
TCEHY,Tencent Holdings Ltd. ADR,54.5,485676.1,30,66,92,NA,NA,47.400000000000006,-5.4,-12.7,-37.4,INTERNET,21
BCH,Banco de Chile ADR,38.67,19906.7,60,68,52,NA,NA,47.4,-3.4,4.9,27,BANKS,20.7
KRNY,Kearny Financial Corp.,9.22,601.9,75,65,37,NA,NA,47.4,-2,19.1,35,BANKS,4.8
RGR,Sturm Ruger & Co.,43.65,709.6,78,66,32,NA,NA,47.4,15.3,7.4,-3.1,BUSINS SVC,-1.5
EVCM,EverCommerce Inc.,9.27,1602.4,29,74,83,NA,NA,47.35,-8.6,-23.5,-18.7,SOFTWARE,2.5
PIPR,Piper Sandler Cos.,65.66,4638.1,27,68,93,NA,NA,47.35,-10,-15.9,-23.7,FINANCE,21.7
VINP,Vinci Compass Investments Ltd.,10.75,702.3,59,72,48,NA,NA,47.35,8.4,1.9,0.3,FINANCE,11.5
CNR,Core Natural Resources Inc.,90.21,4517.4,63,63,54,NA,NA,47.3,11.6,-13.3,2,ENERGY,-5.8
CR,Crane Co.,208.92,12115.5,65,73,39,NA,NA,47.3,-5.1,21,14.6,MACHINE,17.9
KRSA,Korsana Biosciences Inc.,31.77,1399,98,60,14,NA,NA,47.3,31.2,9.4,89.9,MEDICAL,-39.3
CMPGY,Compass Group PLC ADR,29.91,50380.5,47,58,80,NA,NA,47.25,-5.3,2.5,-12.4,FOOD/BEV,25.8
HTGC,Hercules Capital Inc.,16.57,3123.8,58,67,55,NA,NA,47.25,3.2,9.2,-9.5,FINANCE,16
IDXX,IDEXX Laboratories Inc.,515.41,41523.2,31,70,85,NA,NA,47.25,-8.8,-10.7,-17.9,MEDICAL,66.2
GH,Guardant Health Inc.,170.69,25124.2,90,66,16,NA,NA,47.2,1.1,90.4,169.3,MEDICAL,0
KELYA,Kelly Services Inc. Cl A,15.56,570.4,93,63,16,NA,NA,47.2,20.1,76.6,20.3,BUSINS SVC,-23
G,Genpact Ltd.,33.45,5632.5,51,68,62,NA,NA,47.15,15.5,-11.1,-18.6,BUSINS SVC,22.4
ICFI,ICF International Inc.,83.09,1486,70,57,52,NA,NA,47.15,11,22.8,-12.2,BUSINS SVC,9.1
MSEX,Middlesex Water Co.,52.9,1000,48,59,77,NA,NA,47.15,-6.6,0.2,-2.3,UTILITY,9.1
UTL,Unitil Corp.,51.18,923.7,57,62,62,NA,NA,47.15,-2.1,-3.8,9.4,UTILITY,8.9
APO,Apollo Global Management Inc.,115.95,68119.2,42,64,78,NA,NA,47.1,-5.1,9.3,-8.5,FINANCE,16.7
MAS,Masco Corp.,69.93,13499.5,49,61,73,NA,NA,47.1,-13.7,17.2,1.7,BUILDING,0
VNT,Vontier Corp.,32.84,4311.5,54,68,58,NA,NA,47.1,13,-7.4,-18.9,MACHINE,35.4
QSR,Restaurant Brands International Inc.,70.24,31756.7,50,59,74,NA,NA,47.05,-4.1,-9.1,2,RETAIL,26.7
ASH,Ashland Inc.,70.97,3149.7,85,59,30,NA,NA,47,6.4,31.7,44.8,CHEMICAL,-34.5
CGEMY,Capgemini SE ADR,24.63,20598.6,59,69,50,NA,NA,47,16.2,3.7,-15.6,BUSINS SVC,14
DCH,Dauch Corp.,5.85,1342.5,57,55,70,NA,NA,47,6.2,1.2,-5,AUTO,-3.3
EFXT,Enerflex Ltd.,24.37,3061.3,89,62,21,NA,NA,46.95,7.6,20.8,113.4,ENERGY,6
LAND,Gladstone Land Corp.,9.66,417.6,70,61,46,NA,NA,46.95,13,-7.8,5.7,REAL EST,2
MSCI,MSCI Inc.,554.92,40155.8,42,69,71,NA,NA,46.95,-9.6,1.5,-1.8,FINANCE,0
SSD,Simpson Manufacturing Co.,175.02,7080.9,45,66,71,NA,NA,46.95,-11.4,4.4,3.2,BUILDING,18
GCMG,GCM Grosvenor Inc. Cl A,13.18,2672.8,70,72,32,NA,NA,46.9,-3.2,36.3,10.6,FINANCE,0
ROP,Roper Technologies Inc.,362.28,35938.6,43,67,72,NA,NA,46.9,-0.5,0.6,-28.5,MISC,7.9
IFF,International Flavors & Fragrances Inc.,83.92,21243.8,78,59,38,NA,NA,46.85,1.4,16.8,36.5,CONSUMER,-2.6
U,Unity Software Inc.,44.95,20103.3,89,72,8,NA,NA,46.85,51.6,104.4,19.8,SOFTWARE,-12.5
WAY,Waystar Holding Corp.,26.4,5077.5,56,77,43,NA,NA,46.85,10.4,11.7,-31,SOFTWARE,3.2
BXC,BlueLinx Holdings Inc.,74.82,586.4,88,52,34,NA,NA,46.8,32.6,45.5,5.9,RETAIL,0
ENR,Energizer Holdings Inc.,21.59,1451.9,66,66,44,NA,NA,46.8,1.2,28.1,-10.6,CONSUMER,156.4
HXL,Hexcel Corp.,86.01,6496.1,52,52,79,NA,NA,46.8,-15.1,8.2,30.3,AEROSPACE/DEFENSE,7.9
REXR,Rexford Industrial Realty Inc.,36.8,8181.4,62,58,59,NA,NA,46.8,7.4,13.1,-11.7,REAL EST,2.5
SKT,Tanger Inc.,34.94,3973.7,45,63,74,NA,NA,46.8,-11.2,-0.1,4.7,REAL EST,16.8
CBRE,CBRE Group Inc. Cl A,130.66,37471,36,55,95,NA,NA,46.75,-7,-4.1,-14.9,REAL EST,13.4
FENC,Fennec Pharmaceuticals Inc.,10.35,372.4,75,60,40,NA,NA,46.75,-3.2,61.2,6.3,MEDICAL,-65.8
TYL,Tyler Technologies Inc.,330.91,13445.5,42,61,80,NA,NA,46.75,3.7,-1.9,-33.3,SOFTWARE,8.9
APOG,Apogee Enterprises Inc.,40,744.2,63,59,56,NA,NA,46.7,0.5,20,-8.5,BUILDING,10.8
CLFD,Clearfield Inc.,33.74,450.4,63,67,46,NA,NA,46.7,-3.5,25.9,-6.3,TELECOM,2.4
FNB,F.N.B. Corp.,17.28,6142.2,46,64,71,NA,NA,46.7,-9.9,1.2,4.9,BANKS,8.7
PSNL,Personalis Inc.,16.03,1751.5,96,62,11,NA,NA,46.7,11.8,143.6,122.6,MEDICAL,-35
LKFN,Lakeland Financial Corp.,57.98,1449.5,45,64,72,NA,NA,46.65,-6.1,-0.7,-9.7,BANKS,14.3
PEGA,Pegasystems Inc.,34.6,5676.9,40,65,77,NA,NA,46.65,10.6,-18.5,-37.9,SOFTWARE,57.3
DY,Dycom Industries Inc.,290.43,8276.5,21,67,98,NA,NA,46.6,-32.6,-16.7,0.6,TELECOM,18.2
FPI,Farmland Partners Inc.,10.74,486.5,69,67,38,NA,NA,46.6,12.8,-6,1.9,REAL EST,6.7
GDRX,GoodRx Holdings Inc.,3.27,1146.2,74,58,43,NA,NA,46.6,6.2,58,-28.6,SOFTWARE,4.5
RLAY,Relay Therapeutics Inc.,18.74,4249.2,90,54,28,NA,NA,46.6,-0.8,50.5,235.2,MEDICAL,-41.1
TASK,TaskUs Inc.,7.96,740.8,62,70,43,NA,NA,46.6,53.7,18.5,-53.3,BUSINS SVC,18.6
ATO,Atmos Energy Corp.,159.74,26708.6,37,62,84,NA,NA,46.55,-8.1,-14.9,-7.8,UTILITY,9.3
BESIY,BE Semiconductor Industries N.V. ADR,214.76,18368.3,46,61,74,NA,NA,46.55,-27.1,-2.2,24.9,CHIPS,29.5
MLKN,MillerKnoll Inc.,20.72,1420,76,59,39,NA,NA,46.55,-0.9,44.5,22.4,CONSUMER,7
OMDA,Omada Health Inc.,20.73,1282.5,63,64,49,NA,NA,46.55,-9.3,64.8,-7.4,MEDICAL,-8.7
TOST,Toast Inc.,30.25,17453.2,54,69,54,NA,NA,46.55,2.6,12,-18.1,FINANCE,18.6
EADSY,Airbus SE ADR,52.62,167746.2,40,54,90,NA,NA,46.5,-12,10.4,-10.7,AEROSPACE/DEFENSE,23.1
LAMR,Lamar Advertising Co. Cl A,144.74,14616,60,62,55,NA,NA,46.5,-8.4,12.9,18.4,BUSINS SVC,57
MWA,Mueller Water Products Inc.,21.96,3397.3,27,63,95,NA,NA,46.5,-13.4,-20.9,-14.6,BUILDING,21.4
RNW,ReNew Energy Global PLC,6.87,2507.1,81,65,25,NA,NA,46.5,15.1,44,-14.8,ENERGY,8.4
BMRC,Bank of Marin Bancorp,27.4,444,58,63,56,NA,NA,46.45,-3.9,4.5,12.5,BANKS,-8.6
EQX,Equinox Gold Corp.,11.38,13097.9,53,60,66,NA,NA,46.45,10.4,-22.1,2.5,MINING,-0.4
KEY,KeyCorp,20.14,21534.7,40,61,81,NA,NA,46.45,-14,-2.5,8.6,BANKS,9.5
NX,Quanex Building Products Corp.,18.85,866.6,80,57,36,NA,NA,46.45,9.7,6.2,29.7,BUILDING,-28.9
VCYT,Veracyte Inc.,44.65,3832.2,50,71,56,NA,NA,46.45,-23,38.1,23.9,MEDICAL,5.3
ROAD,Construction Partners Inc. Cl A,93.89,5136.4,25,63,97,NA,NA,46.400000000000006,-13.1,-13.8,-24.4,BUILDING,13.7
APPF,AppFolio Inc.,203.31,7234,68,60,47,NA,NA,46.4,15.5,27.5,-16.5,SOFTWARE,26.5
CHD,Church & Dwight Co.,96.54,22690.9,63,61,52,NA,NA,46.4,-0.9,3.7,8.6,CONSUMER,17.6
ED,Consolidated Edison Inc.,105.12,38098.6,49,63,67,NA,NA,46.4,-6.1,-8.3,5.8,UTILITY,8.8
NFG,National Fuel Gas Co.,78.35,7255.7,45,63,72,NA,NA,46.4,0.2,-17,-11.2,UTILITY,17.4
OTTR,Otter Tail Corp.,89.2,3712.4,61,67,47,NA,NA,46.4,-1.4,0.7,12.5,MISC,15.6
AGCO,AGCO Corp.,116.19,8137,59,68,48,NA,NA,46.35,-1.8,1.5,5.9,MACHINE,18.1
CASY,Casey's General Stores Inc.,620.8,22816.6,34,56,94,NA,NA,46.3,-23.1,-17,11.1,RETAIL,19.2
OMCL,Omnicell Inc.,35.46,1580.1,34,64,84,NA,NA,46.3,-21.6,4,16.2,MEDICAL,0.2
WPC,W. P. Carey Inc.,64.01,14564.3,40,58,84,NA,NA,46.3,-9.3,-8.4,-6.1,REAL EST,5.6
ZD,Ziff Davis Inc.,54.77,1919.4,85,61,24,NA,NA,46.3,1.8,28.3,38.6,INTERNET,2.7
EVR,Evercore Inc. Cl A,268.08,10204.8,20,69,95,NA,NA,46.25,-24.6,-12,-17.7,FINANCE,31.7
OGN,Organon & Co.,13.74,3597.7,87,62,20,NA,NA,46.25,1.3,127.1,26.8,MEDICAL,30.6
STEP,StepStone Group Inc.,45.16,5560.8,41,56,85,NA,NA,46.25,2.8,-3.7,-33.4,FINANCE,0
CAPL,CrossAmerica Partners L.P.,21.67,827.6,57,63,56,NA,NA,46.2,-3.6,4,6.5,ENERGY,0
MUX,McEwen Inc.,18.1,1098.3,43,57,81,NA,NA,46.2,-3.9,-17,-1.1,MINING,6.6
PLSE,Pulse Biosciences Inc.,49.75,3671.5,99,57,11,NA,NA,46.2,70.9,116.9,155.8,MEDICAL,-74.4
Q,Qnity Electronics Inc.,133.63,27517.2,71,65,36,NA,NA,46.2,-8.9,12.4,0,CHIPS,7.8
WCN,Waste Connections Inc.,154.62,38925.4,37,63,81,NA,NA,46.2,-7.8,-6.6,-11.2,MACHINE,13.4
SGHC,Super Group (SGHC) Ltd.,11.43,5827.9,30,57,97,NA,NA,46.150000000000006,-22.1,6.7,-16.9,LEISURE,31.4
AII,American Integrity Insurance Group Inc.,25.77,499.4,90,65,12,NA,NA,46.15,37.6,32.4,12.1,INSURANCE,39.9
DTEGY,Deutsche Telekom AG ADR,29.84,143831,46,57,77,NA,NA,46.15,2.8,-19.3,-12.1,TELECOM,15.7
VLY,Valley National Bancorp,12.67,7051.2,46,61,72,NA,NA,46.15,-14.3,0.8,16.1,BANKS,7.8
KODK,Eastman Kodak Co.,9.87,981.9,85,57,28,NA,NA,46.1,18.8,-14.1,48.9,LEISURE,-16.3
KYMR,Kymera Therapeutics Inc.,105.98,9134.1,75,59,38,NA,NA,46.1,-7.7,24.3,84.2,MEDICAL,-25.8
PLAB,Photronics Inc.,30.82,1833,56,62,58,NA,NA,46.1,5.5,-23.9,23,CHIPS,11.9
SPXC,SPX Technologies Inc.,175.82,8855.2,23,67,93,NA,NA,46.1,-24.3,-10.7,-7.9,MACHINE,13.6
WLKP,Westlake Chemical Partners LP,21.59,755,57,61,58,NA,NA,46.1,-2.3,-2.3,1.9,CHEMICAL,9.6
ACHV,Achieve Life Sciences Inc.,7.03,721.3,94,51,24,NA,NA,46.05,9,117.6,122.5,MEDICAL,-257.7
ANIP,ANI Pharmaceuticals Inc.,71.52,1667.2,27,66,89,NA,NA,46.05,-15.9,-7.4,-22.3,MEDICAL,15.1
APEI,American Public Education Inc.,46.22,812.8,40,65,74,NA,NA,46.05,-19.5,-20.7,22.4,CONSUMER,10.5
AMCR,Amcor PLC,41.77,19326,52,60,65,NA,NA,46,-6.4,4.9,3.5,MISC,9.4
DNOW,DNOW Inc.,15.88,2874.5,84,68,15,NA,NA,46,24,30.4,-0.2,ENERGY,-5.3
JKHY,Jack Henry & Associates Inc.,144.43,10174.7,44,60,75,NA,NA,46,-1.3,-8.6,-2.2,SOFTWARE,24
KKR,KKR & Co. Inc.,90.67,80751.3,34,58,90,NA,NA,46,-5.5,-0.4,-28.5,FINANCE,8.7
TFIN,Triumph Financial Inc.,61.97,1471.9,40,56,85,NA,NA,46,-21.2,2,27.4,BANKS,2.8
CBSH,Commerce Bancshares Inc.,54.78,7908.9,52,63,61,NA,NA,45.95,-6.7,9.6,-3.3,BANKS,15.8
CNP,CenterPoint Energy Inc.,38.56,24866.7,37,62,81,NA,NA,45.95,-12.4,-11.5,-2.3,UTILITY,9.6
FANUY,Fanuc Corp. ADR,19.64,36218.7,54,65,56,NA,NA,45.95,-14.7,14.2,29.9,MACHINE,9.5
RPC,Ridgepost Capital Inc.,7.97,869.8,49,62,66,NA,NA,45.95,1.7,12.3,-27.1,FINANCE,5.6
MKL,Markel Group Inc.,1738.33,21392.3,30,60,92,NA,NA,45.900000000000006,-12.1,-8.9,-11.2,INSURANCE,12.2
ASND,Ascendis Pharma A/S,226.05,14223.8,42,64,72,NA,NA,45.9,-15.6,-0.3,7.2,MEDICAL,0
DOX,Amdocs Ltd.,58.49,6288.6,48,62,67,NA,NA,45.9,14.1,-11.4,-29,BUSINS SVC,16.1
OLYMY,Olympus Corp. ADR,12.61,13627.9,77,61,32,NA,NA,45.9,16.1,29.2,-2.8,MEDICAL,8.9
ORLY,O'Reilly Automotive Inc.,85.14,67871.8,47,55,77,NA,NA,45.9,1.1,-7.6,-17.6,RETAIL,0
ARQT,Arcutis Biotherapeutics Inc.,23.92,3161.2,46,63,68,NA,NA,45.85,-8.2,1.1,21.1,MEDICAL,-9.3
KOP,Koppers Holdings Inc.,46.03,889.6,81,56,33,NA,NA,45.85,-2.3,28.6,72.1,CHEMICAL,10.5
OPHLY,Ono Pharmaceutical Co. Ltd. ADR,4.75,6774.4,53,56,68,NA,NA,45.85,-5.5,-10.1,24.1,MEDICAL,8.8
QNST,QuinStreet Inc.,15.02,857.8,54,59,63,NA,NA,45.85,-8.4,24,-2.4,BUSINS SVC,28.6
ACTG,Acacia Research Corp. - Acacia Technologies,4.37,419.6,61,63,49,NA,NA,45.8,-2.9,-12.9,30.4,MISC,4.1
BLMN,Bloomin' Brands Inc.,8.34,708.9,82,46,44,NA,NA,45.8,3.7,45,12.8,RETAIL,3.7
BX,Blackstone Inc.,113.36,138651.1,31,61,89,NA,NA,45.8,-8.2,1,-32.1,FINANCE,35.8
CNM,Core & Main Inc.,42.1,7966.5,30,62,89,NA,NA,45.8,-8.4,-17.8,-18.5,BUILDING,23.9
ICHR,Ichor Holdings Ltd.,62.44,2372,62,58,54,NA,NA,45.8,-34.7,30.7,211.3,CHIPS,-7.7
TBN,Tamboran Resources Corp.,34.68,1185.1,68,52,54,NA,NA,45.8,10.5,-19.2,13.9,ENERGY,-4.8
CHYM,Chime Financial Inc. Cl A,27.65,10710.2,89,46,35,NA,NA,45.75,28.9,42.8,31.4,SOFTWARE,-85.5
CPA,Copa Holdings S.A. Cl A,138.31,5574.7,58,73,40,NA,NA,45.75,-10.6,21.8,14.3,TRANSPORTATION,26.1
ECHO,EchoStar Corp.,100.01,28561,57,62,55,NA,NA,45.75,1.7,-21.2,30.3,TELECOM,-111.7
EFC,Ellington Financial Inc.,11.67,1482.2,31,64,85,NA,NA,45.75,-14.1,-3.6,-12.1,FINANCE,8.6
PTRN,Pattern Group Inc.,17.82,3088.5,53,58,65,NA,NA,45.75,-37.3,43.5,22.6,SOFTWARE,-32.6
UNH,UnitedHealth Group Inc.,376.32,339811.4,61,58,55,NA,NA,45.75,-10,33.8,4.9,MEDICAL,12.9
GSAT,Globalstar Inc.,83.63,10823.7,87,59,21,NA,NA,45.7,4.3,15.1,86.9,TELECOM,-2.4
ELA,Envela Corp.,12.15,312.9,25,60,97,NA,NA,45.650000000000006,-51.7,-28.1,67.1,RETAIL,24.4
BTE,Baytex Energy Corp.,4.69,3279.1,90,59,17,NA,NA,45.65,21.8,6.6,88.4,ENERGY,-8.5
GOLD,Gold.com Inc.,41.57,1211.6,67,58,47,NA,NA,45.65,-5.6,-2.4,61.4,FINANCE,10.8
CBLL,CeriBell Inc.,24.34,954.1,92,60,13,NA,NA,45.6,23,34,93.6,MEDICAL,-30.8
DOV,Dover Corp.,191.88,25764.3,42,66,68,NA,NA,45.6,-10.6,-7.5,15.2,MACHINE,15.3
MEI,Methode Electronics Inc.,15.1,548.9,89,59,18,NA,NA,45.6,-1.4,161.7,88,ELECTRNCS,-5.2
CBC,Central Bancompany Inc.,32.14,7647.4,85,58,24,NA,NA,45.55,1.1,32.7,64,BANKS,11.3
PRE,Prenetics Global Ltd.,20.4,359.3,84,59,24,NA,NA,45.55,16.6,2.2,36.2,MEDICAL,-20.8
RYAN,Ryan Specialty Holdings Inc.,38.3,9715.8,37,62,79,NA,NA,45.55,-7.1,12.1,-33.8,INSURANCE,9.9
AM,Antero Midstream Corp.,21.14,9759.3,57,69,45,NA,NA,45.5,-4.3,-6.5,10.9,ENERGY,20.2
ANGO,AngioDynamics Inc.,14.42,653.5,83,63,20,NA,NA,45.5,11.1,46.5,28.1,MEDICAL,-20.8
CP,Canadian Pacific Kansas City Ltd.,85.43,75592.1,64,62,45,NA,NA,45.5,-2.9,7.5,10.4,TRANSPORTATION,8.9
EVC,Entravision Communications Corp.,6.7,657.1,63,51,60,NA,NA,45.5,-46.7,121.9,200.4,MEDIA,-77.8
IMPUY,Impala Platinum Holdings Ltd. ADR,11.43,10297.9,40,54,85,NA,NA,45.5,1.7,-21.6,-11.2,MINING,30.2
OTEX,Open Text Corp.,22.71,5451.6,40,62,75,NA,NA,45.5,0.6,-0.2,-40.7,SOFTWARE,16.2
RTX,RTX Corp.,183.29,248432.3,44,52,82,NA,NA,45.400000000000006,-9,-7.6,8.6,AEROSPACE/DEFENSE,10.7
AVBH,Avidbank Holdings Inc.,31.42,344,66,62,42,NA,NA,45.4,-4.1,8.9,21.8,BANKS,-8.4
CBU,Community Financial System Inc.,59.58,3163.8,43,61,72,NA,NA,45.4,-11.9,-0.8,1,BANKS,11.1
HMC,Honda Motor Co. Ltd. ADR,31.81,41313.4,74,62,32,NA,NA,45.4,7.4,33.4,-0.3,AUTO,-3.6
SHAK,Shake Shack Inc. Cl A,64.61,2670.7,46,54,77,NA,NA,45.4,19.3,-30.1,-32.4,RETAIL,9.2
JCAP,Jefferson Capital Inc.,19.86,1129.6,63,64,43,NA,NA,45.35,7.1,1.9,10.5,FINANCE,43.8
NTTYY,NTT Inc. ADR,26.78,91732.1,76,59,33,NA,NA,45.35,18.3,8.9,2.8,TELECOM,10.6
SSMXY,Sysmex Corp. ADR,11.91,6985.4,84,59,23,NA,NA,45.35,21.8,34.6,-6.2,MEDICAL,7.5
VLEEY,Valeo SE ADR,8.42,3920.7,88,51,28,NA,NA,45.35,9.7,40.3,35,AUTO,5.8
BNED,Barnes & Noble Education Inc.,11.64,400,79,47,44,NA,NA,45.3,1.5,21.4,21.5,RETAIL,6
CART,Maplebear Inc.,45.47,10572.6,63,71,34,NA,NA,45.3,-4,10.8,20.1,RETAIL,14.9
CTSH,Cognizant Technology Solutions Corp.,57.22,26202.3,57,65,49,NA,NA,45.3,38.3,-8.2,-15.6,BUSINS SVC,15.2
GILD,Gilead Sciences Inc.,144.23,179334.7,78,72,14,NA,NA,45.3,11.3,2.9,27,MEDICAL,40.5
HENKY,Henkel AG & Co. KGaA ADR,18.88,30977.9,51,55,69,NA,NA,45.3,-6,8.7,1.4,CHEMICAL,9.9
MTG,MGIC Investment Corp.,27.36,5563,51,63,59,NA,NA,45.3,-3,1.3,0.5,INSURANCE,14.3
PTEN,Patterson-UTI Energy Inc.,11.41,4405,93,53,19,NA,NA,45.3,33.3,7.7,96.4,ENERGY,-2.8
PURR,Hyperliquid Strategies Inc.,12.5,3595.3,99,59,4,NA,NA,45.3,41.7,147.5,0,FINANCE,32.6
SQM,Sociedad Quimica y Minera De Chile S.A. ADR,66.17,18138.8,44,54,79,NA,NA,45.3,-10,-17.8,53.3,AGRICULTURE,10.8
WNC,Wabash National Corp.,13.87,569.9,90,68,4,NA,NA,45.3,6.7,62,47.4,TRANSPORTATION,76
GEN,Gen Digital Inc.,22.8,13336.5,37,72,65,NA,NA,45.25,-14.3,17.7,-17.8,SOFTWARE,39.9
UMH,UMH Properties Inc.,15.42,1312.4,60,57,55,NA,NA,45.25,0.1,5.3,8.6,REAL EST,2.9
VERX,Vertex Inc. Cl A,12.29,1992,33,56,90,NA,NA,45.25,-4.4,1.6,-51.1,SOFTWARE,3.3
AYA,Aya Gold & Silver Inc.,27.51,3898.3,98,62,1,NA,NA,45.2,37.9,69.7,126.6,MINING,13.8
CARL,Carlsmed Inc.,14.64,417.7,84,52,31,NA,NA,45.2,19.1,51.1,1.1,MEDICAL,-47.6
SKY,Champion Homes Inc.,85.89,4655.1,71,69,26,NA,NA,45.2,2.6,14.4,23.6,AUTO,13.3
WBD,Warner Bros. Discovery Inc. Series A,30.95,77706.3,85,67,11,NA,NA,45.2,18.5,12.9,62.2,MEDIA,2.1
BRZE,Braze Inc.,26.34,3022.5,58,69,42,NA,NA,45.15,9.1,13.9,-9,SOFTWARE,-23.9
IRMD,iRadimed Corp.,84.82,1105.7,34,65,77,NA,NA,45.15,-17.1,-11.3,18.2,MEDICAL,24.8
L,Loews Corp.,106.46,21601.9,46,61,67,NA,NA,45.15,-8.5,-1.2,4,INSURANCE,9.3
NEWP,New Pacific Metals Corp.,6.39,1155.8,98,49,17,NA,NA,45.15,48.6,46.2,124.2,MINING,-2.9
HUT,Hut 8 Corp.,92.22,11003.4,79,59,28,NA,NA,45.1,-11.1,86,122.6,FINANCE,-18.8
PECO,Phillips Edison & Co.,37.54,5271.5,49,60,64,NA,NA,45.05,-10.2,0.8,11.7,REAL EST,4.8
AEE,Ameren Corp.,101.68,27601.3,40,60,75,NA,NA,45,-10,-8.8,-3.1,UTILITY,11.4
JBHT,J.B. Hunt Transport Services Inc.,225.93,21576,53,51,70,NA,NA,45,-18.7,3.9,59.5,TRANSPORTATION,15.8
SLN,Silence Therapeutics PLC ADR,9.83,630.2,82,42,45,NA,NA,45,-7.1,69.5,89.4,MEDICAL,-90.5
SLS,SELLAS Life Sciences Group Inc.,11.34,2348.6,76,48,45,NA,NA,45,-18.7,150.3,500,MEDICAL,-66.9
TDS,Telephone & Data Systems Inc.,35.15,3777.8,42,50,85,NA,NA,45,-0.6,-22.5,-9.9,TELECOM,2.4
CINT,CI&T Inc.,3.16,407,24,71,81,NA,NA,44.95,-6.8,-33.8,-36.5,BUSINS SVC,13.8
GDS,GDS Holdings Ltd. ADR,31.03,5760.7,40,63,71,NA,NA,44.95,0.5,-20.9,-21.8,INTERNET,3.7
HAL,Halliburton Co.,32.72,27310,62,53,56,NA,NA,44.95,-0.8,-13.5,34.3,ENERGY,12.2
MITSY,Mitsui & Co. Ltd. ADR,627.41,87692.4,68,55,46,NA,NA,44.95,9.1,-21.3,26.8,MISC,10.5
PAG,Penske Automotive Group Inc.,199.01,13171.3,83,52,31,NA,NA,44.95,8.5,33.8,16.4,RETAIL,17.4
GRND,Grindr Inc.,13.94,2353.5,46,64,62,NA,NA,44.9,-12.4,16.5,-1.1,INTERNET,0
AFL,AFLAC Inc.,113.63,56341,52,61,58,NA,NA,44.85,-5.7,3.1,0.5,INSURANCE,13.1
CHH,Choice Hotels International Inc.,103.06,4482,53,60,58,NA,NA,44.85,-4.3,-2.6,-0.9,LEISURE,541.6
TRN,Trinity Industries Inc.,26.21,2102.5,22,59,98,NA,NA,44.85,-26.3,-18.6,-6.3,TRANSPORTATION,24.4
TRVG,trivago N.V. ADR,4.42,2355.6,68,57,43,NA,NA,44.85,-16.1,50.9,39.9,LEISURE,5.6
XEL,Xcel Energy Inc.,72.73,44655.1,37,60,78,NA,NA,44.85,-9.5,-9.5,-10.2,UTILITY,9.4
ALSN,Allison Transmission Holdings Inc.,114.75,9558.4,66,58,44,NA,NA,44.8,-1.6,-2.3,35.4,AUTO,35.4
BG,Bunge Global S.A.,107.33,20618.2,62,57,50,NA,NA,44.75,-1.3,-16.5,27.6,AGRICULTURE,6.3
ECVT,Ecovyst Inc.,10.37,1135.2,42,53,80,NA,NA,44.75,-12.2,-21.6,22.7,CHEMICAL,1
HYLN,Hyliion Holdings Corp.,4.04,739.4,85,50,30,NA,NA,44.75,-5.8,137.6,95.2,ENERGY,-26.2
LDOS,Leidos Holdings Inc.,116.69,14990,37,58,80,NA,NA,44.75,7.3,-26.8,-41.1,BUSINS SVC,31
R,Ryder System Inc.,236.17,9047.6,60,59,50,NA,NA,44.75,-10,14.4,21.6,FINANCE,16.1
SHLS,Shoals Technologies Group Inc.,8.49,1371.6,40,59,75,NA,NA,44.75,-19.8,29.4,-2.9,ENERGY,5.8
SUNB,Sunbelt Rentals Holdings Inc.,78.53,31711.7,73,62,30,NA,NA,44.75,7.3,24.1,0,FINANCE,17.4
BDORY,Banco do Brasil S/A ADR,5.03,30215,87,71,1,NA,NA,44.7,29,7.9,22.7,FINANCE,7.9
CEPU,Central Puerto S.A. ADR,12.72,1954.4,34,60,81,NA,NA,44.7,-14.3,-24.2,62.5,UTILITY,15.9
HLN,Haleon PLC ADR,8.87,38467.7,38,60,76,NA,NA,44.7,-8.7,-10.6,0.9,MEDICAL,10.4
POET,POET Technologies Inc.,7.71,1351.6,57,53,61,NA,NA,44.7,-13.9,26.8,20.8,CHIPS,-61.6
RCBC,River City Bank,54.7,773.2,92,66,1,NA,NA,44.7,28,31.4,42.2,BANKS,13.2
UPWK,Upwork Inc.,8.36,1044.2,22,68,86,NA,NA,44.7,-5.6,-26.2,-52,BUSINS SVC,19.1
WM,Waste Management Inc.,207.88,82605.1,38,64,71,NA,NA,44.7,-9.2,-11.1,-4.5,MACHINE,29.7
DTM,DT Midstream Inc.,124.6,12458.1,41,64,67,NA,NA,44.65,-13.6,-6.6,8.8,ENERGY,9.4
SYY,Sysco Corp.,77.45,37572.4,50,59,62,NA,NA,44.65,-8,5.7,-4.2,FOOD/BEV,78.2
CARG,CarGurus Inc. Cl A,28.73,2614.3,20,64,93,NA,NA,44.6,-19.4,-17.3,-20.7,INTERNET,43
ESS,Essex Property Trust Inc.,272.49,18070.4,54,62,53,NA,NA,44.6,-8.6,10,4.3,REAL EST,12.1
GEL,Genesis Energy L.P.,14.28,1713.4,43,60,69,NA,NA,44.55,0.6,-19,-11.2,ENERGY,-2.5
KYIV,Kyivstar Group Ltd.,12.59,2914.5,40,51,84,NA,NA,44.55,-22,22.4,3.7,TELECOM,19.2
VET,Vermilion Energy Inc.,11.6,1796.5,83,56,24,NA,NA,44.55,32.7,-15.6,36.8,ENERGY,-14.6
TPR,Tapestry Inc.,116.75,23360.8,27,55,95,NA,NA,44.5,-19.8,-18.8,1.1,CONSUMER,197.1
MDT,Medtronic PLC,87.09,112525.8,54,59,56,NA,NA,44.45,4.9,0.9,-11.5,MEDICAL,9.8
NABZY,National Australia Bank Ltd. ADR,13.47,83178.4,50,59,61,NA,NA,44.45,0.5,-6.9,-8.9,BANKS,10.4
ZTO,ZTO Express (Cayman) Inc. ADR,19.68,14501.9,31,54,91,NA,NA,44.45,-14.5,-21.1,2.2,TRANSPORTATION,14
VVV,Valvoline Inc.,30.87,3871,29,63,82,NA,NA,44.400000000000006,-20,-8.5,-11.7,RETAIL,82
OGS,ONE Gas Inc.,73.15,4561.5,41,55,77,NA,NA,44.4,-3.3,-17.4,-8.5,UTILITY,8.1
SBUX,Starbucks Corp.,96.11,107650.2,60,48,62,NA,NA,44.4,-5.9,1.4,17.1,RETAIL,0
SKHSY,Sekisui House Ltd. ADR,21.07,13457.9,47,53,72,NA,NA,44.4,-2.9,-5.6,-5.8,BUILDING,11.7
JEF,Jefferies Financial Group Inc.,44.96,10568.5,26,57,93,NA,NA,44.35,-18,7.1,-26.5,FINANCE,6.1
LMT,Lockheed Martin Corp.,510.12,116925.5,45,50,78,NA,NA,44.35,-5.2,-20,-0.8,AEROSPACE/DEFENSE,76.9
MTZ,MasTec Inc.,228.3,17618.9,22,57,98,NA,NA,44.35,-40,-32.3,5.3,BUILDING,12.9
NSP,Insperity Inc.,46.42,1816.6,78,57,28,NA,NA,44.35,4.9,66,-5.3,BUSINS SVC,-9.8
VSEC,VSE Corp.,168.48,4718.6,26,57,93,NA,NA,44.35,-29.2,-11.7,3.1,BUSINS SVC,4.4
M,Macy's Inc.,22.46,5879.1,64,54,49,NA,NA,44.3,-5.2,23.9,22.7,RETAIL,13.6
PRLD,Prelude Therapeutics Inc.,3.81,300.9,60,46,64,NA,NA,44.3,-23.6,3.5,161,MEDICAL,-99.5
SPFI,South Plains Financial Inc.,42.76,805,63,63,39,NA,NA,44.3,0.6,0.6,10.2,BANKS,12.5
ZLAB,Zai Lab Ltd. ADR,25.58,2759.7,84,58,19,NA,NA,44.3,34.1,24.8,-23.2,MEDICAL,-22.6
CGNT,Cognyte Software Ltd.,8.83,647.6,51,70,45,NA,NA,44.25,-5.2,1.1,3.2,SOFTWARE,-0.3
OHI,Omega Healthcare Investors Inc.,44.77,13744.7,49,60,60,NA,NA,44.25,-8.7,-0.3,9.5,REAL EST,12.1
PRGO,Perrigo Co. PLC,14,2003.8,73,56,35,NA,NA,44.25,26.2,32.2,-36.5,MEDICAL,-38.7
ALLY,Ally Financial Inc.,37.62,11447,28,60,86,NA,NA,44.2,-18.6,-6.7,-5.5,FINANCE,5.8
CTKB,Cytek Biosciences Inc.,5.38,791.6,85,67,6,NA,NA,44.2,16.5,19,33.8,MEDICAL,-18
FUWAY,Furukawa Electric Co. Ltd. ADR,14.41,19498.1,97,59,1,NA,NA,44.2,17.2,23.4,370.1,TELECOM,19.6
HTO,H2O America,58.18,2446.1,61,55,51,NA,NA,44.2,-5,-1,23.5,UTILITY,7.1
LSRCY,Lasertec Corp. ADR,58.4,26369.4,87,69,1,NA,NA,44.2,0.8,24.5,104.2,CHIPS,33.9
CWT,California Water Service Group,45.55,2834.7,49,54,67,NA,NA,44.15,-7.9,-0.3,0,UTILITY,7.7
MAC,Macerich Co.,22.95,6743.5,66,53,47,NA,NA,44.15,-9.2,17.2,28.9,REAL EST,-7.6
NVCT,Nuvectis Pharma Inc.,20.03,698.3,93,46,22,NA,NA,44.15,2,161.8,231.1,MEDICAL,-205.3
SHW,Sherwin-Williams Co.,321.16,77308.8,44,63,62,NA,NA,44.15,-8,1.5,-4.7,BUILDING,59.4
VTEX,VTEX,3.8,637.4,41,54,77,NA,NA,44.15,-8,-5.2,-16.1,SOFTWARE,8.2
NRC,NRC Health,20.08,459.6,62,56,48,NA,NA,44.1,-10.8,15.9,66.4,BUSINS SVC,49.9
PCOR,Procore Technologies Inc.,54.39,8232.9,55,55,58,NA,NA,44.1,23.5,-5,-25.6,SOFTWARE,-7.9
TLGPY,Telstra Group Ltd. ADR,16.75,37264.7,51,51,68,NA,NA,44.1,-3.2,-10.7,4.2,TELECOM,17
UNF,UniFirst Corp.,251.72,4393.7,65,57,43,NA,NA,44.1,-6.9,-1.7,52.6,BUSINS SVC,6.9
CWCO,Consolidated Water Co. Inc.,30.38,485.5,49,60,59,NA,NA,44.05,3.9,-9.5,-9.3,UTILITY,8.6
NPKI,NPK International Inc.,12.01,1002.8,34,55,84,NA,NA,44.05,-15.1,-16.7,7.8,ENERGY,10.6
PSIX,Power Solutions International Inc.,47.93,1034.9,47,70,49,NA,NA,44.05,30.7,-26.1,-43.3,MACHINE,93.5
PBFS,Pioneer Bancorp Inc.,17.54,431.5,82,58,20,NA,NA,44,3,27.2,34.3,BANKS,6.5
TRLV,Trulieve Cannabis Corp.,10.65,2050.8,92,52,15,NA,NA,44,20.7,63.8,20.3,ALCOHL/TOB/THC,-9.1
CIG.C,Companhia Energetica de Minas Gerais-CEMIG ADR,3.51,8025.9,86,69,1,NA,NA,43.95,16.8,4.5,33.7,ENERGY,18.2
LMAT,LeMaitre Vascular Inc.,79.05,1852.2,21,58,96,NA,NA,43.95,-23.8,-27.6,-9.6,MEDICAL,15.8
PGY,Pagaya Technologies Ltd.,18.05,1535,49,50,71,NA,NA,43.95,-3.5,48.7,-39.1,SOFTWARE,20.2
WCCB,West Coast Community Bancorp,61.14,638.2,92,63,1,NA,NA,43.95,19.9,28.7,44,BANKS,14.2
WRBY,Warby Parker Inc.,26.23,3294.2,52,71,41,NA,NA,43.95,-10.2,24.6,3.4,RETAIL,0.5
ALV,Autoliv Inc.,113.05,8207.7,46,56,67,NA,NA,43.9,-5.7,7.4,-11.2,AUTO,30.3
ARLP,Alliance Resource Partners L.P.,24.67,3189.5,57,57,52,NA,NA,43.9,3.7,-12.5,-2.6,ENERGY,16.8
LYG,Lloyds Banking Group PLC ADR,5.56,78973.6,55,63,47,NA,NA,43.9,-9.9,6.1,21.4,BANKS,10.5
RDNT,Radnet Inc.,70.28,5553.7,62,64,37,NA,NA,43.9,2,27.6,-10.2,MEDICAL,-1.9
STE,Steris PLC,208.65,20579.3,42,60,67,NA,NA,43.9,-2.2,-5.1,-13.3,MEDICAL,11.3
CAL,Caleres Inc.,12.46,422.7,63,54,48,NA,NA,43.85,5.7,12.3,-10.6,RETAIL,-1.1
INN,Summit Hotel Properties Inc.,5.99,723.3,65,56,43,NA,NA,43.85,-8.5,37.7,10.1,REAL EST,-0.6
SO,Southern Co.,85.44,96388.9,34,59,78,NA,NA,43.85,-11,-11.9,-10.5,UTILITY,12.5
ALVO,Alvotech,6.14,2385.5,85,63,9,NA,NA,43.8,77.5,62,-28.4,MEDICAL,0
HCI,HCI Group Inc.,184.43,2312.5,61,67,34,NA,NA,43.8,1.5,19.8,-5.2,INSURANCE,40
XNGSY,ENN Energy Holdings Ltd. ADR,24.86,7007.6,46,58,64,NA,NA,43.8,17.2,-23.5,-24.2,UTILITY,12.6
ALM,Almonty Industries Inc.,13.04,3900.3,51,56,60,NA,NA,43.75,-19.6,-21.6,94.9,MINING,-80.8
NAVN,Navan Inc. Cl A,21.34,5692.3,58,57,50,NA,NA,43.75,-18.9,69.4,0,SOFTWARE,-60.2
SSREY,Swiss Re AG ADR,42.93,46206.9,61,66,35,NA,NA,43.75,6,3.6,-10,INSURANCE,19.7
TVTX,Travere Therapeutics Inc.,55.98,5436,86,56,16,NA,NA,43.7,-2.6,75.9,114.2,MEDICAL,-57.8
AGL,agilon health inc.,83.4,1415.2,74,47,42,NA,NA,43.65,-22.5,497.4,197.9,BUSINS SVC,-135.6
BCML,BayCom Corp.,30.97,338.6,53,60,52,NA,NA,43.65,-7.2,3.3,9.9,BANKS,7.2
RHP,Ryman Hospitality Properties Inc.,120.91,8228.6,74,59,27,NA,NA,43.65,-5.6,28.8,34.5,REAL EST,37.5
VHI,Valhi Inc.,15.12,417.7,71,54,37,NA,NA,43.65,6.2,9.3,-3.3,CHEMICAL,-5.6
BATRA,Atlanta Braves Holdings Inc. Series A,57.75,3354.1,81,63,13,NA,NA,43.6,2.2,18.5,29.9,LEISURE,-4.5
CVBF,CVB Financial Corp.,21.89,3893.1,64,60,38,NA,NA,43.6,-3.8,10.9,14.6,BANKS,9.3
GALDY,Galderma Group AG ADR,38.66,45285.8,40,60,68,NA,NA,43.6,-12.7,-2.3,8.3,MEDICAL,7.7
TRIN,Trinity Capital Inc.,17.38,1650.5,70,62,28,NA,NA,43.6,-1.4,14.8,15.4,FINANCE,14.1
AVO,Mission Produce Inc.,12.75,1113.5,54,61,49,NA,NA,43.55,-4.1,-11.7,8.7,AGRICULTURE,6.6
RM,Regional Management Corp.,32.8,302.3,26,61,84,NA,NA,43.55,-21.7,-4.2,-15.3,FINANCE,12.2
SCZM,Santacruz Silver Mining Ltd.,8.96,833.7,76,59,24,NA,NA,43.55,31.6,9.9,21.1,MINING,27.2
SENS,Senseonics Holdings Inc.,9.96,545.1,90,57,9,NA,NA,43.55,76.9,48.9,-11.9,MEDICAL,-168.3
SPCE,Virgin Galactic Holdings Inc.,3.07,462.4,67,36,64,NA,NA,43.55,14.1,0,-24.8,AEROSPACE/DEFENSE,-93.6
VRTX,Vertex Pharmaceuticals Inc.,502.31,127617.6,64,67,29,NA,NA,43.55,-5.2,15.7,24.7,MEDICAL,22.5
FPH,Five Point Holdings LLC Cl A,4.68,489.2,35,47,90,NA,NA,43.5,-7.9,-6,-21.9,REAL EST,8.9
PBA,Pembina Pipeline Corp.,46.71,26874,69,61,30,NA,NA,43.5,0.1,5.1,13.5,ENERGY,9.9
RPM,RPM International Inc.,98.31,12158.8,36,58,75,NA,NA,43.5,-10.9,1.1,-13.9,BUILDING,21.3
SIM,Grupo Simec S.A.B. de C.V. ADR,28.25,4798.6,49,61,55,NA,NA,43.5,-5.3,-8.3,4.4,METALS,2.5
MGYOY,MOL Hungarian Oil & Gas PLC ADR,7.79,12163.2,95,58,1,NA,NA,43.45,22.6,30.4,87.8,ENERGY,7.2
NVS,Novartis AG ADR,140.79,256477.3,44,61,61,NA,NA,43.45,-9.5,-7.9,6.5,MEDICAL,31.2
NVST,Envista Holdings Corp.,23.27,3748.8,41,56,71,NA,NA,43.45,-15.4,-9.8,12.8,MEDICAL,1.6
UE,Urban Edge Properties,19.6,2600.5,39,54,76,NA,NA,43.45,-13.3,-4,-1.7,REAL EST,7.3
WILCF,G. Willi-Food International Ltd.,25.11,348.3,35,58,76,NA,NA,43.45,-21.3,-0.8,22.8,FOOD/BEV,14
AVA,Avista Corp.,35.19,2942.2,32,52,87,NA,NA,43.400000000000006,-13.5,-14.2,-5.4,UTILITY,7.3
EEFT,Euronet Worldwide Inc.,63.54,2403,24,60,87,NA,NA,43.400000000000006,-18.5,-4.1,-27.7,FINANCE,24.4
YUMC,Yum China Holdings Inc.,40.62,13783.9,38,46,87,NA,NA,43.400000000000006,-4.4,-16,-6,RETAIL,16.7
EPC,Edgewell Personal Care Co.,26.87,1232.9,82,54,22,NA,NA,43.4,0.7,26.2,34.8,CONSUMER,1.6
HLTOY,Hellenic Telecommunications Organization S.A. ADR,10.91,8411,68,56,37,NA,NA,43.4,-1.9,8.3,18.4,TELECOM,36.3
HQ,Horizon Quantum Holdings Ltd.,17.26,865.2,59,53,52,NA,NA,43.4,-28.7,89.7,36.6,SOFTWARE,-188.7
MBX,MBX Biosciences Inc.,56.92,2819.3,89,47,22,NA,NA,43.4,-1.4,81.9,250.1,MEDICAL,-27.8
SMNNY,Shimano Inc. ADR,10.99,9561.2,58,46,62,NA,NA,43.4,0.2,1.9,-5.5,LEISURE,4.1
TM,Toyota Motor Corp. ADR,185.57,216917.9,49,55,62,NA,NA,43.4,3.2,-9.2,-6.8,AUTO,10.4
USDE,StablecoinX Inc.,14.33,406.7,90,62,2,NA,NA,43.4,446.9,43.3,2.4,FINANCE,-127
CTRN,Citi Trends Inc.,49.19,399.1,64,51,48,NA,NA,43.35,-11,7.4,55.3,RETAIL,4.5
ESNT,Essent Group Ltd.,61.89,5490.6,52,55,58,NA,NA,43.35,-4.1,3.7,2.6,FINANCE,12.1
ORA,Ormat Technologies Inc.,93.07,5614.1,24,59,88,NA,NA,43.35,-17.8,-15.8,-10.6,ENERGY,5
CNNE,Cannae Holdings Inc.,15.5,676.2,68,54,39,NA,NA,43.3,7.8,27.5,-17.6,FINANCE,-29
LEVI,Levi Strauss & Co. Cl A,20.53,7800.9,36,54,79,NA,NA,43.3,-16.8,4.5,-15.5,CONSUMER,23.6
TIMB,TIM S/A ADR,18.98,9249.7,27,55,89,NA,NA,43.3,-13.1,-27,-14.2,TELECOM,17.8
TLS,Telos Corp.,4.34,331.1,30,60,79,NA,NA,43.3,-12.1,0.5,-39,SOFTWARE,-32.8
ADAM,Adamas Trust Inc.,7.72,693.9,45,52,70,NA,NA,43.25,-15.8,3.8,13.5,REAL EST,10.6
ADMA,ADMA Biologics Inc.,10.18,2264.5,53,68,40,NA,NA,43.25,11.1,9.7,-27.6,MEDICAL,35.6
AYI,Acuity Inc.,302.98,9125.6,33,60,75,NA,NA,43.25,-14.5,13,-13.7,BUILDING,18.6
CVCO,Cavco Industries Inc.,572.8,4431.2,62,63,35,NA,NA,43.25,-2.3,19,14.9,BUILDING,17.6
HON,Honeywell International Inc.,212.87,67869.5,45,68,50,NA,NA,43.25,-7.9,-11,3.1,ELECTRNCS,27.2
HPP,Hudson Pacific Properties Inc.,11.58,624.1,38,47,85,NA,NA,43.25,-28.8,93.6,-39,REAL EST,-18.9
NTDOY,Nintendo Co. Ltd. ADR,12.35,56501.9,45,56,65,NA,NA,43.25,13.3,-11.2,-42.3,SOFTWARE,15.3
PKG,Packaging Corp. of America,229.74,20431.1,62,55,45,NA,NA,43.25,-2.8,11.8,7.9,MISC,17.1
PODD,Insulet Corp.,134.73,9405.8,12,65,95,NA,NA,43.25,-15.7,-33.8,-56.8,MEDICAL,18.1
H,Hyatt Hotels Corp.,159.12,14792.3,41,55,71,NA,NA,43.2,-17.8,9,7.8,LEISURE,-1.5
COLM,Columbia Sportswear Co.,57.45,2914.4,50,53,62,NA,NA,43.15,-9.2,3.3,7.5,CONSUMER,10.2
DUK,Duke Energy Corp.,115.66,88761.3,39,56,72,NA,NA,43.15,-8.2,-12,-7,UTILITY,9.7
EJPRY,East Japan Railway Co. ADR,10.41,23587.8,39,56,72,NA,NA,43.15,-3.5,-7,-13.8,TRANSPORTATION,8.6
INNV,InnovAge Holding Corp.,9,1228.1,57,58,47,NA,NA,43.15,-25.7,12.9,74.8,MEDICAL,-1.1
SNA,Snap-On Inc.,368.61,19004.5,47,60,57,NA,NA,43.15,-10.9,0.6,8.2,BUILDING,18
AKZOY,Akzo Nobel N.V. ADR,21.87,11092.1,53,53,58,NA,NA,43.1,-3.7,15.9,-6.9,BUILDING,14.1
TJGC,TJGC Group Ltd. Cl A,27.82,332.1,99,47,8,NA,NA,43.1,476,1079.5,375.6,BUSINS SVC,-130.8
PRMB,Primo Brands Corp.,19.22,7195.4,35,54,79,NA,NA,43.05,-24,0.5,-10.6,FOOD/BEV,2.5
SBRA,Sabra Healthcare REIT Inc.,19.12,4871.7,55,54,54,NA,NA,43.05,-3.1,-3,6.8,REAL EST,5.6
ATEC,Alphatec Holdings Inc.,10.54,1655.7,48,56,60,NA,NA,43,13,-3.9,-22.5,MEDICAL,-630.7
AXS,AXIS Capital Holdings Ltd.,96.16,6977,34,62,70,NA,NA,43,-14.9,-5.2,1.2,INSURANCE,16.2
HBNC,Horizon Bancorp Inc.,19.31,987.9,67,57,35,NA,NA,43,-3.2,14.4,19.3,BANKS,-20.7
AMX,America Movil S.A.B. de C.V. ADR,22.36,67754.8,39,56,71,NA,NA,42.95,-14.5,-11.6,7,TELECOM,22.8
BAESY,BAE Systems PLC ADR,98.47,74847.1,39,48,81,NA,NA,42.95,-9,-18.7,-9.4,AEROSPACE/DEFENSE,17.9
DBOEF,Deutsche Boerse AG,337,57710.5,86,65,1,NA,NA,42.95,15.8,12.5,26.5,FINANCE,18.1
EQPT,EquipmentShare.com Inc. Cl A,18.9,4797,43,52,71,NA,NA,42.95,0.6,-3.6,0,FINANCE,4.3
KAI,Kadant Inc.,263.66,3154.7,28,58,82,NA,NA,42.900000000000006,-15.9,-8.6,-13.6,MACHINE,11.2
FSTR,L.B. Foster Co.,36.1,388.7,61,53,47,NA,NA,42.9,-17.2,19.9,36.5,METALS,4.3
IBTA,Ibotta Inc.,40.96,958.3,94,52,7,NA,NA,42.9,24.1,32.3,39.4,BUSINS SVC,1
IRWD,Ironwood Pharmaceuticals Inc. Cl A,3.63,603.1,54,48,62,NA,NA,42.9,-17.1,2.8,145.3,MEDICAL,0
CENX,Century Aluminum Co.,37.18,3656.8,29,56,83,NA,NA,42.85,-20.4,-42.4,27.6,METALS,5.6
DEA,Easterly Government Properties Inc.,23.27,1086,55,54,53,NA,NA,42.85,-7.2,7.9,4.7,REAL EST,0.9
WS,Worthington Steel Inc.,38.19,1993,84,57,13,NA,NA,42.85,17,26.6,23,METALS,0.8
PB,Prosperity Bancshares Inc.,67.1,8078.3,47,57,59,NA,NA,42.8,-5.6,-0.2,1.5,BANKS,7.2
WWW,Wolverine World Wide Inc.,19.31,1554.3,71,49,39,NA,NA,42.8,13.6,22,-23,CONSUMER,26
BANF,BancFirst Corp.,106.79,3614.2,41,58,65,NA,NA,42.75,-6.6,-3,-16.1,BANKS,13.8
MCB,Metropolitan Bank Holding Corp.,88.73,1097.7,53,62,45,NA,NA,42.75,-11.5,4.4,15.7,BANKS,9.7
NBR,Nabors Industries Ltd.,81.22,1263.3,81,50,25,NA,NA,42.75,6.4,-1.2,82.2,ENERGY,68.4
PHR,Phreesia Inc.,10.25,643.7,34,61,70,NA,NA,42.75,-7.7,12,-56.3,SOFTWARE,0.8
ROIV,Roivant Sciences Ltd.,35.53,25844.7,86,45,25,NA,NA,42.75,0.4,27.4,118.5,MEDICAL,-6.5
SWIM,Latham Group Inc.,6.39,751.8,64,55,40,NA,NA,42.75,3.1,21,-13.9,BUILDING,2.8
WSE,Wise Group PLC,11.76,13899.8,38,61,65,NA,NA,42.75,-10.5,-5.6,-13.2,FINANCE,26.9
DBOEY,Deutsche Boerse AG ADR,33.2,57710.5,85,65,1,NA,NA,42.7,14.4,12.5,25.7,FINANCE,18.4
FDMT,4D Molecular Therapeutics Inc.,12.56,713.8,83,51,21,NA,NA,42.7,-1.3,26.4,49.5,MEDICAL,-27.6
NSC,Norfolk Southern Corp.,316.31,71027.9,62,60,36,NA,NA,42.7,-1.7,9.8,5.6,TRANSPORTATION,19.2
PLD,Prologis Inc.,128.68,124144.8,47,55,61,NA,NA,42.7,-8.2,-2.8,9.9,REAL EST,6.2
SE,Sea Ltd. ADR,96.53,59319.1,36,58,71,NA,NA,42.7,-8.1,17.3,-49.1,RETAIL,15.1
VBREY,Vibra Energia S/A ADR,15.02,8837.9,93,57,1,NA,NA,42.7,27.6,22.4,82.5,RETAIL,0
CSL,Carlisle Cos.,325.74,13144.6,39,62,62,NA,NA,42.65,-11.3,-1.7,-0.8,MISC,34.9
CVS,CVS Health Corp.,86.43,111283.2,52,53,57,NA,NA,42.65,-15.3,17.9,12.5,MEDICAL,2.3
COLB,Columbia Banking System Inc.,28.89,8158.9,48,60,53,NA,NA,42.6,-10.4,3,8.7,BANKS,8.5
MTN,Vail Resorts Inc.,145.2,4964,63,65,28,NA,NA,42.6,2.2,12,-6.9,LEISURE,44.4
PHG,Koninklijke Philips N.V. ADR,24.15,23151.8,29,51,88,NA,NA,42.6,-14.2,-11.2,-13.9,MISC,8
RLI,RLI Corp.,56.04,5146.6,36,60,68,NA,NA,42.6,-9.3,-3.4,-12.6,INSURANCE,24.4
VIK,Viking Holdings Ltd.,81.64,36152.1,51,57,53,NA,NA,42.6,-18.8,11.2,36.8,LEISURE,263.5
WEC,WEC Energy Group Inc.,103.19,33008.5,34,57,74,NA,NA,42.55,-11.5,-11.6,-9.9,UTILITY,12
AD,Array Digital Infrastructure Inc.,34.32,2984.5,30,52,85,NA,NA,42.5,-1.9,-29.2,-30.7,TELECOM,4.7
BAX,Baxter International Inc.,24.36,12521.6,83,47,25,NA,NA,42.5,7.9,46.3,5.2,MEDICAL,-13.7
MDU,MDU Resources Group Inc.,18.95,3931.4,44,50,70,NA,NA,42.5,-7,-11.4,5.8,UTILITY,7
SBSW,Sibanye-Stillwater Ltd. ADR,10.01,7025.6,47,51,65,NA,NA,42.5,11.7,-19.7,-11.5,MINING,-12.3
ULS,UL Solutions Inc.,68.37,13779.5,22,60,85,NA,NA,42.5,-23.4,-18.7,-7.4,BUSINS SVC,30
ENLT,Enlight Renewable Energy Ltd.,67.58,9267.9,53,56,51,NA,NA,42.45,-24.1,-2.1,108.9,ENERGY,9.3
RDDT,Reddit Inc.,148.95,28940.3,22,63,81,NA,NA,42.45,-25.8,7.7,-26.9,INTERNET,20.9
UGI,UGI Corp.,37.15,7889.1,66,63,26,NA,NA,42.45,6.4,2.3,14.7,ENERGY,14.9
WEGZY,Weg S/A ADR,10.18,43151.5,83,66,1,NA,NA,42.45,13.8,3.2,51.3,ELECTRNCS,0
WMS,Advanced Drainage Systems Inc.,130.07,9759.7,32,57,76,NA,NA,42.45,-14.1,-7.6,-8.1,BUILDING,24.1
IGIC,International General Insurance Holdings Ltd.,24.94,1053.2,45,59,57,NA,NA,42.4,-10.6,-1.2,6.6,INSURANCE,18.5
BL,BlackLine Inc.,28.17,1635.1,25,54,88,NA,NA,42.35,-3.2,-22.1,-46.1,SOFTWARE,6.3
BMRN,BioMarin Pharmaceutical Inc.,56.22,11138.2,48,55,58,NA,NA,42.35,-4.4,0,1.1,MEDICAL,5.9
GTBIF,Green Thumb Industries Inc.,6.63,1456.6,35,52,78,NA,NA,42.35,-8.8,-6.6,-26.5,ALCOHL/TOB/THC,6.2
KIDS,OrthoPediatrics Corp.,22.71,597.7,88,55,8,NA,NA,42.35,11.1,42.5,24.5,MEDICAL,-11.3
STN,Stantec Inc.,67.54,7522.8,28,51,88,NA,NA,42.35,-4.5,-23.3,-39.2,BUSINS SVC,15.6
TEX,Terex Corp.,56.77,6503.7,37,61,64,NA,NA,42.3,-18.4,-4.9,6,MACHINE,11.3
TNL,Travel + Leisure Co.,62.82,3777.5,31,51,84,NA,NA,42.3,-16.8,-12.2,1.4,LEISURE,0
HIW,Highwoods Properties Inc.,29.64,3252.9,60,53,45,NA,NA,42.25,-7.3,37.3,-7.7,REAL EST,6.7
KBR,KBR Inc.,34.61,4351.9,34,55,75,NA,NA,42.25,-7.5,-8,-27.1,BUSINS SVC,30.4
RUSHA,Rush Enterprises Inc. Cl A,47.05,5733.7,68,49,40,NA,NA,42.25,-5.3,5.7,41.2,RETAIL,12.1
MAKO,Mako Mining Corp.,9.09,796.5,93,55,1,NA,NA,42.2,14.9,42.5,54.3,MINING,29.7
PBAM,Private Bancorp of America Inc.,86.21,494.8,91,57,1,NA,NA,42.2,15.3,26,44.5,BANKS,16.5
RSHGY,Resona Holdings Inc. ADR,32.81,37109.6,95,53,1,NA,NA,42.2,16.7,41.7,69,BANKS,0
THRM,Gentherm Inc.,31,1755.7,38,46,81,NA,NA,42.2,-10.9,12,-13.6,AUTO,2.7
GD,General Dynamics Corp.,331.33,89749.2,37,50,77,NA,NA,42.15,-12.1,-5.7,-4.4,AEROSPACE/DEFENSE,17.7
LRLCY,L'Oreal S.A. ADR,83.72,222399.4,51,56,52,NA,NA,42.15,-3,1.2,-4.5,CONSUMER,18.4
TRP,TC Energy Corp.,60.23,59542.9,47,60,52,NA,NA,42.15,-10,-3.9,10.5,ENERGY,13.7
EIG,Employers Holdings Inc.,48.9,876.3,66,56,33,NA,NA,42.1,-4.2,16.2,14.8,INSURANCE,1.1
GLNG,Golar LNG Ltd.,50.03,5078.5,70,64,18,NA,NA,42.1,0.9,-10.3,27.3,TRANSPORTATION,3.4
WAL,Western Alliance Bancorp.,76.09,8293.8,42,60,58,NA,NA,42.1,-7.8,4.1,-13,BANKS,13.5
ETR,Entergy Corp.,103.25,48169.5,47,58,54,NA,NA,42.05,-9.3,-9.9,5.9,UTILITY,10.9
DXC,DXC Technology Co.,11.83,1863,57,63,35,NA,NA,42,17.8,-7.3,-13,BUSINS SVC,0.6
KMTS,Kestra Medical Technologies Ltd.,27.1,1688,65,59,30,NA,NA,42,-2.8,40.3,8.3,MEDICAL,-56.6
OMF,OneMain Holdings Inc.,56.18,6469.9,44,56,60,NA,NA,42,-6.5,2.2,1.3,FINANCE,23.8
SGSOY,SGS S.A. ADR,11.21,22481.5,54,54,50,NA,NA,42,-4.8,6.4,5.6,BUSINS SVC,79.8
ELE,Elemental Royalty Corp.,18.16,1309.2,65,54,36,NA,NA,41.95,7.1,-3.1,1.2,MINING,0.4
IHS,IHS Holding Ltd.,8.44,2859,71,56,26,NA,NA,41.95,2.2,1.6,26.3,TELECOM,0
LSPD,Lightspeed Commerce Inc.,10.14,1356.9,46,65,46,NA,NA,41.95,-4.6,13.7,-15.1,SOFTWARE,-9.2
NMAX,Newsmax Inc. Cl B,10.01,1287.7,77,46,31,NA,NA,41.95,10.6,82.3,-23.2,MEDIA,-205.2
ORIC,Oric Pharmaceuticals Inc.,11.98,1294.6,68,47,41,NA,NA,41.95,9.8,34.5,-16.9,MEDICAL,-41.3
PCRHY,Panasonic Holdings Corp. ADR,30.01,69613.4,94,53,1,NA,NA,41.95,6.9,72.4,160.2,MACHINE,0
SCI,Service Corp. International,77.3,10350,50,53,56,NA,NA,41.95,-0.6,-6.4,-7.5,CONSUMER,32.7
SEB,Seaboard Corp.,4112.69,3810.8,40,55,66,NA,NA,41.95,-7.2,-29.2,17,MISC,10
SNY,Sanofi ADR,39.56,94104.7,31,51,82,NA,NA,41.900000000000006,-7.2,-16.9,-20.4,MEDICAL,6.8
CALY,Callaway Golf Co.,14.28,2549.1,50,44,67,NA,NA,41.9,-21.9,0.7,51.4,LEISURE,1.7
PFGC,Performance Food Group Co.,93.78,14584.4,39,55,67,NA,NA,41.9,-17.5,9.1,-7.7,FOOD/BEV,7.7
ARCB,ArcBest Corp.,128.24,2931.2,75,42,38,NA,NA,41.85,-9.9,23.8,74.5,TRANSPORTATION,4.6
DBI,Designer Brands Inc.,5.94,305.2,69,52,33,NA,NA,41.85,6.5,1.7,70.2,RETAIL,-3
DRS,Leonardo DRS Inc.,36.78,9768.2,28,49,88,NA,NA,41.85,-18.9,-21.3,-18.8,AEROSPACE/DEFENSE,10.5
NEE,NextEra Energy Inc.,77.88,159118.4,34,55,73,NA,NA,41.85,-10.9,-16,-5.2,UTILITY,13.1
DUOL,Duolingo Inc.,148.13,6882.2,63,61,29,NA,NA,41.8,14.2,49.1,-53.8,SOFTWARE,38.1
EIX,Edison International,54.25,20872.3,21,54,90,NA,NA,41.75,-27.5,-26.3,-1,UTILITY,27.5
GSK,GSK PLC ADR,46.6,93190,36,55,70,NA,NA,41.75,-12.2,-17.3,7.2,MEDICAL,38.5
MIR,Mirion Technologies Inc.,16.27,3715.6,32,55,75,NA,NA,41.75,-3.8,-14.1,-29.8,MACHINE,1.7
NFLX,Netflix Inc.,68.69,281065.9,22,49,95,NA,NA,41.75,-9.6,-30.6,-41,LEISURE,42.8
OMC,Omnicom Group Inc.,75.1,20644.5,44,55,60,NA,NA,41.75,-6,-1.1,-4.3,BUSINS SVC,-0.7
SYRE,Spyre Therapeutics Inc.,80.11,8175.5,81,42,30,NA,NA,41.75,-9.7,63.6,380.6,MEDICAL,-20.5
BBSEY,BB Seguridade Participacoes S/A ADR,8.06,15941,84,62,1,NA,NA,41.7,7.7,17.1,30.8,INSURANCE,93.2
GSHD,Goosehead Insurance Inc. Cl A,43.39,1640.5,21,53,91,NA,NA,41.7,-18.1,-2.5,-35.1,INSURANCE,0
HOOD,Robinhood Markets Inc.,112,102594.3,54,64,36,NA,NA,41.7,-4.7,60.5,-22.4,FINANCE,22
MGTX,MeiraGTx Holdings PLC,10.6,1048.8,53,53,51,NA,NA,41.7,-23.7,11.3,26,MEDICAL,-368.2
SGAPY,Singapore Telecommunications Ltd. ADR,33.2,54337.6,45,49,66,NA,NA,41.7,-3.5,-15.2,1.8,TELECOM,21.8
SWGAY,Swatch Group AG ADR,10.92,11215.1,48,49,62,NA,NA,41.65,-10.4,-1.2,15.3,RETAIL,0
AMCX,AMC Global Media Inc. Cl A,10.98,459.5,87,49,13,NA,NA,41.6,8.3,48.8,38.5,MEDIA,9.7
LNC,Lincoln National Corp.,42.08,7832.1,70,58,23,NA,NA,41.6,9.6,19.3,4.5,INSURANCE,12.3
SWX,Southwest Gas Holdings Inc.,83.32,5997.8,50,50,58,NA,NA,41.6,-6,-6.4,6.6,UTILITY,6.4
AWK,American Water Works Co.,128.04,25405.5,45,54,59,NA,NA,41.55,-3.8,-7.2,-7.8,UTILITY,10.5
MGY,Magnolia Oil & Gas Corp.,23.94,5687.2,45,58,54,NA,NA,41.55,-4.3,-22.9,0,ENERGY,16.6
SOBO,South Bow Corp.,34.15,7074.7,67,56,29,NA,NA,41.55,-1.2,2.9,18,ENERGY,16.3
ULCC,Frontier Group Holdings Inc.,6.25,1406.6,62,57,34,NA,NA,41.55,-20,75.1,34.7,TRANSPORTATION,-25
WH,Wyndham Hotels & Resorts Inc.,72.65,5285.3,34,61,64,NA,NA,41.55,-11.1,-12.8,-10.3,LEISURE,34.5
WTRG,Essential Utilities Inc.,38.81,10973.7,54,57,44,NA,NA,41.55,0.4,-5.1,-3.1,UTILITY,9.4
FUJIY,FUJIFILM Holdings Corp. ADR,10.78,25765,54,64,35,NA,NA,41.5,-3.3,9.8,-12.7,COMPUTER,7.9
SVCO,Silvaco Group Inc.,8.64,301.2,61,57,35,NA,NA,41.5,-22.9,20,46.7,SOFTWARE,-47.1
XYL,Xylem Inc.,104.57,23913.7,24,54,85,NA,NA,41.5,-12.4,-15.6,-30.2,MACHINE,8.7
CHWY,Chewy Inc. Cl A,18.14,7323.1,14,55,96,NA,NA,41.45,-14.8,-31.7,-51.7,RETAIL,58.7
SMTOY,Sumitomo Electric Industries Ltd. ADR,8.13,49359.1,87,58,1,NA,NA,41.45,1.8,8.9,123.8,TELECOM,15.1
BSX,Boston Scientific Corp.,42.19,61447.3,21,55,87,NA,NA,41.400000000000006,-5.4,-32.6,-56.4,MEDICAL,12.6
CUZ,Cousins Properties Inc.,27.66,4498.6,53,51,52,NA,NA,41.4,-9.7,23,-2.7,REAL EST,0.9
FTH,Faeth Therapeutics Inc.,26.89,700.3,84,40,27,NA,NA,41.4,9.8,-19.4,182.8,MEDICAL,-74
HP,Helmerich & Payne Inc.,39.61,4010.5,91,49,7,NA,NA,41.4,29.7,13.4,67.3,ENERGY,-5.9
SUPN,Supernus Pharmaceuticals Inc.,42.83,2489.7,31,53,77,NA,NA,41.4,-9.3,-15.3,-11.3,MEDICAL,-3.7
YDES,YD Bio Ltd.,6.15,503.7,45,55,57,NA,NA,41.4,162.8,-13.7,-66.2,MEDICAL,0
BBDC,Barings BDC Inc.,8.51,895.2,55,55,44,NA,NA,41.3,-0.2,1.1,-0.7,FINANCE,8.7
BRO,Brown & Brown Inc.,60.97,20387.8,26,56,79,NA,NA,41.3,-10.9,-8.3,-35.4,INSURANCE,11
HOG,Harley-Davidson Inc.,26.94,2725.7,80,54,14,NA,NA,41.3,6.4,28.3,1.5,LEISURE,10.7
MO,Altria Group Inc.,68.55,113342.2,58,56,39,NA,NA,41.3,-4.6,3,4.9,ALCOHL/TOB/THC,0
STC,Stewart Information Services Corp.,51.72,1551.4,17,53,94,NA,NA,41.3,-23.8,-15.7,-25.8,INSURANCE,7.6
BIRK,Birkenstock Holding PLC,34,6007.3,20,53,90,NA,NA,41.25,-26.3,-3.4,-25.2,CONSUMER,12.5
GTY,Getty Realty Corp.,27.89,1726.1,33,52,75,NA,NA,41.25,-18,-14.4,6.1,REAL EST,7.8
NABL,N-able Inc.,4.42,842.5,40,61,55,NA,NA,41.25,4.7,-8.3,-44.3,BUSINS SVC,-2.4
PESI,Perma-Fix Environmental Services Inc.,15.47,328.7,89,48,10,NA,NA,41.25,10,34.8,53.2,MACHINE,-19
SW,Smurfit Westrock PLC,42.39,22175.7,55,50,50,NA,NA,41.25,-7.1,5.7,5.2,MISC,3.9
VPG,Vishay Precision Group Inc.,77.91,1039.8,64,53,35,NA,NA,41.25,-36.7,68.9,142.9,ELECTRNCS,1.6
ATEX,Anterix Inc.,83.41,1678.8,74,54,21,NA,NA,41.2,-21.3,106.6,274.2,TELECOM,43.3
RERE,ATRenew Inc. ADR,3.76,825.4,31,53,76,NA,NA,41.2,-6,-15.9,-13.6,RETAIL,8.7
SG,Sweetgreen Inc.,9.14,1082.1,89,47,11,NA,NA,41.2,13.5,59.5,15.3,RETAIL,-33.4
SNN,Smith & Nephew PLC ADR,26.87,11116.6,26,49,87,NA,NA,41.150000000000006,-12,-17.7,-25.2,MEDICAL,11.9
ANAB,AnaptysBio Inc.,47.89,1470.8,64,51,37,NA,NA,41.15,-23.1,15.1,137.5,MEDICAL,-24.5
FDUS,Fidus Investment Corp.,18.88,760.8,47,60,47,NA,NA,41.15,-7.5,5.4,-7.3,FINANCE,11.8
PHI,PLDT Inc. ADR,18.09,3793.8,44,59,52,NA,NA,41.15,-0.2,-13.4,-4.1,TELECOM,24
WPP,WPP PLC ADR,25.03,5311.5,88,47,12,NA,NA,41.15,44.2,54.5,0.9,BUSINS SVC,-7.3
CDP,COPT Defense Properties,33.68,7543.2,57,53,43,NA,NA,41.1,-10,8.1,17.4,REAL EST,10.1
ADT,ADT Inc.,6.36,4536.8,35,50,74,NA,NA,41.05,-5.8,-4.5,-27,BUSINS SVC,15.8
AIP,Arteris Inc.,24.13,1178.2,61,48,44,NA,NA,41.05,-30.7,32.3,77.7,CHIPS,0
FSLR,First Solar Inc.,179.8,18931.9,19,50,94,NA,NA,41.05,-22.9,-8.1,-21.7,ENERGY,17.4
FWDI,Forward Industries Inc.,8.14,618.7,81,52,14,NA,NA,41.05,68.9,85,-68,FINANCE,-23
GIB,CGI Inc. Cl A,69.6,14580.3,46,59,49,NA,NA,41.05,4.9,-5.4,-23.6,BUSINS SVC,16.5
MGEE,MGE Energy Inc.,70.59,2655.1,29,52,79,NA,NA,41.05,-14.9,-10,-14.8,UTILITY,10.7
SLM,SLM Corp.,22.58,4273.9,34,51,74,NA,NA,41.05,-11.6,1.9,-16.7,FINANCE,32.3
BFAM,Bright Horizons Family Solutions Inc.,66.42,3122.9,21,51,90,NA,NA,41,-12.3,-21.3,-35,CONSUMER,14.8
CURB,Curbline Properties Corp.,27.89,3205,61,51,40,NA,NA,41,-7.4,6.9,20.2,REAL EST,2
FTS,Fortis Inc.,52.94,26908.9,48,52,55,NA,NA,41,-7,-6.5,4.9,UTILITY,7.6
MT,ArcelorMittal ADR,65.19,48023.4,83,49,15,NA,NA,41,-0.2,22.2,67.5,METALS,6.1
RPAY,Repay Holdings Corp.,3.83,343.9,53,59,40,NA,NA,41,-8.4,56.3,-23.1,FINANCE,-41.2
BUUU,BUUU Group Ltd.,38.7,728.5,99,44,1,NA,NA,40.95,80.3,157.8,355.3,BUSINS SVC,0.1
IBOC,International Bancshares Corp.,68.94,4321.7,46,57,51,NA,NA,40.95,-9.4,1,0.1,BANKS,13.6
LBTYB,Liberty Global Ltd. Cl B,12.56,3088.3,70,37,46,NA,NA,40.95,11.8,-7.2,8.7,TELECOM,-64.6
NATKY,National Atomic Co. Kazatomprom JSC GDR,65,18751.5,49,50,56,NA,NA,40.95,-9.6,-20.2,49,MINING,25.6
ODD,ODDITY Tech Ltd.,19.25,903.6,53,62,36,NA,NA,40.95,11,27.4,-67.7,CONSUMER,32.6
SPG,Simon Property Group Inc.,201.74,65164.9,53,54,46,NA,NA,40.95,-10.3,6.1,12.6,REAL EST,113.6
AMH,American Homes 4 Rent Cl A,30.47,10823.2,43,50,63,NA,NA,40.85,-9.7,4.7,-6.2,REAL EST,6.4
BOOT,Boot Barn Holdings Inc.,124.32,3721.4,17,56,88,NA,NA,40.85,-21.7,-16.6,-26.8,RETAIL,18.4
EPRX,Eupraxia Pharmaceuticals Inc.,7.74,512.9,80,49,18,NA,NA,40.85,18.7,9,29.5,MEDICAL,-66.8
JBTM,JBT Marel Corp.,108.69,5694,16,53,93,NA,NA,40.85,-26.6,-13.1,-26,MACHINE,-1.7
AB,AllianceBernstein Holding L.P.,35.09,3264.9,42,46,69,NA,NA,40.8,-4.7,-8,-8.7,FINANCE,18.4
ASST,Strive Inc. Cl A,29.75,2953.3,89,43,14,NA,NA,40.8,126.9,194,-41.2,FINANCE,-114.6
LIME,Neutron Holdings Inc.,27.34,1765.6,67,45,39,NA,NA,40.8,9.4,0,0,FINANCE,0
MMS,Maximus Inc.,54.68,2848.8,31,49,79,NA,NA,40.8,-2.4,-14.2,-39.9,BUSINS SVC,18.1
STTK,Shattuck Labs Inc.,5.86,652.4,55,41,59,NA,NA,40.8,-19.1,-13.6,126.3,MEDICAL,-60.3
AHR,American Healthcare REIT Inc.,50.49,11080.3,58,49,45,NA,NA,40.75,-6.2,7.1,23.1,REAL EST,2.5
IPI,Intrepid Potash Inc.,33.53,449.2,55,44,55,NA,NA,40.75,-1.9,-20.2,10,AGRICULTURE,2.3
RNGR,Ranger Energy Services Inc. Cl A,15.65,374.2,63,48,40,NA,NA,40.75,2,-5.2,12.6,ENERGY,4.3
SECZ,Securitize Corp.,12.7,1910.2,83,44,20,NA,NA,40.75,16.7,16.5,18.8,SOFTWARE,0
TIGO,Millicom International Cellular S.A.,90.46,15274.7,79,52,15,NA,NA,40.75,-4.6,12.2,86.6,TELECOM,36.2
WBI,WaterBridge Infrastructure LLC,30.1,3608.6,67,48,35,NA,NA,40.75,-6.4,16.9,15.9,ENERGY,-0.7
ATMU,Atmus Filtration Technologies Inc.,45.96,3768.1,33,53,71,NA,NA,40.7,-11.6,-23.6,4.1,AUTO,68.5
DSFIY,DSM-Firmenich AG ADR,11.18,26091.8,92,50,1,NA,NA,40.7,17.6,56.6,31.2,CONSUMER,0
FJIKY,Fujikura Ltd. ADR,18.65,61841.1,94,48,1,NA,NA,40.7,13.1,27.3,131.5,TELECOM,0
IRD,Opus Genetics Inc.,4.38,364.4,85,45,16,NA,NA,40.7,7.6,-5,116.8,MEDICAL,-449.4
AGRO,Adecoagro S.A.,10.82,1551.3,76,49,22,NA,NA,40.65,14.1,-28.8,38.5,AGRICULTURE,-0.6
AZN,AstraZeneca PLC,158.61,241224.4,25,56,77,NA,NA,40.65,-16.6,-21.8,-7.9,MEDICAL,22.9
BZH,Beazer Homes USA Inc.,33.41,890.3,94,43,7,NA,NA,40.65,20.4,63.9,37.5,BUILDING,3.7
GTX,Garrett Motion Inc.,26.09,4975.6,67,42,42,NA,NA,40.65,-21.4,42.4,94,AUTO,0
SBET,Sharplink Inc.,9.5,2083.2,77,52,17,NA,NA,40.65,67.5,48.9,-50.6,FINANCE,-60.7
DC,Dakota Gold Corp.,5.88,795.6,82,50,13,NA,NA,40.6,30.4,12,27.8,MINING,-28.9
RDN,Radian Group Inc.,34.11,4432.1,41,51,63,NA,NA,40.6,-10.7,0.4,-1.8,FINANCE,13.1
ARLO,Arlo Technologies Inc.,12.8,1354.9,39,48,69,NA,NA,40.55,-3,-7.7,-25.5,BUSINS SVC,13.1
ASPN,Aspen Aerogels Inc.,5.87,472.2,79,48,19,NA,NA,40.55,7.3,55.3,-32.5,CHEMICAL,-91.6
ASTL,Algoma Steel Group Inc.,4.35,471.8,77,52,16,NA,NA,40.45,15.4,3.8,21.8,METALS,-100.2
LDSCY,Land Securities Group PLC ADR,8.13,6739.6,51,50,51,NA,NA,40.45,-7.1,8.1,0.3,REAL EST,5.4
LW,Lamb Weston Holdings Inc.,47.91,6127.5,63,46,41,NA,NA,40.45,3.9,19.3,-24.4,FOOD/BEV,16.3
MDLZ,Mondelez International Inc. Cl A,59.62,74651.3,60,49,41,NA,NA,40.45,0.8,2.1,-3.5,FOOD/BEV,9.3
UPMMY,UPM-Kymmene Oyj ADR,27.18,14327.7,54,43,56,NA,NA,40.45,3.1,-11.9,2.4,MISC,4.7
MRAM,Everspin Technologies Inc.,17.76,443.7,79,45,22,NA,NA,40.4,-9.5,86.9,60.4,CHIPS,-0.9
REYN,Reynolds Consumer Products Inc.,22.32,4685.9,36,52,67,NA,NA,40.4,-15.6,4.5,-9,MISC,13.7
SBR,Sabine Royalty Trust UBI,72.35,1040.7,54,58,37,NA,NA,40.4,-0.7,-3.3,-2.6,ENERGY,944.3
WIX,Wix.com Ltd.,73.91,3099.4,49,55,47,NA,NA,40.4,47.2,-12.3,-49.4,SOFTWARE,0
WMT,Walmart Inc.,107.2,833598.7,47,49,57,NA,NA,40.4,-3.1,-15.5,4.4,RETAIL,23
BATRK,Atlanta Braves Holdings Inc. Series C,52.41,3354.1,79,52,13,NA,NA,40.35,0.8,19.4,27.6,LEISURE,-4.5
GTM,ZoomInfo Technologies Inc.,3.65,1091.7,37,42,78,NA,NA,40.35,24.6,-38.6,-65.8,SOFTWARE,7.8
NOG,Northern Oil & Gas Inc.,23.91,2560.4,69,54,23,NA,NA,40.35,37.7,-16,-6.2,ENERGY,1.7
UAL,United Airlines Holdings Inc.,111.87,35704.2,48,59,43,NA,NA,40.35,-15.6,23,15.2,TRANSPORTATION,24
OMAB,Grupo Aeroportuario del Centro Norte S.A.B. de C.V. ADR,94.64,4586.4,26,48,84,NA,NA,40.3,-16.3,-17.5,-6.9,REAL EST,49.4
WFRD,Weatherford International PLC,79.94,5983.7,51,47,54,NA,NA,40.3,-4.7,-15.8,22.8,ENERGY,28.9
IRDM,Iridium Communications Inc.,49.04,5133.7,85,48,10,NA,NA,40.25,-6.8,49.6,145,TELECOM,22
ANCTF,Alimentation Couche Tard Inc.,54.24,49708.6,37,47,71,NA,NA,40.2,-15.2,-4.9,3.3,RETAIL,20.2
DRTS,Alpha Tau Medical Ltd.,14.48,1377,95,41,6,NA,NA,40.2,6.7,112,243.1,MEDICAL,-61
EXE,Expand Energy Corp.,88.23,20008.9,38,58,56,NA,NA,40.2,-0.7,-14.8,-18.1,ENERGY,10.1
IMCR,Immunocore Holdings PLC ADR,29.55,1523.8,37,55,61,NA,NA,40.2,-7.5,-7.5,-13.1,MEDICAL,-9.6
KEN,Kenon Holdings Ltd.,61.52,3189.6,37,51,66,NA,NA,40.2,-12.9,-26.6,33.3,ENERGY,4.1
LOMA,Loma Negra Compania Industrial Argentina S.A. ADR,9.69,1196.7,32,48,76,NA,NA,40.2,-17.9,-15.4,27.7,BUILDING,2.5
OWL,Blue Owl Capital Inc.,9.07,13985.1,31,49,76,NA,NA,40.2,-4.4,7.3,-45.1,FINANCE,3.6
TXRH,Texas Roadhouse Inc.,163.57,10434.9,38,49,67,NA,NA,40.15,-12.1,0.2,-2.1,RETAIL,28.8
RF,Regions Financial Corp.,27.05,23061.7,43,51,58,NA,NA,40.1,-11.3,1.2,4.6,BANKS,11.7
TRAX,First Tracks Biotherapeutics Inc.,31.39,1178.8,85,37,23,NA,NA,40.1,56.6,65.2,0,MEDICAL,-48.9
KR,Kroger Co.,58.41,34714.8,44,49,59,NA,NA,40.05,0.3,-20,-9.9,RETAIL,14.2
NTES,NetEase Inc. ADR,119.07,75321.9,38,54,60,NA,NA,40,-9.1,5.7,-21.2,SOFTWARE,22.4
VEL,Velocity Financial Inc.,14.87,577.6,20,48,90,NA,NA,40,-19.8,-19.5,-17.4,FINANCE,17.4
BALY,Bally's Corp.,14,696,71,48,26,NA,NA,39.95,7.2,34.9,6.1,LEISURE,-136.7
CBK,Commercial Bancgroup Inc.,31.43,428.5,70,49,26,NA,NA,39.95,-6,16.8,27,BANKS,14.7
JPXGY,Japan Exchange Group Inc. ADR,14.57,14758.1,86,53,1,NA,NA,39.95,8.1,22.5,25.4,FINANCE,0
RVMD,Revolution Medicines Inc.,199.87,44513.4,94,41,6,NA,NA,39.95,5.2,109.6,329.1,MEDICAL,-58.1
SYK,Stryker Corp.,278.2,109402.7,24,55,76,NA,NA,39.95,-14.3,-16.3,-24,MEDICAL,15.1
TGS,Transportadora de Gas del Sur S.A. ADR,27.04,4235.6,40,59,51,NA,NA,39.95,-8.7,-21.8,27.1,ENERGY,15.6
TSAT,Telesat Corp. Cl A,47.66,711.5,87,48,6,NA,NA,39.95,2.8,11.1,54.7,TELECOM,-25.2
FOUR,Shift4 Payments Inc.,38.5,2965,13,57,87,NA,NA,39.900000000000006,-25.1,-8.9,-51.1,FINANCE,10.5
MAX,MediaAlpha Inc.,9.68,590.6,22,52,82,NA,NA,39.900000000000006,-30.9,3.6,-15.5,BUSINS SVC,783.8
NATH,Nathan's Famous Inc.,101.84,416,58,48,42,NA,NA,39.9,0.7,1,-6.6,RETAIL,0
SI,Shoulder Innovations Inc.,19.14,408.1,69,45,32,NA,NA,39.9,-10.5,32.1,46.3,MEDICAL,-50.3
AEP,American Electric Power Co. Inc.,121.67,65180.7,44,53,53,NA,NA,39.85,-10.5,-8.1,5.2,UTILITY,12.3
ARCT,Arcturus Therapeutics Holdings Inc.,13,416.7,88,45,8,NA,NA,39.85,76.9,58.2,-38.1,MEDICAL,-28.9
BRX,Brixmor Property Group Inc.,27.46,8300.9,42,51,58,NA,NA,39.85,-11.4,-5,2.2,REAL EST,12.9
CVNA,Carvana Co. Cl A,63.88,70121.6,34,51,68,NA,NA,39.85,-9.2,0.8,-13.6,RETAIL,59.9
CYD,China Yuchai International Ltd.,32.19,1195.7,18,43,98,NA,NA,39.85,-30.4,-19.1,-19,AUTO,5.7
RBA,RB Global Inc.,81.05,15272.6,16,57,83,NA,NA,39.85,-29,-17.2,-24.6,RETAIL,7.2
SMA,SmartStop Self Storage REIT Inc.,33.13,1926.8,61,52,33,NA,NA,39.85,1,9.1,-5.6,REAL EST,-0.2
TBBK,The Bancorp Inc.,48.44,1971.2,15,54,88,NA,NA,39.85,-25.4,-13.8,-38.3,BANKS,30.8
GLAD,Gladstone Capital Corp.,18.85,432,48,56,44,NA,NA,39.8,-4.3,2.8,-10.1,FINANCE,11.9
INVA,Innoviva Inc.,20.83,1491.1,54,58,34,NA,NA,39.8,-4.5,-9.5,19.6,MEDICAL,29.1
PDM,Piedmont Realty Trust Inc.,9.03,1121.2,63,45,39,NA,NA,39.8,-6.1,36.6,4.5,REAL EST,-5.4
TDG,TransDigm Group Inc.,1103.33,60398.4,27,45,84,NA,NA,39.8,-18,-7.3,-14.6,AEROSPACE/DEFENSE,0
BKE,Buckle Inc.,43.46,2238.2,43,56,50,NA,NA,39.75,3.8,-14.7,-25.7,RETAIL,49.4
CGEM,Cullinan Therapeutics Inc.,16.25,1032.2,75,40,30,NA,NA,39.75,-8.8,8.9,178.3,MEDICAL,-44
EFSC,Enterprise Financial Services Corp.,59.61,2165,52,55,40,NA,NA,39.75,-9.2,7.3,2.8,BANKS,10.4
TTRX,Turn Therapeutics Inc.,11.64,368.2,98,37,5,NA,NA,39.75,51.4,249.5,0,MEDICAL,-114.5
BBNX,Beta Bionics Inc.,18.63,1022.3,65,49,31,NA,NA,39.7,11.4,87.2,-15.1,MEDICAL,-40.3
BKNG,Booking Holdings Inc.,157.63,118966.1,25,45,86,NA,NA,39.7,-12.9,-10.5,-27.3,LEISURE,0
D,Dominion Energy Inc.,62,53668.7,45,53,51,NA,NA,39.7,-10.5,-0.4,0.8,UTILITY,10.7
INBX,Inhibrx Biosciences Inc.,93.41,1391.7,79,39,26,NA,NA,39.7,-3.8,46.6,167.2,MEDICAL,-197.8
LYV,Live Nation Entertainment Inc.,171.8,40215.6,61,53,31,NA,NA,39.7,-6.3,7.3,10.2,LEISURE,-24.7
CBL,CBL & Associates Properties Inc.,50,1677.4,78,51,12,NA,NA,39.65,-5.5,21.9,72.1,REAL EST,38.9
KIM,Kimco Realty Corp.,22.14,14777.5,44,49,57,NA,NA,39.65,-11.6,-1.4,2.9,REAL EST,5.5
NVTS,Navitas Semiconductor Corp.,11.97,3221.9,63,42,42,NA,NA,39.65,-21.4,35.5,47.2,CHIPS,-29.5
PCRX,Pacira BioSciences Inc.,24.76,998.5,55,54,37,NA,NA,39.65,-3.2,11.2,3.7,MEDICAL,1
HWKN,Hawkins Inc.,132.25,2756.8,35,57,58,NA,NA,39.6,-5.2,-11.5,-28,CHEMICAL,16.4
INTU,Intuit Inc.,289.81,76076.7,31,49,73,NA,NA,39.6,6.5,-30.6,-56.8,SOFTWARE,23.6
MANU,Manchester United Ltd. Cl A,20.4,3458.5,68,48,28,NA,NA,39.6,-8.4,14.8,32.1,LEISURE,-24.8
LTM,LATAM Airlines Group S.A. ADR,52.23,14723.6,51,60,34,NA,NA,39.55,-9.1,8.6,23.2,TRANSPORTATION,140.6
AI,C3.ai Inc.,11.24,1783,65,53,25,NA,NA,39.5,21.1,28.2,-42.8,SOFTWARE,-63
IMKTA,Ingles Markets Inc. Cl A,85.42,1607.9,58,44,45,NA,NA,39.5,-5.6,-7.9,19.8,RETAIL,5.3
ELAN,Elanco Animal Health Inc.,22.48,11246.5,43,46,61,NA,NA,39.45,-10.5,-1.5,8.8,MEDICAL,-3.7
KELYB,Kelly Services Inc. Cl B,22.25,570.4,87,38,16,NA,NA,39.45,-3.2,51.4,65.2,BUSINS SVC,-23
ORKA,Oruka Therapeutics Inc.,80.18,5586.8,88,37,16,NA,NA,39.45,-3.5,42.2,294.4,MEDICAL,-24.7
PWP,Perella Weinberg Partners,15.53,1506,30,55,66,NA,NA,39.45,-9.8,-12.4,-26,FINANCE,0
RUM,RUM Group Inc.,7.65,3659.1,80,49,11,NA,NA,39.45,17.5,54.9,-9.9,BUSINS SVC,-77.3
JJSF,J&J Snack Foods Corp.,79.44,1460.7,52,40,57,NA,NA,39.4,4.8,-1,-17.4,FOOD/BEV,6.8
PRG,PROG Holdings Inc.,31.28,1230.8,34,50,67,NA,NA,39.4,-27.7,9.8,-0.5,FINANCE,17.8
VOR,Vor Biopharma Inc.,18.31,1099.2,43,37,72,NA,NA,39.4,-8.9,12.5,-48.7,MEDICAL,0
EYE,National Vision Holdings Inc.,16.74,1306.2,15,48,93,NA,NA,39.35,-16.2,-32.4,-40.5,RETAIL,3.5
OGE,OGE Energy Corp.,45.84,9290,50,53,43,NA,NA,39.35,-5,-5.7,-0.7,UTILITY,9.8
PAYP,PayPay Corp. ADR,15.51,10203.2,45,50,53,NA,NA,39.35,2.2,-17.7,0,FINANCE,48.5
MAT,Mattel Inc.,15.93,4585.5,65,53,24,NA,NA,39.3,22.1,9.8,-11.8,LEISURE,17.7
PEG,Public Service Enterprise Group Inc.,71.73,34231.5,32,54,64,NA,NA,39.3,-11.2,-11.5,-12.4,UTILITY,12.8
SBSI,Southside Bancshares Inc.,30.19,907.1,40,50,59,NA,NA,39.3,-12.7,-5,5.9,BANKS,8.3
TREX,Trex Co. Inc.,44.86,4503.5,58,56,29,NA,NA,39.3,-7.1,24.5,-14.2,BUILDING,20.2
JD,JD.com Inc. ADR,26.5,35564.3,41,48,60,NA,NA,39.25,-1,-7.1,-26.2,RETAIL,8.4
NMRK,Newmark Group Inc.,12.59,2279.8,18,43,95,NA,NA,39.25,-19.3,-14.2,-28.7,REAL EST,9.4
IDA,IDACORP Inc.,132.68,7619.5,39,49,61,NA,NA,39.2,-12.2,-8.3,-0.8,UTILITY,9.4
NEWT,NewtekOne Inc.,11.19,322.1,33,51,66,NA,NA,39.2,-21.8,-3.2,-0.4,FINANCE,17.4
NWN,Northwest Natural Holding Co.,47.46,1986.4,52,48,46,NA,NA,39.2,-2.4,-13,7.6,UTILITY,7.9
RITM,Rithm Capital Corp.,8.66,4880.5,34,46,71,NA,NA,39.2,-6.2,-10.2,-20.6,REAL EST,8.2
CMPS,COMPASS Pathways PLC ADR,11.56,1606.3,79,40,22,NA,NA,39.15,-10,101,83.8,MEDICAL,-566.6
PPL,PPL Corp.,33.7,24796.4,39,52,57,NA,NA,39.15,-6.7,-13,-9.3,UTILITY,8.1
ALGT,Allegiant Travel Co.,77.54,2054.2,29,49,73,NA,NA,39.1,-32.9,-4.2,21.3,TRANSPORTATION,-4.2
FWONK,Liberty Media Corp. Series C,95.54,23624.3,52,58,33,NA,NA,39.1,-3.5,10.8,-11.8,MEDIA,7.9
BLSH,Bullish,33.38,9940.5,52,45,49,NA,NA,39.05,25.6,-10.6,-51.5,FINANCE,-27.3
DLX,Deluxe Corp.,22.54,1039.6,46,43,59,NA,NA,39.05,-6.6,-18.5,16.4,BUSINS SVC,12.6
FNF,Fidelity National Financial Inc.,39.08,10459.5,17,48,89,NA,NA,39.05,-19.8,-16.1,-32.7,INSURANCE,7.9
STBFY,Suntory Beverage & Food Ltd. ADR,14.22,8806.8,52,49,44,NA,NA,39.05,0,-1.2,-7,FOOD/BEV,7.4
CMI,Cummins Inc.,535.31,72049.5,40,44,65,NA,NA,39,-21.1,-3,22,AUTO,25.1
EONGY,E.ON SE ADR,19.3,49690.5,40,44,65,NA,NA,39,-11,-15.1,2.2,UTILITY,9.5
RRX,Regal Rexnord Corp.,166.36,10738.6,36,52,60,NA,NA,39,-23.7,-10.2,10.9,MACHINE,4.3
RXT,Rackspace Technology Inc.,4.02,994,67,53,20,NA,NA,39,-37.4,323.9,168,SOFTWARE,0
ELS,Equity Lifestyle Properties Inc.,58.74,11728,39,52,56,NA,NA,38.95,-9.6,-7.6,-4.9,REAL EST,22.1
OSIS,OSI Systems Inc.,198.56,3154.4,25,45,82,NA,NA,38.900000000000006,-10.1,-27.6,-20.9,AEROSPACE/DEFENSE,17.3
LASR,nLIGHT Inc.,40.03,2278.8,26,48,77,NA,NA,38.9,-38.7,-31.2,30.1,ELECTRNCS,-10.6
SOMLY,Secom Co. Ltd. ADR,9.85,17559.5,59,47,37,NA,NA,38.9,-3.6,2.6,9.1,BUSINS SVC,8.9
VTR,Ventas Inc.,81.86,42660.8,48,46,52,NA,NA,38.9,-11.2,-1.3,18.2,REAL EST,2.2
ACHC,Acadia Healthcare Co. Inc.,29.04,2687.8,71,50,18,NA,NA,38.85,-6.6,16.6,9.8,MEDICAL,-43.9
CSGP,CoStar Group Inc.,27.63,11207.8,21,52,78,NA,NA,38.85,-3.7,-32.9,-66,BUSINS SVC,0.1
EWTX,Edgewise Therapeutics Inc.,40.02,4376.7,86,39,13,NA,NA,38.85,-0.2,21.9,160.7,MEDICAL,-34.2
GEHC,GE HealthCare Technologies Inc.,64.77,29693.9,42,51,53,NA,NA,38.85,-0.1,-8,-15.2,MEDICAL,22.1
INSP,Inspire Medical Systems Inc.,68.2,2045.4,72,49,18,NA,NA,38.85,37.9,26,-10.7,MEDICAL,19.8
FSUN,FirstSun Capital Bancorp,39.19,1733.8,60,52,29,NA,NA,38.8,1.1,8.7,-3.5,BANKS,8.9
MAMA,Mama's Creations Inc.,12.73,604.4,26,46,79,NA,NA,38.8,-31.7,-17.4,20.9,FOOD/BEV,13.6
PSA,Public Storage,285.85,52628.8,45,51,49,NA,NA,38.8,-11.8,1.8,-1.7,REAL EST,18.8
AGO,Assured Guaranty Ltd.,69.43,3040.3,23,52,75,NA,NA,38.75,-17,-14.9,-17.1,INSURANCE,9
CUBE,CubeSmart,37.76,8410.4,50,49,45,NA,NA,38.75,-6.1,1.5,-5.5,REAL EST,11.9
PBCRY,Bank Central Asia ADR,8.38,42526.4,36,55,55,NA,NA,38.75,-1.5,-12.1,-26,BANKS,20.9
REG,Regency Centers Corp.,71.42,13062,42,49,55,NA,NA,38.75,-10.5,-6.8,0.4,REAL EST,7.7
EGY,Vaalco Energy Inc.,5.78,609.1,83,47,6,NA,NA,38.7,14.9,-7.8,41.7,ENERGY,-8.9
GSM,Ferroglobe PLC,4.34,818.4,67,43,31,NA,NA,38.7,27.6,7.7,-13.9,METALS,-25.9
CWST,Casella Waste Systems Inc. Cl A,82.06,5308.8,32,53,62,NA,NA,38.65,-14.8,-4.8,-11.7,MACHINE,0.5
MKTW,MarketWise Inc.,19.8,310.6,79,46,12,NA,NA,38.65,6,6.8,26.9,SOFTWARE,0
ZBH,Zimmer Biomet Holdings Inc.,89.68,17465.8,52,49,42,NA,NA,38.65,-0.1,-1.5,-9.3,MEDICAL,5.6
ALGN,Align Technology Inc.,141.45,9991.8,25,43,83,NA,NA,38.6,-24.9,-17.7,7.6,MEDICAL,10.4
FWONA,Liberty Media Corp. Series A,87.73,23624.3,52,56,33,NA,NA,38.6,-4.2,10.3,-11.7,MEDIA,7.9
BRBS,Blue Ridge Bankshares Inc.,3.92,347.3,57,50,34,NA,NA,38.55,11,-3.7,-7.3,BANKS,3.3
FWONB,Liberty Media Corp. Series B Liberty Formula One,85,22759.4,59,48,34,NA,NA,38.55,3.7,10.4,-9.6,MEDIA,7.9
GFS,GlobalFoundries Inc.,48.63,26647.4,49,50,44,NA,NA,38.55,-29.4,11.5,35.3,CHIPS,7.8
NHP,National Healthcare Properties Inc. Cl A,15.66,373.6,68,43,29,NA,NA,38.55,3,0,0,REAL EST,-9
NNI,Nelnet Inc. Cl A,124.32,4472.8,41,50,54,NA,NA,38.55,-7.4,-5.4,-4.3,FINANCE,12
CHDN,Churchill Downs Inc.,78.21,5406.6,25,45,80,NA,NA,38.5,-12.4,-12.7,-16.2,LEISURE,36.3
EXR,Extra Space Storage Inc.,133.89,29326.4,46,48,50,NA,NA,38.5,-8.4,-0.1,-5.4,REAL EST,7.1
GILT,Gilat Satellite Networks Ltd.,9.22,724.1,11,51,90,NA,NA,38.5,-29.6,-46.6,-35.1,TELECOM,5.2
PAC,Grupo Aeroportuario del Pacifico S.A.B. de C.V. ADR,209.2,12425.2,24,54,70,NA,NA,38.5,-17.8,-15.4,-8.2,REAL EST,42.9
YUM,Yum! Brands Inc.,139.84,37379.3,30,44,75,NA,NA,38.5,-15.8,-11.1,-6,RETAIL,0
AMBA,Ambarella Inc.,67.94,3013.1,41,56,46,NA,NA,38.45,-14.8,33.2,-20.3,CHIPS,-13.1
FRFHF,Fairfax Financial Holdings Ltd.,1564.9,34738.3,35,58,51,NA,NA,38.45,-8.7,-8.8,-10.6,INSURANCE,18.9
HCM,HUTCHMED (China) Ltd. ADR,14.6,2456.8,70,59,6,NA,NA,38.45,25.3,-5.5,-9.9,MEDICAL,45.9
SMECF,SMC Corp.,462.5,29786.2,76,57,1,NA,NA,38.45,-3.3,19.5,34.1,MACHINE,8.3
MTX,Minerals Technologies Inc.,65.98,2060.7,44,44,57,NA,NA,38.4,-11.3,-3.1,7.6,CHEMICAL,-1.1
YALA,Yalla Group Ltd. ADR,5.44,830.6,35,57,52,NA,NA,38.4,-2.7,-14.5,-27.9,INTERNET,19.8
NHYDY,Norsk Hydro ASA ADR,8.33,16574.9,48,43,53,NA,NA,38.35,-6.1,-21.1,18.6,METALS,6.9
RNMBY,Rheinmetall AG ADR,214.5,51260.9,13,42,98,NA,NA,38.35,-16.9,-40.8,-51.5,AEROSPACE/DEFENSE,23
BKU,BankUnited Inc.,42.9,3079.4,39,51,54,NA,NA,38.3,-13.3,-6.8,10.3,BANKS,9
DMAC,Diamedica Therapeutics Inc.,8.13,454.1,68,50,19,NA,NA,38.3,1.5,22.8,17.3,MEDICAL,-67.7
EFOR,Everforth Inc.,35.97,1481.7,58,56,24,NA,NA,38.3,107.4,-6.3,-26.7,BUSINS SVC,6.3
EPRT,Essential Properties Realty Trust Inc.,25.58,5590.8,25,49,74,NA,NA,38.3,-17.2,-17.5,-12.5,REAL EST,6.5
WMK,Weis Markets Inc.,72.6,1831.3,52,42,49,NA,NA,38.3,-9.6,2,4.5,RETAIL,6.7
ALC,Alcon Inc.,63.19,31904.8,31,42,75,NA,NA,38.25,-7.5,-15.3,-17.7,MEDICAL,4.5
ALKS,Alkermes PLC,41.65,7173.6,55,50,35,NA,NA,38.25,-24.5,22.2,34.4,MEDICAL,14.7
ATR,Aptargroup Inc.,120.25,7668.5,44,48,51,NA,NA,38.2,-4.6,-4.6,-8.8,MISC,15.3
CXM,Sprinklr Inc. Cl A,5.16,1214.3,30,54,61,NA,NA,38.2,-4.4,-15.4,-33.4,SOFTWARE,3.8
GEF,Greif Inc. Cl A,82.54,4331.9,86,46,1,NA,NA,38.2,11.7,23.5,36.6,MISC,0.7
REZI,Resideo Technologies Inc.,18.92,2818.3,20,44,86,NA,NA,38.2,-15.2,-22,-36.5,BUSINS SVC,-16.9
RNECY,Renesas Electronics Corp. ADR,12.5,43448.3,76,56,1,NA,NA,38.2,-13.8,74.4,106.6,CHIPS,-2.2
PCVX,Vaxcyte Inc.,66.7,10984.8,90,37,7,NA,NA,38.15,17.1,11.5,61.9,MEDICAL,-25.6
APELY,Alps Alpine Co. Ltd. ADR,29.58,2821.5,75,51,8,NA,NA,38.1,13.3,10.6,20.3,AUTO,6.4
BOH,Bank of Hawaii Corp.,67.3,2683.8,32,50,63,NA,NA,38.1,-19,-11.7,2.4,BANKS,11.7
CMPR,Cimpress PLC,73.65,1859.1,39,43,63,NA,NA,38.1,-21.8,-0.3,16.1,BUSINS SVC,0
GBLI,Global Indemnity Group LLC,24.03,358.9,38,52,53,NA,NA,38.1,-3.9,-12.4,-18.4,INSURANCE,3.6
GNTX,Gentex Corp.,21.55,4616.1,33,45,68,NA,NA,38.1,-11.9,0.2,-21.1,AUTO,15.3
LPTH,Lightpath Technologies Inc. Cl A,10.87,757.1,48,50,43,NA,NA,38.1,-22.9,-5.4,29.7,ELECTRNCS,-19.7
NODK,NI Holdings Inc.,14.77,305.3,60,45,34,NA,NA,38.05,-6.3,16.7,12.4,INSURANCE,-4.3
PHIN,PHINIA Inc.,60.76,2204.9,31,42,74,NA,NA,38.05,-23.7,-11.2,9.6,AUTO,8.2
TCMD,Tactile Systems Technology Inc.,22.19,509,27,42,79,NA,NA,38.05,-30.4,-9.7,46.3,MEDICAL,8.8
ICLR,Icon PLC,161.69,12987.4,53,51,35,NA,NA,38,-5.4,47.5,-15.1,MEDICAL,2.5
RHI,Robert Half Inc.,33.67,3513.1,73,47,15,NA,NA,38,1.2,35.3,-2.1,BUSINS SVC,10
ERIE,Erie Indemnity Co. Cl A,223.22,10313.5,25,53,67,NA,NA,37.9,-13.2,-12.2,-29.4,INSURANCE,26.2
NXT,Nextpower Inc.,88.09,12589,27,47,72,NA,NA,37.9,-23.4,-18.5,12.4,ENERGY,29.6
VMC,Vulcan Materials Co.,248.85,31820.7,25,45,77,NA,NA,37.9,-18.4,-11.6,-18.3,BUILDING,13
DSP,Viant Technology Inc.,11.93,807.3,58,51,28,NA,NA,37.85,-6.7,5.6,38.4,BUSINS SVC,12.3
GLOB,Globant S.A.,35.56,1543.7,40,49,53,NA,NA,37.85,14.9,-23.8,-41,BUSINS SVC,5.1
REAL,RealReal Inc.,9.41,1134,27,46,73,NA,NA,37.85,-17.9,0.1,-7.6,RETAIL,0
UL,Unilever PLC ADR,60.8,128189.8,53,48,38,NA,NA,37.85,-1.3,8.5,-3.1,CONSUMER,32.9
PAR,Par Technology Corp.,14.5,604.7,17,47,84,NA,NA,37.8,-21.8,3.9,-61.7,BUSINS SVC,-10
TIGR,UP Fintech Holding Ltd. ADR,4.52,791.3,24,52,69,NA,NA,37.8,-2.4,-30,-56.7,FINANCE,22.5
TME,Tencent Music Entertainment Group ADR,7.93,11749.8,20,52,74,NA,NA,37.8,-9.6,-12.1,-65.4,INTERNET,14.8
PHVS,Pharvaris N.V.,31.12,2130.1,66,37,35,NA,NA,37.75,-6.3,9.7,33.8,MEDICAL,-66.6
SRZN,Surrozen Inc.,26.37,342.4,78,45,10,NA,NA,37.75,11.5,-3.8,90.5,MEDICAL,0
BMNR,BitMine Immersion Technologies Inc.,26.2,16160.4,71,43,21,NA,NA,37.7,68.5,27.2,-58.6,FINANCE,7.6
JANX,Janux Therapeutics Inc.,16.79,1011.2,71,35,31,NA,NA,37.7,9,12.4,-26.2,MEDICAL,-11.5
VMRK,Vivmark Residential,60.37,46496.4,38,48,56,NA,NA,37.7,-13.7,0.5,-3,REAL EST,10.1
LCII,LCI Industries,82.19,2007.6,17,40,92,NA,NA,37.650000000000006,-21.3,-32.9,-8.9,AUTO,13.7
GO,Grocery Outlet Holding Corp.,11.41,1131.5,74,35,27,NA,NA,37.65,9.9,60.7,-29.2,RETAIL,-20.6
NOV,NOV Inc.,19,6954.9,78,43,12,NA,NA,37.65,6.8,0.9,39.8,ENERGY,2.3
OZK,Bank OZK,44.58,5086,36,53,52,NA,NA,37.65,-10.2,-4.9,-13.7,BANKS,12.1
TDAY,USA TODAY Co. Inc.,7.35,1090.9,60,53,22,NA,NA,37.65,-15.2,4.3,79.3,MEDIA,1.1
TATT,Tat Technologies Ltd.,33.49,430.2,15,41,93,NA,NA,37.6,-29.9,-15.6,-23.8,AEROSPACE/DEFENSE,11.7
USAS,Americas Gold & Silver Corp.,4.47,1498.1,37,39,68,NA,NA,37.6,-8.4,-18.6,11.8,MINING,-63.6
PCG,PG&E Corp.,12.5,27199.2,15,44,89,NA,NA,37.55,-25.7,-29.3,-22.1,UTILITY,8.6
AIN,Albany International Corp. Cl A,59.31,1689.2,46,44,50,NA,NA,37.5,-19.8,12.2,5.8,MACHINE,-6.9
KVUE,Kenvue Inc.,17.59,33402.3,48,46,45,NA,NA,37.5,-10.1,1.7,12.1,CONSUMER,14.4
TRS,TriMas Corp.,38.97,1396.6,57,49,30,NA,NA,37.5,-5.7,9.9,5,MISC,10.5
AGCC,Agencia Comercial Spirits Ltd.,15,859.3,74,47,11,NA,NA,37.45,-3.1,-0.7,0,ALCOHL/TOB/THC,10.4
LZ,LegalZoom.com Inc.,5.77,1005.3,20,53,71,NA,NA,37.45,-18,-5.1,-42.8,INTERNET,11.6
MSTR,Strategy Inc.,164.55,63178.2,75,50,6,NA,NA,37.45,63.3,28.9,-54.3,FINANCE,-11.1
OLP,One Liberty Properties Inc.,22.11,478.4,46,47,46,NA,NA,37.45,-11.9,0.4,1.9,REAL EST,8.4
RRR,Red Rock Resorts Inc. Cl A,52.05,5362.1,26,47,71,NA,NA,37.45,-20,-6.6,-12.5,LEISURE,88.8
SHO,Sunstone Hotel Investors Inc.,11.22,2104.9,77,52,1,NA,NA,37.45,0.4,24.3,21.7,REAL EST,1.2
SUNC,SunocoCorp LLC,72.43,3657.7,84,45,1,NA,NA,37.45,6.7,18.3,0,ENERGY,-0.2
XIACY,Xiaomi Corp. ADR,15.43,77758.8,33,52,56,NA,NA,37.45,4,-21.7,-55.4,TELECOM,18.1
ALG,Alamo Group Inc.,162.11,1976.4,42,54,42,NA,NA,37.4,-5.1,-3.3,-14.1,MACHINE,9.6
CCL,Carnival Corp. Ltd.,26.58,34368.2,45,59,32,NA,NA,37.4,-3.4,2.3,-8.6,LEISURE,25.6
FUL,H.B. Fuller Co.,50.63,2715.1,26,46,72,NA,NA,37.4,-13.3,-12.6,-14.2,CHEMICAL,7.9
MESO,Mesoblast Ltd. ADR,13.61,1836,33,47,62,NA,NA,37.4,-5,-8.5,-21.4,MEDICAL,-9.9
SYM,Symbotic Inc.,44.15,25927.8,35,45,62,NA,NA,37.4,-0.7,-17.2,-34.9,MACHINE,-8.1
INVH,Invitation Homes Inc.,26.39,15391.6,40,43,58,NA,NA,37.35,-12.1,3.6,-6.5,REAL EST,6.1
MCFT,MasterCraft Boat Holdings Inc.,19.41,479.7,30,45,68,NA,NA,37.35,-20.2,-4.3,-6.8,LEISURE,-0.6
STAA,Staar Surgical Co.,22.15,1131.7,35,44,63,NA,NA,37.35,-19,5.7,-17.4,MEDICAL,-21.7
TSCO,Tractor Supply Co.,32.29,16371.1,36,55,48,NA,NA,37.35,6.8,-28.9,-41,RETAIL,45.2
FHB,First Hawaiian Inc.,25,3046.9,36,50,54,NA,NA,37.3,-17.6,-2,0.7,BANKS,10.3
CADL,Candel Therapeutics Inc.,9.87,782.8,87,38,5,NA,NA,37.25,-1.6,96.6,80.4,MEDICAL,-64.6
CION,CION Investment Corp.,6.95,341,53,48,35,NA,NA,37.25,11.2,-1.6,-25.7,FINANCE,-2.7
IBM,International Business Machines Corp.,221.29,208758.1,18,51,75,NA,NA,37.25,-26.1,-10.3,-23.5,BUSINS SVC,35.3
NNN,NNN REIT Inc.,40.51,7750.2,38,47,55,NA,NA,37.25,-13.8,-4.7,-4.5,REAL EST,8.9
RES,RPC Inc.,6.04,1352.1,70,43,20,NA,NA,37.25,9.8,-11.4,26.1,ENERGY,2.8
DMC,Del Monte Corp.,29.7,1409.7,44,40,56,NA,NA,37.2,6.1,-28.5,-13.1,AGRICULTURE,4.5
TMUS,T-Mobile US Inc.,165.93,176604.7,28,48,66,NA,NA,37.2,-8.7,-16.5,-26.2,TELECOM,18.2
MP,MP Materials Corp.,48.53,8342.3,35,44,62,NA,NA,37.15,-8.5,-5.2,-34.7,MINING,-5
NTST,NetSTREIT Corp.,17.64,1778.4,33,45,63,NA,NA,37.1,-17.8,-8.4,-4.1,REAL EST,0.5
ZG,Zillow Group Inc. Cl A,28.36,6193.6,13,37,98,NA,NA,37.1,-13.9,-32.2,-60.4,REAL EST,0.5
ADTN,ADTRAN Holdings Inc.,7.62,582.6,13,48,84,NA,NA,37.05,-40.9,-41.1,-17.1,TELECOM,-30.5
AMT,American Tower REIT,164.78,75606.7,51,46,39,NA,NA,37.05,1.6,-6.4,-11.2,REAL EST,71.9
AON,Aon PLC,273.99,57708.7,18,50,75,NA,NA,37,-23.2,-16,-25.1,INSURANCE,47.8
CLW,Clearwater Paper Corp.,19.82,324.8,83,41,5,NA,NA,37,24.9,32.1,-1.3,MISC,-6.3
EXC,Exelon Corp.,41.68,42136.6,33,47,60,NA,NA,37,-11.4,-14.8,-8.8,UTILITY,9.9
PDS,Precision Drilling Corp.,84.72,1110.8,77,43,10,NA,NA,37,12,-10.8,47.6,ENERGY,0.1
PUK,Prudential PLC ADR,24.6,29869.5,28,48,65,NA,NA,37,-12.5,-15.9,-12.1,INSURANCE,21.2
CW,Curtiss-Wright Corp.,553.35,19973.8,23,44,76,NA,NA,36.95,-30.2,-20.9,-0.1,AEROSPACE/DEFENSE,19.4
ES,Eversource Energy,65.26,24367.1,36,47,56,NA,NA,36.95,-10.9,-6,-10.2,UTILITY,10.8
F,Ford Motor Co.,12.28,48449.3,41,42,56,NA,NA,36.95,-11.2,5.8,-3.3,AUTO,-20.3
KVYO,Klaviyo Inc.,16.6,4754.9,30,57,51,NA,NA,36.95,-2.4,-13.6,-36.5,SOFTWARE,-2.8
NVO,Novo Nordisk A/S ADR,37.53,164076.3,20,47,76,NA,NA,36.95,-23.8,2.3,-37.1,MEDICAL,61.4
OCFC,OceanFirst Financial Corp.,16.75,1656.1,33,46,61,NA,NA,36.95,-12.1,-9,-6.9,BANKS,4.2
TOL,Toll Brothers Inc.,138,12474.9,41,46,51,NA,NA,36.95,-11,0.1,-1.9,BUILDING,16.9
FOXF,Fox Factory Holding Corp.,19.39,808.3,73,41,17,NA,NA,36.9,16,20.1,-19.6,LEISURE,-58.2
NE,Noble Corp. PLC,41.45,6792.8,77,41,12,NA,NA,36.9,10.8,-16.3,36.8,ENERGY,4.7
PPG,PPG Industries Inc.,106.52,23401.5,41,49,47,NA,NA,36.9,-14.1,2.6,2.9,BUILDING,21.3
KNX,Knight-Swift Transportation Holdings Inc. Cl A,64.63,10618.2,60,37,38,NA,NA,36.85,-13.6,8.2,49.4,TRANSPORTATION,0.9
AZO,AutoZone Inc.,2898.57,45837.2,37,39,64,NA,NA,36.8,-2,-15.7,-30.6,RETAIL,0
BROS,Dutch Bros Inc.,39.06,6679,11,40,95,NA,NA,36.75,-42.6,-26.3,-20.3,RETAIL,13.1
IIIN,Insteel Industries Inc.,30.17,576.3,46,49,40,NA,NA,36.75,1.7,-10.2,-21.5,METALS,11.4
RDW,Redwire Corp.,10.62,2607.4,63,32,40,NA,NA,36.75,-6.5,7.2,-5.3,AEROSPACE/DEFENSE,-52
HDB,HDFC Bank Ltd. ADR,22.42,112876.7,18,56,66,NA,NA,36.7,-18.2,-12.7,-35.6,BANKS,14.1
NRIX,Nurix Therapeutics Inc.,22.6,2374.5,77,41,11,NA,NA,36.7,-6,43.1,127.1,MEDICAL,-49.6
RSVR,Reservoir Media Inc.,9.57,629.6,62,44,26,NA,NA,36.7,-5,-0.8,23.8,LEISURE,2.2
TCOM,Trip.com Group Ltd. ADR,38.26,24966.3,22,40,81,NA,NA,36.7,-6.6,-23.6,-46.4,LEISURE,21.1
ADC,Agree Realty Corp.,65.79,8156.8,30,47,62,NA,NA,36.65,-14.7,-12.9,-6.3,REAL EST,3.5
AVIR,Atea Pharmaceuticals Inc.,5.07,411.5,78,35,17,NA,NA,36.65,4.1,-13.6,74.2,MEDICAL,-44.3
EVER,EverQuote Inc. Cl A,19.39,684,29,56,52,NA,NA,36.65,-26.1,26.3,-13.1,INSURANCE,53.2
GBCI,Glacier Bancorp Inc.,43.58,5696.8,32,49,57,NA,NA,36.65,-17.1,-6,-10.1,BANKS,6.4
TSN,Tyson Foods Inc. Cl A,51.97,17829.6,31,38,72,NA,NA,36.65,-11.5,-19.4,-4,FOOD/BEV,2.6
BWXT,BWX Technologies Inc.,145.7,12401,16,44,83,NA,NA,36.6,-26,-32.5,-23.9,AEROSPACE/DEFENSE,28.4
IMMX,Immix Biopharma Inc.,9.64,839.8,74,34,23,NA,NA,36.6,-7.8,12.2,329.4,MEDICAL,-55
XPRO,Expro Ltd.,16.23,1884.1,77,38,14,NA,NA,36.55,15.8,-2.3,23.1,ENERGY,3.4
CMG,Chipotle Mexican Grill Inc.,30.9,39038.1,33,41,65,NA,NA,36.5,-9.1,-7.8,-25.8,RETAIL,47.4
HLF,Herbalife Ltd.,12.58,1310,53,41,40,NA,NA,36.5,-2.3,-11.8,43.1,CONSUMER,0
LNN,Lindsay Corp.,114.73,1163.2,45,53,35,NA,NA,36.5,-2.4,11.5,-18.4,MACHINE,14.6
ABT,Abbott Laboratories,98.16,173211.4,44,45,46,NA,NA,36.45,2.6,-4,-26.6,MEDICAL,13
ALNY,Alnylam Pharmaceuticals Inc.,223.94,29423.3,10,51,81,NA,NA,36.45,-28.5,-32.2,-50.5,MEDICAL,73.3
ARXS,Arxis Inc.,49.49,21597.3,71,34,26,NA,NA,36.45,6.1,0,0,AEROSPACE/DEFENSE,1.5
BN,Brookfield Corp.,37.29,90467.7,26,43,71,NA,NA,36.45,-15.2,-8.5,-17.8,FINANCE,2.8
GTN,Gray Media Inc.,4.65,479.9,64,41,26,NA,NA,36.45,16,-1.9,-17.7,MEDIA,-3
GXO,GXO Logistics Inc.,46.4,5274.3,33,40,66,NA,NA,36.45,-9.3,-12.5,-16.3,TRANSPORTATION,1.1
HAYW,Hayward Holdings Inc.,12.31,2636.6,19,38,86,NA,NA,36.45,-26.8,-9.5,-20.9,RETAIL,10
KMB,Kimberly-Clark Corp.,96.77,31731.4,33,44,61,NA,NA,36.45,-14.4,-0.2,-19.7,CONSUMER,138.4
LE,Lands' End Inc.,10.53,314.1,29,44,66,NA,NA,36.45,-9.4,-3.4,-32.4,RETAIL,2.3
MAAS,Maase Inc.,11.95,5757.1,73,40,16,NA,NA,36.45,-21.7,102.5,258.9,RETAIL,-16.3
MSIF,MSC Income Fund Inc.,11.73,530.1,47,50,36,NA,NA,36.45,0.9,-6.2,-14.3,FINANCE,13
OBICY,Obic Co. Ltd. ADR,16.04,13575.3,80,45,1,NA,NA,36.45,27.9,28.9,-5.1,SOFTWARE,0
ALB,Albemarle Corp.,106.35,12316.2,22,38,82,NA,NA,36.400000000000006,-20.5,-38.5,15.6,CHEMICAL,-5.2
GRAB,Grab Holdings Ltd.,3.07,12928.9,14,46,82,NA,NA,36.400000000000006,-20.3,-13.8,-52,LEISURE,4.1
HLI,Houlihan Lokey Inc. Cl A,127.94,8870,25,51,62,NA,NA,36.4,-10.2,-9.1,-35,FINANCE,18.8
ZGN,Ermenegildo Zegna N.V.,12.5,5315.3,66,38,27,NA,NA,36.4,-7.3,16.6,22.4,CONSUMER,10.3
CRC,California Resources Corp.,52.47,4708.3,58,49,23,NA,NA,36.35,4.3,-22.5,0.6,ENERGY,10.1
CSR,Centerspace,55.45,975.6,45,42,48,NA,NA,36.35,-2.2,-6.5,-3.4,REAL EST,2.5
VELO,Velo3D Inc.,9.57,307.7,32,39,68,NA,NA,36.35,-36.2,-5.4,142.9,MACHINE,-183.4
Z,Zillow Group Inc. Cl C,27.7,6193.6,12,35,98,NA,NA,36.35,-16,-33.5,-62.6,REAL EST,0.5
BF.A,Brown-Forman Corp. Cl A,26.9,12142,58,48,24,NA,NA,36.3,1.7,-0.9,-1.7,ALCOHL/TOB/THC,17.8
GPC,Genuine Parts Co.,127.38,17403.4,60,42,29,NA,NA,36.3,-1,21.1,-8,RETAIL,1.5
MFP,Midera Food Processing Inc.,41.78,1924.1,77,45,4,NA,NA,36.3,19.2,0,0,MACHINE,8
TBLA,Taboola.com Ltd.,3.23,883.4,22,40,79,NA,NA,36.3,-41.6,-1.5,-1.5,BUSINS SVC,4.3
VRSK,Verisk Analytics Inc.,165.2,21251.9,24,46,69,NA,NA,36.3,-12,-10.6,-32.6,BUSINS SVC,444
COLL,Collegium Pharmaceutical Inc.,21.88,712,8,49,85,NA,NA,36.25,-41.6,-32.9,-35.3,MEDICAL,23.7
GRBK,Green Brick Partners Inc.,67,2815.9,41,44,50,NA,NA,36.25,-12.7,1.1,-9.8,BUILDING,18
LKFT,Lakefront Biotherapeutics ADR,29.32,1942.6,42,55,35,NA,NA,36.25,-3.4,-0.3,-17.5,MEDICAL,10.6
RMNI,Rimini Street Inc.,4.11,390.2,47,42,45,NA,NA,36.25,-11.8,19.5,-13.5,BUSINS SVC,0
CBT,Cabot Corp.,77.11,3995.2,48,44,41,NA,NA,36.2,-12,3.6,2.1,CHEMICAL,22
CHGCY,Chugai Pharmaceutical Co. Ltd. ADR,19.28,63440.4,19,45,76,NA,NA,36.2,-17,-30.5,-20.1,MEDICAL,23.2
NOMD,Nomad Foods Ltd.,10.97,1494.4,48,44,41,NA,NA,36.2,-4,11.4,-14.1,FOOD/BEV,5.4
AVR,Anteris Technologies Global Corp.,7.05,735.8,54,33,47,NA,NA,36.15,-33.3,36.6,60.2,MEDICAL,-300.5
CALX,Calix Inc.,35.29,2162.2,22,49,67,NA,NA,36.15,-8.3,-26.9,-41.6,COMPUTER,2.2
DTE,DTE Energy Co.,128.22,26019.3,31,48,57,NA,NA,36.15,-15.3,-13.2,-9.6,UTILITY,12.2
CDE,Coeur Mining Inc.,17.17,17526.3,48,46,38,NA,NA,36.1,1.1,-7.6,-11.2,MINING,26.4
GAIN,Gladstone Investment Corp.,15.4,618.8,66,48,13,NA,NA,36.1,-1.3,5.2,11.2,FINANCE,31.7
SA,Seabridge Gold Inc.,27.44,2937,54,36,43,NA,NA,36.1,0.1,-10.3,11,MINING,-5.4
SNDR,Schneider National Inc. Cl B,31.6,5665.7,62,36,33,NA,NA,36.1,-11.5,15.8,43.4,TRANSPORTATION,3.4
BAYRY,Bayer AG ADR,12.42,48408.7,57,40,34,NA,NA,36.05,-15,8.4,49.6,MEDICAL,-12.9
BHF,Brighthouse Financial Inc.,50.03,2865.2,22,47,69,NA,NA,36.05,-22.9,-16.8,-2,INSURANCE,7.4
BULL,Webull Corp. Cl A,7.28,3899.1,55,42,34,NA,NA,36.05,1,47.4,-46.9,FINANCE,3.1
CHA,Chagee Holdings Ltd. ADR,11.42,2134.6,55,38,39,NA,NA,36.05,1.3,9.6,-31.8,RETAIL,20.8
FOR,Forestar Group Inc.,26.31,1293.3,44,41,49,NA,NA,36.05,-13.5,4.8,-0.9,REAL EST,10
HRI,Herc Holdings Inc.,134.73,4530.3,63,46,19,NA,NA,36.05,-0.7,40.9,6.6,FINANCE,0.1
WMMVY,Wal-Mart de Mexico S.A.B. de C.V. ADR,26.02,44639.5,32,41,64,NA,NA,36.05,-7.4,-20.9,-12.5,RETAIL,21.4
HGV,Hilton Grand Vacations Inc.,34.73,2646.5,17,43,80,NA,NA,36,-32.4,-16.8,-20.8,LEISURE,5.3
MMI,Marcus & Millichap Inc.,28.6,1083.9,48,36,50,NA,NA,36,-10.5,10.2,1.6,REAL EST,-0.3
NP,Neptune Insurance Holdings Inc.,27.19,3721.8,34,46,55,NA,NA,36,-18.6,4.9,-9.3,INSURANCE,0
PRVA,Privia Health Group Inc.,20.28,2612.2,24,52,60,NA,NA,36,-25.4,-6.1,-16,SOFTWARE,3.3
WAFD,WaFd Inc.,29.92,2232.9,29,47,60,NA,NA,36,-21.6,-6.6,0,BANKS,7.5
DELHY,Delivery Hero SE ADR,4.06,12539.5,84,39,1,NA,NA,35.95,-3.2,112.2,38.4,RETAIL,0
FICO,Fair Isaac Corp.,695.46,14893.9,6,40,97,NA,NA,35.900000000000006,-45.9,-36.4,-62.4,SOFTWARE,0
SON,Sonoco Products Co.,48.02,4767.8,41,45,47,NA,NA,35.9,-15.8,-11.4,12.5,MISC,20.1
APP,AppLovin Corp.,278.78,94361.5,6,39,98,NA,NA,35.85,-48.7,-32.4,-52.5,SOFTWARE,212.9
NVCR,Novocure Ltd.,14.97,1770,55,38,38,NA,NA,35.85,-13.6,41.9,3.2,MEDICAL,-38.9
ELVN,Enliven Therapeutics Inc.,42.39,3331.6,67,33,29,NA,NA,35.8,-15.2,8.9,108.8,MEDICAL,-27
FITB,Fifth Third Bancorp,51,46070.1,51,45,34,NA,NA,35.8,-11.9,7.2,16.5,BANKS,12.2
HTLD,Heartland Express Inc.,11.33,902.5,49,31,54,NA,NA,35.8,-24,6.1,30.7,TRANSPORTATION,-6.6
IART,Integra LifeSciences Holdings Corp.,13.32,1033.6,40,36,59,NA,NA,35.8,-26.7,43.1,-8.1,MEDICAL,-39.9
LBRX,LB Pharmaceuticals Inc.,34.26,1116.8,89,31,4,NA,NA,35.8,2.5,27.2,126.3,MEDICAL,-15.7
TNDM,Tandem Diabetes Care Inc.,16.16,1149.4,50,38,44,NA,NA,35.8,4.8,-15.7,7.7,MEDICAL,-97.9
BKD,Brookdale Senior Living Inc.,10.9,2514.7,31,40,65,NA,NA,35.75,-30,-21.5,35.9,MEDICAL,-313.2
POWI,Power Integrations Inc.,53.4,3037.3,49,50,30,NA,NA,35.75,-26.9,3.8,36.8,CHIPS,3.1
RCI,Rogers Communications Inc. Cl B,30.55,16477.4,37,42,55,NA,NA,35.75,-2.9,-11.2,-12.6,TELECOM,48.9
SMG,Scotts Miracle-Gro Co.,50.52,2858.6,21,34,85,NA,NA,35.75,-24.7,-22.8,-12,AGRICULTURE,0
TRC,Tejon Ranch Co.,16.33,437.2,39,44,50,NA,NA,35.75,-11.9,-15,3.2,REAL EST,0
BIP,Brookfield Infrastructure Partners L.P.,37.43,23539,63,51,11,NA,NA,35.7,0.3,3.3,9,FINANCE,8
IRTC,iRhythm Holdings Inc.,107.2,3595.9,20,46,71,NA,NA,35.7,-14.9,-8.5,-39,MEDICAL,-36.6
ODFL,Old Dominion Freight Line Inc.,178.02,37193.6,42,40,51,NA,NA,35.7,-17.8,-11.9,24.6,TRANSPORTATION,23.9
SPH,Suburban Propane Partners L.P.,17.08,1118.8,43,51,36,NA,NA,35.7,-2.4,-13.7,-7.2,ENERGY,18.6
CHRW,C.H. Robinson Worldwide Inc.,135.05,16430.5,21,36,82,NA,NA,35.650000000000006,-28.4,-20.1,0.5,TRANSPORTATION,32.9
KTOS,Kratos Defense & Security Solutions Inc.,43.71,7888.1,12,33,97,NA,NA,35.650000000000006,-18.4,-41,-56.4,AEROSPACE/DEFENSE,1.3
CNXC,Concentrix Corp.,24.84,1576.7,39,50,42,NA,NA,35.65,6.1,-9.6,-47.7,SOFTWARE,-37.8
FE,FirstEnergy Corp.,44.26,25251.8,40,45,47,NA,NA,35.65,-7.2,-13.2,-4.6,UTILITY,8.2
KRG,Kite Realty Group Trust,24.13,4834.4,40,41,52,NA,NA,35.65,-15.3,-1.9,8.3,REAL EST,9.4
LSTR,Landstar System Inc.,169.05,5810.7,52,37,42,NA,NA,35.65,-17,2.3,36.5,TRANSPORTATION,13
AXGN,Axogen Inc.,36.31,2183.8,53,39,38,NA,NA,35.6,-21,11.2,111.6,MEDICAL,-13.5
DPZ,Domino's Pizza Inc.,302.87,9835.2,35,37,63,NA,NA,35.6,-1,-20.5,-28.4,RETAIL,0
ICL,ICL Group Ltd.,5.08,6531,49,35,48,NA,NA,35.6,0.6,-3.4,-20.7,AGRICULTURE,3.9
LND,BrasilAgro-Companhia Brasileira de Propriedades Agricolas ADR,3.7,363.6,55,49,23,NA,NA,35.6,2.5,-10.4,-1.1,AGRICULTURE,-4.3
SKYW,Skywest Inc.,97.71,3729.8,54,54,18,NA,NA,35.6,-1.1,5.3,-2.6,TRANSPORTATION,16.6
SR,Spire Inc.,78.17,4576.2,47,41,43,NA,NA,35.6,-0.4,-15.3,-4.1,UTILITY,8.2
XRN,Chiron Real Estate Inc.,34.28,490.1,51,41,38,NA,NA,35.6,-8.2,2.6,7.4,REAL EST,-1.1
LION,Lionsgate Studios Corp.,11.35,3323.7,59,32,39,NA,NA,35.55,-21.1,16.8,76.5,LEISURE,0
PRYMY,Prysmian S.p.A. ADR,73.23,42949.8,70,45,9,NA,NA,35.55,-10.7,20,41.2,MACHINE,22.3
BBWI,Bath & Body Works Inc.,17.93,3520.7,25,45,65,NA,NA,35.5,-18.2,-1,-32.2,RETAIL,0
LINC,Lincoln Educational Services Corp.,22.74,704.2,14,44,80,NA,NA,35.5,-58,-46.7,0,CONSUMER,10.6
NAVI,Navient Corp.,8.93,847.8,50,44,35,NA,NA,35.5,6.4,6.9,-30.6,FINANCE,-3.2
PMT,PennyMac Mortgage Investment Trust,8.03,686.3,11,39,90,NA,NA,35.5,-26.3,-32.8,-35.5,REAL EST,6.7
SATL,Satellogic Inc.,5.51,817.9,83,31,10,NA,NA,35.5,6.4,-21.8,46.2,AEROSPACE/DEFENSE,-127.6
CE,Celanese Corp.,44.85,4996.9,42,31,61,NA,NA,35.45,-5.9,-29.7,1.3,CHEMICAL,-24.8
HXGBY,Hexagon AB ADR,10.27,27318.5,66,55,1,NA,NA,35.45,21.6,8.7,-16.9,ELECTRNCS,5.9
MMED,MiniMed Group Inc.,19.64,5672,82,35,6,NA,NA,35.45,28.4,48.5,0,MEDICAL,-9.6
SKE,Skeena Resources Ltd.,31.35,3802.6,85,36,1,NA,NA,35.45,11.3,1.2,72.8,MINING,-146.4
STAG,STAG Industrial Inc.,36.12,6950.7,44,45,41,NA,NA,35.45,-7.6,-0.7,-0.8,REAL EST,7.8
TRU,TransUnion,63.42,12227.9,22,51,61,NA,NA,35.45,-20,-8,-17.2,FINANCE,10.5
ZVRA,Zevra Therapeutics Inc.,10.73,635.4,45,52,31,NA,NA,35.45,-23.2,10.2,0.8,MEDICAL,79.9
CRCL,Circle Internet Group Inc.,84.13,21250.9,57,43,27,NA,NA,35.4,22.5,-8.7,-43.4,FINANCE,-2.8
LOAR,Loar Holdings Inc.,61.28,5841.5,27,41,67,NA,NA,35.4,-24.6,4.9,-22.3,AEROSPACE/DEFENSE,6.4
TXT,Textron Inc.,75.53,13028,23,37,77,NA,NA,35.4,-19.5,-14.7,-13.5,AEROSPACE/DEFENSE,12.2
DANOY,Danone S.A. ADR,13.17,41572.6,18,37,83,NA,NA,35.35,-21.1,-17.7,-22.5,FOOD/BEV,10.7
APC,ARKO Petroleum Corp. Cl A,16.32,750.2,34,44,54,NA,NA,35.3,-13.2,-11.7,0,TRANSPORTATION,64.4
BF.B,Brown-Forman Corp. Cl B,26.35,12142,56,46,24,NA,NA,35.3,2.3,-1.4,-4.3,ALCOHL/TOB/THC,17.8
BHVN,Biohaven Ltd.,12.08,1959,40,34,59,NA,NA,35.3,-24.7,32,-23.9,MEDICAL,-310.8
COLD,Americold Realty Trust Inc.,13.86,4011,51,35,44,NA,NA,35.3,-14,20.3,3.1,REAL EST,-3.7
CZR,Caesars Entertainment Inc.,29.65,6042.1,69,29,29,NA,NA,35.3,-1.6,11,12.4,LEISURE,-13.1
DASH,DoorDash Inc.,193.62,83098.5,56,50,19,NA,NA,35.3,2.7,24.9,-31.3,RETAIL,10.5
NRILY,Nomura Research Institute Ltd. ADR,32.06,17250.5,56,50,19,NA,NA,35.3,2.3,14.6,-17.3,BUSINS SVC,3.6
SHECY,Shin-Etsu Chemical Co. Ltd. ADR,19.87,77689.3,52,46,29,NA,NA,35.3,-13,-2.7,14.9,CHEMICAL,10.6
TFC,Truist Financial Corp.,46.25,56597.9,41,44,45,NA,NA,35.25,-10.1,-2.9,2,BANKS,8.2
ATHM,Autohome Inc. ADR,20.72,2512.5,62,46,16,NA,NA,35.2,11.2,18.5,-28.1,INTERNET,5.9
CKHUF,CK Hutchison Holdings Ltd.,8.59,33508,80,40,1,NA,NA,35.2,7.1,12.2,29,MISC,0
LNT,Alliant Energy Corp.,65.49,16669.4,35,45,51,NA,NA,35.2,-14.5,-9.6,-3.9,UTILITY,11.3
MDRX,Veradigm Inc.,5,545,73,43,6,NA,NA,35.2,7.5,13.6,6.4,SOFTWARE,-31
PTON,Peloton Interactive Inc.,4.87,2198.7,28,36,71,NA,NA,35.2,-17,4.7,-41.6,LEISURE,0
TLN,Talen Energy Corp.,373.11,15697.5,56,52,16,NA,NA,35.2,-1.2,15.1,-13.3,UTILITY,-17.7
ULH,Universal Logistics Holdings Inc.,16.95,464.9,61,31,36,NA,NA,35.2,21.4,-18.5,-21.9,TRANSPORTATION,-16.8
CASH,Pathward Financial Inc.,73.06,1525.2,28,47,57,NA,NA,35.15,-18.8,-20.6,-1.3,BANKS,21.8
PRM,Perimeter Solutions Inc.,28.62,4594.7,51,44,32,NA,NA,35.15,-15.5,15,25,CHEMICAL,-18
ALMR,Alamar Biosciences Inc.,32.26,2645.9,81,36,4,NA,NA,35.05,25.7,0,0,MEDICAL,0
FPS,Forgent Power Solutions Inc. Cl A,41.35,11863.6,60,45,19,NA,NA,35.05,-12.9,37.1,0,MACHINE,17.4
IVT,InvenTrust Properties Corp.,29.75,2320.6,40,41,49,NA,NA,35.05,-15.7,-3.2,7.1,REAL EST,6.3
SGI,Somnigroup International Inc.,62.74,14341.6,19,46,69,NA,NA,35.05,-19.8,-15.6,-25.7,CONSUMER,20.9
WING,Wingstop Inc.,112.2,2910.6,8,41,89,NA,NA,35.05,-34.2,-31.9,-54,RETAIL,0
CBIO,Crescent Biopharma Inc.,13.57,517.8,34,30,70,NA,NA,35,-20,-30,17,MEDICAL,-147.8
DECK,Deckers Outdoor Corp.,81.66,10923.1,19,41,75,NA,NA,35,-22.7,-19.7,-20,CONSUMER,40.9
PDD,PDD Holdings Inc. ADR,78.4,110882.6,25,51,55,NA,NA,35,-6.4,-22.3,-41.6,RETAIL,26.7
AEG,Aegon Ltd. ADR,8.48,12754.3,64,43,16,NA,NA,34.95,-3.5,15.1,7.3,INSURANCE,13.4
CDRO,Codere Online Luxembourg S.A.,9.31,429.7,70,41,11,NA,NA,34.95,-2.8,10.6,36.9,LEISURE,5
SRGHY,Shoprite Holdings Ltd. ADR,19.24,10324.7,79,40,1,NA,NA,34.95,8.3,17.5,15.4,RETAIL,25.5
DNTH,Dianthus Therapeutics Inc.,85.4,4924.5,72,34,17,NA,NA,34.9,-8.5,-0.1,147.8,MEDICAL,-38.4
AVAV,AeroVironment Inc.,143.54,7079.3,12,33,93,NA,NA,34.85,-18.8,-24.2,-63.4,AEROSPACE/DEFENSE,-10
BSP,Bending Spoons S.p.A.,33.07,20403.2,39,42,48,NA,NA,34.85,-8.8,0,0,MISC,0
NI,NiSource Inc.,40.67,18966.6,32,45,53,NA,NA,34.85,-13.6,-13.7,-7.9,UTILITY,10.2
SOHU,Sohu.com Ltd. ADR,12.54,327.2,38,43,48,NA,NA,34.85,-0.8,-18,-18,SOFTWARE,35.9
CSV,Carriage Services Inc.,32.89,512.7,20,44,69,NA,NA,34.8,-14.1,-28.1,-30.4,CONSUMER,21.9
FVRR,Fiverr International Ltd.,8.47,308.8,11,52,70,NA,NA,34.75,-23.8,-17.6,-64.7,RETAIL,5.4
OLED,Universal Display Corp.,79.66,3668.2,33,54,40,NA,NA,34.75,-1.1,-12.4,-45.8,ELECTRNCS,14.3
ABX,Abacus Global Management Inc.,8.39,805.8,39,47,41,NA,NA,34.7,-30.1,4.7,39.8,FINANCE,8.6
ACDC,ProFrac Holding Corp.,4.88,865.1,65,33,26,NA,NA,34.7,3.9,-17.9,15.5,ENERGY,-39.7
FUJHY,Subaru Corp. ADR,7.96,11373.2,43,43,41,NA,NA,34.7,-0.2,0.8,-22.1,AUTO,3.4
UNCRY,UniCredit S.p.A. ADR,45.38,134883.1,71,47,1,NA,NA,34.7,-2.8,25.5,21.9,BANKS,18.2
ESTA,Establishment Labs Holdings Inc.,65.29,1980.9,41,36,52,NA,NA,34.65,-28.7,8.2,66,MEDICAL,-133.3
TCPC,BlackRock TCP Capital Corp.,3.99,333.9,60,41,22,NA,NA,34.65,22.8,6.4,-32.5,FINANCE,-12.9
YETI,YETI Holdings Inc.,40.25,2957.5,41,44,42,NA,NA,34.65,-16.9,8.4,17.3,LEISURE,23.8
BAM,Brookfield Asset Management Ltd. Cl A,45.21,73380.3,42,50,33,NA,NA,34.6,-3.8,2.2,-21.8,FINANCE,43.7
CLYM,Climb Bio Inc.,10.68,634.7,73,30,19,NA,NA,34.55,-19.5,58.5,490.1,MEDICAL,-32.1
DX,Dynex Capital Inc.,10.85,2687.6,23,44,64,NA,NA,34.55,-18.1,-15.9,-14.2,REAL EST,17.5
HOS,Hornbeck Offshore Services Inc.,7.72,1744,48,35,44,NA,NA,34.55,-9.3,-19.6,15.7,ENERGY,2
MKC.V,McCormick & Co. Inc. Com. Vtg.,46.81,12269.5,28,39,64,NA,NA,34.55,-8.6,-7.9,-31.3,FOOD/BEV,14.3
PLNT,Planet Fitness Inc. Cl A,42.25,3177.7,10,41,84,NA,NA,34.55,-19.4,-42.5,-56.9,LEISURE,0
SIRI,Sirius XM Holdings Inc.,26.36,8868.2,56,35,34,NA,NA,34.55,-14.3,12.7,15.9,TELECOM,7.1
ARCC,Ares Capital Corp.,18.64,13513.2,53,45,25,NA,NA,34.5,0.4,1.9,-7.4,FINANCE,9.4
HHH,Howard Hughes Holdings Inc.,73.28,4279.5,53,49,20,NA,NA,34.5,-2,14.4,-13.9,REAL EST,3.8
SVV,Savers Value Village Inc.,9.2,1417.6,48,42,35,NA,NA,34.5,-6,18.1,-29.2,RETAIL,5.3
ANZGY,ANZ Group Holdings Ltd. ADR,26.45,79032.4,75,42,1,NA,NA,34.45,8.9,4.3,17.5,BANKS,0
SPCX,Space Exploration Technologies Corp.,171.92,2321874.2,66,47,6,NA,NA,34.45,7.2,0,0,TELECOM,-14.7
DEO,Diageo PLC ADR,84.78,46359.9,61,39,22,NA,NA,34.4,3.8,13.1,-10.2,ALCOHL/TOB/THC,15.8
INGR,Ingredion Inc.,96.75,6107.7,39,37,52,NA,NA,34.4,-2.6,-15.3,-19.5,FOOD/BEV,18
BCRX,BioCryst Pharmaceuticals Inc.,7.95,2069.8,33,46,48,NA,NA,34.35,-21.8,-16.1,13.2,MEDICAL,0
DOC,Healthpeak Properties Inc.,19,13311,51,40,33,NA,NA,34.35,-12.6,14,-1.2,REAL EST,0.9
LQDA,Liquidia Corp.,25.91,2474,15,44,73,NA,NA,34.35,-67.3,-31.2,13.3,MEDICAL,-113
SRE,Sempra,79.97,51108.9,27,40,63,NA,NA,34.35,-14,-18.4,-13.5,UTILITY,5.8
SGP,SpyGlass Pharma Inc.,24.78,855.9,68,34,19,NA,NA,34.3,29.8,9.4,0,MEDICAL,-67.7
IDYA,IDEAYA Biosciences Inc.,36.63,3672.4,60,45,15,NA,NA,34.25,-7,13.3,33.2,MEDICAL,-10.9
IRS,IRSA-Inversiones y Representaciones S.A. GDR,14.27,1251.3,40,41,45,NA,NA,34.25,-11.4,-14.9,24.1,REAL EST,19.7
SUJA,Suja Life Inc.,10.25,364.2,46,43,35,NA,NA,34.25,1.2,0,0,FOOD/BEV,0
AS,Amer Sports Inc.,27.76,15982.7,20,40,71,NA,NA,34.2,-20.3,-18.1,-18.6,CONSUMER,7.9
GIL,Gildan Activewear Inc.,41.72,7537.2,15,37,81,NA,NA,34.2,-19.4,-24.1,-31.7,CONSUMER,15.7
LGRDY,Legrand S.A. ADR,33.25,41966.2,65,51,1,NA,NA,34.2,1.8,5.9,-1.2,MACHINE,17.2
POST,Post Holdings Inc.,73.32,3194.8,18,33,82,NA,NA,34.150000000000006,-17.2,-27,-31.3,FOOD/BEV,8.6
TR,Tootsie Roll Industries Inc.,37.36,2868.4,46,37,42,NA,NA,34.15,-2.7,-14.8,-11.2,FOOD/BEV,11
WLFC,Willis Lease Finance Corp.,42.85,905.8,17,46,67,NA,NA,34.15,-46.4,-27.9,-6,FINANCE,17
CRI,Carter's Inc.,33.83,1186.5,43,39,43,NA,NA,34.1,-13.5,-5.9,13.3,CONSUMER,10.1
DBD,Diebold Nixdorf Inc.,65.48,2227.9,31,43,53,NA,NA,34.1,-22.2,-16,12.3,BUSINS SVC,9.3
GPOR,Gulfport Energy Corp.,161.24,2791.2,36,54,33,NA,NA,34.1,-2.4,-21.7,-13.8,ENERGY,23.9
AEBI,Aebi Schmidt Holding AG,11.32,864.5,51,38,34,NA,NA,34.05,-3.2,21.1,-7.6,MACHINE,1.6
BLTE,Belite Bio Inc. ADR,155.61,6410.5,69,32,19,NA,NA,34.05,1,-9.1,99.2,MEDICAL,-16.9
RKLB,Rocket Lab Corp.,75.06,43699.5,46,31,49,NA,NA,34.05,-19.4,10.9,28.3,AEROSPACE/DEFENSE,-18.8
SVNDY,Seven & I Holdings Co. Ltd. ADR,12.43,28977.3,43,30,54,NA,NA,34.05,-3.1,-9.5,-5.6,RETAIL,7.8
CNA,CNA Financial Corp.,46.21,12504.5,41,43,40,NA,NA,34,-10.6,-0.3,-1.2,INSURANCE,11.5
LVS,Las Vegas Sands Corp.,36.31,23712.3,13,35,85,NA,NA,34,-22,-33.2,-30.5,LEISURE,72.7
CCEC,Capital Clean Energy Carriers Corp.,20.79,1246.8,48,51,21,NA,NA,33.95,-5.4,10.6,-5.9,TRANSPORTATION,8
LAD,Lithia Motors Inc.,292.51,6660.9,49,38,36,NA,NA,33.95,-5.3,13.6,-6.7,RETAIL,12.4
TTAN,ServiceTitan Inc. Cl A,68.67,6961.1,29,42,56,NA,NA,33.95,-11.7,9,-32.1,SOFTWARE,-10.7
INFY,Infosys Ltd. ADR,10.55,42963.8,27,43,57,NA,NA,33.9,-3,-23,-36.8,BUSINS SVC,31.7
RZLT,Rezolute Inc.,4.32,418.8,52,30,42,NA,NA,33.9,-12.4,32.5,-51,MEDICAL,-59
SVIA,Silvia Inc.,4.18,395,85,29,2,NA,NA,33.9,153.3,120,-58.9,SOFTWARE,-13.8
O,Realty Income Corp.,54.25,50878.1,32,41,53,NA,NA,33.85,-14.1,-12.3,-9.4,REAL EST,2.7
TSLA,Tesla Inc.,380.68,1495812.1,36,53,33,NA,NA,33.85,-9.3,7.9,-16,AUTO,4.9
GBDC,Golub Capital BDC Inc.,12.19,3214.5,41,43,39,NA,NA,33.8,-5.3,-4.8,-11,FINANCE,9.4
VNO,Vornado Realty Trust,33.52,6754.1,40,40,44,NA,NA,33.8,-17.6,31.3,-18.7,REAL EST,16.2
BMI,Badger Meter Inc.,123.73,3620.2,18,49,60,NA,NA,33.75,-17.4,-20.4,-31.6,MACHINE,21.5
AXON,Axon Enterprise Inc.,418.62,33454.4,15,42,72,NA,NA,33.65,-32.7,1.3,-42,BUSINS SVC,4.5
BNL,Broadstone Net Lease Inc.,18.63,3530.8,45,40,37,NA,NA,33.65,-11.7,0.6,0.1,REAL EST,3.3
COMP,Compass Inc. Cl A,9.29,7131.4,39,34,52,NA,NA,33.65,-28.5,36.6,21.6,SOFTWARE,-9.8
HSY,Hershey Co.,160.8,32351.1,29,36,62,NA,NA,33.65,-9.4,-22.7,-17.6,FOOD/BEV,18.9
UDR,UDR Inc.,33.91,17670,33,40,52,NA,NA,33.65,-17.2,-2.5,-5.9,REAL EST,11.2
SAIA,Saia Inc.,341.65,9233.2,39,37,48,NA,NA,33.6,-18.2,-8.2,10.5,TRANSPORTATION,10.4
SBAC,SBA Communications Corp.,169.7,17167.2,41,39,43,NA,NA,33.6,-6,-20.1,-10,REAL EST,0
SFM,Sprouts Farmers Market Inc.,65.17,6053.6,17,35,78,NA,NA,33.6,-24.7,-15.8,-36,RETAIL,38.4
ALX,Alexander's Inc.,245.49,1252.5,50,41,29,NA,NA,33.55,-9.9,7.5,2.2,REAL EST,19.7
KNOP,Knot Offshore Partners LP,10.25,359,59,48,9,NA,NA,33.55,-1,-0.3,18.9,TRANSPORTATION,3.7
SUHJY,Sun Hung Kai Properties Ltd. ADR,13.43,38774.2,45,33,45,NA,NA,33.5,-8.5,-19.7,12.1,REAL EST,3.4
DOW,Dow Inc.,28.16,20593.9,62,27,31,NA,NA,33.45,3,-30.6,20.2,CHEMICAL,-15.8
EDN,Empresa Distribuidora y Comercializadora Norte S.A. Cl B ADR,20.94,1000.9,27,38,61,NA,NA,33.45,-17.5,-32.8,34.9,UTILITY,12.8
GDOT,Green Dot Corp. Cl A,12.4,713.5,49,44,26,NA,NA,33.45,-6.5,10.7,-3.4,FINANCE,-11.2
NPSNY,Naspers Ltd. ADR,8.54,31553.3,18,45,63,NA,NA,33.35,-14.5,-18.5,-42.9,MEDIA,22
CAE,CAE Inc.,23.73,7618,29,33,64,NA,NA,33.3,-11,-11.4,-17.9,AEROSPACE/DEFENSE,6.3
ENTA,Enanta Pharmaceuticals Inc.,12.17,367,31,42,50,NA,NA,33.25,-16.1,-8.2,7.2,MEDICAL,-84.6
FRME,First Merchants Corp.,39.67,2497.6,49,44,25,NA,NA,33.25,-8.7,-0.8,3.1,BANKS,9.5
HEINY,Heineken N.V. ADR,39.47,43128.8,47,38,35,NA,NA,33.25,-8.1,1.1,2.7,ALCOHL/TOB/THC,10.3
ALKT,Alkami Technology Inc.,14.11,1513.2,14,34,81,NA,NA,33.2,-25.5,-15.9,-41.8,SOFTWARE,-13.3
DIDIY,DiDi Global Inc. ADR,3.74,16722.5,37,47,36,NA,NA,33.2,1.4,-5.3,-45,LEISURE,1
FANUF,Fanuc Corp.,40.77,36218.7,61,51,1,NA,NA,33.2,-9.4,14.7,35.9,MACHINE,9.3
TSLX,Sixth Street Specialty Lending Inc.,17.27,1677.1,43,45,31,NA,NA,33.2,0.4,-6.9,-22.4,FINANCE,10.6
BIPC,Brookfield Infrastructure Corp.,37.72,4946.2,39,40,42,NA,NA,33.15,-4.2,-6.9,-14.5,FINANCE,0
GOLF,Acushnet Holdings Corp.,82.96,4870.4,28,39,57,NA,NA,33.15,-29.2,-12.6,2.5,LEISURE,24.3
PEP,PepsiCo Inc.,125.71,171498.6,29,34,62,NA,NA,33.15,-12.3,-19.8,-10,FOOD/BEV,42.9
TAP,Molson Coors Beverage Co. Cl B,36.91,6865.9,34,36,53,NA,NA,33.1,-5,-17,-19.1,ALCOHL/TOB/THC,-18.3
CHCT,Community Healthcare Trust Inc.,13.63,382.8,23,34,69,NA,NA,33.05,-24.5,-15,-5.9,REAL EST,0.5
BC,Brunswick Corp.,64.98,4200.8,29,35,60,NA,NA,33,-18,-11.5,0.6,LEISURE,-7.7
ISOU,IsoEnergy Ltd.,10.38,619,61,39,15,NA,NA,33,0.6,-3.2,1.7,MINING,-0.3
TRNO,Terreno Realty Corp.,64.23,7021,55,41,20,NA,NA,33,-6.1,2.5,10,REAL EST,10.3
CFRUY,Compagnie Financiere Richemont S.A. ADR,20.88,123267.3,55,36,26,NA,NA,32.95,-7.9,16.6,8.7,CONSUMER,15.6
ORI,Old Republic International Corp.,38.01,9123.8,35,44,41,NA,NA,32.95,-8.6,-5.8,-12.4,INSURANCE,16.2
LAR,Lithium Argentina AG,5.58,904.3,30,32,62,NA,NA,32.9,-29.7,-24.8,26.2,MINING,-9.5
WERN,Werner Enterprises Inc.,32.81,2048.2,43,30,48,NA,NA,32.85,-23.7,5.9,15.1,TRANSPORTATION,-1
PHOE,Phoenix Asia Holdings Ltd.,19.26,414.1,80,28,4,NA,NA,32.8,-1.3,28.4,62.5,BUILDING,-26
BA,Boeing Co.,189.82,152320.1,27,36,60,NA,NA,32.75,-19.1,-10.6,-13.6,AEROSPACE/DEFENSE,289
TFII,TFI International Inc.,113.94,9452.8,44,31,45,NA,NA,32.75,-19.1,-0.1,22.3,TRANSPORTATION,11.6
ENOV,Enovis Corp.,18.2,1077.8,12,34,81,NA,NA,32.7,-29.7,-20,-41.8,MEDICAL,-58.4
PRME,Prime Medicine Inc.,3.5,582.2,32,38,51,NA,NA,32.7,-12.3,4.8,-42.4,MEDICAL,-146.8
MDXG,MiMedx Group Inc.,4.62,663.2,56,45,12,NA,NA,32.65,13.5,19.1,-36.8,MEDICAL,21.6
SCHL,Scholastic Corp.,37.01,688.7,46,43,27,NA,NA,32.65,-19.9,-4.9,29,MEDIA,6.7
ARTV,Artiva Biotherapeutics Inc.,7.27,348.6,61,27,28,NA,NA,32.6,-23,-0.3,148.1,MEDICAL,-56.5
BBAR,Banco BBVA Argentina S.A. ADR,13.59,2864.9,26,42,53,NA,NA,32.6,-34.5,-14.5,62.4,BANKS,8.2
CTNM,Contineum Therapeutics Inc.,12.65,478.5,37,35,48,NA,NA,32.6,-18.5,-5.9,14.2,MEDICAL,-26.1
NOC,Northrop Grumman Corp.,483.11,67637.6,24,32,68,NA,NA,32.6,-11.8,-30.6,-21.9,AEROSPACE/DEFENSE,26.2
CDLR,Cadeler A/S ADR,22.04,2114.9,51,48,14,NA,NA,32.55,-6.8,-8.6,3.7,TRANSPORTATION,20.8
CMP,Compass Minerals International Inc.,22.7,951.3,40,31,49,NA,NA,32.55,-23.8,-3.2,21.9,CHEMICAL,-29
GSBD,Goldman Sachs BDC Inc.,9.03,1018.8,50,40,25,NA,NA,32.5,-1.6,-2.4,-9.3,FINANCE,8
VIPS,Vipshop Holdings Ltd. ADR,12.75,6043.6,28,42,50,NA,NA,32.5,-4.4,-15.1,-37.5,RETAIL,17.8
DHLGY,DHL AG ADR,31.56,70155,75,34,1,NA,NA,32.45,-1.1,17.6,37.3,TRANSPORTATION,15.6
FPAFY,First Pacific Co. Ltd. ADR,3.06,2593.2,33,36,51,NA,NA,32.45,-5.3,-11.2,-24.6,TELECOM,15.9
KGFHY,Kingfisher PLC ADR,8.74,7028.4,78,31,1,NA,NA,32.45,16.7,16.7,7.5,RETAIL,4
KTB,Kontoor Brands Inc.,65.8,3508.8,27,38,56,NA,NA,32.45,-24.5,-5.5,-19.7,CONSUMER,47.1
NNNN,Anbio Biotechnology,4.9,695,2,42,82,NA,NA,32.400000000000006,-59.3,-81.3,-84.2,MEDICAL,27.2
ABUS,Arbutus Biopharma Corp.,4.48,925.2,42,42,32,NA,NA,32.4,-9.9,0.4,3.2,MEDICAL,-38.5
COO,Cooper Cos.,56.43,10795.1,17,39,67,NA,NA,32.4,-22.3,-19.7,-19.5,MEDICAL,4.6
VALE,Vale S.A. ADR,14.08,57101.9,52,44,17,NA,NA,32.4,-6.7,-12.8,24.7,MINING,7.4
CWEN,Clearway Energy Inc. Cl C,30.73,6059.7,36,43,38,NA,NA,32.35,-7.2,-22.5,-5,ENERGY,8.5
DGICA,Donegal Group Inc. Cl A,18.19,672.9,47,44,23,NA,NA,32.35,-4.6,5.5,-6.5,INSURANCE,13.4
INMD,InMode Ltd.,13.99,813.1,48,39,28,NA,NA,32.35,-4.2,2,-8.1,MEDICAL,13.5
MNTN,MNTN Inc.,10.05,754,33,34,53,NA,NA,32.35,-11.8,8.1,-44.7,BUSINS SVC,-3.5
SLG,SL Green Realty Corp.,48.4,3667.8,55,36,23,NA,NA,32.35,-6.1,31.8,-17.9,REAL EST,-2.2
TKO,TKO Group Holdings Inc.,176.46,33508.3,33,46,38,NA,NA,32.35,-8.2,-10.4,-10.9,MEDIA,5
CRWV,CoreWeave Inc. Cl A,91.72,48198.8,67,39,4,NA,NA,32.3,6.1,13.3,-31.5,INTERNET,-50.3
FSV,FirstService Corp.,128.81,5863.8,29,33,59,NA,NA,32.3,-10.9,-8.9,-30.8,REAL EST,11.3
UA,Under Armour Inc. Cl C,4.72,1992.1,26,28,69,NA,NA,32.3,-28.9,-18.2,-2.5,CONSUMER,-30
UAA,Under Armour Inc. Cl A,4.88,1992.1,26,28,69,NA,NA,32.3,-28.3,-17.3,-2.4,CONSUMER,-30
IRT,Independence Realty Trust Inc.,14.73,3557.6,32,37,50,NA,NA,32.25,-14.1,-2.3,-8.8,REAL EST,1.6
TNGX,Tango Therapeutics Inc.,21.9,3891.5,57,32,25,NA,NA,32.25,-26.9,7.9,188.9,MEDICAL,-37.2
AAUC,Allied Gold Corp.,20.19,2766.8,27,37,56,NA,NA,32.2,-16.1,-35.3,12,MINING,-13.8
BCC,Boise Cascade Co.,75.45,2611.3,57,39,16,NA,NA,32.2,0.2,2.3,0.4,RETAIL,6.3
KXIAY,Kioxia Holdings Corp. ADR,34.85,199227.2,70,38,1,NA,NA,32.2,-30.6,144.2,727,CHIPS,51.9
MAGN,Magnera Corp.,11.71,418.1,47,33,36,NA,NA,32.2,-7.7,26.6,-1.2,MISC,0
SUZ,Suzano S/A ADR,8.4,10542.2,49,39,26,NA,NA,32.2,5.3,-13,-10.3,MISC,36.3
UHAL,U-Haul Holding Co.,60.67,10591.7,61,39,11,NA,NA,32.2,-9.1,24.7,7.6,FINANCE,0.6
AA,Alcoa Corp.,43.17,11477.4,32,39,47,NA,NA,32.15,-13.4,-39.2,27.8,MINING,20.5
DAN,Dana Inc.,28.43,3022.9,74,29,7,NA,NA,32.15,8.8,-14.7,45.6,AUTO,-6.4
MOMO,Hello Group Inc. ADR,4.77,666.5,17,38,67,NA,NA,32.15,-20.4,-20.9,-35.5,INTERNET,7.2
RYAAY,Ryanair Holdings PLC ADR,55.87,27482.8,28,55,32,NA,NA,32.15,-16.7,-4.8,-6.7,TRANSPORTATION,26.2
ANRO,Alto Neuroscience Inc.,23.69,942.2,66,28,18,NA,NA,32.1,-9.6,5.1,262.2,MEDICAL,-41.8
BGSI,Boyd Group Services Inc.,77,2189.8,10,28,88,NA,NA,32.1,-20.8,-38.3,-51.9,RETAIL,1.4
CPT,Camden Property Trust,97.65,13168.3,33,37,48,NA,NA,32.1,-16.5,-3.4,-5.2,REAL EST,8.5
EMA,Emera Inc.,46.64,14730.8,36,38,43,NA,NA,32.1,-10.9,-11.1,-2.9,UTILITY,8.2
FIZZ,National Beverage Corp.,30.02,2793.5,36,42,38,NA,NA,32.1,-7.2,-12,-18.8,FOOD/BEV,34
IONQ,IonQ Inc.,43.29,17408.8,40,42,33,NA,NA,32.1,-11.4,48.1,-45.2,COMPUTER,-24.4
KC,Kingsoft Cloud Holdings Ltd. ADR,9.35,2760.5,37,37,43,NA,NA,32.1,2.4,-31.1,-39,SOFTWARE,-12.8
EROK,EagleRock Land LLC,21.77,2839.5,59,30,24,NA,NA,32.05,3.5,0,0,ENERGY,0
HMH,HMH Holding Inc.,18.9,845.7,58,35,19,NA,NA,32.05,2.9,1.6,0,ENERGY,6.8
LXU,LSB Industries Inc.,10.17,732.9,49,32,34,NA,NA,32.05,-5.6,-32.2,12.3,AGRICULTURE,4.9
MANE,Veradermics Inc.,108.96,4966.4,68,33,9,NA,NA,32.05,-10.7,70.7,0,MEDICAL,-70
OBX,Obsidian Therapeutics Inc.,13.22,854.9,69,24,19,NA,NA,32.05,-25,60.8,267.2,MEDICAL,0
ARDT,Ardent Health Inc.,10.68,1488,62,38,10,NA,NA,32,-1.3,19.3,-25.8,MEDICAL,11.2
LYFT,Lyft Inc. Cl A,15.76,5954.4,53,43,15,NA,NA,32,2.4,15,-27.5,LEISURE,140.8
MIAX,Miami International Holdings Inc.,30.79,3405.6,14,38,70,NA,NA,32,-26.4,-26,-29.6,FINANCE,-11.2
MZTI,Marzetti Co.,100.2,2715.2,20,40,60,NA,NA,32,-10.8,-29.9,-39.3,FOOD/BEV,18.6
BATRB,Atlanta Braves Holdings Inc. Series B,62.75,3359.4,56,39,16,NA,NA,31.95,-10.4,10.1,19.5,LEISURE,-4.5
KRYAY,Kerry Group PLC ADR,97.9,15120.5,74,33,1,NA,NA,31.95,4,25.5,9.8,FOOD/BEV,10.8
BMA,Banco Macro S.A. ADR,68.55,4990.1,30,40,47,NA,NA,31.9,-27.3,-10.7,57.4,BANKS,6.2
MGDDY,Compagnie Generale des Etablissements Michelin ADR,18.84,25673.3,59,35,17,NA,NA,31.9,-6,10,3.2,AUTO,9.3
OTIS,Otis Worldwide Corp.,66.45,25078.5,27,37,54,NA,NA,31.8,-9.6,-14.9,-26.8,MACHINE,0
SNDA,Sonida Senior Living Corp.,37.12,1764.3,63,41,4,NA,NA,31.8,-9.9,14.3,40.7,MEDICAL,-81.2
GENB,Generate Biomedicines Inc.,13.8,1785.4,42,29,45,NA,NA,31.75,-18.4,14,0,MEDICAL,-73.7
IMVT,Immunovant Inc.,32.11,6867.9,64,27,20,NA,NA,31.75,-16.8,29,94,MEDICAL,-64.8
PRTA,Prothena Corp. PLC,8.02,424.6,24,30,66,NA,NA,31.700000000000003,-15.6,-20.1,-18.7,MEDICAL,-63.6
CIXPF,CaixaBank S.A.,13.88,95454.8,76,30,1,NA,NA,31.7,0.5,12.3,38.2,BANKS,0
RKT,Rocket Cos. Inc.,11.59,33073.6,13,29,81,NA,NA,31.7,-25.5,-22.9,-31.6,FINANCE,-0.6
AMR,Alpha Metallurgical Resources Inc.,176.98,2201.1,58,34,18,NA,NA,31.6,12.3,-15,4.5,ENERGY,-3.9
ARQQ,Arqit Quantum Inc.,23.43,412.1,61,39,8,NA,NA,31.6,5.9,75.9,-56.5,SOFTWARE,-181.4
CMS,CMS Energy Corp.,65.07,20078.3,28,40,48,NA,NA,31.6,-14.7,-16.9,-11.1,UTILITY,12.3
IBP,Installed Building Products Inc.,192.85,5079.5,21,39,58,NA,NA,31.6,-14.6,-27.9,-19.5,BUILDING,37.5
NBHC,National Bank Holdings Corp.,38.26,1683.1,37,39,38,NA,NA,31.6,-13.8,-4.6,-0.7,BANKS,8.1
ZTS,Zoetis Inc.,71.33,29508.3,21,47,48,NA,NA,31.6,-5.4,-39.7,-50.9,MEDICAL,66
CVLG,Covenant Logistics Group Inc. Cl A,33.09,842.3,58,29,24,NA,NA,31.55,-24.2,18.3,52.1,TRANSPORTATION,1
HELE,Helen of Troy Ltd.,25.32,597.2,65,30,14,NA,NA,31.55,-8,62.3,-3.8,CONSUMER,-72.5
MICC,Magnum Ice Cream Co. N.V.,17.18,10465.8,59,32,19,NA,NA,31.55,-8.4,17.6,0,FOOD/BEV,18.3
MKC,McCormick & Co. Inc.,45.4,12269.5,23,32,64,NA,NA,31.55,-12.3,-10.6,-33.5,FOOD/BEV,14.3
WOLF,Wolfspeed Inc.,31.83,1774.8,65,38,4,NA,NA,31.55,-19.4,76.3,21.6,CHIPS,1.8
AQST,Aquestive Therapeutics Inc.,4.61,573.6,56,30,25,NA,NA,31.5,8.7,12.7,-22.8,MEDICAL,0
ASTE,Astec Industries Inc.,41.26,957.9,18,43,56,NA,NA,31.450000000000003,-29.8,-25.3,-14.9,MACHINE,5.9
LWAY,Lifeway Foods Inc.,20.46,317.2,23,34,61,NA,NA,31.450000000000003,-31,-10.1,-20.7,FOOD/BEV,17.6
RSI,Rush Street Interactive Inc.,20.56,4864.9,30,35,51,NA,NA,31.450000000000003,-36.2,-7.1,10,LEISURE,29.5
DFTX,Definium Therapeutics Inc.,35.62,4868.1,74,27,6,NA,NA,31.45,-19.6,74.4,191.5,MEDICAL,-64.1
DKILY,Daikin Industries Ltd. ADR,13.12,38029.3,43,38,31,NA,NA,31.45,-18.5,7.5,9.2,BUILDING,9.3
SMMT,Summit Therapeutics Inc.,17.31,13777.1,53,32,26,NA,NA,31.45,8.7,-7.4,-21.9,MEDICAL,-206.1
SGML,Sigma Lithium Corp.,9.71,1045.6,26,34,57,NA,NA,31.4,-21.5,-33.1,28.3,MINING,-67.4
SNDX,Syndax Pharmaceuticals Inc.,17.37,1592.2,24,40,52,NA,NA,31.4,-21.3,-28.5,5.9,MEDICAL,-161.8
SRAD,Sportradar Group AG Cl A,12.18,3766,10,38,72,NA,NA,31.4,-24.4,-28.3,-52.4,LEISURE,10.7
ASMB,Assembly Biosciences Inc.,22.18,463,18,33,68,NA,NA,31.35,-23.2,-24.1,-9.4,MEDICAL,-5.1
PBH,Prestige Consumer Healthcare Inc.,46.44,2160.3,30,37,48,NA,NA,31.35,-5,-15.8,-26.5,CONSUMER,10.2
DOLE,Dole PLC,12.72,1209.1,36,34,44,NA,NA,31.3,-8.8,-14.7,-3.9,AGRICULTURE,7.3
DSGN,Design Therapeutics Inc.,11.97,777.3,58,28,24,NA,NA,31.3,-19.4,-4.5,88.5,MEDICAL,-30.7
OCSL,Oaktree Specialty Lending Corp.,11.7,1042.1,48,34,29,NA,NA,31.3,-2.7,0.7,-8.6,FINANCE,2.3
TKC,Turkcell Iletisim Hizmetleri A.S. ADR,5.17,4463.6,30,36,49,NA,NA,31.3,-11.6,-14.4,-13.5,TELECOM,7.9
FLGT,Fulgent Genetics Inc.,20.58,617.7,50,47,10,NA,NA,31.25,-3.8,25.3,-10.6,MEDICAL,-5.4
OCTV,Octave Intelligence PLC Cl B,19.72,5398.3,60,41,5,NA,NA,31.25,8.1,0,0,SOFTWARE,3.2
DOO,BRP Inc.,56.09,3915.3,31,37,46,NA,NA,31.200000000000003,-5.9,-23.4,-16,LEISURE,80.3
IVA,Inventiva S.A. ADR,3.46,802.8,20,28,71,NA,NA,31.200000000000003,-11.3,-39,-44.6,MEDICAL,0
LMB,Limbach Holdings Inc.,51.35,595.5,9,47,61,NA,NA,31.200000000000003,-35.7,-35.9,-44.9,BUILDING,22.4
FVR,FrontView REIT Inc.,16.41,480.7,43,33,36,NA,NA,31.2,-20.8,3.5,19.3,REAL EST,-1.1
ASR,Grupo Aeroportuario del Sureste S.A.B. de C.V. ADR,240.79,7162.3,16,35,67,NA,NA,31.15,-22,-29.1,-24,REAL EST,22.7
BLBD,Blue Bird Corp.,57.19,1806.5,37,46,27,NA,NA,31.15,-26.6,-0.4,7.7,TRANSPORTATION,61.6
CARS,Cars.com Inc.,9.45,519.3,31,32,52,NA,NA,31.15,-17.1,5.9,-24.7,RETAIL,4.1
APTV,Aptiv PLC,44.72,9113,13,33,73,NA,NA,31.1,-25.1,-25.9,-39.7,AUTO,1.8
BYD,Boyd Gaming Corp.,70.41,4992.2,22,36,58,NA,NA,31.1,-20.7,-16.5,-17.6,LEISURE,88
CGON,CG Oncology Inc.,63.64,6090.5,66,32,8,NA,NA,31.1,-8.1,-5.8,66.9,MEDICAL,-21.7
LCLN,Lincoln International Inc.,23.94,2462.8,61,37,8,NA,NA,31.1,2,0,0,BANKS,54.8
NHI,National Health Investors Inc.,65.54,3193.2,26,36,53,NA,NA,31.1,-13.8,-21,-15.1,REAL EST,9.8
BBIO,BridgeBio Pharma Inc.,66.96,12929.9,38,39,34,NA,NA,31.05,-13.9,-7.4,22.6,MEDICAL,0
CBRS,Cerebras Systems Inc.,177.1,40639.7,36,37,39,NA,NA,31.05,-7.8,0,0,CHIPS,14.2
ALHC,Alignment Healthcare Inc.,8.37,1763.2,5,39,75,NA,NA,31,-65.9,-55.2,-51.1,MEDICAL,-0.5
AOS,A.O. Smith Corp.,56.9,7742.7,31,37,45,NA,NA,31,-8.9,-12,-21.4,BUILDING,29.2
FLOC,Flowco Holdings Inc. Cl A,18.56,1670.6,56,32,20,NA,NA,31,-2.2,-10.3,19.9,ENERGY,7.8
TIC,TIC Solutions Inc.,8.85,1802.5,60,36,10,NA,NA,31,8.2,25,-35.6,BUSINS SVC,-5.2
BYDDF,BYD Co. Ltd.,9.56,96489.2,23,36,56,NA,NA,30.950000000000003,-10.2,-27.8,-31.7,AUTO,16.1
CPRT,Copart Inc.,26.82,25613,24,35,56,NA,NA,30.950000000000003,-8.3,-18.3,-39.7,RETAIL,16.2
IDR,Idaho Strategic Resources Inc.,27.59,441.1,21,38,56,NA,NA,30.950000000000003,-13.3,-21.2,-31.6,MINING,22.9
LZM,Lifezone Metals Ltd.,3.84,344.4,49,42,16,NA,NA,30.95,-0.5,0.5,-31.6,MINING,-16.7
STRW,Strawberry Fields REIT Inc.,13.1,725.8,59,44,1,NA,NA,30.95,-3.5,3.6,10.2,REAL EST,50
AUR,Aurora Innovation Inc.,5.75,11523.8,59,30,18,NA,NA,30.85,-15.3,36.9,4,AUTO,-40.6
BNTX,BioNTech SE ADR,95.73,24527.6,59,38,8,NA,NA,30.85,1.9,4.9,-9,MEDICAL,-6
GHRS,GH Research PLC,21.52,1521.8,70,27,8,NA,NA,30.85,-17.8,42.1,64.8,MEDICAL,-21
HLMN,Hillman Solutions Corp.,7.04,1354,26,31,58,NA,NA,30.85,-11.4,-13.9,-24.2,RETAIL,3.3
KT,KT Corp. ADR,19,9307.4,57,32,18,NA,NA,30.85,7.7,-10.6,-2.7,TELECOM,10.5
LADR,Ladder Capital Corp. Cl A,8.68,1080.9,29,32,53,NA,NA,30.85,-11,-11.2,-16.3,REAL EST,4.3
MOH,Molina Healthcare Inc.,195.17,10129.4,55,38,13,NA,NA,30.85,-14.3,36.1,-2.7,MEDICAL,11
PVLA,Palvella Therapeutics Inc.,128,1904.2,65,28,13,NA,NA,30.85,-8.8,6.8,88.4,MEDICAL,-92.1
ZYME,Zymeworks Inc.,25.65,1874.3,67,33,4,NA,NA,30.8,1.3,-0.7,53.7,MEDICAL,-26.7
AAT,American Assets Trust Inc.,21.5,1311,51,32,25,NA,NA,30.75,-14.5,16.2,6.6,REAL EST,4.9
INSM,Insmed Inc.,105.23,22674.6,24,35,55,NA,NA,30.75,-5.7,-35.8,-33.5,MEDICAL,-249.3
PCAR,Paccar Inc.,109.32,57563.3,40,31,40,NA,NA,30.75,-13.2,-7.6,11,AUTO,12.9
SSYS,Stratasys Ltd.,8.56,751.5,52,39,15,NA,NA,30.75,1.1,6.6,-27.9,MACHINE,-12.7
MTSUY,Mitsubishi Corp. ADR,29.82,99662.3,74,28,1,NA,NA,30.7,7.4,-11.9,26.8,MISC,0
ETD,Ethan Allen Interiors Inc.,21.07,531.3,43,46,17,NA,NA,30.65,-0.8,-3.7,-25.2,RETAIL,8.4
FCN,FTI Consulting Inc.,137.61,3810.9,26,39,47,NA,NA,30.65,-11.6,-25.2,-14.6,BUSINS SVC,13.6
ORC,Orchid Island Capital Inc.,5.07,996.9,13,36,67,NA,NA,30.65,-26.4,-29.4,-28.3,REAL EST,15.6
PENN,PENN Entertainment Inc.,15.91,2024.4,33,28,52,NA,NA,30.65,-24.8,8.5,-14,LEISURE,-35.9
CCU,Compania Cervecerias Unidas S.A. ADR,11.09,2048.1,47,37,23,NA,NA,30.6,-1.8,-7.3,-5.2,ALCOHL/TOB/THC,7.8
CV,CapsoVision Inc.,6.5,350.4,47,29,33,NA,NA,30.6,-1.7,-3,42.1,MEDICAL,-184.9
ROCK,Gibraltar Industries Inc.,40.8,1196.9,36,36,38,NA,NA,30.6,-5.6,6.6,-36.8,METALS,9.8
EMN,Eastman Chemical Co.,64.11,7427.7,43,32,34,NA,NA,30.55,-7,-12.5,0.6,CHEMICAL,8.1
NXE,NexGen Energy Ltd.,9.43,6091.4,47,32,29,NA,NA,30.55,-2.6,-18,4.3,MINING,-20.6
EFX,Equifax Inc.,142.48,16753.3,16,42,55,NA,NA,30.5,-17.1,-21.7,-40,FINANCE,14
NPB,Northpointe Bancshares Inc.,15.55,531.2,26,40,45,NA,NA,30.5,-18.2,-12.1,-12.9,BANKS,16.2
TAC,Transalta Corp.,13.12,3948.3,50,36,20,NA,NA,30.5,-3.6,-3.8,-10.6,UTILITY,-8.8
VTS,Vitesse Energy Inc.,16.96,717.9,54,40,10,NA,NA,30.5,13,-6.8,-27.8,FINANCE,4.5
CRSP,CRISPR Therapeutics AG,54,5544.4,38,31,41,NA,NA,30.450000000000003,-12.7,9.9,-23.1,MEDICAL,-30.2
BOC,Boston Omaha Corp.,13.02,398.3,45,40,21,NA,NA,30.45,-12,3.4,-2.3,MISC,-2.4
BTI,British American Tobacco PLC ADR,53.01,113136.2,35,38,36,NA,NA,30.45,-13.7,-9.7,3.6,ALCOHL/TOB/THC,16
HSLV,Highlander Silver Corp.,5.18,1074.5,73,28,1,NA,NA,30.45,1.2,-11.9,70.2,MINING,-21.3
MDGL,Madrigal Pharmaceuticals Inc.,496.45,11404.7,44,41,21,NA,NA,30.45,-6.2,-7,12.2,MEDICAL,-42.5
PRAX,Praxis Precision Medicines Inc.,280.14,7917,53,28,26,NA,NA,30.45,-10.6,-9.7,449.5,MEDICAL,-45.8
CARR,Carrier Global Corp.,56.1,45939.6,34,38,37,NA,NA,30.4,-20,0.9,-6.2,BUILDING,10.4
SAM,Boston Beer Co. Cl A,170.37,1725.8,32,36,42,NA,NA,30.4,-5.3,-31,-21.6,ALCOHL/TOB/THC,12.3
AAP,Advance Auto Parts Inc.,41.24,2394.9,20,27,68,NA,NA,30.35,-26.8,-22.2,-29.3,RETAIL,3.1
ASBFY,Associated British Foods PLC ADR,24.47,16741.5,43,36,28,NA,NA,30.35,-3.5,-2.2,-13.6,RETAIL,9
ODTX,Odyssey Therapeutics Inc.,18.13,1001.5,69,26,8,NA,NA,30.35,10.1,0,0,MEDICAL,-85.5
SPKKY,Spark New Zealand Ltd. ADR,5.47,2080,46,33,28,NA,NA,30.35,3.5,-8,-20.3,TELECOM,30.6
CIM,Chimera Investment Corp.,9.2,768.5,12,30,74,NA,NA,30.3,-30,-29.4,-29.6,REAL EST,9
FRT,Federal Realty Investment Trust,106.2,9263.4,44,38,24,NA,NA,30.3,-11.9,-0.5,7.6,REAL EST,12.8
ENB,Enbridge Inc.,46.54,104523,33,40,35,NA,NA,30.25,-13,-13.4,-6.5,ENERGY,11.7
PRTCY,PureTech Health PLC ADR,14.23,348.8,31,29,51,NA,NA,30.200000000000003,-10.9,-8.2,-25,MEDICAL,-30.3
DVCMY,Davide Campari-Milano N.V. ADR,6.82,12267.4,66,34,1,NA,NA,30.2,8.7,-5.4,3.6,ALCOHL/TOB/THC,0
SPHR,Sphere Entertainment Co.,105.38,3979.2,39,33,36,NA,NA,30.2,-30.4,-16.6,66.1,LEISURE,1.4
UHAL.B,U-Haul Holding Co. Series N,53.22,10591.7,57,35,11,NA,NA,30.2,-9.1,18.5,4.6,FINANCE,0.6
ACEL,Accel Entertainment Inc.,10.94,883.4,40,31,37,NA,NA,30.15,-11.6,-1.8,0.1,LEISURE,19.6
GRNT,Granite Ridge Resources Inc.,4.61,594.9,50,41,12,NA,NA,30.15,7.2,-21.5,-17.1,ENERGY,3.9
RDY,Dr. Reddy's Laboratories Ltd. ADR,12.49,10465.2,31,48,27,NA,NA,30.15,-13,-4.9,-11.4,MEDICAL,12.3
PHM,PulteGroup Inc.,116.1,21365.8,36,34,38,NA,NA,30.1,-11.6,-3.1,-14.3,BUILDING,17.7
VC,Visteon Corp.,89.31,2383.1,28,33,49,NA,NA,30.05,-17.2,-1.7,-26.5,AUTO,14.4
VICI,VICI Properties Inc.,22.73,24807.3,23,34,54,NA,NA,30.05,-14.9,-17.8,-29.5,REAL EST,10.2
AUNA,Auna S.A.,5.12,374.5,46,42,15,NA,NA,30,-3.4,-12.3,-24.1,MEDICAL,6.3
AXSM,Axsome Therapeutics Inc.,174.34,9275.6,44,36,25,NA,NA,30,-28.1,2.7,45.4,MEDICAL,-252.1
HBAN,Huntington Bancshares Inc.,15.33,30892.1,32,39,36,NA,NA,29.95,-14.3,-3.8,-8.3,BANKS,10
BOBS,Bob's Discount Furniture Inc.,14.68,1849.2,49,37,17,NA,NA,29.9,-8.6,28.5,0,RETAIL,38.8
ELVR,Elevra Lithium Ltd. ADR,37.42,714.3,20,30,62,NA,NA,29.9,-46.7,-36.5,56.9,MINING,8.6
SRTA,Strata Critical Medical Inc. Cl A,4.75,425.5,41,37,27,NA,NA,29.9,-12.7,13.1,-8.8,MEDICAL,-8
FSK,FS KKR Capital Corp.,10.81,3037,50,31,23,NA,NA,29.85,4.6,0.7,-26.4,FINANCE,0.2
MHO,M/I Homes Inc.,133.29,3337.4,43,33,29,NA,NA,29.8,-12.5,8.7,-6.8,BUILDING,13.2
PRIM,Primoris Services Corp.,84.97,4337.3,23,37,49,NA,NA,29.8,-5.8,-42.1,-39.1,BUILDING,17.8
BBUC,Brookfield Business Corp.,26.2,5331.2,20,35,55,NA,NA,29.75,-17.4,-23.6,-23,FINANCE,0
BFS,Saul Centers Inc.,29.9,730.4,30,37,40,NA,NA,29.75,-18.6,-9.5,-5.3,REAL EST,11.7
TWN,Taiwan Fund Inc.,106.89,609.7,99,0,0,NA,NA,29.75,9.8,64.8,93.1,ETF/ETN/CEF,20.1
LAZ,Lazard Inc.,36.36,3438.1,21,41,46,NA,NA,29.700000000000003,-16,-12.4,-28,FINANCE,30.6
SIND,Sinda Ltd.,13.45,2061.1,71,26,2,NA,NA,29.65,11.4,0,0,MINING,-160.5
TWI,Titan International Inc.,7.03,450.5,42,27,37,NA,NA,29.65,-5.6,-5.9,-10.6,AUTO,-12.6
WLTH,Wealthfront Corp.,10.55,1658.6,58,35,7,NA,NA,29.65,10.5,10.1,0,FINANCE,-9.8
AMSC,American Superconductor Corp.,31.85,1452.3,27,41,38,NA,NA,29.6,-16.5,-2.4,-47.8,MACHINE,35.6
FBIN,Fortune Brands Innovations Inc.,39.35,4614.9,22,34,53,NA,NA,29.6,-23.7,4.3,-23.9,BUILDING,12.4
NLY,Annaly Capital Management Inc.,18.42,13770.4,23,37,48,NA,NA,29.6,-19.9,-14,-9.9,REAL EST,14.1
PAX,Patria Investments Ltd.,11.2,1791.5,39,44,19,NA,NA,29.55,0.4,-11.2,-21.4,FINANCE,15.7
CIGI,Colliers International Group Inc.,87.61,4554.8,20,30,60,NA,NA,29.5,-11.4,-19.4,-42.5,REAL EST,7.2
POR,Portland General Electric Co.,44.27,5204.1,32,34,40,NA,NA,29.5,-14.9,-16.7,1.2,UTILITY,7.7
STK,Columbia Seligman Premium Technology Growth Fund Inc.,56.26,976.7,98,0,0,NA,NA,29.5,7.9,42.5,54.7,ETF/ETN/CEF,25.7
AKR,Acadia Realty Trust,18.39,2570.4,33,32,41,NA,NA,29.450000000000003,-13.7,-5.4,-7.7,REAL EST,0.6
UBER,Uber Technologies Inc.,69.08,141917.1,37,40,26,NA,NA,29.45,-4.6,-4.3,-31,LEISURE,41.4
BH,Biglari Holdings Inc. Cl B,369.87,1160.3,49,31,22,NA,NA,29.4,-12.8,9.6,10.1,RETAIL,-6.8
GYRE,Gyre Therapeutics Inc.,7.08,779.3,51,45,2,NA,NA,29.4,-2.5,-0.6,-3.5,MEDICAL,5.9
MOVE,Corvex Inc.,10.59,358.1,50,30,22,NA,NA,29.4,-41.3,39.1,108.4,SOFTWARE,-942.3
NRGV,Energy Vault Holdings Inc.,3.88,703.7,54,34,12,NA,NA,29.4,-5.8,23.2,18.3,ENERGY,-107.8
SNPHY,Santen Pharmaceutical Co. Ltd. ADR,10.23,3375.6,26,38,42,NA,NA,29.4,-25.7,-12.9,-5.3,MEDICAL,13.1
TCI,Transcontinental Realty Investors Inc.,45.12,398.9,55,33,12,NA,NA,29.4,-2.7,27.3,-1.4,REAL EST,1.6
YASKY,Yaskawa Electric Corp. ADR,62.35,8160.5,43,37,22,NA,NA,29.4,-32,15.6,23.4,MACHINE,7.9
ZBIO,Zenas BioPharma Inc.,26.94,1813.9,64,28,7,NA,NA,29.4,1.9,21,17,MEDICAL,-136.2
COIN,Coinbase Global Inc.,185.74,49659.4,50,41,8,NA,NA,29.35,10,6.3,-51.9,FINANCE,10.1
KURA,Kura Oncology Inc.,10.53,944.8,60,26,14,NA,NA,29.3,-4.6,24,7.4,MEDICAL,-94.8
RCUS,Arcus Biosciences Inc.,24.28,3150.2,52,34,14,NA,NA,29.3,-19,9.2,67.7,MEDICAL,-63.3
BSTZ,BlackRock Science & Technology Term Trust,31.24,2131.1,97,0,0,NA,NA,29.25,5.5,38.8,36.7,ETF/ETN/CEF,18.5
PPC,Pilgrim's Pride Corp.,27.89,6664.7,31,30,45,NA,NA,29.25,-2.7,-24.6,-27.6,FOOD/BEV,27.3
SOLS,Solstice Advanced Materials Inc.,61.27,9225.1,50,31,20,NA,NA,29.25,-10,-21.5,0,CHEMICAL,10.2
MAIN,Main Street Capital Corp.,54.77,5142,55,1,51,NA,NA,29.200000000000003,4.7,1.1,-12.4,ETF/ETN/CEF,17
STZ,Constellation Brands Inc. Cl A,115.67,19350.6,26,34,46,NA,NA,29.200000000000003,-11.5,-25.5,-16.6,ALCOHL/TOB/THC,22.5
YELP,Yelp Inc.,18.14,1003.9,10,38,61,NA,NA,29.200000000000003,-31.1,-28.9,-44.7,INTERNET,20
CGBD,Carlyle Secured Lending Inc.,10.5,726.6,45,35,21,NA,NA,29.2,-0.3,-4.9,-14.4,FINANCE,6.7
LLYVB,Liberty Live Holdings Inc. Series B Liberty Live Group,102.53,9652.4,60,32,6,NA,NA,29.2,12.5,4.6,2.5,LEISURE,0
TMDX,TransMedics Group Inc.,80.28,2877.7,43,41,16,NA,NA,29.2,12.7,-23.4,-29.5,MEDICAL,54.2
DIN,Dine Brands Global Inc.,29.52,378,40,27,37,NA,NA,29.15,-17.2,7,5.9,RETAIL,0
TLRY,Tilray Brands Inc.,3.78,549.7,12,27,72,NA,NA,29.15,-13.7,-43.2,-76.1,ALCOHL/TOB/THC,-7.8
MLP,Maui Land & Pineapple Co. Inc.,15.64,311.6,38,36,28,NA,NA,29.1,-10.4,-2.3,-9.2,REAL EST,-31.9
MCD,McDonald's Corp.,232.45,164908.8,20,25,64,NA,NA,29.05,-16.8,-25,-21.5,RETAIL,0
BST,BlackRock Science & Technology Trust,51.04,1754.1,96,0,0,NA,NA,29,4.6,37.5,21.5,ETF/ETN/CEF,17.6
BTDR,Bitdeer Technologies Group,10.91,2970.6,30,34,40,NA,NA,29,-23.4,13.5,-47.8,FINANCE,11.5
CG,Carlyle Group Inc.,38.88,14011,20,32,55,NA,NA,29,-11.7,-17,-38.6,FINANCE,14.2
TRUP,Trupanion Inc.,24.68,1078,28,36,40,NA,NA,29,-8.2,-4.3,-41.3,INSURANCE,5.5
CNSWF,Constellation Software Inc.,2040.32,44433.1,56,39,1,NA,NA,28.95,5.7,16.3,-26.8,SOFTWARE,16
FNMA,Fannie Mae,4.09,4875.5,6,25,81,NA,NA,28.95,-33.7,-36.6,-66.7,FINANCE,14.1
SOTGY,Sunny Optical Technology Group Co. Ltd. ADR,81.47,8623.4,64,31,1,NA,NA,28.95,12.1,5.3,-31.9,MACHINE,17.1
SUI,Sun Communities Inc.,112.07,13622.2,36,29,38,NA,NA,28.85,-8.3,-12.3,-12.1,REAL EST,-0.9
AOSL,Alpha & Omega Semiconductor Inc.,29.94,878.8,55,37,4,NA,NA,28.8,-21.7,29.1,6.8,CHIPS,-5.2
ARKAY,Arkema ADR,61.76,4616.7,50,26,24,NA,NA,28.8,-3.2,-7.9,-0.7,CHEMICAL,0.6
NXST,Nexstar Media Group Inc. Cl A,157.36,4826.4,25,35,44,NA,NA,28.8,-13.9,-15.4,-22.1,MEDIA,4.3
OSK,Oshkosh Corp.,132.13,8191,43,29,29,NA,NA,28.8,-8.4,-10.7,0.3,AUTO,14.9
TMS,Teamshares Inc.,7.42,547.5,36,24,44,NA,NA,28.8,2.3,-29.1,-27.2,SOFTWARE,-15.7
BCE,BCE Inc.,19.75,18429.9,34,29,40,NA,NA,28.75,-5.4,-18.6,-14.8,TELECOM,32.3
CHTR,Charter Communications Inc. Cl A,108.64,18872.2,10,29,70,NA,NA,28.75,-19.8,-50.6,-61.6,TELECOM,31.5
GLPI,Gaming & Leisure Properties Inc.,38.08,11028.8,28,35,40,NA,NA,28.75,-12.5,-15.7,-17.6,REAL EST,18.5
RYAM,Rayonier Advanced Materials Inc.,6.79,469.5,42,25,35,NA,NA,28.75,-3.8,-30.5,-11.9,CHEMICAL,-82.2
JAN,Janus Living Inc.,28.56,8851.9,67,27,1,NA,NA,28.7,-2.8,22.3,0,REAL EST,0
RIOT,Riot Platforms Inc.,18.93,7250,54,36,6,NA,NA,28.7,-17.2,40,-12.2,FINANCE,-22.1
VRTS,Virtus Investment Partners Inc.,132.02,890.6,26,35,42,NA,NA,28.65,-14.7,2.8,-31.4,FINANCE,15.1
MBLY,Mobileye Global Inc. Cl A,7.47,6444.4,20,32,53,NA,NA,28.6,-25.3,1.8,-50.3,CHIPS,-3.3
NRDS,NerdWallet Inc.,8.86,564.4,30,42,28,NA,NA,28.6,-6.5,-15.9,-19.1,FINANCE,13.2
LZB,La-Z-Boy Inc.,29.66,1182.4,21,38,44,NA,NA,28.55,-24.7,-7.6,-12.3,RETAIL,9.9
PFLT,PennantPark Floating Rate Capital Ltd.,6.73,672.7,29,34,39,NA,NA,28.55,-7.8,-19.8,-24,FINANCE,6.8
ANGX,Angel Studios Inc.,4.14,776.9,64,22,10,NA,NA,28.5,17.3,38.5,-50.2,LEISURE,0
IIPR,Innovative Industrial Properties Inc.,50.26,1393.5,33,29,40,NA,NA,28.5,-18.8,1.7,-8.5,REAL EST,6.1
LII,Lennox International Inc.,365.63,12481.6,11,35,60,NA,NA,28.5,-35.6,-19.4,-34,BUILDING,80
OC,Owens Corning,119.78,9286.6,38,32,30,NA,NA,28.5,-18.4,12.7,-12.4,BUILDING,-4.2
UNIT,Uniti Group Inc.,8.1,1929.7,37,29,35,NA,NA,28.5,-26.6,-21.4,32.6,REAL EST,0
VREOF,Vireo Growth Inc.,9.15,485.3,22,31,51,NA,NA,28.450000000000003,-6.2,-27,-55.8,ALCOHL/TOB/THC,-37.5
BAYZF,Bayer AG,50.53,48408.7,59,34,1,NA,NA,28.45,-13.7,10.4,53.4,MEDICAL,-12.5
FIG,Figma Inc. Cl A,21.93,11731.5,40,29,31,NA,NA,28.45,4,2.4,-61.5,SOFTWARE,-88.2
LLYVK,Liberty Live Holdings Inc. Series C Liberty Live Group,99.4,9047.3,58,31,6,NA,NA,28.45,-6.4,0.7,10.4,LEISURE,0
ACM,AECOM,60.16,7690.9,16,32,57,NA,NA,28.4,-13.6,-29.2,-53.6,BUILDING,27.3
UPBD,Upbound Group Inc.,15.36,916.5,18,33,53,NA,NA,28.35,-25.2,-15.7,-30.3,FINANCE,11.1
BXP,BXP Inc.,59.79,10361.8,36,30,34,NA,NA,28.3,-14.5,15.2,-19.9,REAL EST,5.2
LBRT,Liberty Energy Inc.,20.12,3196.9,43,31,24,NA,NA,28.3,-13.6,-27.3,53.7,ENERGY,7.3
NMFC,New Mountain Finance Corp.,6.84,647,34,32,34,NA,NA,28.3,-3.9,-15.3,-26.8,FINANCE,1.3
NSRGY,Nestle S.A. ADR,90.11,230443.6,33,29,39,NA,NA,28.3,-13.4,-8.6,-3.3,FOOD/BEV,26.8
AEF,abrdn Emerging Markets ex-China Fund Inc.,9.65,395.5,93,0,0,NA,NA,28.25,1.8,29.9,47.4,ETF/ETN/CEF,31.2
BBSI,Barrett Business Services Inc.,31.28,756.9,29,40,30,NA,NA,28.25,-16.8,4.9,-29.6,BUSINS SVC,23.6
TPB,Turning Point Brands Inc.,58.27,1155,10,35,60,NA,NA,28.25,-31.9,-22,-34.8,ALCOHL/TOB/THC,21.5
KPLT,Katapult Holdings Inc.,4.29,381.8,7,33,66,NA,NA,28.200000000000003,-44.6,-39.4,-68.9,RETAIL,0
LIF,Life360 Inc.,41.38,3468.6,15,41,46,NA,NA,28.200000000000003,-27.1,3.1,-62.7,SOFTWARE,33.3
MRCY,Mercury Systems Inc.,82.8,5048,36,24,41,NA,NA,28.200000000000003,-32.7,9.3,-1.4,AEROSPACE/DEFENSE,-2
SOFI,SoFi Technologies Inc.,15.76,20561.8,21,31,51,NA,NA,28.200000000000003,-15.3,-3.1,-40.2,FINANCE,5.7
LLYVA,Liberty Live Holdings Inc. Series A Liberty Live Group,96.25,9047.3,58,30,6,NA,NA,28.2,-6.1,0,10.3,LEISURE,0
WHK,WhiteHawk Minerals Corp.,26.14,706.8,53,31,11,NA,NA,28.2,-2.5,0,0,ENERGY,-6.7
BILI,Bilibili Inc. ADR,14.9,6093.7,14,33,57,NA,NA,28.15,-16.8,-35.6,-47.9,INTERNET,8
STRZ,Starz Entertainment Corp.,23.18,394.4,69,22,2,NA,NA,28.15,-23,79.7,64.6,LEISURE,-94.9
CRH,CRH PLC,83.6,54985.8,15,27,63,NA,NA,28.1,-22.3,-21.4,-29.2,BUILDING,16.4
GEMI,Gemini Space Station Inc.,4.67,618.4,39,27,33,NA,NA,28.1,5.9,7.4,-81.5,FINANCE,-416.5
PHAT,Phathom Pharmaceuticals Inc.,6.78,542,7,31,68,NA,NA,28.1,-40.4,-39.7,-41.6,MEDICAL,0
IE,Ivanhoe Electric Inc.,10.38,1648.6,46,30,20,NA,NA,28,9.1,-15.1,-14.8,MINING,-30.9
PEO,Adams Natural Resources Fund Inc.,28.23,786.9,92,0,0,NA,NA,28,13.8,6,30.3,ETF/ETN/CEF,8.4
PII,Polaris Inc.,52.79,2996.5,26,26,50,NA,NA,28,-17.9,-2.2,-17.9,LEISURE,-44
TIPT,Tiptree Inc.,17.17,645.7,45,31,20,NA,NA,28,-5.8,3.5,-5.3,FINANCE,-8.1
ADRNY,Koninklijke Ahold Delhaize N.V. ADR,35.66,30564,28,23,51,NA,NA,27.950000000000003,-11.9,-26,-12.4,RETAIL,15.6
BCSF,Bain Capital Specialty Finance Inc.,10.82,707.1,25,34,41,NA,NA,27.950000000000003,-14.1,-14,-22.5,FINANCE,8.8
MIDD,Middleby Corp.,105.92,4753.3,26,33,41,NA,NA,27.950000000000003,-26.5,-2.5,-5.8,MACHINE,11.5
MRP,Millrose Properties Inc. Cl A,23.17,3471.7,20,31,51,NA,NA,27.950000000000003,-18.3,-17,-27.3,REAL EST,7.4
SARO,StandardAero Inc.,20.94,6962.5,14,25,66,NA,NA,27.950000000000003,-32.3,-20.6,-21,AEROSPACE/DEFENSE,11
AIQUY,Air Liquide S.A. ADR,37.95,121911.3,54,37,1,NA,NA,27.95,-6.4,0.2,4.8,CHEMICAL,0
SSEZY,SSE PLC ADR,32.84,39606.5,67,24,1,NA,NA,27.95,-0.6,-9.1,37.3,UTILITY,0
CELH,Celsius Holdings Inc.,27.29,6963.5,14,36,52,NA,NA,27.9,-17.4,-24.5,-53.8,FOOD/BEV,8.4
HR,Healthcare Realty Trust Inc.,17.04,5853.7,37,25,37,NA,NA,27.9,-16.5,-1.4,-3.9,REAL EST,-5
MAA,Mid-America Apartment Communities Inc.,116.99,13854.3,28,30,42,NA,NA,27.9,-16.9,-6.3,-14,REAL EST,7.7
OTLY,Oatly Group AB ADR,10.51,334.1,53,21,22,NA,NA,27.9,4.6,-0.9,-27.3,FOOD/BEV,-249.3
BEP,Brookfield Renewable Partners L.P.,29.42,19333.8,41,36,18,NA,NA,27.85,-12.9,-12,7.4,ENERGY,-0.8
BH.A,Biglari Holdings Inc. Cl A,1841.31,1160.3,44,29,23,NA,NA,27.85,-13.5,2.5,14.2,RETAIL,-6.8
NN,NextNav Inc.,13.27,2248.5,21,31,49,NA,NA,27.8,-22.8,-20.1,-10,CONSUMER,0
RLMD,Relmada Therapeutics Inc.,3.28,371.2,19,21,64,NA,NA,27.8,-48.2,-52.5,57.7,MEDICAL,-94
RWT,Redwood Trust Inc.,3.44,432.1,11,29,64,NA,NA,27.8,-24.4,-39.9,-40.6,REAL EST,-7
BGR,BlackRock Energy & Resources Trust,17.3,436.1,91,0,0,NA,NA,27.75,15.9,4.5,28,ETF/ETN/CEF,11.2
ESLOY,EssilorLuxottica S.A. ADR,82.03,74999.4,14,28,61,NA,NA,27.700000000000003,-16.7,-25.7,-49.3,MEDICAL,6
PNR,Pentair PLC,52.94,8425.7,8,34,61,NA,NA,27.700000000000003,-29.9,-38.8,-52.8,MACHINE,17.5
UPS,United Parcel Service Inc. Cl B,93.11,79241.8,36,26,36,NA,NA,27.7,-15.4,-4.2,7.5,TRANSPORTATION,33.8
AERO,Grupo Aeromexico S.A.B. de C.V. ADR,16.73,2264.4,47,38,7,NA,NA,27.65,-3.4,18.8,0,TRANSPORTATION,0
GLRE,Greenlight Capital Re Ltd. Cl A,14.65,481.1,42,31,22,NA,NA,27.65,-10.2,-18.6,16.2,INSURANCE,11.1
QUBT,Quantum Computing Inc.,7.86,1797.2,25,28,47,NA,NA,27.65,-16.1,14.6,-64.5,BUSINS SVC,-2.2
GALT,Galectin Therapeutics Inc.,3.76,376.2,38,26,33,NA,NA,27.6,-18.8,46.9,-15.3,MEDICAL,0
FCPT,Four Corners Property Trust Inc.,21.3,2330.1,30,33,34,NA,NA,27.55,-14.8,-9.1,-10.6,REAL EST,7.3
NUVB,Nuvation Bio Inc.,4.88,1743,41,30,24,NA,NA,27.55,-12.9,9.7,29.4,MEDICAL,-53.2
SPIR,Spire Global Inc.,10.98,442.4,27,20,54,NA,NA,27.55,-37.8,-29,-17.4,AEROSPACE/DEFENSE,101.1
TAP.A,Molson Coors Beverage Co. Cl A,39.52,6865.9,21,26,54,NA,NA,27.55,-16.5,-17.5,-22.3,ALCOHL/TOB/THC,-18.3
IOND,Ionic Digital Inc.,83.08,3749.1,73,1,20,NA,NA,27.5,0,0,0,BUSINS SVC,-37.2
PTCT,PTC Therapeutics Inc.,63.7,5312.3,24,34,40,NA,NA,27.5,-25.4,-7.5,-1.7,MEDICAL,0
VTOL,Bristow Group Inc.,40.31,1198.4,52,30,10,NA,NA,27.5,-4.3,-15.9,8.5,ENERGY,13.2
DMRA,Damora Therapeutics Inc.,19.55,1248.3,25,23,52,NA,NA,27.4,-34.4,-20.4,427,MEDICAL,-165.5
ADNT,Adient PLC,17.51,1329.2,30,25,43,NA,NA,27.35,-9.8,-13.1,-32.1,AUTO,-14.4
GBX,Greenbrier Cos. Inc.,40.09,1254,24,31,43,NA,NA,27.35,-17,-17.1,-11.9,TRANSPORTATION,14
JMIA,Jumia Technologies AG ADR,6.8,845.8,31,28,38,NA,NA,27.35,-4.6,-0.6,-42.7,RETAIL,-109.2
ABTC,American Bitcoin Corp.,8.45,634.3,22,36,39,NA,NA,27.3,-0.5,-36.3,-92.1,FINANCE,-46.5
GLOO,Gloo Holdings Inc.,3.99,380.8,32,26,39,NA,NA,27.3,0.3,-29,0,SOFTWARE,-220.8
SKYH,Sky Harbour Group Corp.,9.36,762.4,42,32,19,NA,NA,27.3,-9,-5.8,-8.1,BUILDING,16.2
TFX,Teleflex Inc.,124.74,5306.7,48,26,19,NA,NA,27.3,-7.1,8.4,-2.3,MEDICAL,1.6
EBS,Emergent Biosolutions Inc.,6.95,371.2,20,41,35,NA,NA,27.25,-15,-14.2,-24,MEDICAL,10.5
DSCSY,Disco Corp. ADR,40.79,43778.3,53,35,1,NA,NA,27.2,-15.1,-2.7,13.3,CHIPS,0
FCBM,First Carolina Financial Services Inc.,12.76,391.5,58,30,1,NA,NA,27.2,0.9,0,0,BANKS,3.6
CMCSA,Comcast Corp. Cl A,21.56,76544.1,27,28,42,NA,NA,27.15,-7.8,-22.1,-26,TELECOM,21.9
DRVN,Driven Brands Holdings Inc.,11.76,1922,21,25,53,NA,NA,27.1,-22,-4.2,-23.2,RETAIL,19.1
HESAY,Hermes International S.C.A. ADR,143.15,150841.4,13,25,63,NA,NA,27.1,-22.9,-25.6,-42,CONSUMER,25.5
OEC,Orion S.A.,5.72,330.7,54,28,8,NA,NA,27.1,4.6,-9.6,-21,CHEMICAL,-16.3
VISN,Vistance Networks Inc.,6.15,1429.9,4,30,68,NA,NA,27.1,-50.3,-67.2,-59.7,TELECOM,0
WSO.B,Watsco Inc. Cl B,290.1,12052.3,28,34,33,NA,NA,27.1,-17.1,-21.2,-27.9,BUILDING,17.1
BABA,Alibaba Group Holding Ltd. ADR,109.26,267315.7,44,33,14,NA,NA,27.05,11.6,-10.7,-41.6,RETAIL,10.2
NG,NovaGold Resources Inc.,6.62,2900.3,35,22,39,NA,NA,27.05,2.5,-27,-31.5,MINING,-162.7
ACRS,Aclaris Therapeutics Inc.,3.7,628.5,45,27,20,NA,NA,27,-32.6,-2.6,94.7,MEDICAL,-50.2
CLSK,CleanSpark Inc.,12.29,3205.1,52,32,5,NA,NA,27,-9,35.1,-29.5,FINANCE,18.5
AHRT,AH Realty Trust Inc.,6.04,571.6,37,30,26,NA,NA,26.95,-14.2,8.1,-11.7,REAL EST,0.1
BEAM,Beam Therapeutics Inc.,25.23,2651.4,28,35,31,NA,NA,26.95,-28.6,4.1,-2.5,MEDICAL,-8.1
ADSE,ADS-TEC Energy PLC,9.86,756.4,23,31,42,NA,NA,26.9,-19.1,-8.5,-13.3,MACHINE,0
OBDC,Blue Owl Capital Corp.,10.03,5015.3,32,30,32,NA,NA,26.9,-8.2,-9.1,-20,FINANCE,9.4
EVH,Evolent Health Inc. Cl A,3.84,408.1,28,33,33,NA,NA,26.85,-33.1,66.2,-53.5,SOFTWARE,-75.5
LGN,Legence Corp.,56.34,5813.4,48,25,18,NA,NA,26.85,-27.6,2.3,84.3,BUILDING,-20.1
ERIC,Telefon AB L.M. Ericsson Series B ADR,9.43,30825.2,37,35,19,NA,NA,26.8,-13.4,-18.3,12,TELECOM,28.4
SSMR,Sunshine Silver Mining & Refining Co.,15.53,2189,59,25,4,NA,NA,26.8,7.1,0,0,MINING,-157.2
ROL,Rollins Inc.,30.35,14285.2,9,26,65,NA,NA,26.75,-29,-43.9,-48,BUSINS SVC,38.9
AAVVF,Advantage Energy Ltd.,7.51,1221.6,47,39,1,NA,NA,26.7,0.9,1.6,-12.1,ENERGY,3.2
CNSWY,Constellation Software Inc. ADR,10.42,44433.1,67,19,1,NA,NA,26.7,8.4,16.2,0,SOFTWARE,0
GVA,Granite Construction Inc.,120.92,5203.6,40,38,11,NA,NA,26.7,-18.5,-0.2,11.7,BUILDING,17.6
MBRFY,MBRF Global Foods Co. S/A ADR,3.52,4925.7,61,25,1,NA,NA,26.7,10.7,-11.7,4.8,FOOD/BEV,0
SXYAY,Sika AG ADR,20.99,33776.3,62,24,1,NA,NA,26.7,-1.7,27.5,-7,CHEMICAL,0
BKV,BKV Corp.,22.05,2384.7,22,39,32,NA,NA,26.65,-18.5,-21.2,-9.6,ENERGY,10
HII,Huntington Ingalls Industries Inc.,263.75,10500.5,26,23,47,NA,NA,26.65,-10.3,-35.3,-8.6,AEROSPACE/DEFENSE,12.4
BANC,Banc of California Inc.,17.43,2780.4,34,33,24,NA,NA,26.55,-15.2,-2.8,-2.1,BANKS,6.5
NVRI,Enviri Corp.,19.94,574.2,47,28,14,NA,NA,26.55,-13.7,0,0,METALS,0
TGLS,Tecnoglass Holdings Inc.,36.68,1548.8,17,38,39,NA,NA,26.55,-17.7,-16.1,-44.5,BUILDING,23.7
ADX,Adams Diversified Equity Fund Inc.,26.29,3139,86,0,0,NA,NA,26.5,2.3,16.2,16.8,ETF/ETN/CEF,16.9
CTRI,Centuri Holdings Inc.,21.2,2092,23,27,45,NA,NA,26.5,-22.8,-29.5,6,UTILITY,3.1
DXYZ,Destiny Tech100 Inc.,31.57,1551.2,86,0,0,NA,NA,26.5,23.8,12.4,8.6,ETF/ETN/CEF,17.4
JBIO,Jade Biosciences Inc.,13.41,894.8,29,17,50,NA,NA,26.5,-37,-17.1,46.7,MEDICAL,-62.3
LGIH,LGI Homes Inc.,46.09,1079.9,39,23,30,NA,NA,26.5,-22.8,18.6,-8,BUILDING,3.5
SLGN,Silgan Holdings Inc.,35.21,3697.8,22,31,41,NA,NA,26.450000000000003,-23.7,-10.7,-17.7,MISC,13.5
EMBC,Embecta Corp.,5.95,333.2,43,30,16,NA,NA,26.45,81.4,-33.4,-58.1,MEDICAL,0
BTGO,BitGo Holdings Inc. Cl A,7.19,867.5,56,28,2,NA,NA,26.4,36.4,-14.5,0,FINANCE,-4.6
MBUU,Malibu Boats Inc. Cl A,22.76,448.3,26,26,42,NA,NA,26.4,-12,-6.3,-25.5,LEISURE,0.3
NIO,NIO Inc. ADR,3.48,8542.6,10,26,62,NA,NA,26.4,-30.7,-44.2,-54.2,AUTO,-306.7
TELNY,Telenor ASA ADR,13.27,18205.5,31,29,32,NA,NA,26.4,-8.1,-24.2,-20.3,TELECOM,15.4
VOYG,Voyager Technologies Inc.,30.88,1843.1,54,18,17,NA,NA,26.4,-8.9,11.1,-13.3,AEROSPACE/DEFENSE,-51.4
HRL,Hormel Foods Corp.,19.88,11051,24,23,48,NA,NA,26.35,-18.1,-9.1,-18.2,FOOD/BEV,6
SLSR,Solaris Resources Inc.,7.13,1196.4,33,22,38,NA,NA,26.35,-15,-17.4,15,MINING,0
AGNT,AGNT Inc.,3.82,646.7,9,28,60,NA,NA,26.25,-24.7,-34.7,-64.7,REAL EST,-10.1
CCOI,Cogent Communications Holdings Inc.,9.31,454.8,8,29,60,NA,NA,26.25,-23.6,-51.6,-78.2,TELECOM,-229.1
CET,Central Securities Corp.,56.41,1661.9,85,0,0,NA,NA,26.25,6,12.6,8.8,ETF/ETN/CEF,15.8
NSANY,Nissan Motor Co. Ltd. ADR,3.65,6193.3,30,23,40,NA,NA,26.25,-7.1,-17.3,-26.6,AUTO,-11.2
SLDB,Solid Biosciences Inc.,6.92,757,36,21,35,NA,NA,26.25,-37.5,-10.6,26.3,MEDICAL,-109.9
YSWY,Yesway Inc.,20.25,1267.7,50,19,20,NA,NA,26.25,-3.1,0,0,RETAIL,-7945300
NPCE,NeuroPace Inc.,12.67,453.8,28,24,41,NA,NA,26.200000000000003,-26.9,-13.2,17.6,MEDICAL,-158.7
AUXX,Gold X2 Mining Inc.,4.9,464.6,63,21,1,NA,NA,26.2,-7.6,-23,109.4,MINING,-29.8
EBCOY,Ebara Corp. ADR,15.34,14102.6,53,31,1,NA,NA,26.2,-20,8.2,21.6,ELECTRNCS,16.4
MARUY,Marubeni Corp. ADR,30.3,50483.1,56,28,1,NA,NA,26.2,-2.1,-17.8,17.5,MISC,14
RMR,RMR Group Inc.,17.63,559.5,56,20,11,NA,NA,26.2,-12,11,15.6,REAL EST,7.4
ERAS,Erasca Inc.,14.3,5148.5,54,21,12,NA,NA,26.15,-24.1,-16.5,513.7,MEDICAL,-33.3
ESAB,ESAB Corp.,71.83,4442.5,12,35,47,NA,NA,26.15,-26,-25.3,-39.5,MACHINE,12.8
KRC,Kilroy Realty Corp.,33.9,3908.5,38,29,22,NA,NA,26.15,-13.8,20.1,-20.1,REAL EST,5.1
NEXT,NextDecade Corp.,6.83,1748.8,44,23,22,NA,NA,26.15,-10,-17.8,-6.9,UTILITY,-129.6
EXP,Eagle Materials Inc.,171.54,5209.3,21,25,48,NA,NA,26.1,-21.1,-7.6,-27.4,BUILDING,28.9
BKSY,BlackSky Technology Inc.,22.66,874.6,32,21,39,NA,NA,26.05,-16.6,-26.7,-20.7,TELECOM,-74.4
FOA,Finance of America Cos. Inc.,12.99,343.1,8,21,69,NA,NA,26.05,-51.7,-28.3,-41.8,FINANCE,16.7
IQMX,IQM Quantum Computers Oyj ADR,10.87,2001.1,39,30,19,NA,NA,26.05,-21.9,4.5,7.3,COMPUTER,5
XXI,Twenty One Capital Inc.,6.53,4351.9,47,30,9,NA,NA,26.05,14.2,2.2,-73.5,FINANCE,-12.3
EMF,Templeton Emerging Markets Fund,22.87,340.5,84,0,0,NA,NA,26,-0.8,29,34.1,ETF/ETN/CEF,20.8
XIFR,XPLR Infrastructure LP,10.38,1967.2,37,27,25,NA,NA,26,-16.6,-1.4,-6.3,ENERGY,0.3
FG,F&G Annuities & Life Inc.,20.72,2881.9,13,26,56,NA,NA,25.950000000000003,-27,-21.2,-33.2,INSURANCE,6.1
DNLI,Denali Therapeutics Inc.,19.28,3182.6,42,21,26,NA,NA,25.95,-25.1,-0.5,26.7,MEDICAL,-45.7
LWLG,Lightwave Logic Inc.,5.62,855.6,39,28,21,NA,NA,25.95,-24.1,-28.6,13.8,ELECTRNCS,-37.6
WGS,GeneDx Holdings Corp.,71.52,2274.6,44,35,6,NA,NA,25.95,3.8,7.4,-40.5,MEDICAL,-7.6
TEZNY,TERNA S.p.A. ADR,30.84,20464.2,38,32,17,NA,NA,25.9,-11.2,-11.2,2.3,UTILITY,19.5
APMD,Apnimed Inc.,18.65,905.5,32,1,63,NA,NA,25.85,0,0,0,MEDICAL,0
ARE,Alexandria Real Estate Equities Inc.,45.92,7994.5,35,22,33,NA,NA,25.85,-7.9,6.7,-42.6,REAL EST,-8.6
FRBT,Forbright Inc.,18.07,934.4,50,27,8,NA,NA,25.85,-5,0,0,BANKS,11.4
AVTX,Avalo Therapeutics Inc.,13.59,783,19,21,54,NA,NA,25.8,-31.9,-16.5,-2.9,MEDICAL,-72.4
HEGIY,Hengan International Group Co. Ltd. ADR,12.21,2850.6,17,27,49,NA,NA,25.8,-17.4,-31.5,-25.3,CONSUMER,11.8
FLG,Flagstar Bank N.A.,11.56,4802.6,25,26,40,NA,NA,25.75,-22.1,-14.8,-4.5,BANKS,-2.2
MC,Moelis & Co.,56.05,4547,24,39,25,NA,NA,25.75,-22.1,-0.7,-17,FINANCE,46.1
BORR,Borr Drilling Ltd.,4.21,1280.3,52,26,6,NA,NA,25.7,-5.8,-29.1,46.7,ENERGY,4.1
AURA,Aura Biosciences Inc.,6.17,645,41,20,27,NA,NA,25.65,-13,-7.6,4.2,MEDICAL,-73.5
DNUT,Krispy Kreme Inc.,3.02,501.4,26,15,52,NA,NA,25.65,-13.2,-12.5,-17.5,RETAIL,-58.2
NTLA,Intellia Therapeutics Inc.,12.37,1786.6,27,22,42,NA,NA,25.65,-30.7,-7,-39.8,MEDICAL,-53.5
CRRFY,Carrefour S.A. ADR,3.56,12628.4,59,21,3,NA,NA,25.6,-2.1,-4.8,17.9,RETAIL,9.2
DHI,D.R. Horton Inc.,136.75,37264.6,33,27,28,NA,NA,25.6,-12.8,-3.5,-20.3,BUILDING,14.5
FER,Ferrovial N.V.,51.46,36872.6,18,30,43,NA,NA,25.6,-24.6,-22.3,-14.6,BUILDING,14.8
LULU,lululemon athletica inc.,93.61,10788,11,33,48,NA,NA,25.6,-19.1,-40.1,-46.2,RETAIL,34
MAIR,Madison Air Solutions Corp.,24.6,12528,21,27,43,NA,NA,25.6,-35.1,0,0,BUILDING,0
MWH,SOLV Energy Inc. Cl A,26.52,5078,30,26,33,NA,NA,25.6,-15.4,-8.2,0,BUILDING,0
BW,Babcock & Wilcox Enterprises Inc.,5.91,840.2,29,22,39,NA,NA,25.55,-47.8,-64.7,88.8,MACHINE,0
JBSS,John B. Sanfilippo & Son Inc.,67.76,795.5,28,27,34,NA,NA,25.55,-23.5,-17.4,6.9,FOOD/BEV,16.7
LHX,L3Harris Technologies Inc.,237.9,44110.5,17,22,54,NA,NA,25.55,-21,-33.7,-21.5,AEROSPACE/DEFENSE,8.2
ROOT,Root Inc. Cl A,47.17,734.4,19,32,39,NA,NA,25.55,-26.3,5.2,-43.3,INSURANCE,11.3
GNL,Global Net Lease Inc.,8.14,1882.9,39,23,25,NA,NA,25.5,-9.6,-12.7,1,REAL EST,-9.8
MLCO,Melco Resorts & Entertainment Ltd. ADR,4.24,1608.4,13,17,65,NA,NA,25.5,-18.9,-25.2,-50.2,LEISURE,0
MTHRY,M3 Inc. ADR,5.73,7581.4,47,34,1,NA,NA,25.45,-2.2,11.9,-27.1,SOFTWARE,0
TSCDY,Tesco PLC ADR,18.74,38722.4,62,19,1,NA,NA,25.45,1.9,-3.1,3.1,RETAIL,0
HYMC,Hycroft Mining Holding Corp.,19.09,1751.8,31,17,42,NA,NA,25.4,-18.7,-47,197.8,MINING,-45.1
MLM,Martin Marietta Materials Inc.,489.01,34480.4,20,24,47,NA,NA,25.4,-19.2,-18.3,-23.1,BUILDING,10.2
SRPT,Sarepta Therapeutics Inc.,17.31,1847.4,26,34,27,NA,NA,25.4,-9.7,-24.1,-25.6,MEDICAL,-53.5
TE,T1 Energy Inc.,3.8,1089.6,19,25,47,NA,NA,25.4,-56.1,-6.2,35.7,ENERGY,-115
HD,Home Depot Inc.,286.69,280500.4,22,25,43,NA,NA,25.35,-18.2,-12.2,-26.4,RETAIL,145.5
LEGN,Legend Biotech Corp. ADR,18.72,3638,18,32,39,NA,NA,25.3,-33.2,0.2,-40.5,MEDICAL,-29.1
AQN,Algonquin Power & Utilities Corp.,5.06,3913.4,30,23,35,NA,NA,25.25,-9.3,-18.3,-12.6,UTILITY,4.7
NOA,North American Construction Group Ltd.,12.24,329.7,38,23,25,NA,NA,25.25,-5.1,-11.2,-16.9,ENERGY,8
NVR,NVR Inc.,6046.6,15909.8,31,26,30,NA,NA,25.25,-9.7,-10,-25.1,BUILDING,33.2
NGNE,Neurogene Inc.,25.45,529.7,52,20,11,NA,NA,25.2,-21.8,24.3,10.2,MEDICAL,-31.4
SMEGF,Siemens Energy AG,162.24,138902.6,47,33,1,NA,NA,25.2,-15.9,-5.5,28.6,ENERGY,14.6
SMSGY,Samsonite Group S.A. ADR,8.45,2295.4,33,26,27,NA,NA,25.15,-4.4,-10.6,-23.1,CONSUMER,18.8
ARWR,Arrowhead Pharmaceuticals Corp.,61.54,8807.2,35,31,18,NA,NA,25.1,-28.9,0.7,64.1,MEDICAL,-0.5
CDRE,Cadre Holdings Inc.,25.5,1070.5,19,27,43,NA,NA,25.1,-15.8,-21.7,-32,BUSINS SVC,14
ETOR,eToro Group Ltd.,26.4,2081.2,13,29,48,NA,NA,25.1,-36.1,-12.5,-35.9,FINANCE,19.4
FLY,Firefly Aerospace Inc.,22.83,3781.7,21,17,53,NA,NA,25.1,-18.5,-34.5,-21.5,AEROSPACE/DEFENSE,-50.5
INFQ,Infleqtion Inc.,12.54,2853,54,24,3,NA,NA,25.1,1.7,20,-21.6,SOFTWARE,-38.7
HY,Hyster-Yale Inc.,32.13,572.7,50,27,4,NA,NA,25.05,-2.8,-2,-10.9,MACHINE,-12.7
IIIV,i3 Verticals Inc. Cl A,14.96,394,9,38,41,NA,NA,24.950000000000003,-31.1,-33.9,-54.6,FINANCE,-0.8
KRMN,Karman Holdings Inc.,33.29,4376.3,6,21,66,NA,NA,24.950000000000003,-37.6,-61.3,-55.1,AEROSPACE/DEFENSE,6
LBTYA,Liberty Global Ltd. Cl A,9.14,3088.3,22,21,46,NA,NA,24.950000000000003,-15.9,-26.9,-20,TELECOM,-64.6
HENOY,Henkel AG & Co. KGaA Pfd. ADR,20.66,30977.9,57,22,1,NA,NA,24.95,-3.1,10.5,1.6,CHEMICAL,0
NCLH,Norwegian Cruise Line Holdings Ltd.,15.51,6828.1,16,34,37,NA,NA,24.9,-19.5,-19.9,-35.6,LEISURE,23.3
AESI,Atlas Energy Solutions Inc.,12.71,1590,55,22,3,NA,NA,24.85,-8,13.9,6.8,ENERGY,-4.5
IREN,IREN Ltd.,41.28,15930.4,48,29,3,NA,NA,24.85,-6,17.5,-28.5,FINANCE,-23.4
SKHY,SK hynix Inc. ADR,182.56,998096.8,64,1,18,NA,NA,24.85,0,0,0,COMPUTER,45.1
BETA,BETA Technologies Inc. Cl A,20.9,4842.6,58,17,5,NA,NA,24.75,10,26.4,0,AEROSPACE/DEFENSE,-66.2
CCS,Century Communities Inc.,58.89,1652.8,40,23,20,NA,NA,24.75,-12.1,2,-4.8,BUILDING,5.7
VEOEY,Veolia Environnement S.A. ADR,17.64,24989.3,37,26,20,NA,NA,24.75,-16.7,-8.7,5.8,UTILITY,16.6
LBTYK,Liberty Global Ltd. Cl C,8.95,3088.3,22,20,46,NA,NA,24.700000000000003,-14.8,-25.3,-23,TELECOM,-64.6
KHC,Kraft Heinz Co.,22.03,25898.4,35,18,32,NA,NA,24.65,-11.2,-6.5,-12.8,FOOD/BEV,-12.9
RYTM,Rhythm Pharmaceuticals Inc.,90.77,6365.4,30,31,22,NA,NA,24.65,-18.7,4.4,-7.2,MEDICAL,-244.5
AGIO,Agios Pharmaceuticals Inc.,31.72,1865.7,34,26,23,NA,NA,24.6,-15.2,-8.9,-22.4,MEDICAL,-30.2
ALH,Alliance Laundry Holdings Inc.,21.59,4236.2,35,29,18,NA,NA,24.6,-17,-0.2,0,MACHINE,177.3
BRUN,Boost Run Inc. Cl A,15.17,1201.5,44,24,13,NA,NA,24.6,-53,41.4,19.4,SOFTWARE,2.7
FTAI,FTAI Aviation Ltd.,179.44,16915.9,27,28,29,NA,NA,24.55,-25.7,-27.3,4.7,AEROSPACE/DEFENSE,241.2
BCX,BlackRock Resources & Commodities Strategy Trust,12,907.2,78,0,0,NA,NA,24.5,5.4,-2,16.2,ETF/ETN/CEF,26.1
GRPN,Groupon Inc.,18.84,801.5,38,28,15,NA,NA,24.5,-29.1,56.2,-16.5,RETAIL,0
QQQX,Nuveen NASDAQ 100 Dynamic Overwrite Fund,30.96,1488.7,78,0,0,NA,NA,24.5,2.1,11.6,12.6,ETF/ETN/CEF,12.4
SITE,SiteOne Landscape Supply Inc.,90.47,3826.8,16,21,51,NA,NA,24.450000000000003,-18.3,-30.6,-27.6,RETAIL,9.4
MNPR,Monopar Therapeutics Inc.,79.57,525.5,46,19,16,NA,NA,24.45,-18.1,48.2,-20,MEDICAL,-14.2
FIS,Fidelity National Information Services Inc.,33.42,17317.4,12,20,57,NA,NA,24.4,-19,-28.4,-50.2,SOFTWARE,2.6
CRMD,CorMedix Inc.,7.28,565.9,24,31,28,NA,NA,24.35,-17.2,2.8,-37,MEDICAL,66.6
SLRC,SLR Investment Corp.,11.43,624.1,25,26,33,NA,NA,24.35,-11.1,-22.4,-23,FINANCE,9.3
CLX,Clorox Co.,83.52,9917.6,23,23,39,NA,NA,24.3,-14.1,-20.4,-29.6,CONSUMER,285.6
KEEL,Keel Infrastructure Corp.,3.47,2130.6,50,24,4,NA,NA,24.3,-28.3,60.6,0.3,BUSINS SVC,-35.7
CRNC,Cerence Inc.,8.07,361.8,25,16,45,NA,NA,24.25,-26.5,6.7,-36,SOFTWARE,-12.8
TREE,LendingTree Inc.,24.7,344.1,6,23,60,NA,NA,24.25,-46.2,-40.7,-59,FINANCE,76.5
WSC,WillScot Holdings Corp.,17.36,3092.9,21,24,40,NA,NA,24.25,-34.5,-3.9,-19.4,FINANCE,-5.7
TRVI,Trevi Therapeutics Inc.,13.18,1954.8,42,18,21,NA,NA,24.2,-26.6,2.9,32.5,MEDICAL,-30.2
HOV,Hovnanian Enterprises Inc. Cl A,114.58,653.4,44,23,12,NA,NA,24.15,-11.7,1.5,-7.7,BUILDING,7.6
AGNC,AGNC Investment Corp.,8.7,10254.4,22,28,33,NA,NA,24.1,-22.1,-14.7,-11.9,REAL EST,15.1
EROC,ERock Inc.,13.64,2718.4,42,28,8,NA,NA,24.1,-4.3,0,0,MACHINE,0
SBGI,Sinclair Inc. Cl A,12.96,914.1,33,29,18,NA,NA,24.1,-14.4,-2.4,-8.1,MEDIA,-21.8
DBVT,DBV Technologies S.A. ADR,9.98,653.9,9,16,64,NA,NA,24.05,-36.1,-51,-24.9,MEDICAL,-150.3
ESRT,Empire State Realty Trust Inc. Cl A,4.43,732.4,15,26,44,NA,NA,24.05,-22,-12.3,-43.1,REAL EST,4.6
KYN,Kayne Anderson Energy Infrastructure Fund Inc.,14.24,2377.9,76,0,0,NA,NA,24,2.6,2.4,16.4,ETF/ETN/CEF,-1.9
CAG,Conagra Brands Inc.,13.45,6297.1,35,16,31,NA,NA,23.95,-2.5,-14.8,-28.2,FOOD/BEV,-25.1
DPC,DPC Holdings PLC,42.01,6164,37,18,26,NA,NA,23.95,-13.4,0,0,AEROSPACE/DEFENSE,0
DSNKY,Daiichi Sankyo Co. Ltd. ADR,17.45,31287.5,46,29,1,NA,NA,23.95,2.7,-2.5,-33,MEDICAL,17.3
GLXY,Galaxy Digital Inc.,22.15,8853.6,35,27,17,NA,NA,23.9,-12.8,21.2,-43,FINANCE,-5.7
MAZE,Maze Therapeutics Inc.,26.43,1468.2,23,19,42,NA,NA,23.9,-18.3,-8.9,-4,MEDICAL,-47.5
MNKD,MannKind Corp.,3.71,1228.3,35,38,3,NA,NA,23.85,-13.1,44.9,-34.5,MEDICAL,0
OFIX,Orthofix Medical Inc.,9.41,387,16,29,38,NA,NA,23.85,-18.7,-20.1,-33.6,MEDICAL,-19.3
HRZN,Horizon Technology Finance Corp.,4.58,307,43,25,9,NA,NA,23.8,-1.3,1.1,-26.6,FINANCE,-0.8
PFSI,PennyMac Financial Services Inc.,62.76,3270.4,10,18,59,NA,NA,23.8,-25.1,-30.6,-47,FINANCE,12.3
BTU,Peabody Energy Corp.,25.43,3108.4,48,23,5,NA,NA,23.75,12.1,-23,-18.7,ENERGY,-1.5
EMO,ClearBridge Energy Midstream Opportunity Fund Inc.,51.05,1006.5,75,0,0,NA,NA,23.75,3.7,0,14.8,ETF/ETN/CEF,-3.6
EVT,Eaton Vance Tax-Advantaged Dividend Income Fund,27.78,2041,75,0,0,NA,NA,23.75,1,12.5,13,ETF/ETN/CEF,9.4
RIVN,Rivian Automotive Inc. Cl A,14.51,21138.8,24,27,30,NA,NA,23.75,-28,-5.1,7.5,AUTO,-65.6
SEDG,SolarEdge Technologies Inc.,34.04,2115.3,20,19,45,NA,NA,23.75,-40.2,-24.5,-8.2,ENERGY,-74.7
FMCC,Federal Home Loan Mortgage Corp.,3.79,2528.7,6,20,61,NA,NA,23.700000000000003,-33.2,-32.2,-68.5,FINANCE,16.5
MNSO,MINISO Group Holding Ltd. ADR,8.91,2670.3,9,29,46,NA,NA,23.700000000000003,-25.1,-45.1,-59.3,RETAIL,11.4
RGTI,Rigetti Computing Inc.,15.17,5056.6,23,19,41,NA,NA,23.700000000000003,-15.5,6.8,-63.6,BUSINS SVC,-64.3
ACAD,ACADIA Pharmaceuticals Inc.,19.74,3465.1,21,33,26,NA,NA,23.7,-23.4,-11.6,-8.6,MEDICAL,39.9
COGT,Cogent Biosciences Inc.,30.38,5356.7,31,19,31,NA,NA,23.7,-23,-14.2,91.1,MEDICAL,-73.7
FSNUY,Fresenius SE & Co. KGaA ADR,12.37,27413.8,48,26,1,NA,NA,23.7,0.3,-1.6,-9.4,MEDICAL,8.1
FTW,Presidio Production Co.,9.74,304.2,28,22,31,NA,NA,23.7,-19.1,-8.4,-6.1,ENERGY,0
DGICB,Donegal Group Inc. Cl B,16.77,672.9,28,28,23,NA,NA,23.6,-30.1,-5.2,-0.4,INSURANCE,13.4
PERI,Perion Network Ltd.,8.55,334.7,34,22,23,NA,NA,23.6,-7.8,-12.8,-12.6,BUSINS SVC,-1.1
BMM,Blue Moon Metals Inc.,5.13,431.2,48,23,4,NA,NA,23.55,-21.6,-20.8,112.9,MINING,-32.5
CTEV,Claritev Corp.,24.09,418.3,23,28,29,NA,NA,23.55,-27.4,41.2,-52.8,SOFTWARE,0
GIS,General Mills Inc.,32.18,16938.9,24,18,40,NA,NA,23.5,-10.9,-14.6,-35.9,FOOD/BEV,-1.1
MARA,MARA Holdings Inc.,10.97,4315,42,28,5,NA,NA,23.5,-15.3,24,-46.7,FINANCE,-34.5
ANNX,Annexon Inc.,4.03,796.2,22,19,41,NA,NA,23.450000000000003,-32.4,-30.5,26.7,MEDICAL,-81.9
ANGPY,Valterra Platinum Ltd. ADR,12.75,20092.7,58,15,1,NA,NA,23.45,5.8,-11.8,11.1,MINING,0
AAL,American Airlines Group Inc.,13,8493.1,35,25,17,NA,NA,23.4,-26.8,19.3,9.9,TRANSPORTATION,0
CYATY,Contemporary Amperex Technology Co. Ltd. ADR,15.48,206155.4,19,25,37,NA,NA,23.4,-27.3,-22.7,-19.2,AUTO,24.5
FWRG,First Watch Restaurant Group Inc.,10.61,648.6,23,21,37,NA,NA,23.4,-17.9,-6.6,-33,RETAIL,3.2
GPGI,GPGI Inc.,13.17,3762.8,14,30,37,NA,NA,23.4,-22.5,-23.7,-33.5,MISC,-272.8
TNC,Tennant Co.,68.17,1160.5,27,29,22,NA,NA,23.4,-22.8,-3.7,-18.5,MACHINE,7.2
CCI,Crown Castle Inc.,68.28,28752.3,28,18,34,NA,NA,23.3,-8.9,-21.1,-27.4,REAL EST,0
PBLS,Parabilis Medicines Inc.,28.86,3647.9,51,18,5,NA,NA,23.25,-1.2,0,0,MEDICAL,-731
VRNO,Verano Holdings Corp.,5.29,1523.6,31,18,30,NA,NA,23.25,-9.4,-18.6,-33,ALCOHL/TOB/THC,-31.1
FERG,Ferguson Enterprises Inc.,223.33,43126.4,49,23,1,NA,NA,23.2,-2.4,-6.6,-4.8,RETAIL,32.4
SAABY,Saab AB ADR,29.98,33567.8,54,18,1,NA,NA,23.2,-1.4,-12.1,1.1,AEROSPACE/DEFENSE,16
SAH,Sonic Automotive Inc. Cl A,61,1980,21,23,36,NA,NA,23.2,-29,-3.6,-17.2,RETAIL,11.1
AMPX,Amprius Technologies Inc.,9.47,1380.5,19,24,37,NA,NA,23.15,-27.7,-46.1,-29.5,ENERGY,-50.8
NCDL,Nuveen Churchill Direct Lending Corp.,10.9,540.3,26,25,27,NA,NA,23.15,-13.6,-17.4,-20.4,FINANCE,7.1
FISV,Fiserv Inc.,45.48,24535.7,18,20,43,NA,NA,23.1,-12.2,-19.2,-63.6,SOFTWARE,13.2
CRTO,Criteo S.A.,14.8,710.5,12,21,49,NA,NA,23.05,-36.1,-20.6,-30.9,BUSINS SVC,13.2
GENI,Genius Sports Ltd.,6.22,1663,39,22,14,NA,NA,23.05,-6,40.7,-47.2,LEISURE,-17.2
LUCK,Lucky Strike Entertainment Corp.,5.29,717.1,9,20,54,NA,NA,23.05,-31.8,-38.7,-48.9,LEISURE,0
ADDYY,adidas AG ADR,81.51,27522.3,25,19,35,NA,NA,23,-23,4.7,-25.8,CONSUMER,24.1
NML,Neuberger Energy Infrastructure & Income Fund Inc.,10.33,570,72,0,0,NA,NA,23,1.2,1,20.5,ETF/ETN/CEF,0.8
PSN,Parsons Corp.,42.1,4497.6,11,17,55,NA,NA,23,-26.7,-25.3,-52.3,SOFTWARE,9.5
RAPP,Rapport Therapeutics Inc.,31.15,1544.4,38,18,20,NA,NA,23,-19.2,-3.8,12.3,MEDICAL,-28.2
UFPI,UFP Industries Inc.,79,4304.8,32,24,20,NA,NA,23,-9.5,-12.9,-13.6,BUILDING,9
CLDX,Celldex Therapeutics Inc.,31,2559.3,43,19,12,NA,NA,22.9,-18.3,-1.2,17.5,MEDICAL,-40.6
IPGP,IPG Photonics Corp.,83.69,3555.9,29,29,17,NA,NA,22.9,-20.1,-24.2,-5.1,ELECTRNCS,1.5
MDLN,Medline Inc.,35.55,47066.5,23,27,27,NA,NA,22.9,-16.8,-19,0,MEDICAL,8.5
VFC,VF Corp.,14.45,5610,30,23,23,NA,NA,22.85,-12.4,-15.3,-0.3,CONSUMER,15.3
NB,NioCorp Developments Ltd.,3.52,504.6,11,17,54,NA,NA,22.8,-25.4,-28.7,-58.9,MINING,-20.8
SHAZ,SharonAI Holdings Inc.,48.12,1707.8,49,19,4,NA,NA,22.8,-39.8,81.3,-12.5,BUSINS SVC,0
RJET,Republic Airways Holdings Inc.,17.59,798.7,29,30,15,NA,NA,22.75,-16.9,-5.3,-10.5,TRANSPORTATION,10.6
VALN,Valneva SE ADR,5.86,542.7,43,24,5,NA,NA,22.75,8.5,-1.7,-46.8,MEDICAL,-83.2
ARVN,Arvinas Inc.,7.31,487.8,19,23,36,NA,NA,22.7,-13.5,-34.8,-24,MEDICAL,-16.2
AIIR,Air Global PLC,7.65,1233.4,45,24,2,NA,NA,22.65,13,-25.9,-26.5,RETAIL,2.6
VZLA,Vizsla Silver Corp.,3.53,1246.4,51,18,2,NA,NA,22.65,8,7,-23.3,MINING,-10.6
FWRD,Forward Air Corp.,15.26,509.1,47,17,8,NA,NA,22.6,17.5,-12.2,-35.7,TRANSPORTATION,-68.4
UTI,Universal Technical Institute Inc.,19.67,1056.2,8,28,43,NA,NA,22.6,-60.6,-46.8,-38.2,CONSUMER,21.4
DEI,Douglas Emmett Inc.,9.81,1614.6,25,18,34,NA,NA,22.55,-22,4.1,-35.7,REAL EST,0.7
GGAL,Grupo Financiero Galicia S.A. ADR,38.18,6462.4,24,27,24,NA,NA,22.55,-28,-17.4,32.6,BANKS,2.8
LFTO,Liftoff Mobile Inc.,15.49,2584,20,19,39,NA,NA,22.55,-33.2,0,0,BUSINS SVC,0
SMPL,Simply Good Foods Co.,9.96,879.3,10,25,44,NA,NA,22.55,-23.1,-30,-58,FOOD/BEV,5.9
BRSL,Brightstar Lottery PLC,10.21,1827.1,23,15,40,NA,NA,22.5,-8.2,-18.6,-43.4,LEISURE,-0.1
OPI,Office Properties Income Trust,15.87,338.1,49,17,5,NA,NA,22.5,-3.5,0,0,REAL EST,-26.8
YB,Yuanbao Inc. ADR,12.45,585,17,33,25,NA,NA,22.5,-13.8,-35.6,-37.2,INSURANCE,77.2
SAFRY,SAFRAN S.A. ADR,92.14,154121.8,54,15,1,NA,NA,22.45,-9.6,11.1,5.5,AEROSPACE/DEFENSE,0
WBTN,WEBTOON Entertainment Inc.,10.2,1419.5,31,25,17,NA,NA,22.4,-11.6,3,-44.9,INTERNET,-26.2
AEVA,Aeva Technologies Inc.,14.57,996.8,29,17,29,NA,NA,22.3,-39.8,14.8,-14.6,AUTO,-258.4
AGBK,AGI Inc.,6.67,1077.9,34,24,14,NA,NA,22.3,-7.7,-3.3,0,BANKS,76.8
WFG,West Fraser Timber Co. Ltd.,63.3,5163.8,45,21,4,NA,NA,22.3,-6.4,-2.4,-10.2,BUILDING,-14.6
RMT,Royce Micro-Cap Trust Inc.,13.63,718.4,69,0,0,NA,NA,22.25,-4.8,17.1,29.3,ETF/ETN/CEF,14.7
ABR,Arbor Realty Trust Inc.,3.49,647.4,7,17,56,NA,NA,22.200000000000003,-29.9,-53.5,-71.6,REAL EST,5
MBGL,Mobility Global Inc.,17.62,5185.9,40,16,16,NA,NA,22.2,-8.5,0,0,SOFTWARE,1.9
UHT,Universal Health Realty Income Trust,37.42,513.1,34,26,11,NA,NA,22.2,-14.9,-8.9,0.7,REAL EST,10.6
BKKT,Bakkt Inc.,7.35,341.2,21,21,33,NA,NA,22.1,-14.6,-3.7,-82.1,FINANCE,-108
BOUYY,Bouygues S.A. ADR,9.22,17613.9,30,20,23,NA,NA,22.1,-15.7,-20.7,5.3,BUILDING,9
NOAH,Noah Holdings Ltd. ADR,7.76,540,15,23,38,NA,NA,22.1,-25,-22.6,-35.7,FINANCE,5.6
LOW,Lowe's Cos.,183.67,100709.2,19,14,44,NA,NA,22.05,-17.9,-21.9,-24,RETAIL,0
ORN,Orion Group Holdings Inc.,9.36,375,23,25,25,NA,NA,22,-37.1,-15.6,9.7,BUILDING,1.6
SPXX,Nuveen S&P 500 Dynamic Overwrite Fund,18.72,2573,68,0,0,NA,NA,22,0.8,15.4,7.7,ETF/ETN/CEF,11.8
VFS,VinFast Auto Ltd.,3.08,7205.8,42,18,10,NA,NA,22,-1,-29.2,-6.1,AUTO,0
WD,Walker & Dunlop Inc.,35.1,1134.8,9,14,56,NA,NA,21.950000000000003,-33.3,-22.2,-56.7,FINANCE,3.2
ACIC,American Coastal Insurance Corp.,9.42,449.7,21,30,21,NA,NA,21.95,-17,-15.2,-20.5,INSURANCE,38.6
LMRI,Lumexa Imaging Holdings Inc.,10.71,1034.7,28,23,21,NA,NA,21.95,-15.7,19.8,0,MEDICAL,-12.6
TDOC,Teladoc Health Inc.,5.77,1052,19,24,31,NA,NA,21.95,-37.9,8.5,-32.7,SOFTWARE,-13.9
TELFY,Telefonica S.A. ADR,3.75,21679.4,36,15,21,NA,NA,21.95,-5.7,-15.7,-24.1,TELECOM,-26
JBS,JBS N.V. Cl A,12.02,12733.3,37,17,17,NA,NA,21.9,-0.9,-32.8,-11.4,FOOD/BEV,38.1
KYTX,Kyverna Therapeutics Inc.,6.16,390.9,17,13,47,NA,NA,21.9,-32.8,-31.4,4.6,MEDICAL,-64.7
NJDCY,Nidec Corp. ADR,3.4,15820.2,36,26,7,NA,NA,21.9,-17.9,-0.5,-22.3,MACHINE,-45.5
BLSM,BlossomHill Therapeutics Inc.,17.29,633.8,64,1,3,NA,NA,21.85,0,0,0,MEDICAL,0
COUR,Coursera Inc.,5.12,1369.6,20,25,28,NA,NA,21.85,-13.7,-14.8,-50.2,SOFTWARE,-8.3
CPRI,Capri Holdings Ltd.,14.67,1646.8,15,18,43,NA,NA,21.85,-22.1,-21.8,-30.7,CONSUMER,35.3
SKYD,Skydance Corp. Cl B,9.53,10967,34,22,14,NA,NA,21.8,-5.5,-3.2,-50.2,MEDIA,-4.4
IMNM,Immunome Inc.,19.31,2404.4,34,16,21,NA,NA,21.7,-19.2,-10.1,34,MEDICAL,-52.1
MFIC,MidCap Financial Investment Corp.,8.5,701,20,21,32,NA,NA,21.65,-14.9,-26.4,-27.4,FINANCE,4.7
VITL,Vital Farms Inc.,9.4,397.1,8,27,39,NA,NA,21.55,-26.8,-28.3,-77.6,FOOD/BEV,21.4
VYX,NCR Voyix Corp.,6.73,944.4,20,23,29,NA,NA,21.55,-23.2,7.3,-46.2,BUSINS SVC,3.6
IMXI,International Money Express Inc.,12.09,355.9,24,30,15,NA,NA,21.5,-14.7,-23.5,-13.3,FINANCE,22.1
SAFE,Safehold Inc.,12.1,842.7,22,24,25,NA,NA,21.5,-24.2,-10.2,-20.2,REAL EST,4.8
HCMLY,Holcim Ltd. ADR,15.74,42085.2,29,12,31,NA,NA,21.45,-18.1,-6.5,-3.7,BUILDING,1.9
IEP,Icahn Enterprises L.P.,6.63,4741.8,33,20,16,NA,NA,21.45,-8.7,-14,-19.6,MISC,-9.8
WU,Western Union Co.,6.14,1902.5,14,27,31,NA,NA,21.45,-23.1,-30.1,-23.9,FINANCE,51.9
THO,Thor Industries Inc.,67.63,3470.5,23,21,27,NA,NA,21.4,-10.7,-12.5,-36.4,AUTO,4.2
VRDN,Viridian Therapeutics Inc.,18.22,2152.6,35,17,17,NA,NA,21.4,-4.1,31.1,-12.5,MEDICAL,-40.5
HSAI,Hesai Group ADR,16.27,2443.1,27,23,19,NA,NA,21.3,-6.9,-21.4,-39.9,AUTO,6.5
AMTM,Amentum Holdings Inc.,18.77,4459.8,17,20,35,NA,NA,21.25,-15.6,-30.6,-28.5,BUSINS SVC,1.5
BBW,Build-A-Bear Workshop Inc.,25.64,320.3,12,21,40,NA,NA,21.25,-17.3,-31.2,-57.3,RETAIL,35.5
HBNB,Hotel101 Global Holdings Corp.,4.62,1065.4,29,16,25,NA,NA,21.25,-15.7,-38.6,47.1,LEISURE,-68.7
HIMS,Hims & Hers Health Inc.,29.47,6922.4,30,31,5,NA,NA,21.25,-23,45,-46.2,MEDICAL,25.2
NFJ,"Virtus Dividend, Interest & Premium Strategy Fund",14.73,1404.7,65,0,0,NA,NA,21.25,-3.2,15.6,12.2,ETF/ETN/CEF,10.8
CLPBY,Coloplast A/S ADR,6.35,13835.2,44,20,1,NA,NA,21.2,4.6,-7.2,-29.6,MEDICAL,20.6
CRARY,Credit Agricole S.A. ADR,9.54,58007.9,46,18,1,NA,NA,21.2,-6.4,1,-0.3,BANKS,0
CSHR,CoinShares PLC,4.96,637.9,37,23,6,NA,NA,21.2,22.2,-21.5,-54.5,FINANCE,-0.1
SHEN,Shenandoah Telecommunications Co.,11.5,620.1,30,18,21,NA,NA,21.2,-12.3,-22.1,-14.2,TELECOM,-4.4
MSDL,Morgan Stanley Direct Lending Fund,13.48,1140.5,30,21,17,NA,NA,21.15,-12.4,-5.7,-18.6,FINANCE,6.8
QNT,Quantinuum Inc.,45.59,11988.4,20,22,28,NA,NA,21.1,-45.2,0,0,COMPUTER,-14.3
QVCG,QVC Group Inc.,13.31,703.5,29,1,43,NA,NA,21.1,0,0,0,RETAIL,0
SIFY,Sify Technologies Ltd. ADR,13.34,965.6,43,19,3,NA,NA,21.1,-12.5,-1,-9.1,TELECOM,-8.6
PATK,Patrick Industries Inc.,66.64,2138.8,12,17,44,NA,NA,21.05,-22.4,-41.5,-33.4,AUTO,11.7
CORZ,Core Scientific Inc.,16.68,5334.3,35,21,10,NA,NA,21,-26.8,2.4,-6.9,FINANCE,0
CSQ,Calamos Strategic Total Return Fund,20.6,3265.1,64,0,0,NA,NA,21,-0.5,17.3,6.5,ETF/ETN/CEF,23.5
MBGAF,Mercedes-Benz Group AG,45.69,43388.6,20,20,30,NA,NA,21,-12.1,-25.6,-29.7,AUTO,5.6
TLK,Telekomunikasi Indonesia ADR,12.86,12673.3,23,17,30,NA,NA,21,-7.8,-30.9,-29.4,TELECOM,12.9
ERII,Energy Recovery Inc.,7.08,348.6,11,24,36,NA,NA,20.95,-21.3,-32.1,-55.2,MACHINE,11
ADUR,Aduro Clean Technologies Inc.,11.79,434.4,32,18,17,NA,NA,20.9,-25.3,11.5,-26.3,MACHINE,-128.7
AN,AutoNation Inc.,158.14,5344.9,20,22,27,NA,NA,20.9,-17.1,-19.7,-28,RETAIL,27.1
ARR,Armour Residential REIT Inc.,13.49,1915.2,20,22,27,NA,NA,20.9,-21.5,-22.2,-12.7,REAL EST,17.8
CRK,Comstock Resources Inc.,13.65,3834.7,25,29,12,NA,NA,20.9,-3.6,-29.5,-35.8,ENERGY,16.1
HNRG,Hallador Energy Co.,14.81,657.6,29,25,12,NA,NA,20.9,-10.1,-7.9,-24.2,ENERGY,31.7
WGO,Winnebago Industries Inc.,24.95,706.7,17,17,37,NA,NA,20.9,-18.7,-20.8,-24.1,AUTO,2.1
WULF,TeraWulf Inc.,14.97,7379.7,41,21,2,NA,NA,20.9,-32.6,-3.7,25.1,FINANCE,-343.7
LMND,Lemonade Inc.,46.3,3612.1,11,21,39,NA,NA,20.8,-41.2,-25.3,-17.5,INSURANCE,-29.4
AVLN,Avalyn Pharma Inc.,25.43,1198.3,41,18,5,NA,NA,20.75,-8,0,0,MEDICAL,-68.3
GMRS,GMR Solutions Inc.,10.2,539.1,23,24,20,NA,NA,20.75,-29.1,0,0,MEDICAL,25.5
RBLX,Roblox Corp.,45.56,31846.9,12,27,30,NA,NA,20.75,-20.1,-20.3,-63.9,SOFTWARE,-345.8
JBGS,JBG SMITH Properties,10.86,808.1,10,16,46,NA,NA,20.700000000000003,-29.1,-23.4,-50.2,REAL EST,-9.5
SOC,Sable Offshore Corp. Cl A,3.57,665.8,13,17,41,NA,NA,20.700000000000003,-9.6,-74.8,-80.8,ENERGY,-89.3
REF,Reformation Inc.,13.19,769.2,41,1,26,NA,NA,20.7,0,0,0,CONSUMER,2.9
SCGLY,Societe Generale S.A. ADR,15.01,53230.1,42,20,1,NA,NA,20.7,-15.5,1.2,17.9,BANKS,8.9
MNR,Mach Natural Resources LP,10.66,1761.3,26,27,12,NA,NA,20.65,-15.1,-24.7,-19.4,ENERGY,9
WSO,Watsco Inc.,290.83,12052.3,16,20,33,NA,NA,20.6,-27.1,-23.2,-29.1,BUILDING,17.1
FND,Floor & Decor Holdings Inc. Cl A,46.96,4957.1,21,18,29,NA,NA,20.55,-17.4,-4.9,-34.5,RETAIL,9.1
OFRM,"Once Upon a Farm, PBC",16.73,684.9,32,15,19,NA,NA,20.55,-16.7,6,0,FOOD/BEV,0
PLBL,Polibeli Group Ltd.,5.84,2077.4,8,30,30,NA,NA,20.5,-45.6,-34.4,-28.9,RETAIL,-36.2
DIFTY,Daito Trust Construction Co. Ltd. ADR,4.94,6744.9,52,9,1,NA,NA,20.45,1.1,-16.6,-4.3,REAL EST,0
ADV,Advantage Solutions Inc.,27.25,350.9,37,14,13,NA,NA,20.35,-31.9,15.7,-28.3,BUSINS SVC,-34.6
CIFR,Cipher Digital Inc.,15.5,6424.7,36,23,3,NA,NA,20.35,-28.7,16.1,1,FINANCE,-110.6
UUUU,Energy Fuels Inc.,11.26,2864.4,16,19,33,NA,NA,20.35,-18.2,-36.8,-33.4,MINING,-14.2
CLB,Core Laboratories Inc.,10.3,482.2,25,16,25,NA,NA,20.25,-7.1,-38,-16.8,ENERGY,11.5
GGN,GAMCO Global Gold Natural Resources & Income Trust,5.29,820.2,61,0,0,NA,NA,20.25,7.7,-2.2,1.5,ETF/ETN/CEF,39
ONDS,Ondas Inc.,7.41,4320.7,31,14,20,NA,NA,20.25,-5.2,-22.2,-30.5,AEROSPACE/DEFENSE,-58.1
QFIN,Qfin Holdings Inc. ADR,6.37,801,3,26,40,NA,NA,20.25,-58.3,-51.4,-79,FINANCE,24.6
NKTR,Nektar Therapeutics,39.91,1441.5,11,13,46,NA,NA,20.200000000000003,-45.4,-46.6,-33.4,MEDICAL,-217.9
LSEGY,London Stock Exchange Group PLC ADR,27.65,52409,41,19,1,NA,NA,20.2,-6.5,-6.3,-4.3,FINANCE,0
MHVIY,Mitsubishi Heavy Industries Ltd. ADR,12.04,82343.7,42,18,1,NA,NA,20.2,-4.9,-18.8,-12,MACHINE,0
PL,Planet Labs PBC,18.57,6316.4,21,15,31,NA,NA,20.2,-39.8,-47,21.9,TELECOM,-78.4
SFD,Smithfield Foods Inc.,18.78,7375.3,17,15,36,NA,NA,20.2,-23.5,-34.8,-17.3,FOOD/BEV,15.6
SOUN,SoundHound AI Inc.,5.72,2645.3,14,18,36,NA,NA,20.2,-17.8,-14.6,-68.7,BUSINS SVC,-4.3
WLK,Westlake Corp.,63.39,8256.9,21,11,36,NA,NA,20.2,-15.3,-47,-22.4,CHEMICAL,-15.5
ABG,Asbury Automotive Group Inc.,169.76,3084.7,19,19,28,NA,NA,20.1,-18.4,-13.1,-31.4,RETAIL,13.3
GIII,G-III Apparel Group Ltd.,26.78,1157.2,29,13,23,NA,NA,20.1,-20.3,-5.3,-1.7,CONSUMER,3.9
MRTN,Marten Transport Ltd.,12.87,1065.7,39,11,13,NA,NA,20.1,-25.3,-6.4,20.5,TRANSPORTATION,2.3
WINA,Winmark Corp.,295.85,1055.6,11,15,43,NA,NA,20.1,-29.8,-29.9,-41.2,RETAIL,0
ENPH,Enphase Energy Inc.,33.91,4420.2,28,17,19,NA,NA,20.05,-23.9,0.8,-8.7,ENERGY,17.9
OCS,Oculis Holding AG,8.72,527.2,6,11,54,NA,NA,20.05,-36.8,-66.9,-53,MEDICAL,-72.6
LEN.B,Lennar Corp. Cl B,76.97,17676.9,27,21,15,NA,NA,20,-10.4,-11,-35.8,BUILDING,8.3
PRKS,United Parks & Resorts Inc.,33.88,1559.3,23,20,21,NA,NA,19.95,-28.2,-1.7,-37.9,LEISURE,0
SRRK,Scholar Rock Holding Corp.,42.45,5285.5,28,15,21,NA,NA,19.95,-23.3,-13,6.7,MEDICAL,-123.1
CRVS,Corvus Pharmaceuticals Inc.,10.56,903.5,39,10,13,NA,NA,19.85,-30.4,-28.2,51.3,MEDICAL,-32.6
CTGO,Contango Silver & Gold Inc.,17.16,561.1,36,13,13,NA,NA,19.85,-0.2,-11.4,-30.9,MINING,-273.7
TTWO,Take-Two Interactive Software Inc.,202.53,38043,25,20,18,NA,NA,19.85,-21.6,3,-21.2,SOFTWARE,-10.6
NKE,Nike Inc. Cl B,34.61,50427.9,11,13,44,NA,NA,19.8,-20.1,-21.4,-51.4,CONSUMER,22.1
RGC,Regencell Bioscience Holdings Ltd.,7.35,3587.2,37,15,9,NA,NA,19.8,31,-76.2,-57.4,MEDICAL,-54.8
COAG,Hemab Therapeutics Holdings Inc.,28.37,1428.9,43,12,5,NA,NA,19.75,-5.3,0,0,MEDICAL,0
FBYD,Falcon's Beyond Global Inc.,8.77,988.3,7,28,30,NA,NA,19.75,-55.8,-28,-32.1,LEISURE,229
GAM,General American Investors Co. Inc.,64.46,1524.1,59,0,0,NA,NA,19.75,-0.5,8.7,2.3,ETF/ETN/CEF,20.6
GOOS,Canada Goose Holdings Inc.,7.64,744.6,12,15,40,NA,NA,19.75,-21.4,-29.1,-46.5,CONSUMER,4
SHOE,Shoe Station Group Inc.,13.04,348.5,22,24,16,NA,NA,19.7,-11.6,-18.1,-39.1,RETAIL,7.8
DYN,Dyne Therapeutics Inc.,15.4,2883.4,23,13,28,NA,NA,19.6,-32.6,-16.1,21.7,MEDICAL,-55.7
LINE,Lineage Inc.,34.44,7965.3,31,13,18,NA,NA,19.6,-20.8,5.6,-16.7,REAL EST,-1.2
MOS,Mosaic Co.,20.94,6768,35,17,8,NA,NA,19.6,-1.1,-21,-40.7,AGRICULTURE,4.6
BXMT,Blackstone Mortgage Trust Inc. Cl A,11.25,1855.7,8,15,44,NA,NA,19.55,-35.6,-39.2,-39.3,REAL EST,3
CNL,Collective Mining Ltd.,12.22,1044,28,14,20,NA,NA,19.5,-10.2,-33.9,-7.7,MINING,-54.7
MTH,Meritage Homes Corp.,62.82,4059,29,17,15,NA,NA,19.5,-21.4,-0.4,-13,BUILDING,8.8
SGRY,Surgery Partners Inc.,13.41,1745.1,27,22,11,NA,NA,19.45,-21.1,9,-34.2,MEDICAL,-4.4
PUMP,ProPetro Holding Corp.,9.53,1177.9,35,12,13,NA,NA,19.35,-22.5,-30.6,73,ENERGY,0.1
TTAM,Titan America S.A.,13.56,2488.9,21,22,18,NA,NA,19.35,-26.5,-9.2,-11.4,BUILDING,20.8
PSNY,Polestar Automotive Holding UK PLC ADR,5.93,1007.2,3,15,49,NA,NA,19.3,-70.9,-70.1,-79.4,AUTO,0
RHLD,Resolute Holdings Management,115.64,904.2,22,20,19,NA,NA,19.3,-26.2,-22.3,45.2,FINANCE,-206.6
TMC,TMC the metals company Inc.,3.7,1663.1,16,13,35,NA,NA,19.25,-12.7,-19.4,-52.1,MINING,0
POOL,Pool Corp.,158.24,5790.7,12,12,41,NA,NA,19.200000000000003,-26.5,-22.7,-48.5,RETAIL,32.9
LTGO,Latigo Biotherapeutics Inc.,16.26,1102.6,43,1,16,NA,NA,19.2,0,0,0,MEDICAL,-336.7
WB,Weibo Corp. ADR,6.49,1552.2,17,22,22,NA,NA,19.15,-14.3,-26.1,-48.1,INTERNET,12.2
AMRC,Ameresco Inc. Cl A,22.68,1140.4,21,24,14,NA,NA,19.05,-16.2,-5.5,-40.7,ENERGY,4.2
NYAX,Nayax Ltd.,48.3,1869.3,25,20,14,NA,NA,19.05,-32.9,-17.9,1,SOFTWARE,17.9
ASA,ASA Gold & Precious Metals Ltd.,57.06,1033.5,56,0,0,NA,NA,19,4.5,-9.9,21.7,ETF/ETN/CEF,86
ETO,Eaton Vance Tax-Advantaged Global Dividend Opportunities Fund,30.54,496.7,56,0,0,NA,NA,19,-1.8,12.1,8.7,ETF/ETN/CEF,18.3
NXRT,NexPoint Residential Trust Inc.,20.18,477.4,13,15,35,NA,NA,19,-29.1,-16.9,-35.2,REAL EST,-9.1
RTO,Rentokil Initial PLC ADR,19.95,9944,11,19,32,NA,NA,18.9,-33.3,-39.3,-24.9,BUSINS SVC,5.4
BEPC,Brookfield Renewable Corp.,29.65,5257.4,18,19,23,NA,NA,18.85,-19,-28.2,-22.1,ENERGY,-477.4
BME,BlackRock Health Sciences Trust,42.57,553.8,55,0,0,NA,NA,18.75,-2.3,11,13.2,ETF/ETN/CEF,13.8
CWK,Cushman & Wakefield Ltd.,11.94,2781.4,27,16,15,NA,NA,18.75,-13.4,-5.4,-23.4,REAL EST,4.8
ELVA,Electrovaya Inc.,6.5,319.8,19,20,20,NA,NA,18.75,-32.8,-19.4,-3.6,AUTO,16.9
ETW,Eaton Vance Tax-Managed Global Buy-Write Opportunities Fund,9.53,1030.6,55,0,0,NA,NA,18.75,-0.2,7,4.2,ETF/ETN/CEF,17.6
NMAI,Nuveen Multi-Asset Income Fund,13.8,449.9,55,0,0,NA,NA,18.75,-1.6,8.9,5.1,ETF/ETN/CEF,17.7
BDRFY,Beiersdorf AG ADR,17.13,18128.1,42,12,1,NA,NA,18.7,-0.8,-1.8,-19.5,CONSUMER,0
MFI,mF International Ltd. Cl A,9.3,462.6,30,16,11,NA,NA,18.7,2,-25,-76.4,FINANCE,3.9
KD,Kyndryl Holdings Inc.,11.48,2528.9,23,22,12,NA,NA,18.65,-6.5,-11.1,-62.5,SOFTWARE,16.5
KEP,Korea Electric Power Corp. ADR,11.32,14349.2,25,16,17,NA,NA,18.65,-11.1,-17.9,-11.4,UTILITY,19.9
LKQ,LKQ Corp.,22.39,5667.2,21,12,27,NA,NA,18.65,-13.9,-22.7,-27.1,RETAIL,9.5
CX,Cemex S.A.B. de C.V. ADR,9.92,14441.1,29,15,13,NA,NA,18.6,-19.5,-12.7,10.3,BUILDING,3.2
HDL,Super Hi International Holding Ltd. ADR,11.9,676.3,31,13,13,NA,NA,18.6,-3.6,-16.5,-33.6,RETAIL,9.7
APLD,Applied Digital Corp.,25.34,7387.6,32,19,4,NA,NA,18.55,-24.4,0.6,-8.6,BUSINS SVC,-20.1
MIRM,Mirum Pharmaceuticals Inc.,79.25,5287.4,25,22,9,NA,NA,18.55,-35,-17.7,9.3,MEDICAL,-8.6
CCAP,Crescent Capital BDC Inc.,9.07,332.4,16,14,30,NA,NA,18.5,-17.5,-27.3,-35.7,FINANCE,4.8
ETV,Eaton Vance Tax-Managed Buy-Write Opportunities Fund,14.93,1735,54,0,0,NA,NA,18.5,-0.7,8.6,4.6,ETF/ETN/CEF,12.4
ALK,Alaska Air Group Inc.,39.89,4373.7,27,21,7,NA,NA,18.4,-20.9,5,-17.7,TRANSPORTATION,2.4
STUB,StubHub Holdings Inc. Cl A,5.73,2113,8,16,37,NA,NA,18.4,-58.1,-7.1,-66.1,RETAIL,-114.8
UEC,Uranium Energy Corp.,10.11,4633.7,32,16,7,NA,NA,18.4,-4.5,-24.3,-22.5,MINING,-11.6
DJT,Trump Media & Technology Group Corp.,8.65,2398.6,34,17,3,NA,NA,18.35,-0.1,-7.8,-50.9,MEDIA,-55.6
INIO,INNIO N.V.,21.35,14235,19,23,14,NA,NA,18.3,-41,0,0,MACHINE,28.8
MMYT,MakeMyTrip Ltd.,43.37,4232.6,19,15,24,NA,NA,18.3,-24.4,6.5,-54.4,LEISURE,12.5
AIO,Virtus Artificial Intelligence & Technology Opportunities Fund,25.71,869.9,53,0,0,NA,NA,18.25,-4.8,17.5,7,ETF/ETN/CEF,21.3
ETG,Eaton Vance Tax-Advantaged Global Dividend Income Fund,23.16,1755.4,53,0,0,NA,NA,18.25,-2.1,12.5,7.1,ETF/ETN/CEF,19.5
FBRT,Franklin BSP Realty Trust Inc.,6.14,512.4,12,17,30,NA,NA,18.25,-21.7,-26.9,-43.1,REAL EST,5.1
KLAR,Klarna Group PLC,13.25,7399.8,12,13,35,NA,NA,18.25,-33.4,0.6,-68.6,FINANCE,-12.8
TY,Tri-Continental Corp.,34.54,1820.6,53,0,0,NA,NA,18.25,-1.1,7.7,1.1,ETF/ETN/CEF,13.1
ADRX,ADARx Pharmaceuticals Inc.,18.58,2034.6,51,1,1,NA,NA,18.2,0,0,0,MEDICAL,0
AHODF,Koninklijke Ahold Delhaize N.V.,35.45,30902.2,29,23,1,NA,NA,18.2,-10.6,-25.8,-9.1,RETAIL,15.3
HAGHY,Hensoldt AG ADR,8.83,10691.1,45,7,1,NA,NA,18.2,-3.5,-8.2,-32.3,AEROSPACE/DEFENSE,0
ONT,Onterris Inc.,14.52,499,8,23,27,NA,NA,18.15,-34.2,-36.4,-48.9,MACHINE,-0.2
SPTX,Seaport Therapeutics Inc.,17.37,990.3,39,12,2,NA,NA,18.15,-10.3,0,0,MEDICAL,-28.1
FINV,FinVolution Group ADR,3.01,710.4,7,23,28,NA,NA,18.1,-38.1,-41.1,-59,FINANCE,15.9
ATS,ATS Corp.,18.25,1819.4,10,18,30,NA,NA,18,-35.9,-36.5,-31.8,MACHINE,4.2
CPB,Campbell's Co.,19,5755.9,19,13,25,NA,NA,18,-16.2,-13.7,-39.3,FOOD/BEV,10.4
ETB,Eaton Vance Tax-Managed Buy-Write Income Fund,15.48,452.1,52,0,0,NA,NA,18,-0.5,5.2,3.5,ETF/ETN/CEF,12.8
FFA,First Trust Enhanced Equity Income Fund,22.25,441.9,52,0,0,NA,NA,18,-1.2,7.8,2.7,ETF/ETN/CEF,18
GPI,Group 1 Automotive Inc.,236.96,2878.5,12,16,30,NA,NA,18,-20.2,-27.5,-45.4,RETAIL,11.1
AZUL,Azul S.A. ADR,7.5,1420.7,34,17,1,NA,NA,17.95,-18.7,92.3,0,TRANSPORTATION,0
SKHHY,Sonic Healthcare Ltd. ADR,13.05,6374,32,19,1,NA,NA,17.95,-12.7,-5.6,-8.9,MEDICAL,7.3
UVV,Universal Corp.,42.7,1049,22,17,16,NA,NA,17.95,-16.9,-19,-22.3,ALCOHL/TOB/THC,2.3
STWD,Starwood Property Trust Inc.,12.93,4804.8,15,15,27,NA,NA,17.9,-22.6,-25.2,-31.9,REAL EST,6.1
LPX,Louisiana-Pacific Corp.,66.89,4565.3,26,18,9,NA,NA,17.8,-13.8,-7.3,-25,BUILDING,8.6
LVMUY,LVMH Moet Hennessy Louis Vuitton ADR,86.38,210216.6,13,11,34,NA,NA,17.8,-23.6,-21.5,-33.5,CONSUMER,16.5
IGD,Voya Global Equity Dividend & Premium Opportunity Fund,6.1,475.6,51,0,0,NA,NA,17.75,-1.3,7.6,4.6,ETF/ETN/CEF,12.3
SUPV,Grupo Supervielle S.A. ADR,7.44,687.7,25,18,10,NA,NA,17.75,-26.6,-20.6,47.3,BANKS,-5.2
SVRA,Savara Inc.,4.65,982.1,27,12,15,NA,NA,17.75,-25,-17,34.4,MEDICAL,-63.5
WY,Weyerhaeuser Co.,18.6,13326.4,18,13,25,NA,NA,17.75,-20.5,-23.1,-25.5,REAL EST,3.4
PRNDY,Pernod Ricard S.A. ADR,13.28,16346.5,30,15,7,NA,NA,17.65,-6.9,-8.7,-33.1,ALCOHL/TOB/THC,7.9
KREF,KKR Real Estate Finance Trust Inc.,6.26,358.8,30,10,13,NA,NA,17.6,-11.1,3,-27.8,FINANCE,-3.9
PACK,Ranpak Holdings Corp.,3.97,339.6,18,14,23,NA,NA,17.6,-39.9,12.1,-30.4,MISC,-7.1
MYGN,Myriad Genetics Inc.,4.28,438.1,14,29,9,NA,NA,17.55,-29,-8.4,-46.4,MEDICAL,-68.5
RARE,Ultragenyx Pharmaceutical Inc.,14.46,1429.5,6,21,29,NA,NA,17.55,-57.1,-36.8,-52.1,MEDICAL,-656
AOD,abrdn Total Dynamic Dividend Fund,10.2,1062.9,50,0,0,NA,NA,17.5,-2.4,7.4,6,ETF/ETN/CEF,15.9
CAVA,CAVA Group Inc.,52.64,6319.2,16,14,25,NA,NA,17.5,-26.8,-35.9,-17.5,RETAIL,8.6
EOSE,Eos Energy Enterprises Inc.,3.26,1190.8,6,16,35,NA,NA,17.5,-35.6,-32.6,-76.5,MACHINE,0
KWHIY,Kawasaki Heavy Industries Ltd. ADR,5.97,13064.8,33,16,1,NA,NA,17.45,-19.3,-23.6,11.2,MISC,14
ADIG,ADI Global Distribution Inc.,17.82,1337.8,39,1,12,NA,NA,17.4,0,0,0,RETAIL,-13.8
ARDX,Ardelyx Inc.,3.31,844.7,8,20,27,NA,NA,17.4,-38,-44.6,-36.3,MEDICAL,-36.2
BRBR,BellRing Brands Inc.,7.69,898.8,4,16,37,NA,NA,17.4,-42.8,-51.1,-77.2,CONSUMER,0
GLIBK,Liberty Capital Corp. Series C GCI Group,23.73,939.9,35,9,7,NA,NA,17.4,5.9,-35.3,-34.1,TELECOM,-19.9
LEU,Centrus Energy Corp.,153.88,2892.9,20,23,8,NA,NA,17.35,-11.7,-16.2,-56.8,ENERGY,16.8
TECX,Tectonic Therapeutic Inc.,22.41,451.8,29,10,13,NA,NA,17.35,-36.4,-25.3,47.4,MEDICAL,-37.8
ACI,Albertsons Cos. Inc.,11.48,5586.1,15,11,29,NA,NA,17.3,-19,-36.2,-31.7,RETAIL,8.3
CDNL,Cardinal Infrastructure Group Inc.,28.72,1363,27,15,9,NA,NA,17.3,-64.1,-30.4,0,BUILDING,64.6
PHAR,Pharming Group N.V. ADR,9.68,693.5,9,17,29,NA,NA,17.3,-32.4,-41.3,-37.1,MEDICAL,1.1
TTI,Tetra Technologies Inc.,6.14,892.9,16,14,24,NA,NA,17.3,-34.7,-27.3,5.3,ENERGY,1.6
FUBO,FuboTV Inc.,8.83,941.3,16,13,25,NA,NA,17.25,-13.7,-26.8,-81.2,LEISURE,-70.7
NNE,Nano Nuclear Energy Inc.,16.49,832.9,13,12,30,NA,NA,17.25,-18.3,-23.3,-69.3,ENERGY,-31.5
NXG,NXG NextGen Infrastructure Income Fund,57.99,324.4,49,0,0,NA,NA,17.25,-8.2,10.1,16.9,ETF/ETN/CEF,16.7
WEN,Wendy's Co.,6.16,1163.1,18,11,25,NA,NA,17.25,-22,-13.1,-34,RETAIL,87.6
XRAY,Dentsply Sirona Inc.,8.52,1706.5,12,9,35,NA,NA,17.25,-30.8,-26.8,-31.9,MEDICAL,-36.5
AORT,Artivion Inc.,21.84,1102.4,16,12,26,NA,NA,17.2,-11.4,-34.7,-46.4,MEDICAL,2.7
KNF,Knife River Corp.,53.23,2950,11,13,31,NA,NA,17.2,-37.4,-28.9,-25.1,BUILDING,10.1
CYTK,Cytokinetics Inc.,61.35,8716.8,27,12,12,NA,NA,17.15,-28.3,-5.5,1.2,MEDICAL,0
OTF,Blue Owl Technology Finance Corp.,9.36,4325.3,22,1,32,NA,NA,17.15,-9.7,-17.4,-33.9,ETF/ETN/CEF,12.3
LUNR,Intuitive Machines Inc. Cl A,15.06,3271.3,31,6,14,NA,NA,17.05,-20.3,-34.3,25.7,AEROSPACE/DEFENSE,0
BDJ,BlackRock Enhanced Equity Dividend Trust,9.45,1652.7,48,0,0,NA,NA,17,-2.6,7.3,3.2,ETF/ETN/CEF,16.7
MONRY,Moncler S.p.A. ADR,48.95,13287.1,22,13,16,NA,NA,16.95,-16.2,-20.2,-16.8,CONSUMER,17.2
MPT,Medical Properties Trust Inc.,3.3,1976.7,11,12,31,NA,NA,16.95,-28.4,-28.3,-38.9,REAL EST,-5.9
BRCB,Black Rock Coffee Bar Inc.,7.39,346.5,16,6,32,NA,NA,16.9,-8.8,-46.1,-66.6,RETAIL,-0.4
QURE,uniQure N.V.,23.06,1581.6,24,10,17,NA,NA,16.9,-44.2,32.6,-56.4,MEDICAL,-207.1
AMSF,AMERISAFE Inc.,23.6,431.5,10,19,23,NA,NA,16.85,-31.9,-29.8,-44,INSURANCE,18.5
CC,Chemours Co.,14.08,2090.4,27,10,13,NA,NA,16.85,-22.6,-35.1,-10.9,CHEMICAL,-90.4
DKS,Dick's Sporting Goods Inc.,134.88,12194.5,9,20,23,NA,NA,16.85,-41.1,-32.4,-41.3,RETAIL,19.4
IVR,Invesco Mortgage Capital Inc.,5.72,613.6,13,16,23,NA,NA,16.85,-27.3,-29.8,-23.6,REAL EST,13.3
PPTA,Perpetua Resources Corp.,20.62,2543.2,35,10,3,NA,NA,16.85,-2.5,-29.3,-12.6,MINING,-20.7
JBI,Janus International Group Inc.,4.32,592.1,15,13,24,NA,NA,16.8,-18.3,-13.6,-55.8,BUSINS SVC,9.9
LEN,Lennar Corp. Cl A,77.41,17676.9,24,11,15,NA,NA,16.75,-11.7,-12.6,-38.8,BUILDING,8.3
ANPDY,Anta Sports Products Ltd. ADR,228.43,25911.9,39,7,1,NA,NA,16.7,-3.8,-11.1,-22.2,CONSUMER,21.7
ENGIY,Engie S.A. ADR,26.49,65136.6,39,7,1,NA,NA,16.7,-14.7,-20.8,23.3,UTILITY,0
GLIBA,Liberty Capital Corp. Series A GCI Group,23.65,939.9,33,8,7,NA,NA,16.65,3.5,-34.8,-34.8,TELECOM,-19.9
LUMN,Lumen Technologies Inc.,5.91,5796.7,29,8,12,NA,NA,16.65,-8.9,-10.9,-17.5,TELECOM,0
TTD,Trade Desk Inc. Cl A,11.92,5664.1,5,20,27,NA,NA,16.65,-38.3,-46.3,-77.6,BUSINS SVC,16.3
FIGR,Figure Technology Solutions Inc.,27.35,6269.1,15,8,29,NA,NA,16.55,-20.5,-15.3,-37.3,FINANCE,16.9
VWAPY,Volkswagen AG ADR Pfd.,7.67,38549.1,21,14,14,NA,NA,16.55,-11,-23.9,-29.5,AUTO,4
CHW,Calamos Global Dynamic Income Fund,8.17,512.2,46,0,0,NA,NA,16.5,-7.4,9.5,6.7,ETF/ETN/CEF,17.8
CII,BlackRock Enhanced Large Cap Core Fund Inc.,24.28,1050.8,46,0,0,NA,NA,16.5,-5.5,11.3,4.5,ETF/ETN/CEF,22.8
HFRO,Highland Opportunities & Income Fund,6.66,367.8,46,0,0,NA,NA,16.5,-11.3,19.4,4.6,ETF/ETN/CEF,-3
QS,QuantumScape Corp. Cl A,4.65,2860.3,7,6,41,NA,NA,16.450000000000003,-35.8,-26.7,-70.4,AUTO,-37.4
DSDVY,DSV A/S ADR,86.76,40891,14,11,26,NA,NA,16.45,-30.8,-28.7,-16.4,TRANSPORTATION,7.4
MROSY,Melrose Industries PLC ADR,12.75,7827.4,44,1,1,NA,NA,16.45,0,0,0,AEROSPACE/DEFENSE,0
HUBG,Hub Group Inc. Cl A,28.16,1757.6,12,8,32,NA,NA,16.4,-38.6,-24.1,-19,TRANSPORTATION,6.3
RGNX,REGENXBIO Inc.,7.45,512.3,10,18,22,NA,NA,16.4,-49.8,-15.3,-30.3,MEDICAL,-107
IMTX,Immatics N.V.,7.5,1156.7,16,11,23,NA,NA,16.35,-24.9,-27.3,-20.1,MEDICAL,-38.1
PXED,Phoenix Education Partners Inc.,25.24,883.5,15,16,18,NA,NA,16.35,-27.2,-19.9,0,CONSUMER,46.6
TRTX,TPG RE Finance Trust,6.05,462.1,13,10,28,NA,NA,16.35,-27.5,-21.8,-29.2,FINANCE,5.3
BIDU,Baidu Inc. ADR,87.05,28165.5,14,16,19,NA,NA,16.3,-23.9,-21.8,-39.9,INTERNET,1.7
IRON,Disc Medicine Inc.,61.65,2431.4,25,9,14,NA,NA,16.3,-19.9,-6.3,-11,MEDICAL,-35.9
BOE,BlackRock Enhanced Global Dividend Trust,11.78,648.9,45,0,0,NA,NA,16.25,-3.2,5.5,0.3,ETF/ETN/CEF,14.4
CCD,Calamos Dynamic Convertible & Income Fund,23.64,645.1,45,0,0,NA,NA,16.25,-7.7,7.1,9.4,ETF/ETN/CEF,23.8
BNT,Brookfield Wealth Solutions Ltd.,37.24,13204,26,18,1,NA,NA,16.2,-15.3,-11.6,-17.8,INSURANCE,5
EXPGY,Experian PLC ADR,33.08,28621.6,32,12,1,NA,NA,16.2,-6.6,-3.6,-30.7,FINANCE,0
KMPR,Kemper Corp.,26.07,1520.8,23,16,7,NA,NA,16.15,-9.5,-16.7,-48,INSURANCE,5.2
MNRO,Monro Inc.,13.67,426.4,18,17,12,NA,NA,16.15,-20.6,-11.9,-25.3,RETAIL,0.4
CSQR,Csquare Inc.,18.04,2941.1,41,1,3,NA,NA,16.1,0,0,0,INTERNET,-36.8
VWAGY,Volkswagen AG ADR,7.69,38549.1,20,14,13,NA,NA,16.1,-12.7,-25.5,-30.4,AUTO,4
HUN,Huntsman Corp.,8.77,1550.3,24,9,14,NA,NA,16.05,-17.1,-30.1,-6.6,CHEMICAL,-9.6
LPL,LG Display Co. Ltd. ADR,3.09,3187.3,18,15,14,NA,NA,16.05,-15.3,-20.2,-43.4,ELECTRNCS,3.5
OCUL,Ocular Therapeutix Inc.,7.34,1592.2,15,10,24,NA,NA,16.05,-24,-9,-33.1,MEDICAL,-54.9
SCHYY,Sands China Ltd. ADR,14.88,11891.8,16,13,19,NA,NA,16.05,-12.7,-31.9,-44.2,LEISURE,73.7
EOI,Eaton Vance Enhanced Equity Income Fund,19.97,810.2,44,0,0,NA,NA,16,0.5,2.7,-4.5,ETF/ETN/CEF,11.6
JOBY,Joby Aviation Inc.,5.78,5744.6,7,5,40,NA,NA,16,-35.2,-33.6,-70.5,AEROSPACE/DEFENSE,-80.1
GTN.A,Gray Media Inc. Cl A,5.23,479.9,7,16,26,NA,NA,15.95,-30.3,-49.7,-56.1,MEDIA,-3
LYNX,Lyntris Inc.,13.26,1455.2,42,1,1,NA,NA,15.95,0,0,0,AEROSPACE/DEFENSE,0
ALMS,Alumis Inc.,6.93,913.1,16,6,27,NA,NA,15.9,-74.6,-68.4,68.2,MEDICAL,-86.7
BV,BrightView Holdings Inc.,10.49,944.5,19,7,22,NA,NA,15.9,-27.3,-10.4,-21.9,BUSINS SVC,3.1
MBC,MasterBrand Inc.,7.1,1420.4,14,20,12,NA,NA,15.9,-24.8,-13.4,-45.6,CONSUMER,2
WYFI,WhiteFiber Inc.,17.33,678.3,26,16,2,NA,NA,15.9,-51.2,44.1,-48.9,INTERNET,-7.6
ATTO,Attovia Therapeutics Inc.,17.5,821.5,35,1,9,NA,NA,15.8,0,0,0,MEDICAL,-57.2
LYSDY,Lynas Rare Earths Ltd. ADR,8.96,8857.2,19,17,9,NA,NA,15.8,-28.5,-33.3,-30.1,MINING,7.6
WYNN,Wynn Resorts Ltd.,76.62,7946.5,14,6,29,NA,NA,15.8,-20.1,-25.4,-38.5,LEISURE,0
PSLV,Sprott Physical Silver Trust,20,12027.2,43,0,0,NA,NA,15.75,0.7,-15.1,22.3,ETF/ETN/CEF,83.4
BXDC,Blackstone Digital Infrastructure Trust Inc.,17.43,1733.2,32,10,1,NA,NA,15.7,-17.6,0,0,REAL EST,0
KRUS,Kura Sushi USA Inc.,40.06,490.5,11,15,21,NA,NA,15.7,-28.6,-44.8,-32,RETAIL,-1
MPNGY,Meituan ADR,18.1,55599.6,29,13,1,NA,NA,15.7,-5.3,-11.6,-33.3,RETAIL,-14.5
OWLS,OBOOK Holdings Inc.,5.44,480.5,30,12,1,NA,NA,15.7,-4.4,-5.9,0,FINANCE,0
AKTS,Aktis Oncology Inc.,17.86,1030.1,24,9,12,NA,NA,15.65,-32.8,9.1,0,MEDICAL,-29.4
ASIX,AdvanSix Inc.,16.7,445,24,13,7,NA,NA,15.65,-16.9,-32.2,-17.3,CHEMICAL,6.2
PONY,Pony AI Inc. ADR,6.13,2603,13,8,27,NA,NA,15.65,-12.4,-31.6,-73.8,AUTO,-10.3
CDZI,Cadiz Inc.,3.5,302.3,16,12,18,NA,NA,15.6,-18.2,-31.5,-27.7,UTILITY,-119.4
XE,X-Energy Inc.,15.45,5855.7,28,12,3,NA,NA,15.6,-15.7,0,0,ENERGY,-60.1
TU,TELUS Corp.,7.88,12550.5,11,8,29,NA,NA,15.55,-22.9,-38.7,-49.3,TELECOM,7.1
ARKO,ARKO Corp.,4.2,472.3,16,6,25,NA,NA,15.5,-47.2,-25.1,-3.2,RETAIL,6.1
GDV,Gabelli Dividend & Income Trust,28.47,2459.6,42,0,0,NA,NA,15.5,-4.5,3.6,4.6,ETF/ETN/CEF,15.5
EVLV,Evolv Technologies Holdings Inc.,4.68,811.4,13,12,21,NA,NA,15.45,-26.6,-23.2,-37.6,BUSINS SVC,-28
QDEL,QuidelOrtho Corp.,12.57,832.5,9,12,26,NA,NA,15.45,-30.2,-20.8,-57.5,MEDICAL,-46.1
STLA,Stellantis N.V.,4.61,16810.5,10,11,26,NA,NA,15.45,-20.5,-38.4,-57.3,AUTO,-34.2
OLN,Olin Corp.,16.21,1854.5,16,12,17,NA,NA,15.4,-17.9,-44.5,-37.5,CHEMICAL,-5.2
WRD,WeRide Inc. ADR,5.12,1647.5,18,9,18,NA,NA,15.35,-9.1,-33.2,-54.7,LEISURE,-21.9
MFA,MFA Financial Inc.,7.28,743,17,13,14,NA,NA,15.3,-22,-25.6,-18.8,REAL EST,9.6
CHI,Calamos Convertible Opportunities & Income Fund,11.77,932,41,0,0,NA,NA,15.25,-10.2,5,7.2,ETF/ETN/CEF,21
DRUG,Bright Minds Biosciences Inc.,48.25,491.1,14,6,26,NA,NA,15.2,-27.6,-35.6,-6.3,MEDICAL,-27.7
HNNMY,H&M Hennes & Mauritz AB ADR,3.17,25295.5,33,7,1,NA,NA,15.2,-6.8,-14.3,-17.3,CONSUMER,27.3
ITG,ITG Inc. Cl A,8.23,866.6,18,18,6,NA,NA,15.2,-44,0,0,TELECOM,4
KKPNY,Royal KPN N.V. ADR,4.36,16785.3,33,7,1,NA,NA,15.2,-9.9,-21.6,-5.2,TELECOM,0
ORANY,Orange ADR,15.9,41814.4,34,6,1,NA,NA,15.2,-11.3,-23,2.9,TELECOM,0
TLTZY,Tele2 AB Series B ADR,7.82,11113.3,35,5,1,NA,NA,15.2,-7.3,-24.6,-9.4,TELECOM,20.6
VSNT,Versant Media Group Inc.,31.47,4305.3,20,12,11,NA,NA,15.2,-15.4,-16.8,0,MEDIA,8.8
GRRR,Gorilla Technology Group Inc.,12.18,337,27,12,2,NA,NA,15.15,-34.3,12.4,-41.1,BUSINS SVC,-8.4
CLPT,ClearPoint Neuro Inc.,11.01,351.4,19,15,8,NA,NA,15.1,-38.8,17.4,-58.6,MEDICAL,-95.6
FLO,Flowers Foods Inc.,5.74,1187.5,8,9,29,NA,NA,15.05,-33.3,-30.4,-55.1,FOOD/BEV,6.2
MEC,Mayville Engineering Co. Inc.,16.46,418,24,9,9,NA,NA,15.05,-52.2,-9.4,22.7,AUTO,-3.3
MGM,MGM Resorts International,30.54,7590.6,17,8,19,NA,NA,15.05,-34.9,-18.8,-10,LEISURE,7.7
CALM,Cal-Maine Foods Inc.,63.4,3035.7,15,13,15,NA,NA,15,-25.6,-19.7,-31.7,AGRICULTURE,12.2
EXG,Eaton Vance Tax-Managed Global Diversified Equity Income Fund,9.42,2857.4,40,0,0,NA,NA,15,-4.3,6.7,2.1,ETF/ETN/CEF,14.4
FRPH,FRP Holdings Inc.,20.25,384.5,25,7,10,NA,NA,15,-19.6,-8.7,-16.1,REAL EST,0.8
KBH,KB Home,45.4,2738.4,18,10,15,NA,NA,15,-24.1,-11.6,-29.6,BUILDING,10.7
XZO,Exzeo Group Inc.,15.04,1386.4,22,10,10,NA,NA,15,-19.7,5.2,0,SOFTWARE,58.6
AHCHY,Anhui Conch Cement Co. Ltd. ADR,10.07,12879.4,24,7,11,NA,NA,14.95,-7.7,-25,-33.9,BUILDING,4.4
EIKN,Eikon Therapeutics Inc.,7.51,408.4,12,7,26,NA,NA,14.95,-37.6,-20.4,0,MEDICAL,-125
IMBBY,Imperial Brands PLC ADR,33.07,24340.3,28,11,1,NA,NA,14.95,-9.9,-18.8,-18.3,ALCOHL/TOB/THC,0
AMRZ,Amrize Ltd.,37.28,20345.6,12,6,27,NA,NA,14.9,-31,-31.7,-22.9,BUILDING,10.2
CRML,Critical Metals Corp.,7.36,1103.9,22,12,7,NA,NA,14.9,-20.5,-9.1,-36.5,MINING,-104.7
QBTS,D-Wave Quantum Inc.,15.79,5937.4,16,14,12,NA,NA,14.9,-30,11.7,-54.9,SOFTWARE,-77.6
AAPG,Ascentage Pharma Group International ADR,16.09,1324.4,13,16,13,NA,NA,14.85,-16.9,-41.3,-59.6,MEDICAL,-153.2
ALOY,REalloys Inc.,8.12,563,27,9,4,NA,NA,14.8,-36.3,-6.6,27.7,MINING,-80.1
GPK,Graphic Packaging Holding Co.,8.61,2549.2,15,8,20,NA,NA,14.75,-18.9,-10.3,-54.9,MISC,14
MOBI,Mobia Medical Inc.,8.8,319.3,22,13,5,NA,NA,14.75,-33.6,0,0,MEDICAL,-246.1
TSHA,Taysha Gene Therapies Inc.,4.39,1463,22,9,10,NA,NA,14.75,-31.2,-5.6,-0.7,MEDICAL,-68.5
ACHR,Archer Aviation Inc.,4.65,3634.5,18,3,22,NA,NA,14.65,-13.4,-16.1,-65.9,AEROSPACE/DEFENSE,-41.8
VLRS,Controladora Vuela Compania de Aviacion S.A.B. de C.V. ADR,6.5,749.2,19,14,7,NA,NA,14.65,-30.3,-8.6,-5.5,TRANSPORTATION,-33.2
BRSP,BrightSpire Capital Inc.,3.79,477,12,8,23,NA,NA,14.600000000000001,-29.6,-32.6,-26,REAL EST,-3.1
DFH,Dream Finders Homes Inc.,9.74,894.5,7,9,28,NA,NA,14.600000000000001,-40.5,-33,-62,BUILDING,14.6
HQL,abrdn Life Sciences Investors,17.56,537.6,38,0,0,NA,NA,14.5,-12.9,3.3,12.1,ETF/ETN/CEF,17.6
JMKE,Jersey Mike's Subs Inc.,16.43,5110.8,33,1,5,NA,NA,14.5,0,0,0,RETAIL,2.2
RH,RH,117.16,2223.7,12,14,15,NA,NA,14.5,-30.7,-1.3,-41.4,RETAIL,0
RVT,Royce Small-Cap Trust Inc.,17.17,2060,38,0,0,NA,NA,14.5,-6.5,1.6,5.1,ETF/ETN/CEF,12.6
TYRA,Tyra Biosciences Inc.,20.24,1439.1,22,8,10,NA,NA,14.5,-34.4,-48,50.7,MEDICAL,-39.8
USA,Liberty All-Star Equity Fund,5.89,1790.8,38,0,0,NA,NA,14.5,0.3,4.6,-8.5,ETF/ETN/CEF,8.3
DLAKY,Deutsche Lufthansa AG ADR,8.57,10105.6,29,8,1,NA,NA,14.45,-25.6,-1,0.1,TRANSPORTATION,11.7
VMET,Versamet Royalties Corp.,8.67,930.6,29,8,1,NA,NA,14.45,-24.6,-18.4,8.4,MINING,9.1
MATW,Matthews International Corp. Cl A,19.42,603.4,15,9,17,NA,NA,14.4,-26.7,-24.2,-20.1,CONSUMER,-5.3
UPST,Upstart Holdings Inc.,23.86,2369.6,11,13,17,NA,NA,14.4,-30.5,-11.3,-54.6,FINANCE,7.5
DQ,Daqo New Energy Corp. ADR,11.08,747,15,4,23,NA,NA,14.350000000000001,-10.1,-46.9,-60.7,ENERGY,-3.9
RMIX,Suncrete Inc.,11.55,859,27,4,8,NA,NA,14.35,-45.6,8.6,1.8,BUILDING,-0.6
MLYS,Mineralys Therapeutics Inc.,21.95,2059.9,12,6,24,NA,NA,14.3,-24.6,-22.2,-42.3,MEDICAL,-36.9
QXO,QXO Inc.,12.11,12325.4,11,14,15,NA,NA,14.25,-23.4,-36.3,-38.7,BUILDING,-3.8
SLVM,Sylvamo Corp.,32.91,1326.8,19,10,10,NA,NA,14.25,-15.9,-21.7,-24.2,MISC,14.6
HCMLF,Holcim Ltd.,80.08,42085.2,33,3,1,NA,NA,14.2,-14.6,-3.1,-2.3,BUILDING,0
HE,Hawaiian Electric Industries Inc.,8.93,1521.7,12,8,21,NA,NA,14.2,-33.5,-42,-20.6,UTILITY,8.1
SVC,Service Properties Trust,6.49,826.3,17,6,17,NA,NA,14.15,-25.4,-0.9,-48.9,REAL EST,-27
RUN,Sunrun Inc.,7.77,1832.8,6,8,28,NA,NA,14.100000000000001,-40.1,-41.3,-59.6,ENERGY,15.9
CELC,Celcuity Inc.,71.25,3602.4,21,5,13,NA,NA,14.1,-34.4,-37.6,49,MEDICAL,-163.8
CEF,Sprott Physical Gold & Silver Trust,41.82,7281.2,36,0,0,NA,NA,14,-0.3,-10.9,10.5,ETF/ETN/CEF,61.9
CHY,Calamos Convertible & High Income Fund,11.96,936.7,36,0,0,NA,NA,14,-11.4,6.2,5.3,ETF/ETN/CEF,21.1
FSUGY,Fortescue Ltd. ADR,22.91,34713.2,28,7,1,NA,NA,13.95,-10.8,-18.3,-11.1,MINING,0
MLTX,MoonLake Immunotherapeutics,10.95,968.5,19,4,16,NA,NA,13.95,-42,-35.5,26.4,MEDICAL,-60.5
PRCT,PROCEPT BioRobotics Corp.,17.51,1020.6,13,14,11,NA,NA,13.95,-17.4,-26.4,-50.3,MEDICAL,-24.9
VCISY,Vinci S.A. ADR,30.65,67121.7,28,7,1,NA,NA,13.95,-14.3,-19.3,-9.5,BUILDING,16.5
IP,International Paper Co.,32.14,16972.7,23,7,7,NA,NA,13.9,-16.7,-8,-29.9,MISC,-24.7
ASTS,AST SpaceMobile Inc.,63.12,22742.9,20,9,8,NA,NA,13.85,-21.7,-33.4,-13.4,TELECOM,-29.5
NRG,NRG Energy Inc.,103.6,20348.4,11,14,13,NA,NA,13.85,-26.5,-30.8,-36.8,UTILITY,41.5
OPFI,OppFi Inc.,6.18,514.7,10,11,18,NA,NA,13.85,-38.3,-20.6,-41.2,SOFTWARE,57.7
SCTX,Scribe Therapeutics Inc,16.33,306.9,32,1,3,NA,NA,13.85,0,0,0,MEDICAL,0
AVBP,ArriVent BioPharma Inc.,15.09,1403.3,9,7,24,NA,NA,13.8,-56.2,-39.6,-24.4,MEDICAL,-58.9
LI,Li Auto Inc. ADR,10.89,11086.9,19,9,9,NA,NA,13.8,-9.4,-41,-56.2,AUTO,1.6
BGY,BlackRock Enhanced International Dividend Trust,5.67,510.2,35,0,0,NA,NA,13.75,-1.9,3.8,-3.7,ETF/ETN/CEF,14.7
HQH,abrdn Healthcare Investors,19.33,1119.8,35,0,0,NA,NA,13.75,-12.1,5.1,5.2,ETF/ETN/CEF,9.2
PHYS,Sprott Physical Gold Trust,31.43,15120.6,35,0,0,NA,NA,13.75,0.1,-10.8,3.8,ETF/ETN/CEF,48.4
JBLU,JetBlue Airways Corp.,4.03,1531.9,18,12,6,NA,NA,13.7,-33.5,-11.8,-17.4,TRANSPORTATION,-25.3
PROSY,Prosus N.V. ADR,8.01,78779.1,26,8,1,NA,NA,13.7,-8.1,-13.3,-44.3,RETAIL,0
RYN,Rayonier Inc.,18.09,5388.2,23,11,1,NA,NA,13.7,-16.3,-13,-31.9,REAL EST,23.7
TGOPY,3i Group PLC ADR,7.92,32408.2,28,6,1,NA,NA,13.7,-9.8,-10.9,-46,FINANCE,0
ZURA,Zura Bio Ltd.,3.96,376.6,19,7,11,NA,NA,13.7,-26.1,-34.7,-5,MEDICAL,-80
OXM,Oxford Industries Inc.,25.49,380.1,12,4,23,NA,NA,13.600000000000001,-26.2,-33,-35.1,CONSUMER,-4.9
NBTX,Nanobiotix S.A. ADR,25.23,1269.5,27,5,3,NA,NA,13.6,-38.6,-23,10.8,MEDICAL,0
BXSL,Blackstone Secured Lending Fund,23.52,5479.5,34,0,0,NA,NA,13.5,1.3,-2.5,-9.7,ETF/ETN/CEF,9.1
RVI,Robinhood Ventures Fund I,27.03,340.7,34,0,0,NA,NA,13.5,-19.3,2.9,0,ETF/ETN/CEF,0
BYDDY,BYD Co. Ltd. ADR,9.52,96489.2,23,10,1,NA,NA,13.45,-10.9,-28.2,-31.5,AUTO,16.1
ETRA,Electra Therapeutics Inc.,9.82,611.4,32,1,1,NA,NA,13.45,0,0,0,MEDICAL,0
OIG,Orion180 Insurance Group Inc. Cl. A,8.63,905.2,32,1,1,NA,NA,13.45,0,0,0,INSURANCE,0
XNET,Xunlei Ltd. ADR,4.76,305.3,16,13,6,NA,NA,13.45,-17.7,-18.4,-55.7,SOFTWARE,124.3
FUN,Six Flags Entertainment Corp.,12.08,1241.1,10,10,17,NA,NA,13.4,-38.2,-32.4,-46.1,LEISURE,-123.4
IONS,Ionis Pharmaceuticals Inc.,44,7229,7,13,17,NA,NA,13.4,-47.1,-40.8,-36.3,MEDICAL,-70.8
NKLR,Terra Innovatum Global N.V.,3.6,380.1,14,9,13,NA,NA,13.35,-21.2,-20.4,-70.8,ENERGY,826.8
OXLC,Oxford Lane Capital Corp.,8.68,875.4,30,1,3,NA,NA,13.35,-3,-11.3,-48.1,ETF/ETN/CEF,-39.2
ABVX,Abivax S.A. ADR,88.22,7937.3,15,6,15,NA,NA,13.25,-38.7,-26.2,1.8,MEDICAL,-131.6
ELUXY,Electrolux AB ADR,4.94,1970,12,13,10,NA,NA,13.25,-13.4,-61.6,-55.5,CONSUMER,9.8
HAWK,HawkEye 360 Inc.,14.37,1408.7,21,4,10,NA,NA,13.25,-28,0,0,AEROSPACE/DEFENSE,0
PSUS,Pershing Square USA Ltd.,37.74,3735,33,0,0,NA,NA,13.25,-0.8,0,0,ETF/ETN/CEF,0
PZZA,Papa John's International Inc.,19.58,643.3,6,3,30,NA,NA,13.25,-43.5,-44.4,-58,RETAIL,0
SMR,NuScale Power Corp.,8.02,3300.3,12,9,15,NA,NA,13.25,-16.5,-21.1,-80.9,ENERGY,-39.8
TRIP,Tripadvisor Inc.,8.52,1030.2,9,8,20,NA,NA,13.25,-38.6,-21.5,-46.8,LEISURE,5
UTF,Cohen & Steers Infrastructure Fund Inc.,25.6,2435.6,33,0,0,NA,NA,13.25,-6.7,-2.3,3,ETF/ETN/CEF,14.8
GORO,Goldgroup Mining Inc.,3.37,433.3,25,7,1,NA,NA,13.2,-24.1,-20.5,15.5,MINING,0
STOK,Stoke Therapeutics Inc.,24.37,1633.8,18,10,6,NA,NA,13.2,-24.9,-25.7,-9.1,MEDICAL,-2.4
HROW,Harrow Inc.,30.35,1146.4,13,14,7,NA,NA,13.15,-32.5,-13.6,-28,MEDICAL,-8.4
BTO,John Hancock Financial Opportunities Fund,36.31,716.6,32,0,0,NA,NA,13,-8.5,-1,1.8,ETF/ETN/CEF,9.9
CLBT,Cellebrite DI Ltd.,11.37,2815,11,13,10,NA,NA,13,-31.5,-19.4,-39.5,SOFTWARE,19
CPNG,Coupang Inc.,14.42,25524.7,11,17,5,NA,NA,13,-24.7,-26.1,-55.5,RETAIL,4.8
FAC,Factorial Energy Inc. Cl A,5.46,585.4,7,9,20,NA,NA,13,-45.6,-46.9,-45.6,AUTO,4.6
NIE,Virtus Equity & Convertible Income Fund,25.28,688,32,0,0,NA,NA,13,-4.9,6.8,-0.2,ETF/ETN/CEF,15.1
CPYYY,Centrica PLC ADR,7.95,8877.4,26,5,1,NA,NA,12.95,-12.5,-31.3,-13.5,UTILITY,0
ARI,Apollo Commercial Real Estate Finance Inc.,6.25,800.8,9,9,17,NA,NA,12.9,-39.3,-40.8,-37.5,REAL EST,6.7
BRVE,Braveheart Bio Inc.,19.79,1922.3,29,1,2,NA,NA,12.9,0,0,0,MEDICAL,0
BCAX,Bicara Therapeutics Inc.,16.56,1144.1,19,6,8,NA,NA,12.85,-43.3,-20.6,-8.2,MEDICAL,-30.9
WHR,Whirlpool Corp.,30.15,1957.9,10,10,14,NA,NA,12.8,-20.7,-46.4,-62,CONSUMER,11.7
XENE,Xenon Pharmaceuticals Inc.,36.57,3638.3,14,6,14,NA,NA,12.8,-39.6,-35.7,-7.5,MEDICAL,-51.8
CAF,Morgan Stanley China A Share Fund Inc.,17.72,300.3,31,0,0,NA,NA,12.75,-13.8,6.7,5.2,ETF/ETN/CEF,23.4
ETY,Eaton Vance Tax-Managed Diversified Equity Income Fund,14.27,2258.6,31,0,0,NA,NA,12.75,-1.9,2.7,-8.9,ETF/ETN/CEF,12.6
REAX,Real REMAX Group Inc.,16.74,601.1,10,9,15,NA,NA,12.75,-23.9,-33.8,-60.7,REAL EST,-19.3
FOIL,Londian Wason New Energy Tech Inc. ADR,16.66,1281.8,29,1,1,NA,NA,12.7,0,0,0,ELECTRNCS,0.4
BNTC,Benitec Biopharma Inc.,9,322,13,7,13,NA,NA,12.6,-31.8,-18.1,-34.1,MEDICAL,-33.2
USAR,USA Rare Earth Inc.,13.74,5119.8,18,6,8,NA,NA,12.6,-29,-10.1,-47.8,MINING,-119.1
VNET,VNET Group Inc. ADR,5.4,1550.1,9,15,8,NA,NA,12.6,-30.9,-33.3,-49.1,INTERNET,-4.1
AADX,Applied Aerospace & Defense Inc.,11.8,1984.2,18,5,9,NA,NA,12.55,-48.9,0,0,AEROSPACE/DEFENSE,-10.5
AHCO,AdaptHealth Corp.,5.77,782.6,7,15,10,NA,NA,12.5,-43.8,-52.2,-35.6,MEDICAL,-4.6
BGB,Blackstone Strategic Credit 2027 Term Fund,11.12,493.5,30,0,0,NA,NA,12.5,-1.6,-0.5,-7.2,ETF/ETN/CEF,5.3
SPPP,Sprott Physical Platinum & Palladium Trust,13.31,583.2,30,0,0,NA,NA,12.5,1.4,-15.1,-5.5,ETF/ETN/CEF,61.8
CAR,Avis Budget Group Inc.,112.65,3814.5,16,5,11,NA,NA,12.45,-28.9,-47,-24.1,LEISURE,0
DNNGY,Orsted A/S ADR,6.69,26360.6,26,3,1,NA,NA,12.45,-14.3,-17.9,-64.8,ENERGY,1.9
LCID,Lucid Group Inc.,4.16,1643.3,5,16,11,NA,NA,12.45,-37.5,-55.4,-82.7,AUTO,-66
SHTDY,Sinopharm Group Co. Ltd. ADR,9.51,5849.9,22,7,1,NA,NA,12.45,-13.5,-28.7,-20,MEDICAL,8.7
CCB,Coastal Financial Corp.,40.76,626,5,12,15,NA,NA,12.25,-48.4,-48.2,-63.7,BANKS,10.1
EDD,Morgan Stanley Emerging Markets Domestic Debt Fund Inc.,5.33,337.7,29,0,0,NA,NA,12.25,-8.3,2.1,0.9,ETF/ETN/CEF,19.5
EOS,Eaton Vance Enhanced Equity Income Fund II,21.56,1133.5,29,0,0,NA,NA,12.25,-2.7,3.5,-9.8,ETF/ETN/CEF,12.5
STEW,SRH Total Return Fund Inc.,17.6,1694.5,29,0,0,NA,NA,12.25,-4,1.6,-3,ETF/ETN/CEF,8
VKTX,Viking Therapeutics Inc.,28.38,3723.4,19,6,5,NA,NA,12.25,-26.7,-16.4,-12.1,MEDICAL,-47.3
WVE,WAVE Life Sciences Ltd.,3.52,738.9,5,4,25,NA,NA,12.25,-44.3,-50.4,-51.2,MEDICAL,-55
AVEX,AEVEX Corp. Cl A,15.15,1892.7,24,4,1,NA,NA,12.2,-22.7,0,0,AEROSPACE/DEFENSE,-7.7
CLLNY,Cellnex Telecom S.A. ADR,12.78,16628.3,24,4,1,NA,NA,12.2,-13.1,-23,-26.2,TELECOM,-2.8
MBGYY,Mercedes-Benz Group AG ADR,11.35,43388.6,20,8,1,NA,NA,12.2,-12.4,-25.4,-30.1,AUTO,5.6
ARRY,Array Technologies Inc.,4.06,600.6,6,5,22,NA,NA,12.15,-42.2,-41.8,-54.5,ENERGY,-19
NAMS,NewAmsterdam Pharma Co. N.V.,22.27,2725.4,10,7,14,NA,NA,12.05,-36.2,-34.7,-31.4,MEDICAL,-28.3
ASG,Liberty All-Star Growth Fund Inc.,5.2,328.8,28,0,0,NA,NA,12,-5.3,6.3,-6.6,ETF/ETN/CEF,4
TBLD,Thornburg Income Builder Opportunities Trust,20.23,620.1,28,0,0,NA,NA,12,-8.6,-5.1,0.5,ETF/ETN/CEF,15
FDXF,FedEx Freight Holding Co. Inc.,112.1,16683.2,24,3,1,NA,NA,11.95,-26.6,0,0,TRANSPORTATION,69.1
FLNC,Fluence Energy Inc.,8.03,1412.2,5,9,17,NA,NA,11.9,-54.9,-39.2,-47.4,ENERGY,-10.7
GPCR,Structure Therapeutics Inc. ADR,27.47,1967.4,10,4,17,NA,NA,11.9,-49.8,-46.9,-4.2,MEDICAL,-11.9
ETJ,Eaton Vance Risk-Managed Diversified Equity Income Fund,8.18,547.8,27,0,0,NA,NA,11.75,-2.6,0.4,-8,ETF/ETN/CEF,7.6
NCV,Virtus Convertible & Income Fund,15.31,340,27,0,0,NA,NA,11.75,-11.5,-0.7,0.1,ETF/ETN/CEF,17.7
CODYY,Compagnie de Saint-Gobain S.A. ADR,7.46,36289.9,22,4,1,NA,NA,11.7,-17.5,-8.4,-30.1,BUILDING,0
DQJCY,Pan Pacific International Holdings Corp. ADR,8.67,13764.4,17,9,1,NA,NA,11.7,-17.5,-30.3,-31.8,RETAIL,16.7
KARD,Kardigan Inc.,13.49,1425,19,5,3,NA,NA,11.6,-43.3,0,0,MEDICAL,-103
VERA,Vera Therapeutics Inc.,29.42,2149.6,15,5,8,NA,NA,11.6,-26.7,-27.3,-4.9,MEDICAL,-50.7
SOR,Source Capital,45.01,370.1,26,0,0,NA,NA,11.5,-3.6,0.4,-1.7,ETF/ETN/CEF,15.8
BMWKY,Bayerische Motoren Werke AG ADR,20.39,36790.8,18,7,1,NA,NA,11.45,-10.9,-33.1,-41.5,AUTO,7.9
HONA,Honeywell Aerospace Inc.,157.39,49362.2,23,2,1,NA,NA,11.45,-33.8,0,0,AEROSPACE/DEFENSE,0
SERV,Serve Robotics Inc.,4.77,423.1,8,13,6,NA,NA,11.45,-26,-42.9,-68.1,MACHINE,-42
FISN,Deep Fission Inc.,5.47,316.6,17,6,3,NA,NA,11.35,-44.6,0,0,ENERGY,-885.8
OI,O-I Glass Inc.,5.75,855.9,6,5,18,NA,NA,11.35,-42.7,-44.1,-53.7,MISC,-10.9
PSQL,Pasqal Holding S.A.,6.84,1314.1,15,9,1,NA,NA,11.2,-34.2,-31.8,0,COMPUTER,0
BLDR,Builders FirstSource Inc.,56.22,5985.6,9,6,12,NA,NA,11.15,-31.7,-31.5,-55.8,BUILDING,10.1
FRVO,Fervo Energy Co.,14.33,3967.5,17,6,2,NA,NA,11.15,-48.6,0,0,ENERGY,-12.1
BGT,BlackRock Floating Rate Income Trust,10.43,306.3,24,0,0,NA,NA,11,-1.7,-3,-13.2,ETF/ETN/CEF,5.8
BTT,BlackRock Municipal 2030 Target Term Trust,21.85,1384.5,24,0,0,NA,NA,11,-4.4,-4,-2.5,ETF/ETN/CEF,3.1
HDLMY,Heidelberg Materials AG ADR,33.01,28803.1,18,5,1,NA,NA,10.95,-17.6,-19.5,-25,BUILDING,0
MAWHY,Man Wah Holdings Ltd. ADR,6.5,1347,17,6,1,NA,NA,10.95,-18.3,-40.9,-39.7,CONSUMER,13.5
METC,Ramaco Resources Inc. Cl A,8.22,468.2,6,5,16,NA,NA,10.95,-33.9,-48,-78.9,ENERGY,-12.2
FMC,FMC Corp.,9.03,1399.9,11,3,12,NA,NA,10.9,-20.7,-47.5,-71.2,AGRICULTURE,-67.2
GFUZ,General Fusion Group Ltd. Cl A,7.57,400.1,15,7,2,NA,NA,10.9,-26.2,-25.4,-25.2,ENERGY,0
BUR,Burford Capital Ltd.,3.62,779.5,13,7,4,NA,NA,10.8,-16.8,-19.2,-68.6,FINANCE,2.6
CPS,Cooper-Standard Holdings Inc.,22.19,391.5,15,5,4,NA,NA,10.8,-20.7,-21.1,-38.1,AUTO,0
PCT,PureCycle Technologies Inc.,4,821.7,6,2,19,NA,NA,10.8,-48.3,-26.8,-72.8,CHEMICAL,-161.3
XPEV,XPeng Inc. ADR,9.56,8859.2,8,8,9,NA,NA,10.8,-29.5,-45.1,-59.5,AUTO,-3.7
GMTL,Guardian Metal Resources PLC ADR,8.26,344.3,12,7,5,NA,NA,10.75,-38.5,-57.9,0,MINING,-17.9
TROX,Tronox Holdings PLC,3.87,624.4,15,4,5,NA,NA,10.75,-35.8,-58.1,-3,CHEMICAL,-29.6
WBRBY,Wienerberger AG ADR,3.59,2042.8,9,6,10,NA,NA,10.75,-31.5,-32.9,-44.2,BUILDING,6
METCB,Ramaco Resources Inc. Cl B,4.47,468.2,5,5,16,NA,NA,10.7,-41.6,-55.8,-72.4,ENERGY,-12.2
AGMB,AgomAb Therapeutics N.V. ADR,8.84,428,16,5,2,NA,NA,10.65,-34.6,-24.4,0,MEDICAL,-40.5
KRKNF,Kraken Robotics Inc.,3.37,1183.8,14,6,3,NA,NA,10.6,-27.8,-45.5,-16,AEROSPACE/DEFENSE,1.6
OLMA,Olema Pharmaceuticals Inc.,7.92,721.9,8,3,14,NA,NA,10.55,-38,-47.8,-28.4,MEDICAL,-36.6
SDHC,Smith Douglas Homes Corp.,10.19,511.8,10,5,9,NA,NA,10.55,-34.3,-25.6,-41.2,BUILDING,13.3
CWH,Camping World Holdings Inc. Cl A,4.53,470,7,3,15,NA,NA,10.5,-34.7,-28.7,-71.1,RETAIL,-32.4
GLUE,Monte Rosa Therapeutics Inc.,9.87,876.2,14,4,5,NA,NA,10.5,-57.5,-41.7,28.9,MEDICAL,-16.9
PPRUY,Kering S.A. ADR,23.85,28752.6,19,2,1,NA,NA,10.45,-16.3,-22.1,-30.4,CONSUMER,0
CAPR,Capricor Therapeutics Inc.,7.75,452.3,8,4,12,NA,NA,10.4,-65.4,-75.5,-0.8,MEDICAL,-46.6
RCAT,Red Cat Holdings Inc.,6.34,969,8,2,14,NA,NA,10.3,-37.3,-51.5,-56.5,SOFTWARE,-48.7
CSIQ,Canadian Solar Inc.,11.54,759.8,14,3,5,NA,NA,10.25,-23.8,-9.8,-23.6,ENERGY,-3.7
JFR,Nuveen Floating Rate Income Fund,7.38,1163.8,21,0,0,NA,NA,10.25,-4.2,-0.5,-8.3,ETF/ETN/CEF,5.6
SCD,LMP Capital & Income Fund Inc.,14.72,336.3,21,0,0,NA,NA,10.25,-6.1,-1.1,-6.1,ETF/ETN/CEF,-0.2
THQ,abrdn Healthcare Opportunities Fund,17.53,735.5,21,0,0,NA,NA,10.25,-7.8,1.9,-2.8,ETF/ETN/CEF,-13.6
BRAI,Braiin Ltd.,4.71,935.6,18,2,1,NA,NA,10.2,-17.8,-40.8,0,SOFTWARE,0
XNDU,Xanadu Quantum Technologies Ltd.,5.06,1384.4,6,6,11,NA,NA,10.2,-57,-37.6,-50.4,COMPUTER,0
KLRA,Kailera Therapeutics Inc.,10.83,1405.3,16,3,2,NA,NA,10.15,-53.5,0,0,MEDICAL,-36.9
SPRY,ARS Pharmaceuticals Inc.,4.29,426.6,5,9,8,NA,NA,10.1,-48.4,-48.8,-58.2,MEDICAL,-92.3
THW,abrdn World Healthcare Fund,12.28,494.6,20,0,0,NA,NA,10,-10.2,4.7,-3.9,ETF/ETN/CEF,11
OKLO,Oklo Inc.,38.55,6691.1,10,5,6,NA,NA,9.95,-25.6,-20.9,-72.2,ENERGY,-12.2
BUI,"BlackRock Utilities, Infrastructure & Power Opportunities Trust",25.25,655.3,19,0,0,NA,NA,9.75,-12.6,-4.2,-3.8,ETF/ETN/CEF,18.8
DPG,Duff & Phelps Utility & Infrastructure Fund Inc.,13.05,462.2,19,0,0,NA,NA,9.75,-11.2,-11.3,-0.3,ETF/ETN/CEF,16.9
JQC,Nuveen Credit Strategies Income Fund,4.66,682.9,19,0,0,NA,NA,9.75,-3.5,-2.3,-9.9,ETF/ETN/CEF,5.5
FLUT,Flutter Entertainment PLC,76.25,13142.1,8,3,9,NA,NA,9.55,-29,-27.2,-69.1,LEISURE,-3.4
AONNY,Aeon Co. Ltd. ADR,7.68,21519.5,15,2,1,NA,NA,9.45,-14.3,-36.5,-36.7,RETAIL,6.6
SHZHY,Shenzhou International Group Holdings Ltd. ADR,4.46,6413.5,15,2,1,NA,NA,9.45,-16.5,-25.8,-46.8,CONSUMER,15.8
EH,EHang Holdings Ltd. ADR,4.1,305.5,6,2,12,NA,NA,9.4,-29,-62.6,-78.9,AEROSPACE/DEFENSE,-27
YSS,York Space Systems Inc.,8.03,1141.4,8,2,9,NA,NA,9.3,-65.9,-71.4,0,AEROSPACE/DEFENSE,-9.1
BXBL,BOXABL Inc.,3.27,785.1,3,2,15,NA,NA,9.25,-67.3,-67.6,-67.3,BUILDING,3.5
MUJ,BlackRock MuniHoldings New Jersey Quality Fund Inc.,11.31,590.4,17,0,0,NA,NA,9.25,-8.3,-1.7,-2,ETF/ETN/CEF,8.2
VONOY,Vonovia SE ADR,9.55,16072.5,13,3,1,NA,NA,9.2,-25.6,-26.2,-39,REAL EST,14.4
IPX,IperionX Ltd. ADR,17.01,603.2,6,4,8,NA,NA,9.1,-40,-36.7,-69.3,MINING,-74.2
AVK,Advent Convertible & Income Fund,11.69,509.5,16,0,0,NA,NA,9,-10.1,1.7,-8.5,ETF/ETN/CEF,21.1
GLAS,Glass House Brands Inc.,5.16,414.2,7,5,5,NA,NA,9,-54.3,-40,-36.2,ALCOHL/TOB/THC,-16.1
MIY,BlackRock MuniYield Michigan Quality Fund Inc.,11.2,322,16,0,0,NA,NA,9,-8.5,-3.1,-0.4,ETF/ETN/CEF,8.9
GT,Goodyear Tire & Rubber Co.,4.66,1347.4,9,2,6,NA,NA,8.95,-32.8,-31.3,-38.4,AUTO,-43.1
UNVGY,Universal Music Group N.V. ADR,7.99,29191.3,13,2,1,NA,NA,8.95,-25.4,-19.1,-44.6,LEISURE,0
UAMY,United States Antimony Corp.,3.99,591.2,7,6,3,NA,NA,8.85,-45,-51.8,-50.7,MINING,-5.1
MMT,Aberdeen Multi-Market Income Fund,4.24,488.3,14,0,0,NA,NA,8.5,-4.1,-6.6,-11.1,ETF/ETN/CEF,7.9
DNP,DNP Select Income Fund Inc.,9.74,3572.3,13,0,0,NA,NA,8.25,-10.5,-5.2,-2.6,ETF/ETN/CEF,12.7
PWRL,Powerlaw Corp.,12.3,536.2,13,0,0,NA,NA,8.25,-18.2,0,0,ETF/ETN/CEF,0
FOF,Cohen & Steers Closed-End Opportunity Fund Inc.,12.44,340.9,12,0,0,NA,NA,8,-9.9,-4.1,-5.3,ETF/ETN/CEF,18.1
FRA,BlackRock Floating Rate Income Strategies Fund Inc.,10.37,364.6,12,0,0,NA,NA,8,-4.8,-5,-18.9,ETF/ETN/CEF,5.5
GUT,Gabelli Utility Trust,5.8,512.5,12,0,0,NA,NA,8,-13.6,-3.8,-3,ETF/ETN/CEF,15
PPT,Franklin Premier Income Trust,3.28,312.5,12,0,0,NA,NA,8,-5.2,-7.3,-11.1,ETF/ETN/CEF,4.4
UTG,Reaves Utility Income Fund,36.56,3250.5,12,0,0,NA,NA,8,-8.8,-9.1,-9.9,ETF/ETN/CEF,24.1
WIW,Western Asset Inflation-Linked Opportunities & Income Fund,7.93,484,12,0,0,NA,NA,8,-5.6,-6.3,-11.1,ETF/ETN/CEF,7.3
IMSR,Terrestrial Energy Inc.,3.93,397.3,6,3,3,NA,NA,7.85,-40.5,-36.8,-78,ENERGY,-10.8
AWF,AllianceBernstein Global High Income Fund Inc.,9.63,817.5,11,0,0,NA,NA,7.75,-5.9,-5.3,-12.9,ETF/ETN/CEF,6.7
BCAT,BlackRock Capital Allocation Term Trust,13.71,1443.7,11,0,0,NA,NA,7.75,-14.3,-5.1,-7.9,ETF/ETN/CEF,13.4
MPLT,MapLight Therapeutics Inc.,9.69,515.5,5,2,5,NA,NA,7.75,-72.3,-57.1,0,MEDICAL,-56.2
BLW,BlackRock Ltd. Duration Income Trust,11.81,456.7,10,0,0,NA,NA,7.5,-6.1,-5.9,-15.3,ETF/ETN/CEF,8.9
FFC,Flaherty & Crumrine Preferred & Income Securities Fund Inc.,14.85,709.2,10,0,0,NA,NA,7.5,-8.8,-5.6,-11.3,ETF/ETN/CEF,8.5
MEGI,NYLIM CBRE Global Infrastructure Megatrends Term Fund,13.56,694.3,10,0,0,NA,NA,7.5,-11.5,-7.6,-9.6,ETF/ETN/CEF,19.3
NXP,Nuveen Select Tax-Free Income Portfolio,13.22,821.7,10,0,0,NA,NA,7.5,-8.1,-5.6,-8.2,ETF/ETN/CEF,3.6
RQI,Cohen & Steers Quality Income Realty Fund Inc.,11.08,1469.8,10,0,0,NA,NA,7.5,-9.4,-11,-10.4,ETF/ETN/CEF,2.8
FRMI,Fermi Inc.,4.23,2603.5,6,2,2,NA,NA,7.4,-48.5,-17.5,-83.9,ENERGY,0
DFP,Flaherty & Crumrine Dynamic Preferred & Income Fund Inc.,18.9,384.9,9,0,0,NA,NA,7.25,-9.1,-7.4,-13.3,ETF/ETN/CEF,8.3
EAD,Allspring Income Opportunities Fund,6.03,352.2,9,0,0,NA,NA,7.25,-7.4,-6.9,-13.1,ETF/ETN/CEF,9.6
GAB,Gabelli Equity Trust Inc.,5.27,1612,9,0,0,NA,NA,7.25,-7.9,-2.2,-12.1,ETF/ETN/CEF,15.8
HTD,John Hancock Tax-Advantaged Dividend Income Fund,22.46,779.5,9,0,0,NA,NA,7.25,-12.3,-10.7,-9.2,ETF/ETN/CEF,11.7
KBDC,Kayne Anderson BDC Inc.,12.61,838.7,9,0,0,NA,NA,7.25,-7.5,-10.5,-8,ETF/ETN/CEF,8.2
LDP,Cohen & Steers Limited Duration Preferred & Income Fund Inc.,19.1,552.2,9,0,0,NA,NA,7.25,-10,-7.6,-11.9,ETF/ETN/CEF,10
TYG,Tortoise Energy Infrastructure Corp.,39.19,982,9,0,0,NA,NA,7.25,-8,-17.7,-9.9,ETF/ETN/CEF,2.5
JKS,JinkoSolar Holding Co. Ltd. ADR,9.09,462.4,5,2,2,NA,NA,7.15,-43.1,-61.9,-63,ENERGY,-24.9
BTZ,BlackRock Credit Allocation Income Trust,9.43,867,8,0,0,NA,NA,7,-8.2,-7,-14.3,ETF/ETN/CEF,9.7
DSU,BlackRock Debt Strategy Fund Inc.,8.92,564.5,8,0,0,NA,NA,7,-8,-7.7,-14.9,ETF/ETN/CEF,6.6
KIO,KKR Income Opportunities Fund,10.38,416.8,8,0,0,NA,NA,7,-8.9,-5,-15.8,ETF/ETN/CEF,5.2
MFM,Aberdeen Municipal Income Fund,4.94,475.3,8,0,0,NA,NA,7,-11.6,-6.2,-7.3,ETF/ETN/CEF,2.3
MUC,BlackRock MuniHoldings California Quality Fund Inc.,9.76,1205.1,8,0,0,NA,NA,7,-11.5,-6.2,-9.2,ETF/ETN/CEF,7.3
NUV,Nuveen Municipal Value Fund Inc.,8.24,1709.8,8,0,0,NA,NA,7,-10.6,-8.7,-7.7,ETF/ETN/CEF,3.1
PDO,PIMCO Dynamic Income Opportunities Fund,12.08,1686,8,0,0,NA,NA,7,-9,-8.8,-14.9,ETF/ETN/CEF,10.3
RNP,Cohen & Steers REIT & Preferred & Income Fund Inc.,18.35,869.3,8,0,0,NA,NA,7,-10.7,-9.2,-16.2,ETF/ETN/CEF,5.7
DSL,DoubleLine Income Solutions Fund,9.9,1125.1,7,0,0,NA,NA,6.75,-9.5,-9.3,-18.8,ETF/ETN/CEF,7.7
EIM,Eaton Vance Municipal Bond Fund,8.84,453.1,7,0,0,NA,NA,6.75,-11.2,-7.4,-10.9,ETF/ETN/CEF,-3.1
EMD,Western Asset Emerging Markets Debt Fund Inc.,9.31,533.6,7,0,0,NA,NA,6.75,-12.9,-6.4,-9.6,ETF/ETN/CEF,15.9
GHY,PGIM Global High Yield Fund Inc.,10.88,440.3,7,0,0,NA,NA,6.75,-10,-6.3,-14.3,ETF/ETN/CEF,10.5
HIO,Western Asset High Income Opportunity Fund Inc.,3.28,308.1,7,0,0,NA,NA,6.75,-10.4,-10.4,-14.1,ETF/ETN/CEF,6.6
HYT,BlackRock Corporate High Yield Fund Inc.,7.81,1526.1,7,0,0,NA,NA,6.75,-8.7,-9,-17.2,ETF/ETN/CEF,9.5
IQI,Invesco Quality Municipal Income Trust,8.89,461.7,7,0,0,NA,NA,6.75,-13.1,-6.5,-9.5,ETF/ETN/CEF,3.2
MYN,BlackRock MuniYield New York Quality Fund Inc.,8.92,823.6,7,0,0,NA,NA,6.75,-12.5,-7.2,-11.3,ETF/ETN/CEF,5.1
NBB,Nuveen Taxable Municipal Income Fund,14.08,413.9,7,0,0,NA,NA,6.75,-10.3,-10.2,-13.4,ETF/ETN/CEF,5.7
NRK,Nuveen New York AMT-Free Quality Municipal Income Fund,9.24,799.9,7,0,0,NA,NA,6.75,-14.2,-10.3,-9.1,ETF/ETN/CEF,-7.9
PHK,PIMCO High Income Fund,4.2,757.1,7,0,0,NA,NA,6.75,-10.1,-10.3,-15.5,ETF/ETN/CEF,10.2
RA,Brookfield Real Assets Income Fund Inc.,11.6,631,7,0,0,NA,NA,6.75,-10.3,-9.9,-13.7,ETF/ETN/CEF,7.7
BBN,BlackRock Taxable Municipal Bond Trust,14.34,878.7,6,0,0,NA,NA,6.5,-10.9,-10.9,-13.2,ETF/ETN/CEF,7.4
BIT,BlackRock Multi-Sector Income Trust,11.24,633.4,6,0,0,NA,NA,6.5,-10.4,-10.7,-15.8,ETF/ETN/CEF,8.1
BKT,BlackRock Income Trust Inc.,9.5,308.7,6,0,0,NA,NA,6.5,-10.7,-11.3,-15.2,ETF/ETN/CEF,7.9
BRW,Saba Capital Income & Opportunities Fund,5.99,303.3,6,0,0,NA,NA,6.5,-10.9,-11.8,-19.9,ETF/ETN/CEF,15.9
EVV,Eaton Vance Limited Duration Income Fund,8.43,969.1,6,0,0,NA,NA,6.5,-10.5,-10.2,-16.6,ETF/ETN/CEF,6.1
HIX,Western Asset High Income Fund II Inc.,3.54,316.1,6,0,0,NA,NA,6.5,-10.6,-10.2,-18.4,ETF/ETN/CEF,12
IFN,Aberdeen India Fund Inc.,10.57,445.7,6,0,0,NA,NA,6.5,-9.9,-5.5,-28.6,ETF/ETN/CEF,-7
KTF,DWS Municipal Income Trust,8.09,314.9,6,0,0,NA,NA,6.5,-12.8,-10.5,-11.5,ETF/ETN/CEF,-1.5
LEO,BNY Mellon Strategic Municipals Inc.,5.54,340.7,6,0,0,NA,NA,6.5,-14.2,-10.8,-11.4,ETF/ETN/CEF,-3
MHD,BlackRock MuniHoldings Fund Inc.,10.23,1764.5,6,0,0,NA,NA,6.5,-14.7,-9.5,-12.3,ETF/ETN/CEF,3.7
MQY,BlackRock MuniYield Quality Fund Inc.,9.94,1481.8,6,0,0,NA,NA,6.5,-14.5,-9.4,-13.3,ETF/ETN/CEF,4.2
MUA,BlackRock MuniAssets Fund Inc.,9.41,472.8,6,0,0,NA,NA,6.5,-13.5,-9.4,-12.6,ETF/ETN/CEF,8
MYI,BlackRock MuniYield Quality Fund III Inc.,9.64,1166.7,6,0,0,NA,NA,6.5,-12.9,-8.7,-12.4,ETF/ETN/CEF,5.2
PCN,PIMCO Corporate & Income Strategy Fund,10.79,792.8,6,0,0,NA,NA,6.5,-9.3,-10.3,-19.6,ETF/ETN/CEF,8.1
PCQ,PIMCO California Municipal Income Fund,7.76,428.3,6,0,0,NA,NA,6.5,-13.6,-9.3,-11.2,ETF/ETN/CEF,8.7
PFN,PIMCO Income Strategy Fund II,6.32,610.3,6,0,0,NA,NA,6.5,-11.6,-9.2,-16.8,ETF/ETN/CEF,9.8
PTY,PIMCO Corporate & Income Opportunity Fund,10.89,2289.4,6,0,0,NA,NA,6.5,-10.1,-10.6,-24.8,ETF/ETN/CEF,8.6
VKQ,Invesco Municipal Trust,8.55,464.8,6,0,0,NA,NA,6.5,-15,-10.8,-10.7,ETF/ETN/CEF,2.9
ENRD,Einride AB ADR,3.31,453.6,3,2,1,NA,NA,6.45,-61.5,-69.9,-69.2,TRANSPORTATION,3.8
AWP,abrdn Global Premier Properties Fund,10.12,309.8,5,0,0,NA,NA,6.25,-15.3,-11.5,-13.9,ETF/ETN/CEF,1.8
BHK,BlackRock Core Bond Trust,8.14,581.4,5,0,0,NA,NA,6.25,-11.3,-11.5,-18.9,ETF/ETN/CEF,8.2
CRF,Cornerstone Total Return Fund Inc.,6.25,728.3,5,0,0,NA,NA,6.25,-13.1,-11.1,-23.1,ETF/ETN/CEF,17.8
FAX,abrdn Asia-Pacific Income Fund Inc.,12.86,553.2,5,0,0,NA,NA,6.25,-11.1,-11.6,-18.6,ETF/ETN/CEF,5.1
FPF,First Trust Intermediate Duration Preferred & Income Fund,15.77,954.7,5,0,0,NA,NA,6.25,-13,-11.5,-15.9,ETF/ETN/CEF,9.9
GBAB,Guggenheim Taxable Municipal Bond & Investment Grade Debt Trust,12.47,333.1,5,0,0,NA,NA,6.25,-13,-13.3,-20.5,ETF/ETN/CEF,7.9
HPI,John Hancock Preferred Income Fund,13.97,370,5,0,0,NA,NA,6.25,-14.5,-11.6,-20.2,ETF/ETN/CEF,3.8
IIM,Invesco Value Municipal Income Trust,10.85,504.1,5,0,0,NA,NA,6.25,-16.1,-9.2,-12.6,ETF/ETN/CEF,3.1
ISD,PGIM High Yield Bond Fund Inc.,11.64,383.5,5,0,0,NA,NA,6.25,-10.4,-10.8,-18,ETF/ETN/CEF,9.8
JPC,Nuveen Preferred & Income Opportunities Fund,6.74,2487.8,5,0,0,NA,NA,6.25,-14.1,-12,-17.4,ETF/ETN/CEF,6.3
MMU,Western Asset Managed Municipals Portfolio Inc.,9.03,482.8,5,0,0,NA,NA,6.25,-13.8,-10.5,-12.7,ETF/ETN/CEF,8.8
NAC,Nuveen California Quality Municipal Income Fund,10.06,1561.7,5,0,0,NA,NA,6.25,-17,-13,-12.6,ETF/ETN/CEF,-6.8
NAD,Nuveen Quality Municipal Income Fund,10.16,2328,5,0,0,NA,NA,6.25,-15.8,-11.2,-12.2,ETF/ETN/CEF,2.2
NAN,Nuveen New York Quality Municipal Income Fund,9.76,321.8,5,0,0,NA,NA,6.25,-16.6,-13.2,-14.8,ETF/ETN/CEF,-6.4
NDMO,Nuveen Dynamic Municipal Opportunities Fund,8.84,531.1,5,0,0,NA,NA,6.25,-15.2,-13.5,-15.2,ETF/ETN/CEF,2.3
NEA,Nuveen AMT-Free Quality Municipal Income Fund,10,2963.9,5,0,0,NA,NA,6.25,-14.7,-10.6,-10.9,ETF/ETN/CEF,2.3
NKX,Nuveen California AMT-Free Quality Municipal Income Fund,10.57,586.4,5,0,0,NA,NA,6.25,-16,-11.2,-16.4,ETF/ETN/CEF,-6.2
NMZ,Nuveen Municipal High Income Opportunity Fund,8.94,1886.6,5,0,0,NA,NA,6.25,-15.3,-12.6,-15.3,ETF/ETN/CEF,2.1
NZF,Nuveen Municipal Credit Income Fund,10.89,2111.2,5,0,0,NA,NA,6.25,-14.3,-11,-11.9,ETF/ETN/CEF,2.3
PFL,PIMCO Income Strategy Fund,6.94,340.7,5,0,0,NA,NA,6.25,-11.9,-13.8,-19.8,ETF/ETN/CEF,13.8
PML,PIMCO Municipal Income Fund II,6.54,812,5,0,0,NA,NA,6.25,-14.4,-11.1,-16.4,ETF/ETN/CEF,4.3
VGM,Invesco Trust for Investment Grade Municipals,8.79,470.7,5,0,0,NA,NA,6.25,-17.2,-12.1,-12.5,ETF/ETN/CEF,2.9
VKI,Invesco Advantage Municipal Income Trust II,7.8,336.2,5,0,0,NA,NA,6.25,-18.1,-10.9,-10.4,ETF/ETN/CEF,2.7
VMO,Invesco Municipal Opportunity Trust,8.44,561.8,5,0,0,NA,NA,6.25,-14.6,-11.3,-11.7,ETF/ETN/CEF,2.7
ACP,abrdn Income Credit Strategies Fund,4.37,548.3,4,0,0,NA,NA,6,-16.8,-15,-23.7,ETF/ETN/CEF,5
CLM,Cornerstone Strategic Investment Fund Inc.,6.52,1819.7,4,0,0,NA,NA,6,-13.9,-10.3,-22.2,ETF/ETN/CEF,16.7
EVN,Eaton Vance Municipal Income Trust,9.17,362,4,0,0,NA,NA,6,-17.9,-11.1,-14.9,ETF/ETN/CEF,0.1
IGR,CBRE Global Real Estate Income Fund,11.47,582.3,4,0,0,NA,NA,6,-17.4,-14.1,-25.9,ETF/ETN/CEF,2.4
NMCO,Nuveen Municipal Credit Opportunities Fund,8.66,493.4,4,0,0,NA,NA,6,-20.4,-18.8,-19.5,ETF/ETN/CEF,0.2
NVG,Nuveen AMT-Free Municipal Credit Income Fund,10.6,2251,4,0,0,NA,NA,6,-17.4,-13.5,-13.3,ETF/ETN/CEF,2
PDI,PIMCO Dynamic Income Fund,14.4,6768,4,0,0,NA,NA,6,-14,-17.4,-27.7,ETF/ETN/CEF,8.3
VCV,Invesco California Value Municipal Income Trust,8.95,428.8,4,0,0,NA,NA,6,-17.2,-13.3,-15.6,ETF/ETN/CEF,2.4
VCX,Fundrise Innovation Fund LLC,29.44,844.7,4,0,0,NA,NA,6,-61.9,-75.1,0,ETF/ETN/CEF,44.3
ECC,Eagle Point Credit Co.,3.29,453.6,3,0,0,NA,NA,5.75,-14.8,-17.8,-51.5,ETF/ETN/CEF,-13.1
GOF,Guggenheim Strategic Opportunities Fund,8.71,1823.6,3,0,0,NA,NA,5.75,-20.4,-21.9,-42,ETF/ETN/CEF,9.9
HPS,John Hancock Preferred Income Fund III,11.83,378.3,3,0,0,NA,NA,5.75,-19,-18.4,-24.4,ETF/ETN/CEF,4
RZAI,Roze AI Inc.,11.79,718.4,1,1,1,NA,NA,5.7,0,0,0,SOFTWARE,0
AAC,Ares Acquisition Corp. III Cl A,10.06,497.7,0,0,0,NA,NA,5,0,0,0,FINANCE,0
AACI,Armada Acquisition Corp. III Cl A,10.06,343.7,0,0,0,NA,NA,5,0.7,2,0,FINANCE,0
AACO,Abony Acquisition Corp. I Cl A,9.98,313.6,0,0,0,NA,NA,5,0.5,0,0,FINANCE,0
ACAA,Averin Capital Acquisition Corp. Cl A,10.01,357.5,0,0,0,NA,NA,5,-1.8,0,0,FINANCE,0
AEAQ,Activate Energy Acquisition Corp. Cl A,10.08,315.9,0,0,0,NA,NA,5,0.7,1.4,0,FINANCE,0
AEXA,American Exceptionalism Acquisition Corp.,10.92,546,0,0,0,NA,NA,5,-8.1,-0.8,-1.7,FINANCE,0
ALDF,Aldel Financial II Inc. Cl A,10.82,323.8,0,0,0,NA,NA,5,1.1,2.5,3.6,FINANCE,3.9
ALOV,Aldabra 4 Liquidity Opportunity Vehicle Inc. Cl A,10.03,375.9,0,0,0,NA,NA,5,0.3,1.7,0,FINANCE,0
ALUB,Alussa Energy Acquisition Corp. II Cl A,10.13,364,0,0,0,NA,NA,5,0.5,1.6,0,FINANCE,-5.5
AMAC,AMR Resources Acquisition Corp.,9.8,355.7,0,0,0,NA,NA,5,0,0,0,FINANCE,0
AONC,American Oncology Network Inc.,11,503.4,0,0,0,NA,NA,5,10,-8.3,23,MEDICAL,0
APXT,Apex Treasury Corp. Cl A,10.14,466,0,0,0,NA,NA,5,0.6,1.5,0,FINANCE,0
ARCI,Archimedes Tech SPAC Partners III Co.,10.07,355.6,0,0,0,NA,NA,5,0.7,1.7,0,FINANCE,0
ARLUF,Aristocrat Leisure Ltd.,43.6,24531.1,0,0,0,NA,NA,5,9.1,32.1,-3.1,LEISURE,17.5
ARTC,Art Technology Acquisition Corp. Cl A,9.99,349,0,0,0,NA,NA,5,0.1,1.8,0,FINANCE,0
ATII,Archimedes Tech SPAC Partners II Co.,10.7,316.6,0,0,0,NA,NA,5,-1.4,2.8,4.8,FINANCE,6.9
BCCQ,Bleichroeder Acquisition Corp. III Cl A,9.95,457.7,0,0,0,NA,NA,5,0,0,0,FINANCE,0
BCSS,Bain Capital GSS Investment Corp.,10.23,599.8,0,0,0,NA,NA,5,-0.3,1.3,0,FINANCE,0
BDCI,BTC Development Corp.,10.13,352,0,0,0,NA,NA,5,0.5,1.3,0,FINANCE,0
BEAG,Bold Eagle Acquisition Corp. Cl A,10.69,334.8,0,0,0,NA,NA,5,-0.1,1.2,1.9,FINANCE,3.8
BIXI,Bitcoin Infrastructure Acquisition Corp Ltd.,10.09,303.4,0,0,0,NA,NA,5,0.8,1.7,0,FINANCE,0
BLUW,Blue Water Acquisition Corp. III Cl A,10.38,335.7,0,0,0,NA,NA,5,0.2,1.2,3.8,FINANCE,3.7
BLZR,Trailblazer Acquisition Corp. Cl A,10.23,351.8,0,0,0,NA,NA,5,1,2.1,0,FINANCE,0
BRTM,B&R Technology Merger Corp. Cl A,9.8,466.2,0,0,0,NA,NA,5,0,0,0,FINANCE,0
CAES,Cantor Equity Partners VII Inc.,10.04,320.1,0,0,0,NA,NA,5,-0.6,0,0,FINANCE,0
CAII,Collective Acquisition Corp. II,10,339.4,0,0,0,NA,NA,5,0.8,0,0,FINANCE,0
CAQ,Cambridge Acquisition Corp. Cl A,10,312.1,0,0,0,NA,NA,5,0.5,1.7,0,FINANCE,0
CCCT,Columbus Circle Capital Corp. III Cl A,9.84,308.3,0,0,0,NA,NA,5,0,0,0,FINANCE,0
CCII,Cohen Circle Acquisition Corp. II Cl A,10.28,357,0,0,0,NA,NA,5,-0.4,0.3,1.1,FINANCE,3.5
CCXI,Churchill Capital Corp. XI Cl A,11.93,672.3,0,0,0,NA,NA,5,-30.7,16.9,0,FINANCE,0
CEPF,Cantor Equity Partners IV Inc. Cl A,10.29,587.4,0,0,0,NA,NA,5,-1,1.3,-0.6,FINANCE,2.7
CEPV,Cantor Equity Partners V Inc.,10.26,326.5,0,0,0,NA,NA,5,-1.6,1.7,0,FINANCE,1
CGCF,Cartesian Growth Corp. IV Cl A,9.81,340.3,0,0,0,NA,NA,5,0,0,0,FINANCE,0
CLBR,Colombier Acquisition Corp. III Cl A,10.2,407.4,0,0,0,NA,NA,5,-1.4,1.6,0,FINANCE,0
CRAN,Crane Harbor Acquisition Corp. II Cl A,10.1,357.5,0,0,0,NA,NA,5,-0.5,1.9,0,FINANCE,0
CRAQ,Cal Redwood Acquisition Corp. Cl A,10.4,326.3,0,0,0,NA,NA,5,0.6,2.3,3.6,FINANCE,0
CRAUY,Chery Automobile Co. Ltd. ADR,13.75,17986.6,0,0,0,NA,NA,5,10.8,0,0,AUTO,48.6
CRBJY,China Resources Land Ltd. ADR,36.46,26036.6,0,0,0,NA,NA,5,-6,-2.8,-8,REAL EST,9
CXII,Churchill Capital Corp. XII,10.7,597.2,0,0,0,NA,NA,5,-0.9,0,0,FINANCE,0
DBCA,D. Boral Acquisition I Corp. Cl A,10.05,434.4,0,0,0,NA,NA,5,0.5,1.9,0,FINANCE,0
DMII,Drugs Made In America Acquisition II Corp.,10.19,649.1,0,0,0,NA,NA,5,0.9,2.1,0,FINANCE,1.7
DRDB,Roman DBDR Acquisition Corp. II,10.72,328.7,0,0,0,NA,NA,5,1.5,2.2,4,FINANCE,3.5
DSAC,Daedalus Special Acquisition Corp. Cl A,10.12,344.3,0,0,0,NA,NA,5,-0.3,1.9,0,FINANCE,0
EVAC,EQV Ventures Acquisition Corp. II Cl A,10.32,603.2,0,0,0,NA,NA,5,1.4,2.3,3.8,FINANCE,3.9
EVOX,Evolution Global Acquisition Corp. Cl A,10.12,324.2,0,0,0,NA,NA,5,0.5,1.5,0,FINANCE,0
FCRS,FutureCrest Acquisition Corp. Cl A,10.23,367.8,0,0,0,NA,NA,5,-0.6,1.8,0,FINANCE,0
FDMM,Freedom Metals Acquisition Corp. Cl A,9.82,368.9,0,0,0,NA,NA,5,0,0,0,FINANCE,0
FERA,Fifth Era Acquisition Corp. I Cl A,10.55,330.2,0,0,0,NA,NA,5,1.1,2.4,3.8,FINANCE,3.7
FGII,FG Imperii Acquisition Corp. Cl A,10.03,347.3,0,0,0,NA,NA,5,0.7,1.3,0,FINANCE,0
FVAV,Fortress Value Acquisition Corp. V Cl A,10.25,370.4,0,0,0,NA,NA,5,1,2.3,0,FINANCE,0
GCGR,General Catalyst Global Resilience Merger Corp.,10.11,467.9,0,0,0,NA,NA,5,-0.5,0,0,FINANCE,0
GHXI,Gores Holdings XI Inc. Cl A,9.99,360.7,0,0,0,NA,NA,5,0,0,0,FINANCE,0
GIW,GigCapital8 Corp. Cl A,10.19,371.3,0,0,0,NA,NA,5,1.1,2.2,0,FINANCE,0
GIX,GigCapital9 Corp. Cl A,10.05,366.4,0,0,0,NA,NA,5,1.1,2.2,0,FINANCE,0
GSRF,GSR IV Acquisition Corp.,10.27,301.8,0,0,0,NA,NA,5,1.1,2.3,0,FINANCE,2.1
GSRV,GSR V Acquisition Corp. Cl A,9.93,300.9,0,0,0,NA,NA,5,0.6,0,0,FINANCE,0
GTEN,Gores Holdings X Inc. Cl A,10.47,471.9,0,0,0,NA,NA,5,-0.3,2.3,1.7,FINANCE,0.5
GUAC,Berto Acquisition Corp. II,9.94,391.5,0,0,0,NA,NA,5,-1.1,0,0,FINANCE,0
HACQ,HCM IV Acquisition Corp. Cl A,10.04,375.1,0,0,0,NA,NA,5,0,1.1,0,FINANCE,0
HCIC,Hennessy Capital Investment Corp. VIII Cl A,10,354.4,0,0,0,NA,NA,5,0.7,1.3,0,FINANCE,0
HCMA,HCM III Acquisition Corp.,10.3,347.5,0,0,0,NA,NA,5,-0.3,2.1,1.9,FINANCE,0
HMRZF,H&M Hennes & Mauritz AB Series B,18.56,33229.4,0,0,0,NA,NA,5,1.6,-8.9,31.2,RETAIL,27.3
HVMC,Highview Merger Corp. Cl A,10.3,302.6,0,0,0,NA,NA,5,1.5,2.5,3.5,FINANCE,0
IACO,Idea Acquisition Corp. Cl A,10.01,437.5,0,0,0,NA,NA,5,1,0,0,FINANCE,0
IACQ,Irenic Acquisition Corp.,9.91,320.9,0,0,0,NA,NA,5,-0.7,0,0,FINANCE,0
IEAG,Infinite Eagle Acquisition Corp. Cl A,10.18,441.9,0,0,0,NA,NA,5,-0.7,1.9,0,FINANCE,0
ILLU,Illumination Acquisition Corp. I,9.98,312.4,0,0,0,NA,NA,5,0.4,0,0,FINANCE,0
IPFX,Inflection Point Acquisition Corp. VI,10.04,338.7,0,0,0,NA,NA,5,-2.4,0,0,FINANCE,0
IPHX,Inflection Point Acquisition Corp. VIII Cl A,9.88,381,0,0,0,NA,NA,5,0,0,0,FINANCE,0
IPXG,Inflection Point Acquisition Corp. VII Cl A,10.05,315.2,0,0,0,NA,NA,5,-0.9,2.3,0,FINANCE,0
ITHA,ITHAX Acquisition Corp. III Cl A,10.1,309.7,0,0,0,NA,NA,5,0.7,2,0,FINANCE,0
JACS,Jackson Acquisition Co. II Cl A,10.83,320.5,0,0,0,NA,NA,5,1.7,2.8,4.2,FINANCE,7.5
JENA,Jena Acquisition Corp. II Cl A,10.42,302.2,0,0,0,NA,NA,5,0.5,2.1,2.4,FINANCE,0
KBON,Karbon Capital Partners Corp. Cl A,10.12,444.1,0,0,0,NA,NA,5,-0.1,0.6,0,FINANCE,0
KCHV,Kochav Defense Acquisition Corp.,10.48,359,0,0,0,NA,NA,5,1.1,2.3,4.1,FINANCE,0
KEYY,Keystone Acquisition Corp.,9.93,380.7,0,0,0,NA,NA,5,0.5,0,0,FINANCE,0
KFII,K&F Growth Acquisition Corp. II Cl A,10.7,419.8,0,0,0,NA,NA,5,0.9,2.5,4.6,FINANCE,7
KOYN,CSLM Digital Asset Acquisition Corp. III Cl A,10.25,323.8,0,0,0,NA,NA,5,1.1,1.7,3.1,FINANCE,1.6
KRAQ,KRAKacquisition Corp. Cl A,10.06,431.7,0,0,0,NA,NA,5,0.3,1.9,0,FINANCE,0
KRSP,Rice Acquisition Corp. 3,10.65,485.3,0,0,0,NA,NA,5,1.3,3.3,0,FINANCE,0
LEGO,Legato Merger Corp. IV,10,314.2,0,0,0,NA,NA,5,0.7,1.4,0,FINANCE,0
LPBB,Launch Two Acquisition Corp. Cl A,10.8,310.8,0,0,0,NA,NA,5,0.8,1.8,3.4,FINANCE,3.9
LWAC,LightWave Acquisition Corp. Cl A,10.35,312,0,0,0,NA,NA,5,0.7,1.5,3.9,FINANCE,0
MBVI,M3-Brigade Acquisition VI Corp.,10.24,441.4,0,0,0,NA,NA,5,0.5,1.7,0,FINANCE,0
MCTA,Charming Medical Ltd. Cl A,29.36,497.2,0,0,0,NA,NA,5,0,0,0,MEDICAL,-0.8
MESH,Meshflow Acquisition Corp. Cl A,10.08,435.1,0,0,0,NA,NA,5,0.7,1.9,0,FINANCE,0
MEVO,M Evo Global Acquisition Corp. II Cl A,10.02,400.4,0,0,0,NA,NA,5,0.9,1.7,0,FINANCE,0
MLAA,Mountain Lake Acquisition Corp. II Cl A,10.02,490.5,0,0,0,NA,NA,5,0.7,1.8,0,FINANCE,0
MTAL,Metals Acquisition Corp. II Cl A,10.16,311.3,0,0,0,NA,NA,5,0,0,0,FINANCE,0
MZYX,MOZAYYX Acquisition Corp. Cl A,10,375,0,0,0,NA,NA,5,-0.5,0,0,FINANCE,0
NPAC,New Providence Acquisition Corp. III Cl A,10.54,404.4,0,0,0,NA,NA,5,1.5,2.5,3.3,FINANCE,5.2
NWAX,New America Acquisition I Corp. Cl A,10.05,501,0,0,0,NA,NA,5,-0.9,0.3,0,FINANCE,0
OBA,Oxley Bridge Acquisition Ltd.,10.35,327.3,0,0,0,NA,NA,5,1,2.2,3.9,FINANCE,3.8
OIM,OneIM Acquisition Corp. Cl A,10.12,366.1,0,0,0,NA,NA,5,0.3,0.9,0,FINANCE,0
OTGA,OTG Acquisition Corp. I Cl A,10.26,303.2,0,0,0,NA,NA,5,0.8,1.9,0,FINANCE,0
OYSE,Oyster Enterprises II Acquisition Corp. Cl A,10.39,353.4,0,0,0,NA,NA,5,0.8,2.2,3.6,FINANCE,4.6
PCAP,ProCap Acquisition Corp. Cl A,10.4,329.5,0,0,0,NA,NA,5,1.2,2.1,0.9,FINANCE,0
PMTR,Perimeter Acquisition Corp. I Cl A,10.44,321.5,0,0,0,NA,NA,5,-0.1,1.6,1.9,FINANCE,0
PTOR,Praetorian Acquisition Corp. Cl A,9.96,337.9,0,0,0,NA,NA,5,0.2,1.6,0,FINANCE,0
QLEP,Quantum Leap Acquisition Corp.,10.05,301.3,0,0,0,NA,NA,5,0.9,0,0,FINANCE,0
RDAG,Republic Digital Acquisition Co. Cl A,10.45,391.5,0,0,0,NA,NA,5,1.1,2.2,0.7,FINANCE,0
RNGT,Range Capital Acquisition Corp. II,10.19,319.2,0,0,0,NA,NA,5,0.8,2,0,FINANCE,0
RREV,RRE Ventures Acquisition Corp. Cl A,9.92,330.8,0,0,0,NA,NA,5,0.1,0,0,FINANCE,0
RTAC,Renatus Tactical Acquisition Corp. I,10.43,325,0,0,0,NA,NA,5,-1.9,1.1,-5,FINANCE,4.2
SAAQ,Space Asset Acquisition Corp. Cl A,10.04,475.3,0,0,0,NA,NA,5,-1.6,-0.2,0,FINANCE,0
SAC,Safeguard Acquisition Corp. Cl A,10.1,316.8,0,0,0,NA,NA,5,0.4,1.4,0,FINANCE,0
SBXE,SilverBox Corp. V Cl A,10.11,350.8,0,0,0,NA,NA,5,0.2,1.9,0,FINANCE,0
SDHI,Siddhi Acquisition Corp.,10.59,367.5,0,0,0,NA,NA,5,1.2,1.9,4.3,FINANCE,-0.2
SORN,Soren Acquisition Corp. Cl A,10.02,348.7,0,0,0,NA,NA,5,0.4,0.9,0,FINANCE,0
SVIV,Spring Valley Acquisition Corp. IV Cl A,10.08,309.4,0,0,0,NA,NA,5,-1,2.1,0,FINANCE,0
TACH,Titan Acquisition Corp. Cl A,10.55,363.3,0,0,0,NA,NA,5,1.2,2.5,3.9,FINANCE,5.3
TACO,Berto Acquisition Corp.,10.46,392.4,0,0,0,NA,NA,5,-0.7,2.2,0.3,FINANCE,5.3
TCGLF,TechCreate Group Ltd.,40,694.7,0,0,0,NA,NA,5,0,-76.9,0,SOFTWARE,-17.7
TLNC,Talon Capital Corp. Cl A,10.22,348.5,0,0,0,NA,NA,5,-1.4,0.1,0,FINANCE,0
TMTS,Spartacus Acquisition Corp. II Cl A,10.03,307.6,0,0,0,NA,NA,5,0,0.9,0,FINANCE,0
TVA,Texas Ventures Acquisition III Corp. Cl A,10.58,317.7,0,0,0,NA,NA,5,-0.1,2.1,-1.8,FINANCE,5.3
VII,Viking Acquisition Corp. II Cl A,9.83,307.6,0,0,0,NA,NA,5,0,0,0,FINANCE,0
VLOS,Velos Acquisition I Corp. Cl A,10.73,329.1,0,0,0,NA,NA,5,-1.2,-0.2,2.1,FINANCE,2
WENN,Wen Acquisition Corp. Cl A,10.44,390.9,0,0,0,NA,NA,5,1.4,2.6,2.7,FINANCE,0
XRPN,Armada Acquisition Corp. II,19.2,1221,0,0,0,NA,NA,5,83.7,86,84.1,FINANCE,0
YICC,Yorkville International Capital Corp. Cl A,9.92,380.7,0,0,0,NA,NA,5,0,0,0,FINANCE,0
ZKP,Lafayette Digital Acquisition Corp. I Cl A,10.04,392.5,0,0,0,NA,NA,5,0.8,1.9,0,FINANCE,0
